matchId,teamId,win,laneEventTimestampMs,laneOutcome,adc_kills,adc_deaths,support_kills,support_deaths,jungle_kills,jungle_deaths,support_wardsPlaced,team_hordeKills,team_dragonKills,adc_masteryPoints,support_masteryPoints
KR_8351048949,100,False,941988,WIN,3,3,0,2,4,1,20,1,0,30858,435490
KR_8351048949,200,True,941988,LOSE,2,1,1,4,3,1,55,2,2,169196,348248
KR_8349516694,100,False,961010,LOSE,1,3,0,1,7,5,20,0,0,959551,114885
KR_8349516694,200,True,961010,WIN,6,4,0,3,5,2,18,3,0,125204,107595
KR_8349003390,100,False,655795,LOSE,0,4,2,2,1,0,6,3,0,77535,30615
KR_8349003390,200,True,655795,WIN,4,0,1,1,3,1,36,0,1,78931,184691
KR_8348597050,100,False,913076,LOSE,1,6,1,2,2,2,19,3,0,143923,1479269
KR_8348597050,200,True,913076,WIN,1,4,5,0,5,0,17,0,2,15677,82436
KR_8348552489,100,False,983550,WIN,4,4,1,5,3,2,20,2,0,78931,204802
KR_8348552489,200,True,983550,LOSE,3,2,2,4,3,4,20,1,2,122738,645187
KR_8354547265,100,True,883105,LOSE,5,5,0,7,1,4,11,0,1,11440,40695
KR_8354547265,200,False,883105,WIN,9,4,0,6,4,3,14,3,1,426866,120152
KR_8354466845,100,False,953802,LOSE,7,3,1,2,5,1,57,3,0,420407,167803
KR_8354466845,200,True,953802,WIN,6,6,0,3,3,4,20,0,1,72829,12521
KR_8350658415,100,False,886020,LOSE,2,1,0,2,1,6,13,1,0,41062,481918
KR_8350658415,200,True,886020,WIN,0,2,1,0,3,1,17,2,1,48228,948290
KR_8349133360,100,False,978393,WIN,4,6,2,5,4,4,16,3,0,198171,14513
KR_8349133360,200,True,978393,LOSE,2,4,0,3,10,2,24,0,2,17852,123601
KR_8348921613,100,False,779336,LOSE,1,3,0,1,1,4,10,1,0,746521,758
KR_8348921613,200,True,779336,WIN,2,2,2,1,5,1,11,2,1,110110,120152
KR_8348867720,100,False,963483,LOSE,1,4,1,2,1,3,18,0,0,676960,45428
KR_8348867720,200,True,963483,WIN,3,2,0,1,6,1,21,3,2,30631,34142
KR_8348493034,100,False,822537,LOSE,5,2,1,2,3,3,14,0,0,84645,50383
KR_8348493034,200,True,822537,WIN,2,3,0,3,1,2,21,3,1,271315,76502
KR_8348437912,100,False,721869,LOSE,5,8,1,5,1,2,10,0,1,222084,38501
KR_8348437912,200,True,721869,WIN,5,4,0,2,6,1,10,3,0,66249,360268
KR_8347500634,100,False,805384,LOSE,3,2,3,3,3,2,12,0,1,3926,30153
KR_8347500634,200,True,805384,WIN,1,4,0,2,3,1,23,3,0,6243,1859
KR_8347049369,100,True,909087,LOSE,2,2,1,0,5,1,20,3,0,141285,285216
KR_8347049369,200,False,909087,WIN,1,3,1,2,2,1,16,0,2,1079305,250898
KR_8346971247,100,True,804197,WIN,1,1,2,1,2,0,13,3,0,130577,120152
KR_8346971247,200,False,804197,LOSE,0,2,1,3,0,1,18,0,1,227480,1082604
KR_8346901873,100,True,1015196,WIN,8,1,0,4,7,3,21,3,1,557632,5190
KR_8346901873,200,False,1015196,LOSE,2,6,0,1,4,5,21,0,1,65741,20313
KR_8346858504,100,True,817674,WIN,8,1,0,2,5,1,41,0,1,551436,24031
KR_8346858504,200,False,817674,LOSE,2,5,2,6,1,3,13,3,1,742841,252789
KR_8345953638,100,True,940727,WIN,5,6,0,2,5,2,61,3,0,53826,374806
KR_8345953638,200,False,940727,LOSE,3,6,2,3,5,3,20,0,2,14493,425879
KR_8345859664,100,True,793622,WIN,1,3,1,2,6,0,39,3,1,20003,3549648
KR_8345859664,200,False,793622,LOSE,0,1,0,2,5,3,9,0,0,155170,6003201
KR_8345809742,100,False,839201,LOSE,4,2,1,1,1,3,13,1,0,77096,1479269
KR_8345809742,200,True,839201,WIN,2,5,2,1,1,1,9,2,1,403380,30777
KR_8345750094,100,False,974077,WIN,1,4,2,5,2,1,13,1,0,42777,89255
KR_8345750094,200,True,974077,LOSE,1,2,3,3,4,3,18,2,1,225848,69710
KR_8345690183,100,True,776478,WIN,2,1,0,0,2,1,26,2,1,44360,12016
KR_8345690183,200,False,776478,LOSE,1,2,0,3,0,2,9,1,0,160246,89131
KR_8345638374,100,False,935296,LOSE,3,0,0,2,2,5,18,1,0,1168539,78392
KR_8345638374,200,True,935296,WIN,2,2,0,2,4,1,18,2,2,514341,14465
KR_8344709088,100,False,759478,LOSE,0,1,3,4,1,0,8,3,1,3646,4355
KR_8344709088,200,True,759478,WIN,2,1,1,2,2,1,9,0,0,125496,259392
KR_8344624634,100,False,860277,LOSE,2,5,0,2,1,2,13,0,0,410499,706409
KR_8344624634,200,True,860277,WIN,4,0,3,3,6,1,19,3,2,31966,120152
KR_8344552152,100,False,768686,LOSE,4,2,1,4,0,3,14,0,0,509695,87815
KR_8344552152,200,True,768686,WIN,3,3,1,2,4,0,7,3,1,47223,76792
KR_8344510259,100,True,888599,WIN,5,1,5,2,9,1,53,1,1,97701,58334
KR_8344510259,200,False,888599,LOSE,1,4,2,5,1,6,10,2,1,44164,7270
KR_8352974176,100,True,825940,WIN,8,2,1,1,5,1,13,3,1,264638,333929
KR_8352974176,200,False,825940,LOSE,1,5,1,5,2,5,13,0,0,276733,92883
KR_8352932903,100,False,824884,WIN,3,4,0,4,2,2,26,2,0,311401,31366
KR_8352932903,200,True,824884,LOSE,5,3,1,2,4,0,11,1,2,138561,1587305
KR_8352916175,100,False,913990,WIN,5,3,2,7,4,4,14,2,0,132055,431143
KR_8352916175,200,True,913990,LOSE,2,3,1,4,6,4,52,1,2,11578,63891
KR_8351332373,100,True,1076702,WIN,1,3,1,2,2,3,69,0,0,56658,262228
KR_8351332373,200,False,1076702,LOSE,3,2,2,4,4,3,28,3,1,44335,166828
KR_8351277055,100,False,855083,LOSE,1,5,0,3,1,0,10,3,0,245503,3848
KR_8351277055,200,True,855083,WIN,4,1,0,0,0,1,14,0,1,276733,80592
KR_8351162492,100,True,953858,WIN,4,1,1,6,6,3,21,3,2,685439,12585
KR_8351162492,200,False,953858,LOSE,1,4,1,3,7,3,14,0,0,315560,138097
KR_8351086698,100,True,624412,WIN,4,1,3,5,3,0,3,3,1,153080,49143
KR_8351086698,200,False,624412,LOSE,1,5,2,3,3,1,5,0,0,79338,9700
KR_8350987623,100,True,849650,WIN,4,6,2,3,5,0,9,3,1,57309,91892
KR_8350987623,200,False,849650,LOSE,6,5,2,4,4,3,16,0,0,79338,106186
KR_8350879633,100,True,909038,LOSE,4,6,3,4,5,6,12,2,0,85840,64221
KR_8350879633,200,False,909038,WIN,7,4,1,3,7,3,12,1,1,30631,2357013
KR_8349782807,100,False,587300,WIN,5,3,1,2,3,2,7,0,0,6818,133200
KR_8349782807,200,True,587300,LOSE,3,4,1,3,2,2,11,2,0,38559,56833
KR_8347771130,100,False,818932,LOSE,1,5,2,4,2,2,10,0,0,90131,35802
KR_8347771130,200,True,818932,WIN,4,4,3,1,8,0,11,3,2,384475,186618
KR_8347540120,100,True,822832,WIN,4,3,2,3,5,2,16,2,1,137938,2310379
KR_8347540120,200,False,822832,LOSE,4,4,4,7,3,5,15,1,0,4945121,51605
KR_8347392829,100,True,980625,WIN,0,2,0,0,7,3,73,3,2,1351723,78678
KR_8347392829,200,False,980625,LOSE,1,1,1,2,1,7,22,0,0,79421,541972
KR_8347323680,100,True,824059,WIN,3,2,1,2,2,2,11,3,1,34509,400890
KR_8347323680,200,False,824059,LOSE,2,3,0,2,4,1,9,0,1,487570,694055
KR_8346765343,100,False,858977,WIN,2,6,5,5,1,5,16,0,0,3428,79280
KR_8346765343,200,True,858977,LOSE,6,2,5,0,6,5,14,3,1,372901,24884
KR_8346464182,100,False,1066476,WIN,4,6,8,3,4,2,20,3,2,49387,20542
KR_8346464182,200,True,1066476,LOSE,6,6,3,4,4,2,58,0,0,132055,36243
KR_8346451176,100,False,831613,LOSE,3,3,1,2,3,1,13,1,0,525914,95251
KR_8346451176,200,True,831613,WIN,2,5,0,2,3,1,17,2,0,143923,17372
KR_8346406942,100,True,747292,WIN,8,1,6,2,0,0,9,3,1,426341,51312
KR_8346406942,200,False,747292,LOSE,0,5,0,4,4,4,36,0,1,301220,66589
KR_8346101007,100,True,958302,LOSE,7,6,9,0,0,2,17,3,1,202355,33663
KR_8346101007,200,False,958302,WIN,7,10,1,5,3,5,13,0,1,15117,19357
KR_8346031984,100,False,776296,LOSE,0,4,1,3,3,2,12,1,0,90567,112579
KR_8346031984,200,True,776296,WIN,5,1,0,2,4,1,14,2,0,271315,166828
KR_8354645141,100,True,969595,WIN,1,2,0,5,3,4,17,1,1,3426,119253
KR_8354645141,200,False,969595,LOSE,2,3,1,4,3,2,20,2,0,106463,142125
KR_8354587815,100,False,806953,WIN,4,3,0,2,4,1,6,2,1,7374,64221
KR_8354587815,200,True,806953,LOSE,1,3,1,5,4,1,10,1,1,43009,89584
KR_8350827668,100,True,931578,LOSE,2,5,2,6,5,1,12,3,1,329868,31974
KR_8350827668,200,False,931578,WIN,7,1,1,4,5,2,13,0,0,959551,3391363
KR_8350761897,100,False,645108,WIN,5,4,1,4,3,1,5,0,0,57309,19722
KR_8350761897,200,True,645108,LOSE,2,4,2,2,6,2,10,3,1,11440,172011
KR_8350702056,100,False,1018720,LOSE,3,5,3,3,7,2,18,3,1,174997,41823
KR_8350702056,200,True,1018720,WIN,4,6,0,5,8,2,17,0,0,33068,5012
KR_8348631100,100,True,879321,WIN,1,4,3,3,8,1,11,1,1,201703,16720
KR_8348631100,200,False,879321,LOSE,2,0,3,2,2,4,22,2,0,312630,1082604
KR_8347668508,100,False,793429,WIN,0,1,0,1,3,3,11,0,1,430856,14548
KR_8347668508,200,True,793429,LOSE,2,1,0,0,4,0,9,3,0,76765,317058
KR_8351860951,100,True,628952,LOSE,1,3,0,3,0,1,6,1,0,153673,78392
KR_8351860951,200,False,628952,WIN,2,0,3,1,2,1,1,0,0,594136,179303
KR_8351804965,100,False,973984,LOSE,6,4,4,3,7,0,12,2,2,174997,277961
KR_8351804965,200,True,973984,WIN,4,8,1,8,4,3,22,1,0,611740,57151
KR_8349070225,100,False,701458,LOSE,0,2,3,3,2,2,8,0,0,6310,5022
KR_8349070225,200,True,701458,WIN,2,4,3,1,2,1,7,3,0,611740,8819
KR_8347931877,100,False,1033547,WIN,2,1,0,0,3,2,23,3,0,232566,204065
KR_8347931877,200,True,1033547,LOSE,1,2,1,2,0,1,23,0,2,611740,23832
KR_8347908335,100,False,731086,LOSE,1,2,0,2,0,3,34,1,0,301153,4039
KR_8347908335,200,True,731086,WIN,3,1,2,0,1,0,14,2,1,611740,30153
KR_8346745910,100,True,958581,WIN,4,3,0,3,5,2,20,0,1,611740,71248
KR_8346745910,200,False,958581,LOSE,4,4,1,4,4,0,10,3,1,164689,19813
KR_8345589624,100,False,885595,LOSE,2,4,2,3,2,2,19,1,1,46232,172011
KR_8345589624,200,True,885595,WIN,4,0,1,4,2,0,15,2,1,594136,50221
KR_8343232194,100,True,824564,WIN,1,3,2,3,5,2,10,3,2,1290390,722307
KR_8343232194,200,False,824564,LOSE,4,3,0,3,2,5,13,0,0,556833,140314
KR_8343154584,100,False,673039,LOSE,1,3,0,3,2,2,27,0,1,11575,2769
KR_8343154584,200,True,673039,WIN,3,1,1,0,2,0,9,3,0,94093,470726
KR_8343078857,100,True,688927,WIN,0,0,2,2,2,0,7,0,1,3923,5225
KR_8343078857,200,False,688927,LOSE,0,0,1,3,2,2,8,3,0,383007,470726
KR_8343002491,100,False,976961,LOSE,6,2,0,1,4,4,17,3,0,80299,17924
KR_8343002491,200,True,976961,WIN,1,4,1,2,1,4,32,0,2,232686,73668
KR_8342950277,100,False,736734,LOSE,5,5,1,1,5,4,10,3,0,81477,41227
KR_8342950277,200,True,736734,WIN,5,1,1,6,2,6,5,0,1,594136,35957
KR_8342879569,100,False,888587,LOSE,0,5,1,1,5,1,19,3,1,240868,722307
KR_8342879569,200,True,888587,WIN,4,0,1,3,3,3,15,0,1,594136,184683
KR_8342817817,100,True,890869,LOSE,3,4,0,2,5,0,20,3,0,594136,373285
KR_8342817817,200,False,890869,WIN,1,2,0,1,5,2,47,0,2,584216,267780
KR_8342765089,100,True,1068094,WIN,8,1,2,4,5,4,72,0,1,383007,58334
KR_8342765089,200,False,1068094,LOSE,3,6,5,8,3,4,20,3,1,232686,6090
KR_8342716906,100,True,683045,WIN,5,0,0,1,1,0,9,3,1,584216,22362
KR_8342716906,200,False,683045,LOSE,0,3,2,1,1,2,13,0,0,1079305,62977
KR_8342656966,100,True,1060244,LOSE,3,1,2,0,5,1,18,3,0,594136,261681
KR_8342656966,200,False,1060244,WIN,1,2,2,3,1,3,61,0,2,360999,70480
KR_8355143717,100,False,914936,WIN,5,5,3,5,6,1,17,3,0,37003,2498772
KR_8355143717,200,True,914936,LOSE,8,5,0,3,6,3,16,0,1,642516,117874
KR_8354117349,100,False,1004945,WIN,3,9,2,5,6,1,16,3,0,16933,15933
KR_8354117349,200,True,1004945,LOSE,9,4,6,5,3,2,17,0,1,290424,645187
KR_8354096592,100,False,855556,LOSE,0,3,0,7,3,2,14,1,0,62097,112193
KR_8354096592,200,True,855556,WIN,7,2,3,1,1,0,17,2,1,401521,396040
KR_8354069866,100,True,834705,WIN,5,1,2,1,2,1,17,1,0,29513,132678
KR_8354069866,200,False,834705,LOSE,1,2,0,3,1,2,13,2,1,96841,146478
KR_8352930855,100,True,822218,WIN,0,2,1,1,7,1,16,3,1,44042,722307
KR_8352930855,200,False,822218,LOSE,3,3,0,2,2,3,15,0,0,29513,140314
KR_8347470839,100,True,768651,WIN,4,5,1,1,3,0,43,0,1,758620,88518
KR_8347470839,200,False,768651,LOSE,3,4,4,4,1,2,9,3,0,145007,506237
KR_8352883674,100,True,1117425,LOSE,8,1,3,2,3,3,26,1,1,1168539,16118
KR_8352883674,200,False,1117425,WIN,1,6,2,5,6,3,21,2,0,56427,71918
KR_8352825377,100,True,799529,LOSE,1,4,1,2,5,1,43,3,1,247301,417008
KR_8352825377,200,False,799529,WIN,4,2,1,1,3,3,10,0,1,99947,54490
KR_8352751854,100,True,1010584,LOSE,2,3,4,4,6,4,15,0,1,154062,46381
KR_8352751854,200,False,1010584,WIN,8,4,2,3,2,5,15,3,1,915061,255446
KR_8352003936,100,True,1131957,WIN,7,2,2,3,9,2,39,0,2,63311,13646
KR_8352003936,200,False,1131957,LOSE,2,7,3,4,3,5,22,3,0,34768,17372
KR_8351903966,100,True,779037,WIN,3,3,0,1,6,3,10,3,1,164689,27814
KR_8351903966,200,False,779037,LOSE,3,2,1,3,3,8,4,0,0,22876,22091
KR_8351535979,100,True,678906,WIN,6,0,0,1,4,2,5,2,1,43757,6103
KR_8351535979,200,False,678906,LOSE,2,4,0,4,1,2,10,1,0,112403,299255
KR_8351529308,100,False,1026919,LOSE,1,3,1,1,3,4,23,0,1,164689,33663
KR_8351529308,200,True,1026919,WIN,1,1,0,3,7,1,62,3,1,44335,417008
KR_8351496431,100,True,835862,WIN,0,1,1,0,4,2,16,2,1,1904210,151363
KR_8351496431,200,False,835862,LOSE,0,1,0,2,1,2,14,1,0,23648,423032
KR_8351445185,100,True,892201,WIN,1,2,0,3,3,0,10,3,2,565735,43200
KR_8351445185,200,False,892201,LOSE,1,0,0,4,2,3,47,0,0,22876,585069
KR_8351063357,100,False,851868,WIN,4,4,0,2,3,2,12,1,0,198171,17372
KR_8351063357,200,True,851868,LOSE,3,2,1,3,4,1,10,2,1,53656,330040
KR_8350978218,100,False,946202,WIN,1,4,2,3,2,4,6,3,1,169196,247018
KR_8350978218,200,True,946202,LOSE,3,2,0,3,8,1,20,0,1,1000704,124023
KR_8350871250,100,False,836575,LOSE,1,7,3,6,4,2,17,3,0,360999,29060
KR_8350871250,200,True,836575,WIN,2,5,7,2,5,1,14,0,2,23276,213268
KR_8350809347,100,True,1005076,WIN,2,3,1,2,1,2,16,1,2,372901,8308
KR_8350809347,200,False,1005076,LOSE,1,3,2,1,2,0,11,2,0,564006,22091
KR_8350735423,100,True,1036033,LOSE,4,2,2,8,1,3,20,3,1,74279,172803
KR_8350735423,200,False,1036033,WIN,5,4,1,2,4,0,27,0,1,78087,11435
KR_8350678499,100,False,861560,LOSE,2,5,0,1,4,1,15,0,0,1616266,13773
KR_8350678499,200,True,861560,WIN,2,3,1,2,5,1,12,3,2,25565,13564
KR_8350621933,100,True,854562,WIN,7,0,0,0,6,0,13,3,1,137771,1081
KR_8350621933,200,False,854562,LOSE,1,5,0,3,0,3,11,0,0,34164,11956
KR_8350566412,100,False,910182,LOSE,3,6,1,7,2,0,15,3,1,272196,108181
KR_8350566412,200,True,910182,WIN,3,2,5,3,5,1,13,0,1,360999,622934
KR_8350494333,100,False,882696,LOSE,3,3,2,2,1,3,7,3,0,37966,22091
KR_8350494333,200,True,882696,WIN,1,4,1,1,6,2,13,0,1,55920,23395
KR_8350405366,100,False,700938,WIN,3,1,0,1,5,1,10,3,0,584216,20880
KR_8350405366,200,True,700938,LOSE,0,3,2,3,1,2,7,0,1,12142,607978
KR_8349236766,100,False,964126,LOSE,2,3,2,2,3,3,14,3,2,339300,645187
KR_8349236766,200,True,964126,WIN,2,2,2,0,6,4,19,0,0,131109,382755
KR_8349160550,100,True,913239,WIN,4,4,0,3,3,3,19,3,1,226227,92882
KR_8349160550,200,False,913239,LOSE,2,3,0,5,6,2,18,0,1,48179,551062
KR_8349104246,100,True,837075,LOSE,0,5,1,5,3,1,11,3,0,271315,23832
KR_8349104246,200,False,837075,WIN,5,2,2,1,5,2,21,0,1,1245439,574602
KR_8348544966,100,True,1124043,WIN,3,7,2,5,5,2,31,3,1,69650,858554
KR_8348544966,200,False,1124043,LOSE,8,7,1,2,6,2,26,0,1,271315,69768
KR_8348502172,100,False,911747,LOSE,2,2,1,4,3,3,57,2,1,44042,125938
KR_8348502172,200,True,911747,WIN,4,3,1,2,5,4,22,1,0,79312,858554
KR_8352986657,100,False,909812,LOSE,3,5,2,3,0,4,15,0,1,505068,1551333
KR_8352986657,200,True,909812,WIN,0,2,2,2,6,1,16,3,1,154062,281109
KR_8352951958,100,False,937716,WIN,2,3,0,5,3,2,17,2,2,145007,166828
KR_8352951958,200,True,937716,LOSE,5,1,1,3,4,2,18,1,0,505068,127357
KR_8349866048,100,False,969702,WIN,3,5,0,6,2,4,22,3,0,290424,240279
KR_8349866048,200,True,969702,LOSE,5,3,2,3,5,1,17,0,1,505068,221842
KR_8349768600,100,True,932702,LOSE,2,4,1,5,6,2,12,3,0,83048,10748
KR_8349768600,200,False,932702,WIN,7,3,4,0,1,5,16,0,1,505068,65948
KR_8349692884,100,True,1014342,WIN,1,1,2,1,0,3,60,3,1,398548,294125
KR_8349692884,200,False,1014342,LOSE,2,1,2,1,2,2,24,0,0,505068,325195
KR_8354835865,100,True,935943,WIN,4,3,1,2,6,1,12,1,1,2631,152885
KR_8354835865,200,False,935943,LOSE,0,5,1,2,5,2,21,2,1,5283,607978
KR_8351825608,100,False,911294,LOSE,2,1,0,1,4,2,15,3,1,301447,14306
KR_8351825608,200,True,911294,WIN,1,2,0,2,4,0,14,0,1,372901,48972
KR_8351778487,100,False,657807,WIN,6,3,3,0,3,1,2,3,1,131463,53398
KR_8351778487,200,True,657807,LOSE,1,5,1,4,2,2,9,0,0,34915,179292
KR_8350249693,100,True,704984,WIN,4,2,1,3,0,1,6,1,1,37003,519101
KR_8350249693,200,False,704984,LOSE,2,3,0,2,3,1,9,2,0,385612,76878
KR_8350221429,100,False,705537,LOSE,0,2,1,3,2,1,4,3,0,2977,65704
KR_8350221429,200,True,705537,WIN,1,0,2,2,2,0,5,0,0,35732,171124
KR_8350163257,100,False,946071,WIN,1,5,0,2,1,1,13,0,0,162684,163215
KR_8350163257,200,True,946071,LOSE,3,3,0,1,6,0,13,3,2,241987,127513
KR_8355188641,100,False,984795,LOSE,4,7,2,5,6,4,56,2,0,228239,26485
KR_8355188641,200,True,984795,WIN,8,5,0,6,8,5,9,1,2,57458,31742
KR_8349819732,100,True,912377,WIN,1,1,2,4,5,0,18,3,1,55487,255706
KR_8349819732,200,False,912377,LOSE,1,3,1,4,2,4,51,0,1,126056,417008
KR_8353972020,100,False,930954,WIN,1,5,2,4,5,1,15,3,0,6345,778394
KR_8353972020,200,True,930954,LOSE,4,1,1,4,5,1,14,0,2,403380,436034
KR_8353924006,100,True,679579,WIN,2,0,1,1,1,0,6,0,1,190499,275614
KR_8353924006,200,False,679579,LOSE,0,3,1,0,1,1,13,3,0,1079305,758125
KR_8352720856,100,False,782476,LOSE,1,2,0,2,0,2,6,3,1,326915,42511
KR_8352720856,200,True,782476,WIN,0,1,0,1,4,0,11,0,1,116835,1189
KR_8349106255,100,True,989001,WIN,3,3,1,2,3,1,53,3,1,227685,25472
KR_8349106255,200,False,989001,LOSE,0,3,3,4,2,4,19,0,0,91647,7958
KR_8347118210,100,False,855686,LOSE,3,6,1,3,0,1,15,3,1,23078,227428
KR_8347118210,200,True,855686,WIN,5,3,1,1,4,3,28,0,1,671771,62439
KR_8346161118,100,True,874433,WIN,2,1,1,2,3,1,49,3,1,959551,13330
KR_8346161118,200,False,874433,LOSE,1,2,0,2,3,3,15,0,0,15117,46083
KR_8346063817,100,True,853872,WIN,3,1,4,2,3,1,17,2,2,226227,62683
KR_8346063817,200,False,853872,LOSE,3,3,0,3,5,4,12,1,0,930514,6003201
KR_8343083944,100,False,885313,LOSE,0,2,0,1,4,2,14,2,0,654472,466246
KR_8343083944,200,True,885313,WIN,1,0,1,0,4,1,17,1,2,3646,166828
KR_8341979729,100,True,1076735,WIN,4,3,0,3,9,1,66,1,1,7424,307569
KR_8341979729,200,False,1076735,LOSE,2,6,1,3,3,3,26,2,1,38778,32020
KR_8341741662,100,False,764613,LOSE,2,3,0,2,1,2,42,3,0,211606,374806
KR_8341741662,200,True,764613,WIN,4,0,0,1,5,0,9,0,1,51184,75298
KR_8341675387,100,False,747648,LOSE,2,4,2,2,3,2,13,0,0,125973,1784489
KR_8341675387,200,True,747648,WIN,5,3,0,1,3,0,45,3,2,252131,374806
KR_8338645568,100,False,828638,LOSE,1,4,0,1,1,1,13,3,0,76931,223544
KR_8338645568,200,True,828638,WIN,4,1,1,0,2,2,15,0,1,71185,387726
KR_8337535069,100,False,945602,LOSE,2,5,0,1,4,3,18,3,0,9142,96699
KR_8337535069,200,True,945602,WIN,3,3,0,3,2,1,44,0,2,9075,31570
KR_8337457114,100,True,939398,WIN,3,4,1,2,4,1,17,3,1,280055,1650069
KR_8337457114,200,False,939398,LOSE,3,3,2,5,10,0,16,0,1,27893,498803
KR_8337423336,100,True,928606,WIN,1,3,0,3,3,2,10,0,0,13700,81488
KR_8337423336,200,False,928606,LOSE,6,2,0,2,3,0,14,3,2,45516,1650069
KR_8354437600,100,True,779197,WIN,3,1,1,1,5,0,12,1,0,131910,51679
KR_8354437600,200,False,779197,LOSE,1,2,0,2,2,3,43,2,0,148643,51121
KR_8353424341,100,False,885579,LOSE,3,2,0,2,4,3,15,0,1,1082604,6049
KR_8353424341,200,True,885579,WIN,1,2,0,3,6,0,20,3,1,184504,26223
KR_8353326098,100,True,1049298,WIN,4,3,1,2,9,2,21,3,1,10855,548659
KR_8353326098,200,False,1049298,LOSE,2,4,1,4,5,5,20,0,0,65132,557877
KR_8352274175,100,False,764637,LOSE,3,3,2,3,3,2,7,3,0,20952,61577
KR_8352274175,200,True,764637,WIN,4,3,0,4,6,1,10,0,2,679185,280055
KR_8348957369,100,True,723731,LOSE,2,3,0,2,3,1,10,3,0,166943,6224
KR_8348957369,200,False,723731,WIN,2,1,1,3,3,1,10,0,1,30504,39772
KR_8348036329,100,False,784890,LOSE,4,1,5,4,3,3,10,1,0,852321,2057383
KR_8348036329,200,True,784890,WIN,2,5,1,5,2,2,9,2,1,82062,47019
KR_8344447118,100,False,932436,WIN,5,4,3,2,1,4,58,1,1,6310,79599
KR_8344447118,200,True,932436,LOSE,2,5,3,4,9,1,13,2,1,24524,1556916
KR_8344300040,100,False,902777,LOSE,3,4,3,7,2,6,11,0,0,68057,35568
KR_8344300040,200,True,902777,WIN,6,5,3,1,5,2,11,3,1,166943,60920
KR_8344189549,100,False,771069,LOSE,1,2,1,4,3,3,10,0,0,18706,186618
KR_8344189549,200,True,771069,WIN,4,0,0,3,5,1,7,3,2,494714,19641
KR_8355179374,100,True,830829,WIN,5,3,7,0,5,1,16,2,1,252131,645187
KR_8355179374,200,False,830829,LOSE,0,6,0,3,5,4,22,1,0,23264,61304
KR_8354119704,100,True,796500,WIN,1,2,0,2,2,5,12,0,0,95857,114136
KR_8354119704,200,False,796500,LOSE,0,2,4,2,5,3,13,3,1,38304,114885
KR_8349658884,100,False,945756,WIN,2,2,0,2,7,2,18,3,0,86502,541972
KR_8349658884,200,True,945756,LOSE,2,2,2,1,8,1,15,0,1,55920,102996
KR_8348539655,100,True,980154,LOSE,5,7,5,1,2,0,13,3,0,83371,6089
KR_8348539655,200,False,980154,WIN,4,5,2,4,1,1,11,0,2,144005,59174
KR_8347432922,100,True,913423,LOSE,1,4,0,4,7,1,49,3,0,16208,88518
KR_8347432922,200,False,913423,WIN,4,1,0,0,6,2,41,0,1,1082604,94736
KR_8351392547,100,True,835840,WIN,2,1,8,0,5,1,13,3,1,81005,107114
KR_8351392547,200,False,835840,LOSE,0,3,0,5,1,4,6,0,0,894,8628
KR_8351330946,100,True,1039131,WIN,4,2,1,4,1,3,47,2,1,89648,59413
KR_8351330946,200,False,1039131,LOSE,0,2,1,1,6,2,18,0,1,3844,11746
KR_8347495222,100,True,913655,WIN,3,4,0,3,3,1,16,3,0,398548,7255
KR_8347495222,200,False,913655,LOSE,3,4,4,0,3,1,22,0,2,627699,162315
KR_8347445945,100,False,851429,LOSE,2,2,2,4,0,3,46,2,0,291758,24790
KR_8347445945,200,True,851429,WIN,3,1,0,3,6,0,7,1,1,227095,13159
KR_8347384697,100,True,549600,WIN,2,1,1,2,2,1,5,3,0,584216,25622
KR_8347384697,200,False,549600,LOSE,0,3,0,3,2,1,3,0,0,222084,90494
KR_8347341610,100,False,713716,LOSE,1,1,0,1,2,1,8,0,0,383007,115441
KR_8347341610,200,True,713716,WIN,2,0,0,1,1,1,7,3,1,198171,52577
KR_8347302504,100,False,702892,LOSE,1,4,0,6,6,2,7,0,0,175562,32041
KR_8347302504,200,True,702892,WIN,7,2,4,2,1,2,13,3,2,198171,50054
KR_8346890322,100,True,821340,LOSE,0,6,1,6,3,2,7,3,0,53330,214461
KR_8346890322,200,False,821340,WIN,10,1,1,1,3,1,9,0,1,1184468,255268
KR_8349890382,100,True,880239,LOSE,4,2,1,3,6,2,9,3,0,373746,25910
KR_8349890382,200,False,880239,WIN,4,2,0,4,5,2,17,0,1,109407,46548
KR_8349872070,100,True,725023,WIN,4,1,0,1,4,0,11,3,1,263523,423032
KR_8349872070,200,False,725023,LOSE,0,4,0,2,3,2,33,0,0,62576,10838
KR_8349824447,100,True,773108,WIN,2,0,0,1,1,1,10,0,0,93209,12578
KR_8349824447,200,False,773108,LOSE,0,3,0,1,2,0,32,3,1,83048,52913
KR_8349718982,100,False,870225,LOSE,2,7,1,4,3,9,24,0,0,4219,1128
KR_8349718982,200,True,870225,WIN,7,2,1,3,11,3,10,3,1,254044,1996
KR_8349680492,100,False,693561,LOSE,2,4,0,3,3,1,6,0,0,333779,196215
KR_8349680492,200,True,693561,WIN,6,3,0,1,3,2,7,3,2,109407,86827
KR_8349604332,100,False,743738,LOSE,2,1,0,4,1,0,9,2,0,1163230,76055
KR_8349604332,200,True,743738,WIN,3,2,0,1,0,0,12,1,1,263523,59122
KR_8345760569,100,False,761101,LOSE,1,6,3,3,3,3,8,0,0,681646,451677
KR_8345760569,200,True,761101,WIN,6,4,0,3,6,0,8,3,2,83048,87360
KR_8355071433,100,True,1053698,LOSE,1,2,3,2,1,1,29,0,1,70799,55143
KR_8355071433,200,False,1053698,WIN,2,4,2,4,1,1,22,3,1,236518,152885
KR_8354437256,100,False,880613,LOSE,2,7,0,5,1,3,13,3,0,353126,364
KR_8354437256,200,True,880613,WIN,6,1,6,2,5,0,48,0,1,11984,108613
KR_8354051368,100,True,774991,LOSE,5,2,0,0,3,1,13,2,0,1002862,196215
KR_8354051368,200,False,774991,WIN,1,2,0,2,5,2,11,1,1,130586,68576
KR_8353996372,100,False,894793,WIN,3,1,2,1,0,3,15,0,0,148643,24178
KR_8353996372,200,True,894793,LOSE,3,2,2,1,2,1,55,3,1,56598,312349
KR_8353922904,100,True,906917,LOSE,2,5,3,5,2,2,15,0,2,22876,145590
KR_8353922904,200,False,906917,WIN,2,4,2,2,8,2,13,3,0,584216,37893
KR_8353691791,100,True,931554,WIN,0,1,2,3,1,1,52,2,1,62097,3549648
KR_8353691791,200,False,931554,LOSE,1,2,2,1,1,3,19,1,1,139959,166828
KR_8352837783,100,True,907088,LOSE,1,1,0,0,1,0,13,3,0,114989,223544
KR_8352837783,200,False,907088,WIN,0,2,0,2,1,1,9,0,2,183858,61447
KR_8352794228,100,True,710373,WIN,6,2,0,2,4,1,16,1,0,301447,8392
KR_8352794228,200,False,710373,LOSE,1,5,1,5,3,0,11,2,0,267373,144379
KR_8352720388,100,False,966141,LOSE,3,3,4,3,1,3,15,2,0,5031679,5225
KR_8352720388,200,True,966141,WIN,1,1,1,2,1,3,13,1,1,39444,167193
KR_8352654642,100,True,890499,WIN,1,2,1,3,3,1,14,3,1,129271,11921
KR_8352654642,200,False,890499,LOSE,2,0,2,2,3,4,9,0,1,227095,34804
KR_8352546382,100,False,770181,WIN,1,0,0,2,4,0,11,3,1,59324,42879
KR_8352546382,200,True,770181,LOSE,1,1,0,1,2,3,11,0,0,385612,140314
KR_8349438804,100,True,1031048,WIN,4,4,0,3,10,0,16,3,2,131388,16300
KR_8349438804,200,False,1031048,LOSE,5,2,0,5,6,2,17,0,0,138561,6452
KR_8349331960,100,True,866642,WIN,3,3,5,3,5,0,13,3,0,74279,46345
KR_8349331960,200,False,866642,LOSE,3,3,1,6,2,2,15,0,1,12142,168387
KR_8349272098,100,True,859088,WIN,0,3,5,2,1,4,19,0,1,4859,10025
KR_8349272098,200,False,859088,LOSE,4,5,1,2,5,2,51,3,0,3421704,1012338
KR_8347515639,100,False,742821,LOSE,2,4,0,4,2,2,7,2,0,51184,100727
KR_8347515639,200,True,742821,WIN,7,0,1,2,3,1,10,1,1,95080,94097
KR_8347487807,100,False,947197,WIN,2,3,0,3,8,2,13,2,0,33456,69768
KR_8347487807,200,True,947197,LOSE,6,2,1,3,2,1,22,1,2,46518,148142
KR_8355032870,100,False,932122,LOSE,1,3,1,6,3,5,9,1,0,594507,128439
KR_8355032870,200,True,932122,WIN,3,0,4,1,4,4,17,2,1,1351723,17795
KR_8354130641,100,True,921452,WIN,2,2,0,2,6,2,15,0,0,1351723,1746650
KR_8354130641,200,False,921452,LOSE,3,2,0,3,4,4,15,3,2,56057,1060682
KR_8354101680,100,False,866971,LOSE,2,2,0,3,2,4,13,1,1,341025,4673
KR_8354101680,200,True,866971,WIN,3,2,2,2,1,1,11,2,1,381211,39511
KR_8354067237,100,False,975324,WIN,2,2,1,4,3,4,27,3,0,1351723,122946
KR_8354067237,200,True,975324,LOSE,4,3,0,3,5,3,61,0,2,36319,85648
KR_8354013848,100,True,961053,LOSE,2,1,0,2,6,3,18,3,0,1351723,8789
KR_8354013848,200,False,961053,WIN,0,0,2,5,2,3,13,0,2,504161,9849
KR_8352810594,100,False,932146,LOSE,1,0,0,1,6,3,17,0,1,1351723,38412
KR_8352810594,200,True,932146,WIN,2,1,0,3,4,3,16,3,1,129271,29127
KR_8351196091,100,False,795849,LOSE,1,5,1,2,3,0,7,3,0,112058,19680
KR_8351196091,200,True,795849,WIN,5,2,0,2,3,0,8,0,1,504161,54219
KR_8349638350,100,False,770947,LOSE,0,2,2,3,3,0,11,3,2,509731,325645
KR_8349638350,200,True,770947,WIN,2,0,1,3,3,1,12,0,0,1351723,65255
KR_8348580915,100,True,839144,WIN,2,0,3,4,8,2,16,3,0,1351723,151766
KR_8348580915,200,False,839144,LOSE,5,6,0,3,1,4,44,0,1,204530,79599
KR_8346234872,100,False,928913,WIN,4,5,1,3,2,1,12,3,1,1082528,90494
KR_8346234872,200,True,928913,LOSE,2,1,1,5,3,3,18,0,1,1351723,3500
KR_8345105327,100,True,965925,LOSE,5,1,2,3,2,3,44,3,0,1351723,15190
KR_8345105327,200,False,965925,WIN,2,4,4,3,2,3,16,0,1,12951,910153
KR_8343483841,100,False,777235,LOSE,2,3,4,2,0,2,9,0,0,1351723,76853
KR_8343483841,200,True,777235,WIN,3,2,5,3,3,2,8,3,0,22186,191930
KR_8341832607,100,False,1037923,LOSE,4,3,0,4,3,5,62,2,0,70564,79599
KR_8341832607,200,True,1037923,WIN,4,2,0,2,5,1,63,1,2,1351723,42725
KR_8340257866,100,False,800182,WIN,4,2,1,3,3,4,16,0,1,1391375,172739
KR_8340257866,200,True,800182,LOSE,0,1,1,4,7,2,13,3,1,1163230,297768
KR_8339023557,100,False,854975,LOSE,1,4,1,2,2,3,15,3,0,685439,39896
KR_8339023557,200,True,854975,WIN,2,1,1,1,6,3,12,0,2,1351723,6776
KR_8338266072,100,True,770077,WIN,3,0,1,1,5,3,5,3,1,57174,39896
KR_8338266072,200,False,770077,LOSE,1,2,0,2,0,3,8,0,0,1351723,60345
KR_8354080458,100,False,737160,WIN,5,0,1,1,3,1,24,3,0,23264,18716
KR_8354080458,200,True,737160,LOSE,1,3,0,3,0,4,9,0,1,222084,79493
KR_8354024737,100,False,881242,LOSE,0,4,4,3,4,0,11,0,1,50145,348979
KR_8354024737,200,True,881242,WIN,2,3,0,4,6,0,12,3,0,385612,6335
KR_8349742695,100,True,648728,LOSE,0,4,1,3,6,0,2,0,1,509731,689966
KR_8349742695,200,False,648728,WIN,5,1,0,1,2,1,6,3,0,204530,5769
KR_8348575568,100,False,893139,LOSE,2,2,3,2,3,2,13,3,0,38559,69495
KR_8348575568,200,True,893139,WIN,2,3,0,3,2,3,13,0,1,174115,485305
KR_8347485274,100,False,983016,LOSE,1,1,2,4,4,3,53,0,1,1168539,46631
KR_8347485274,200,True,983016,WIN,3,0,4,2,2,1,17,3,1,564351,49679
KR_8345296881,100,False,863370,LOSE,1,3,1,3,6,4,16,0,0,160246,67428
KR_8345296881,200,True,863370,WIN,4,2,0,4,6,2,38,3,1,171271,59413
KR_8345284092,100,True,963530,WIN,5,0,0,1,2,4,22,3,0,16959,42511
KR_8345284092,200,False,963530,LOSE,1,3,0,3,6,2,24,0,2,346175,14121
KR_8345251535,100,True,852997,LOSE,1,3,1,1,3,2,14,2,0,346175,166828
KR_8345251535,200,False,852997,WIN,1,1,1,2,5,0,17,1,2,94501,408270
KR_8343513446,100,False,884854,LOSE,1,2,0,6,3,1,51,3,1,159234,374806
KR_8343513446,200,True,884854,WIN,4,2,0,0,5,0,15,0,1,1079305,49408
KR_8342914366,100,False,862962,LOSE,8,5,0,2,4,1,12,3,2,239654,57957
KR_8342914366,200,True,862962,WIN,4,5,1,6,3,2,13,0,0,69650,19024
KR_8351456433,100,True,862152,WIN,1,0,0,2,11,1,49,3,1,247777,417008
KR_8351456433,200,False,862152,LOSE,0,4,1,4,1,3,15,0,1,44335,268884
KR_8351424559,100,True,872751,WIN,1,1,0,1,3,0,18,2,0,385612,470726
KR_8351424559,200,False,872751,LOSE,2,2,1,0,0,2,50,1,2,111333,294125
KR_8351403253,100,True,829184,WIN,4,4,3,2,7,1,9,3,1,272196,150526
KR_8351403253,200,False,829184,LOSE,3,6,2,7,2,3,10,0,0,373746,69045
KR_8350369843,100,True,1147320,WIN,0,3,0,1,8,3,20,2,1,77096,423032
KR_8350369843,200,False,1147320,LOSE,3,1,1,2,3,7,25,1,2,385612,26962
KR_8349804117,100,True,745567,WIN,3,1,0,0,6,0,7,2,1,69650,423032
KR_8349804117,200,False,745567,LOSE,0,4,1,4,2,3,12,1,0,976542,507765
KR_8349758521,100,True,713124,LOSE,0,2,0,2,5,0,26,3,1,15956,66941
KR_8349758521,200,False,713124,WIN,2,0,0,2,4,0,13,0,1,17143,205273
KR_8348661008,100,False,653641,WIN,1,1,0,2,1,0,35,2,1,584216,3468394
KR_8348661008,200,True,653641,LOSE,2,0,0,2,2,2,6,1,0,131109,82436
KR_8348641552,100,False,861019,LOSE,1,2,0,1,6,3,13,3,0,66031,423032
KR_8348641552,200,True,861019,WIN,3,0,1,1,3,2,11,0,0,154874,45654
KR_8348626829,100,False,901741,LOSE,0,4,0,5,4,0,13,0,0,42520,4185
KR_8348626829,200,True,901741,WIN,6,0,1,0,0,3,17,3,1,57539,478490
KR_8348510592,100,True,976336,LOSE,4,5,1,4,2,3,25,1,0,180532,22458
KR_8348510592,200,False,976336,WIN,2,2,6,1,3,3,60,2,2,19121,66941
KR_8348476366,100,True,679480,WIN,1,0,0,0,1,1,7,0,0,167855,133807
KR_8348476366,200,False,679480,LOSE,0,2,1,1,1,1,37,3,0,5493,294125
KR_8348412886,100,False,1053352,LOSE,2,1,0,2,3,2,20,0,1,421715,97407
KR_8348412886,200,True,1053352,WIN,3,1,0,2,1,2,70,3,2,158176,184691
KR_8347461508,100,False,1014159,LOSE,1,1,0,3,1,2,29,3,1,154405,2498772
KR_8347461508,200,True,1014159,WIN,1,1,0,2,3,4,54,0,1,403380,294125
KR_8347424185,100,True,986794,LOSE,2,2,4,2,1,2,51,3,1,12927,66941
KR_8347424185,200,False,986794,WIN,1,3,1,1,4,4,26,0,1,672048,2498772
KR_8342067980,100,False,730563,LOSE,1,4,2,2,4,1,12,0,0,6852,207494
KR_8342067980,200,True,730563,WIN,6,3,0,2,2,1,13,3,1,205968,61447
KR_8342043006,100,True,789791,WIN,1,3,6,2,4,2,11,3,0,504161,58318
KR_8342043006,200,False,789791,LOSE,1,2,4,4,3,3,13,0,0,416696,10480
KR_8341847440,100,True,805896,WIN,2,0,0,0,1,2,14,3,0,252899,294432
KR_8341847440,200,False,805896,LOSE,0,1,2,3,1,4,7,0,1,1079305,551062
KR_8341655242,100,True,770651,WIN,5,0,0,2,6,1,34,0,1,403380,39202
KR_8341655242,200,False,770651,LOSE,1,3,3,3,3,4,8,3,0,29663,55369
KR_8340539047,100,True,706395,WIN,2,1,4,1,1,3,12,3,0,131109,76792
KR_8340539047,200,False,706395,LOSE,2,3,0,2,4,0,35,0,1,7975,18401
KR_8340465799,100,False,1029224,WIN,2,1,2,5,4,4,24,1,0,1046805,112193
KR_8340465799,200,True,1029224,LOSE,1,2,4,0,6,2,25,2,2,98260,298109
KR_8340442123,100,False,712758,LOSE,5,7,0,8,1,1,8,0,0,38559,373285
KR_8340442123,200,True,712758,WIN,9,3,3,3,6,0,12,3,1,156140,257241
KR_8340378649,100,True,765215,LOSE,1,4,0,2,0,2,19,3,0,70799,135803
KR_8340378649,200,False,765215,WIN,3,0,2,1,3,1,43,0,1,55848,205551
KR_8340325984,100,False,790650,LOSE,3,5,1,1,1,1,9,1,0,992401,1046805
KR_8340325984,200,True,790650,WIN,5,0,0,3,3,3,10,2,1,54681,6917
KR_8349902139,100,False,769747,WIN,3,3,1,4,0,3,14,3,0,143923,59534
KR_8349902139,200,True,769747,LOSE,5,4,3,0,2,1,9,0,1,1002862,63368
KR_8349642919,100,True,1102184,LOSE,3,3,1,9,7,3,93,2,0,55019,7655
KR_8349642919,200,False,1102184,WIN,7,3,5,4,6,4,23,1,2,3412,51760
KR_8348599936,100,True,791945,WIN,7,1,0,3,0,2,9,1,0,198171,42497
KR_8348599936,200,False,791945,LOSE,1,2,0,6,3,1,12,2,2,15677,55622
KR_8348540618,100,True,829005,LOSE,1,4,3,4,1,1,14,2,0,307512,34191
KR_8348540618,200,False,829005,WIN,3,2,1,2,3,2,18,1,1,904773,7967
KR_8348467544,100,True,880579,LOSE,2,3,2,2,7,3,56,1,0,77535,353035
KR_8348467544,200,False,880579,WIN,3,3,1,3,3,4,11,2,1,86252,221842
KR_8342886704,100,True,793585,WIN,5,1,0,3,2,0,11,3,1,525238,15951
KR_8342886704,200,False,793585,LOSE,1,3,1,2,3,1,47,0,0,56441,338269
KR_8340949933,100,True,880236,LOSE,3,1,3,3,2,1,47,3,0,138729,9614
KR_8340949933,200,False,880236,WIN,2,2,0,3,3,2,42,0,1,10302,109086
KR_8340541466,100,True,736024,LOSE,2,3,3,3,4,1,7,3,2,86252,15935
KR_8340541466,200,False,736024,WIN,4,3,0,4,2,3,10,0,0,733229,341251
KR_8355217112,100,False,937503,LOSE,2,3,1,3,1,3,15,2,0,171271,43200
KR_8355217112,200,True,937503,WIN,2,2,1,3,6,1,19,1,2,122056,22666
KR_8355198029,100,True,773819,LOSE,0,4,2,4,5,2,13,3,1,23481,910153
KR_8355198029,200,False,773819,WIN,5,3,2,3,5,2,8,0,0,111277,20562
KR_8351283565,100,True,740829,WIN,2,3,3,1,1,2,37,3,0,486358,205551
KR_8351283565,200,False,740829,LOSE,2,4,2,0,3,2,11,0,0,121406,1303297
KR_8351237396,100,True,882219,WIN,4,2,4,2,4,0,13,0,2,2848,152288
KR_8351237396,200,False,882219,LOSE,4,7,0,4,1,1,14,3,0,15117,479063
KR_8345884213,100,True,897604,WIN,5,3,0,1,2,1,17,3,1,714440,102831
KR_8345884213,200,False,897604,LOSE,0,3,1,3,2,3,11,0,1,125077,10574
KR_8345845376,100,False,799899,WIN,4,1,0,4,4,4,16,3,0,224576,48233
KR_8345845376,200,True,799899,LOSE,1,3,3,2,8,0,12,0,2,27012,76792
KR_8341987008,100,False,1036063,LOSE,6,3,4,5,4,3,12,0,0,94093,75043
KR_8341987008,200,True,1036063,WIN,2,4,2,5,4,1,16,3,2,20032,152137
KR_8341893488,100,True,966769,WIN,2,1,3,2,3,1,47,3,0,16959,66941
KR_8341893488,200,False,966769,LOSE,1,1,1,1,1,4,19,0,1,108247,59646
KR_8341849449,100,False,1049929,LOSE,5,4,2,7,2,5,64,0,0,414517,5607
KR_8341849449,200,True,1049929,WIN,5,4,3,1,4,4,25,3,1,78840,58714
KR_8340475076,100,False,863796,LOSE,0,3,2,6,2,3,14,1,1,504161,6333
KR_8340475076,200,True,863796,WIN,2,0,4,4,1,3,12,2,1,53826,9849
KR_8340431177,100,False,865463,LOSE,0,2,1,1,1,2,29,3,0,17222,6684
KR_8340431177,200,True,865463,WIN,3,0,1,1,1,1,14,0,2,68660,16221
KR_8340255188,100,True,979368,LOSE,3,1,0,3,5,0,53,0,2,125594,52913
KR_8340255188,200,False,979368,WIN,1,3,2,0,1,3,60,3,0,281062,62698
KR_8337955228,100,True,1005167,LOSE,0,2,0,1,6,1,72,3,1,15956,89912
KR_8337955228,200,False,1005167,WIN,2,0,0,3,3,4,59,0,1,10132,85648
KR_8355140824,100,False,852279,LOSE,0,4,0,7,5,3,13,2,0,15677,59815
KR_8355140824,200,True,852279,WIN,5,2,4,2,8,0,13,1,1,53470,33648
KR_8355035414,100,False,1019438,WIN,6,0,2,6,1,4,15,0,1,385612,39066
KR_8355035414,200,True,1019438,LOSE,4,2,2,3,2,2,19,3,1,2504228,22091
KR_8352929454,100,True,960805,LOSE,3,5,1,4,2,1,14,3,0,79338,48948
KR_8352929454,200,False,960805,WIN,5,1,3,5,2,3,13,0,2,1369,166828
KR_8349908196,100,True,957966,LOSE,2,5,7,3,10,3,19,0,1,103114,645187
KR_8349908196,200,False,957966,WIN,7,5,0,8,4,2,17,3,0,8293,2010
KR_8348579031,100,True,602971,WIN,7,0,1,0,0,1,5,3,1,247301,18653
KR_8348579031,200,False,602971,LOSE,1,4,0,3,0,2,6,0,0,16933,95601
KR_8346286404,100,True,676661,WIN,3,1,3,3,3,0,43,2,1,32640,47862
KR_8346286404,200,False,676661,LOSE,3,5,0,5,4,1,10,1,0,24898,226906
KR_8346256109,100,False,869574,LOSE,2,1,0,1,4,0,39,2,0,227095,85648
KR_8346256109,200,True,869574,WIN,0,1,1,2,2,0,11,1,1,52393,622934
KR_8346189053,100,True,827286,WIN,2,0,0,0,5,1,18,2,2,10867,64571
KR_8346189053,200,False,827286,LOSE,0,2,1,2,1,2,17,1,0,154405,166828
KR_8343591251,100,False,1032836,LOSE,1,4,1,5,0,4,22,0,0,183295,4100
KR_8343591251,200,True,1032836,WIN,5,1,2,2,4,3,65,3,2,312630,374806
KR_8343533006,100,True,618876,LOSE,1,3,1,4,2,2,8,3,0,207286,79493
KR_8343533006,200,False,618876,WIN,5,2,3,2,0,3,9,0,0,63979,92503
KR_8353065679,100,True,888254,WIN,7,1,1,1,7,0,13,0,1,58275,131136
KR_8353065679,200,False,888254,LOSE,1,4,2,5,0,4,12,3,0,2743861,195763
KR_8348642396,100,True,762406,WIN,9,1,0,0,6,1,41,0,1,383007,334669
KR_8348642396,200,False,762406,LOSE,1,4,0,3,1,3,10,3,1,315560,48277
KR_8347590170,100,False,910414,WIN,4,1,1,1,2,2,18,3,0,2887,703697
KR_8347590170,200,True,910414,LOSE,0,4,2,1,4,1,54,0,2,7691,237202
KR_8347574799,100,False,864495,LOSE,3,4,2,2,6,2,24,3,0,742841,1082604
KR_8347574799,200,True,864495,WIN,2,4,2,2,4,3,19,0,1,69718,15055
KR_8347564577,100,False,868464,WIN,1,1,9,0,1,2,11,0,0,9342,40965
KR_8347564577,200,True,868464,LOSE,0,5,1,5,2,1,14,3,1,247777,291931
KR_8346543734,100,True,957750,LOSE,2,3,1,3,3,3,20,2,2,339098,68516
KR_8346543734,200,False,957750,WIN,1,3,4,3,3,5,14,1,0,449689,12385
KR_8346508721,100,True,906937,LOSE,3,3,2,2,1,0,17,3,0,14428,48233
KR_8346508721,200,False,906937,WIN,1,3,2,1,1,1,18,0,2,1778151,227428
KR_8346471866,100,False,1133518,LOSE,3,6,3,8,4,3,22,3,1,72580,55246
KR_8346471866,200,True,1133518,WIN,8,4,0,2,9,3,25,0,1,128407,225881
KR_8346467348,100,False,1025103,LOSE,5,5,0,7,1,4,54,1,1,222656,58334
KR_8346467348,200,True,1025103,WIN,2,2,2,3,8,2,24,2,1,15555,256502
KR_8342166936,100,False,882151,WIN,3,2,0,5,3,4,12,3,0,129845,7312
KR_8342166936,200,True,882151,LOSE,6,2,1,2,5,0,7,0,2,129271,14819
KR_8341593941,100,False,627519,LOSE,0,4,0,0,0,3,3,0,0,1864,1442383
KR_8341593941,200,True,627519,WIN,3,0,1,0,2,0,6,3,0,425361,71475
KR_8341515279,100,False,777700,LOSE,0,4,0,4,3,2,20,0,1,959551,193953
KR_8341515279,200,True,777700,WIN,5,1,2,0,2,2,34,3,1,94093,47160
KR_8341422869,100,True,965977,LOSE,3,2,0,3,3,1,51,1,1,541428,47160
KR_8341422869,200,False,965977,WIN,1,4,2,2,4,0,22,2,1,268276,14362
KR_8341364350,100,False,850408,WIN,3,4,2,3,3,1,18,3,0,22549,56920
KR_8341364350,200,True,850408,LOSE,2,5,2,1,4,2,51,0,1,5363,374806
KR_8341302626,100,True,916735,LOSE,3,2,0,2,2,3,17,3,0,714440,10071
KR_8341302626,200,False,916735,WIN,4,1,0,3,1,3,12,0,1,319813,566495
KR_8341246264,100,True,1135168,LOSE,6,0,0,6,2,5,62,0,2,38546,337025
KR_8341246264,200,False,1135168,WIN,2,2,4,3,5,5,17,3,0,74492,8792
KR_8340610199,100,True,1063049,LOSE,2,0,1,5,3,2,24,1,0,131109,55622
KR_8340610199,200,False,1063049,WIN,1,1,2,3,7,3,56,2,3,1199269,47833
KR_8355214851,100,True,859790,LOSE,1,2,1,2,3,1,20,3,1,122056,44443
KR_8355214851,200,False,859790,WIN,0,1,3,2,2,2,18,0,1,81181,645187
KR_8353731430,100,False,960899,WIN,0,1,3,2,2,0,58,0,0,943978,20768
KR_8353731430,200,True,960899,LOSE,2,0,0,3,2,5,11,3,1,95857,1479269
KR_8353640897,100,True,858697,WIN,2,2,0,5,4,3,11,0,1,39468,62181
KR_8353640897,200,False,858697,LOSE,3,1,3,1,5,2,22,3,1,122738,3915
KR_8353473149,100,False,889536,LOSE,12,3,1,8,7,4,13,0,1,280055,3507300
KR_8353473149,200,True,889536,WIN,7,7,3,6,6,3,54,3,0,317965,14036
KR_8349601724,100,False,796783,WIN,5,0,2,1,4,3,8,0,0,195972,42141
KR_8349601724,200,True,796783,LOSE,0,4,0,4,2,1,12,3,1,75100,15350
KR_8349229382,100,False,775006,LOSE,2,4,3,4,3,4,11,3,0,174997,196629
KR_8349229382,200,True,775006,WIN,7,2,1,3,4,2,12,0,2,385612,15350
KR_8351465120,100,True,904790,WIN,2,5,7,3,11,1,14,2,1,13463,24184
KR_8351465120,200,False,904790,LOSE,4,6,1,6,1,3,14,1,0,138676,17993
KR_8351420264,100,False,765062,LOSE,0,4,2,2,1,2,10,0,0,198171,75002
KR_8351420264,200,True,765062,WIN,1,3,3,1,6,0,15,3,1,78372,90757
KR_8351380591,100,False,876915,LOSE,0,6,4,1,0,2,15,3,0,94488,131255
KR_8351380591,200,True,876915,WIN,5,2,2,2,3,3,13,0,1,307512,60778
KR_8351318911,100,True,793097,WIN,2,6,2,3,4,2,13,3,0,45400,7255
KR_8351318911,200,False,793097,LOSE,6,2,2,4,3,3,11,0,1,564006,125595
KR_8351290306,100,False,834742,WIN,5,2,1,3,1,2,42,0,1,379232,36231
KR_8351290306,200,True,834742,LOSE,5,3,1,2,1,0,49,3,1,19623,59413
KR_8351232618,100,False,1062859,LOSE,1,2,1,5,3,5,28,1,0,685439,427479
KR_8351232618,200,True,1062859,WIN,2,5,4,1,4,0,17,2,2,18981,34916
KR_8350386710,100,True,676029,LOSE,1,0,0,1,3,0,33,3,1,379232,171436
KR_8350386710,200,False,676029,WIN,1,0,0,1,0,2,7,0,0,148643,360268
KR_8349897979,100,True,873114,WIN,3,1,4,1,1,4,16,0,1,7591,397029
KR_8349897979,200,False,873114,LOSE,2,5,1,2,4,4,12,3,0,4810616,11757
KR_8349873556,100,True,957887,LOSE,0,3,0,5,7,2,16,2,0,99221,152885
KR_8349873556,200,False,957887,WIN,4,2,0,1,0,3,15,1,1,8293,400026
KR_8349838449,100,False,856921,LOSE,0,3,0,7,3,4,9,3,0,3964,50383
KR_8349838449,200,True,856921,WIN,8,0,3,0,4,0,7,0,1,33257,152885
KR_8349323738,100,True,799037,WIN,6,2,1,5,7,0,7,3,1,15055,317058
KR_8349323738,200,False,799037,LOSE,3,5,1,5,4,3,49,0,0,51420,23976
KR_8349293371,100,True,785376,WIN,7,3,3,0,6,1,9,3,2,104641,152885
KR_8349293371,200,False,785376,LOSE,2,4,1,5,1,5,10,0,0,146044,316523
KR_8349170476,100,False,802091,LOSE,1,6,3,4,2,4,7,0,0,1116,107189
KR_8349170476,200,True,802091,WIN,7,3,0,4,7,1,8,3,2,174997,11045
KR_8349126608,100,True,1037892,WIN,2,3,5,2,1,2,19,2,2,331583,645187
KR_8349126608,200,False,1037892,LOSE,6,5,1,4,1,0,19,1,0,90855,397832
KR_8348926294,100,True,767918,WIN,3,1,6,4,3,4,9,0,0,250760,54929
KR_8348926294,200,False,767918,LOSE,2,6,0,2,6,3,11,3,1,1918,90494
KR_8354028411,100,False,987214,LOSE,4,5,2,5,4,5,20,0,0,1101363,78062
KR_8354028411,200,True,987214,WIN,5,5,1,2,9,2,23,3,1,107151,196215
KR_8354009144,100,True,648181,WIN,3,1,6,1,2,0,8,3,1,126056,645187
KR_8354009144,200,False,648181,LOSE,2,6,1,3,0,1,10,0,0,156704,114885
KR_8353923492,100,True,908947,LOSE,4,5,0,6,8,5,12,1,0,77331,104281
KR_8353923492,200,False,908947,WIN,5,4,2,4,7,1,49,2,1,510836,28019
KR_8353867179,100,False,877588,LOSE,1,5,1,2,3,1,50,3,1,145007,417008
KR_8353867179,200,True,877588,WIN,4,3,2,1,3,2,11,0,1,594507,75298
KR_8355115742,100,False,976699,WIN,2,5,0,2,7,1,25,3,0,291758,113006
KR_8355115742,200,True,976699,LOSE,7,3,0,4,2,4,23,0,1,385612,24144
KR_8355161542,100,True,854667,WIN,2,2,4,3,6,2,17,3,1,108981,1156
KR_8355161542,200,False,854667,LOSE,2,4,0,2,0,4,14,0,0,242423,61380
KR_8355132358,100,False,868477,WIN,5,2,0,3,3,2,49,3,1,62097,85648
KR_8355132358,200,True,868477,LOSE,2,3,0,4,3,1,14,0,1,59832,17692
KR_8355038810,100,True,780801,WIN,4,2,3,1,6,0,45,1,2,5493,307569
KR_8355038810,200,False,780801,LOSE,2,5,0,4,0,3,13,2,0,27380,148142
KR_8354999554,100,False,959663,LOSE,1,6,0,0,4,0,14,2,0,426005,645187
KR_8354999554,200,True,959663,WIN,3,2,1,2,3,1,60,1,2,3155,332957
KR_8354752377,100,False,1129951,LOSE,2,3,1,3,4,4,31,2,0,84998,436034
KR_8354752377,200,True,1129951,WIN,1,1,0,2,6,5,19,1,2,86763,15596
KR_8354093586,100,True,908015,LOSE,0,4,3,2,6,1,50,1,0,564006,59413
KR_8354093586,200,False,908015,WIN,4,2,1,3,1,1,14,2,1,3615,3654
KR_8353991210,100,True,780218,WIN,5,3,2,6,2,4,42,0,0,440179,167803
KR_8353991210,200,False,780218,LOSE,0,5,6,3,4,3,14,3,2,94488,462921
KR_8353855200,100,True,806829,LOSE,2,3,0,5,3,0,12,3,0,187138,87581
KR_8353855200,200,False,806829,WIN,4,2,1,0,4,1,27,0,1,403380,14293
KR_8353784896,100,True,876915,LOSE,1,6,1,4,5,2,16,2,2,34573,266517
KR_8353784896,200,False,876915,WIN,6,0,1,3,2,2,14,1,0,1557498,719404
KR_8353661796,100,True,930455,LOSE,1,0,9,7,3,2,14,3,1,16378,127733
KR_8353661796,200,False,930455,WIN,2,1,6,7,4,4,21,0,1,2220,3751316
KR_8353481007,100,True,801873,WIN,3,3,9,2,3,2,5,3,1,89214,112780
KR_8353481007,200,False,801873,LOSE,0,5,3,5,3,3,38,0,1,122738,59413
KR_8353409322,100,False,720035,LOSE,2,3,2,2,2,1,8,0,1,746521,387666
KR_8353409322,200,True,720035,WIN,2,1,3,3,4,1,10,3,0,3667688,166828
KR_8352394111,100,False,802155,LOSE,4,4,0,4,3,1,10,3,1,29881,33601
KR_8352394111,200,True,802155,WIN,4,2,1,3,2,2,5,0,0,19458,6338
KR_8350639200,100,False,584263,LOSE,0,2,0,0,3,0,5,3,0,1287870,42511
KR_8350639200,200,True,584263,WIN,0,0,1,0,1,0,9,0,0,105258,54876
KR_8354306980,100,False,729183,LOSE,3,7,1,1,3,1,37,3,0,956488,22054
KR_8354306980,200,True,729183,WIN,3,1,6,2,1,1,11,0,2,164566,2795591
KR_8349208543,100,True,872406,WIN,1,0,0,1,2,1,50,3,1,1698453,1012338
KR_8349208543,200,False,872406,LOSE,0,1,0,1,1,1,9,0,1,84556,703697
KR_8348824751,100,False,824833,LOSE,0,3,0,7,3,2,10,3,1,84556,54929
KR_8348824751,200,True,824833,WIN,6,2,3,1,4,0,10,0,0,111264,158120
KR_8348808078,100,True,825052,LOSE,4,9,1,2,1,2,18,3,1,184209,66272
KR_8348808078,200,False,825052,WIN,5,3,2,1,2,1,17,0,1,440179,12521
KR_8340398223,100,True,1009827,WIN,5,1,1,0,4,2,20,3,1,420407,90494
KR_8340398223,200,False,1009827,LOSE,0,1,0,3,4,4,19,0,1,84556,385425
KR_8340320400,100,True,1137602,WIN,1,5,1,1,9,2,28,1,0,94093,166828
KR_8340320400,200,False,1137602,LOSE,1,3,3,1,4,3,19,2,2,338596,577053
KR_8354580325,100,True,741097,WIN,6,1,3,2,1,0,10,3,0,162476,4267
KR_8354580325,200,False,741097,LOSE,0,6,1,2,2,1,10,0,1,1002862,41667
KR_8354542857,100,True,872719,WIN,1,4,2,2,1,0,13,3,1,2504228,365686
KR_8354542857,200,False,872719,LOSE,3,2,0,1,2,5,7,0,1,440179,174738
KR_8354524281,100,False,696442,LOSE,0,6,0,5,0,2,7,3,0,153673,51042
KR_8354524281,200,True,696442,WIN,8,0,3,0,3,1,10,0,1,1711429,96960
KR_8354422240,100,True,854691,WIN,2,1,0,2,4,3,12,0,1,1079305,113006
KR_8354422240,200,False,854691,LOSE,1,1,2,2,3,2,17,3,0,28803,397139
KR_8353941766,100,True,822088,LOSE,7,5,1,3,6,0,10,3,1,26118,77727
KR_8353941766,200,False,822088,WIN,2,5,0,6,4,4,14,0,0,1079305,17675
KR_8352871524,100,False,801966,WIN,4,0,0,3,3,2,10,3,0,188968,7276
KR_8352871524,200,True,801966,LOSE,2,6,0,3,1,3,5,0,2,1079305,17100
KR_8351994690,100,False,1102981,WIN,4,4,0,4,4,1,14,2,1,18729,262922
KR_8351994690,200,True,1102981,LOSE,5,3,1,5,3,3,19,1,2,1002862,13670
KR_8351500246,100,True,758617,WIN,1,0,1,1,1,1,7,1,1,198171,204284
KR_8351500246,200,False,758617,LOSE,0,2,0,0,4,0,11,2,0,796136,196215
KR_8351358536,100,True,1291442,WIN,2,1,0,3,3,6,36,2,0,1079305,2498772
KR_8351358536,200,False,1291442,LOSE,3,2,1,1,3,1,28,1,2,243828,87040
KR_8350384222,100,True,914189,LOSE,1,4,1,2,3,2,14,1,1,2567815,6003201
KR_8350384222,200,False,914189,WIN,1,2,1,2,7,4,8,2,1,157723,1944660
KR_8349737644,100,False,889612,LOSE,2,5,0,6,3,4,12,1,0,385612,209719
KR_8349737644,200,True,889612,WIN,4,2,3,2,10,0,14,2,1,72775,541972
KR_8349589008,100,True,803360,WIN,4,0,3,1,3,2,13,3,1,1079305,33199
KR_8349589008,200,False,803360,LOSE,1,6,2,6,1,2,4,0,0,148643,5205
KR_8349302550,100,True,917259,LOSE,4,6,0,1,2,1,19,3,2,191468,4609
KR_8349302550,200,False,917259,WIN,6,3,2,5,1,2,17,0,0,1557498,55369
KR_8352058734,100,True,789715,WIN,4,1,3,2,10,0,15,3,2,280055,20795
KR_8352058734,200,False,789715,LOSE,0,4,6,7,0,5,10,0,0,43773,167250
KR_8351666955,100,True,612269,WIN,1,0,3,1,2,2,7,2,1,147728,69146
KR_8351666955,200,False,612269,LOSE,0,4,0,2,2,3,8,1,0,11575,419871
KR_8351641853,100,False,686524,LOSE,1,0,0,2,3,2,6,1,1,43773,468947
KR_8351641853,200,True,686524,WIN,2,3,1,0,1,0,5,2,0,86714,33601
KR_8348160218,100,True,776011,LOSE,1,4,1,3,2,0,9,1,0,43773,1778095
KR_8348160218,200,False,776011,WIN,3,2,2,1,1,0,45,2,1,293289,374806
KR_8347821297,100,True,933082,WIN,4,4,3,6,13,0,14,3,1,186441,112085
KR_8347821297,200,False,933082,LOSE,4,9,4,8,3,2,11,0,1,24524,87948
KR_8346303180,100,True,774358,LOSE,1,7,1,4,0,1,9,1,2,565735,47250
KR_8346303180,200,False,774358,WIN,6,1,2,1,6,0,14,2,0,28594,87581
KR_8343285066,100,False,981654,WIN,3,2,1,1,5,2,15,3,0,43773,6003201
KR_8343285066,200,True,981654,LOSE,1,4,2,2,1,3,23,0,2,5693,221842
KR_8343083023,100,False,765101,WIN,4,2,0,4,5,3,10,1,0,679185,124516
KR_8343083023,200,True,765101,LOSE,1,2,1,4,2,2,10,2,1,43773,6003201
KR_8342980815,100,True,929750,LOSE,6,6,1,4,3,0,11,3,0,1058337,25814
KR_8342980815,200,False,929750,WIN,3,5,1,2,7,3,21,0,0,21955,454800
KR_8338853119,100,False,1007553,WIN,2,0,2,0,3,2,16,1,1,134532,21336
KR_8338853119,200,True,1007553,LOSE,0,1,0,6,0,2,18,2,0,11575,1104
KR_8338011051,100,True,819964,WIN,3,1,3,6,6,2,15,0,1,316304,221842
KR_8338011051,200,False,819964,LOSE,1,5,3,4,7,1,11,3,0,435995,80259
KR_8355193875,100,False,972442,LOSE,2,4,0,3,5,3,17,2,0,90791,8660
KR_8355193875,200,True,972442,WIN,2,1,1,4,7,4,25,1,1,86502,2498772
KR_8355166804,100,True,895418,LOSE,2,5,1,4,2,4,14,0,1,416696,407094
KR_8355166804,200,False,895418,WIN,3,4,0,1,5,2,17,3,0,326901,183500
KR_8353958082,100,True,785848,WIN,5,2,1,2,3,1,14,3,1,20952,1479269
KR_8353958082,200,False,785848,LOSE,0,4,1,1,2,3,47,0,1,20516,154473
KR_8352916340,100,True,828283,LOSE,1,3,0,2,8,0,45,3,1,16700,205551
KR_8352916340,200,False,828283,WIN,5,0,0,1,2,4,16,0,1,6106,43222
KR_8351463582,100,True,795328,WIN,5,1,2,0,4,0,14,2,1,59495,32338
KR_8351463582,200,False,795328,LOSE,1,4,0,4,1,1,13,1,1,44360,131937
KR_8349767265,100,True,1010606,WIN,3,2,4,3,5,4,54,3,0,446115,417008
KR_8349767265,200,False,1010606,LOSE,0,5,0,3,5,2,24,0,0,1531,40219
KR_8349585381,100,False,985112,WIN,4,5,2,2,7,3,33,3,0,9396,62439
KR_8349585381,200,True,985112,LOSE,5,4,0,6,6,1,22,0,1,50835,11361
KR_8349525976,100,False,795996,LOSE,4,5,0,3,2,2,19,0,0,194838,134977
KR_8349525976,200,True,795996,WIN,5,3,0,2,4,0,12,3,2,3414,10025
KR_8349469698,100,True,629198,LOSE,1,2,0,1,2,1,7,3,1,43757,37005
KR_8349469698,200,False,629198,WIN,0,1,0,1,1,2,8,0,0,198171,71287
KR_8349018280,100,True,853766,WIN,2,2,0,4,6,3,12,0,0,144688,21795
KR_8349018280,200,False,853766,LOSE,4,2,1,2,4,3,10,3,1,32385,11929
KR_8347505604,100,False,774272,LOSE,2,7,2,3,0,7,8,0,1,564006,3480
KR_8347505604,200,True,774272,WIN,9,1,5,3,6,2,8,3,0,397002,247018
KR_8354562008,100,False,1003037,WIN,1,3,0,2,3,1,21,3,0,20484,382432
KR_8354562008,200,True,1003037,LOSE,3,3,1,1,3,1,18,0,1,51420,185649
KR_8354497950,100,False,737293,LOSE,0,2,1,1,2,0,13,3,0,1160004,370072
KR_8354497950,200,True,737293,WIN,1,1,0,0,2,0,12,0,1,26486,271495
KR_8354450881,100,False,992098,LOSE,2,3,0,0,0,5,26,0,0,280055,46548
KR_8354450881,200,True,992098,WIN,2,1,2,1,6,1,65,3,2,92393,58282
KR_8354319586,100,False,1031832,LOSE,4,1,1,1,2,2,24,0,0,594507,90494
KR_8354319586,200,True,1031832,WIN,1,2,1,1,6,4,26,3,2,705379,397139
KR_8339089435,100,True,907054,LOSE,0,2,1,1,1,3,13,3,0,243828,268342
KR_8339089435,200,False,907054,WIN,1,0,1,1,3,4,59,0,1,42421,58282
KR_8339047537,100,False,779089,WIN,4,2,2,1,4,2,12,2,0,540611,132106
KR_8339047537,200,True,779089,LOSE,2,5,0,3,3,2,12,1,1,51628,221842
KR_8338982567,100,False,1004088,WIN,0,1,0,5,4,4,18,3,0,171481,11752
KR_8338982567,200,True,1004088,LOSE,0,1,7,0,8,2,23,0,2,20484,195354
KR_8348364080,100,True,803692,LOSE,1,3,4,3,4,2,18,3,2,122738,44308
KR_8348364080,200,False,803692,WIN,3,3,1,3,3,3,11,0,0,46572,149619
KR_8348250207,100,False,832714,LOSE,0,4,1,3,3,0,10,0,0,179345,6003201
KR_8348250207,200,True,832714,WIN,6,1,1,2,0,1,16,3,2,634485,46471
KR_8347359635,100,False,913647,LOSE,4,2,0,8,3,6,13,1,0,43317,55369
KR_8347359635,200,True,913647,WIN,9,2,0,4,4,1,53,2,2,36319,20768
KR_8347300704,100,True,771501,LOSE,0,5,1,2,3,3,43,2,0,79421,85648
KR_8347300704,200,False,771501,WIN,6,1,2,1,2,1,14,1,1,60820,703697
KR_8347250225,100,False,909032,LOSE,11,5,2,5,2,2,12,0,0,63920,225650
KR_8347250225,200,True,909032,WIN,6,7,1,4,8,1,17,3,2,107847,33819
KR_8347182205,100,False,734343,LOSE,4,4,0,4,0,3,7,0,0,131109,687506
KR_8347182205,200,True,734343,WIN,3,2,2,3,4,1,12,3,1,685439,42317
KR_8346018893,100,False,879695,LOSE,2,2,1,4,6,5,56,0,0,84998,374806
KR_8346018893,200,True,879695,WIN,0,3,3,4,6,0,13,3,2,3382,139867
KR_8345905511,100,False,857964,LOSE,3,1,0,0,0,1,9,0,0,50806,2085319
KR_8345905511,200,True,857964,WIN,2,2,0,1,4,0,11,3,2,333779,38604
KR_8343219917,100,True,806223,WIN,3,2,2,2,3,1,13,0,0,42421,40570
KR_8343219917,200,False,806223,LOSE,1,2,0,3,5,1,7,3,1,20047,62747
KR_8343172810,100,True,673948,WIN,8,0,0,2,2,2,12,3,1,21387,80530
KR_8343172810,200,False,673948,LOSE,1,3,2,4,2,2,8,0,0,161373,264223
KR_8343144147,100,False,866577,LOSE,1,2,2,5,1,1,17,1,1,627699,4169
KR_8343144147,200,True,866577,WIN,3,0,1,3,4,0,13,2,1,1168539,39621
KR_8337848077,100,False,733128,LOSE,0,2,1,2,0,2,43,0,1,252899,78678
KR_8337848077,200,True,733128,WIN,1,0,1,1,1,0,10,3,0,959551,5457
KR_8337779463,100,True,1028110,WIN,4,2,0,2,7,0,21,2,0,556833,74517
KR_8337779463,200,False,1028110,LOSE,2,5,1,4,2,5,40,1,2,397002,61304
KR_8337700740,100,False,857348,LOSE,3,0,0,1,2,2,15,0,0,133387,89436
KR_8337700740,200,True,857348,WIN,0,2,0,1,1,0,14,3,2,29513,1290390
KR_8354356997,100,True,1036543,LOSE,3,3,1,4,5,4,61,2,0,1868186,63891
KR_8354356997,200,False,1036543,WIN,4,2,1,2,2,3,25,1,2,52147,62540
KR_8345281732,100,True,773955,LOSE,3,1,0,1,2,1,7,3,1,544525,423196
KR_8345281732,200,False,773955,WIN,1,1,2,2,2,1,10,0,1,48845,3701337
KR_8345216155,100,False,878370,WIN,1,4,0,1,2,3,15,0,0,169136,269538
KR_8345216155,200,True,878370,LOSE,6,1,0,3,2,0,18,3,2,627699,2498772
KR_8345157044,100,True,894481,LOSE,3,2,7,2,4,2,18,3,0,426005,2498772
KR_8345157044,200,False,894481,WIN,3,5,2,7,2,2,13,0,2,357318,107987
KR_8345111623,100,False,678909,LOSE,3,4,0,4,3,1,19,1,0,145590,31366
KR_8345111623,200,True,678909,WIN,2,2,2,2,1,2,35,2,1,407441,169103
KR_8345048469,100,True,819678,WIN,4,1,1,1,3,2,11,3,0,56181,91126
KR_8345048469,200,False,819678,LOSE,1,4,1,1,2,4,13,0,1,141944,954383
KR_8344957462,100,False,758995,LOSE,1,1,0,2,0,3,25,0,0,96841,47160
KR_8344957462,200,True,758995,WIN,3,0,1,1,3,1,10,3,2,139959,703697
KR_8344855698,100,True,778884,WIN,4,2,1,2,4,2,18,0,2,529424,310114
KR_8344855698,200,False,778884,LOSE,2,2,2,4,2,3,12,3,0,84998,357671
KR_8343163033,100,True,834210,LOSE,2,3,1,4,6,2,13,1,0,134532,297152
KR_8343163033,200,False,834210,WIN,4,1,0,3,3,4,14,2,1,51184,455044
KR_8341393271,100,False,711138,LOSE,2,2,1,3,3,2,9,2,0,1168539,122946
KR_8341393271,200,True,711138,WIN,3,1,0,2,8,3,10,1,1,1002862,187193
KR_8354462962,100,False,934708,LOSE,2,2,0,4,2,2,19,3,0,78864,22721
KR_8354462962,200,True,934708,WIN,2,1,1,1,3,2,21,0,2,1281202,15008
KR_8353422055,100,False,613973,LOSE,1,4,3,3,1,4,7,0,0,100340,252789
KR_8353422055,200,True,613973,WIN,3,2,0,3,7,1,8,0,1,1281202,850
KR_8352113705,100,True,877612,WIN,1,3,0,2,7,0,49,3,1,35423,12188
KR_8352113705,200,False,877612,LOSE,2,1,2,4,3,4,13,0,1,280055,778394
KR_8347926044,100,True,797083,WIN,6,1,1,4,6,0,16,3,2,109471,11668
KR_8347926044,200,False,797083,LOSE,1,6,3,5,4,2,10,0,0,626075,29154
KR_8346181544,100,True,674156,WIN,6,1,2,1,0,1,11,3,0,1281202,17692
KR_8346181544,200,False,674156,LOSE,1,5,0,3,3,2,6,0,1,111277,6003201
KR_8345922213,100,True,838118,LOSE,4,3,0,4,5,3,12,3,0,1281202,2572
KR_8345922213,200,False,838118,WIN,5,1,1,4,2,3,15,0,1,174007,607978
KR_8345764678,100,False,947553,LOSE,2,2,1,3,3,2,17,2,1,1168539,758125
KR_8345764678,200,True,947553,WIN,3,4,0,1,4,2,16,1,1,109471,227428
KR_8341190754,100,True,1038238,WIN,3,2,0,1,0,1,13,3,1,21650,18589
KR_8341190754,200,False,1038238,LOSE,1,3,1,0,3,1,22,0,1,89297,10651
KR_8341153418,100,False,959237,LOSE,0,4,2,2,0,1,53,3,0,31246,115011
KR_8341153418,200,True,959237,WIN,4,2,1,2,4,0,9,0,1,50447,261228
KR_8341051695,100,False,911665,LOSE,6,5,2,4,1,5,40,0,0,1281202,69898
KR_8341051695,200,True,911665,WIN,6,5,0,3,3,2,14,3,1,18975,178009
KR_8339524991,100,True,770673,WIN,4,0,0,1,1,3,24,3,1,1281202,37237
KR_8339524991,200,False,770673,LOSE,1,4,2,3,2,3,39,0,1,468423,173688
KR_8339484672,100,True,656411,WIN,2,0,2,0,5,1,8,2,1,556833,32882
KR_8339484672,200,False,656411,LOSE,0,2,0,4,0,1,5,1,0,6589,261228
KR_8338598219,100,False,861608,LOSE,1,5,0,2,1,5,16,0,0,627699,551062
KR_8338598219,200,True,861608,WIN,3,0,1,2,0,1,40,3,2,134485,66589
KR_8337136927,100,True,897800,WIN,3,2,1,1,1,0,11,3,1,565229,1650069
KR_8337136927,200,False,897800,LOSE,3,3,0,1,2,1,11,0,1,84036,6265
KR_8346404834,100,False,801546,LOSE,0,4,0,1,0,2,10,2,0,98850,97407
KR_8346404834,200,True,801546,WIN,3,0,2,0,2,3,44,1,1,106506,184691
KR_8346367962,100,False,744891,WIN,5,3,2,4,1,1,32,0,1,446115,52913
KR_8346367962,200,True,744891,LOSE,2,6,2,2,4,2,10,3,0,222084,97407
KR_8346353134,100,True,1078722,WIN,2,0,1,0,7,1,21,3,1,57539,858554
KR_8346353134,200,False,1078722,LOSE,0,3,0,3,3,2,24,0,0,195158,40957
KR_8354684569,100,True,1104430,WIN,3,1,1,1,5,1,20,3,2,12294,20542
KR_8354684569,200,False,1104430,LOSE,0,2,0,2,4,3,28,0,0,108981,5444429
KR_8354358288,100,True,812953,LOSE,0,2,2,5,3,2,54,0,1,210098,18706
KR_8354358288,200,False,812953,WIN,3,1,4,3,0,1,10,3,1,58023,126788
KR_8354321654,100,False,807971,LOSE,3,3,2,1,3,3,7,0,0,138508,152137
KR_8354321654,200,True,807971,WIN,4,3,1,3,4,2,11,3,2,671389,53398
KR_8354298800,100,False,1016272,LOSE,1,4,1,6,4,6,16,0,2,344584,131136
KR_8354298800,200,True,1016272,WIN,3,1,3,2,4,1,20,3,0,1781476,271495
KR_8353640065,100,True,876853,WIN,7,2,0,2,1,1,16,3,1,397002,18180
KR_8353640065,200,False,876853,LOSE,2,5,1,2,2,1,51,0,1,381211,21899
KR_8353571813,100,False,892737,LOSE,2,4,1,2,5,1,11,3,0,48368,42511
KR_8353571813,200,True,892737,WIN,3,3,0,2,3,2,17,0,1,594507,40256
KR_8350905229,100,False,742247,LOSE,0,2,0,2,0,2,7,0,1,385612,55369
KR_8350905229,200,True,742247,WIN,1,1,0,0,7,0,13,3,0,111277,166828
KR_8354892887,100,False,699067,WIN,5,1,1,0,2,0,20,2,1,83293,31366
KR_8354892887,200,True,699067,LOSE,1,4,0,1,1,2,7,1,0,6498,5284903
KR_8354822200,100,False,850360,LOSE,2,4,3,3,2,3,10,1,1,147728,33648
KR_8354822200,200,True,850360,WIN,5,3,2,2,2,2,16,2,0,1711429,104066
KR_8354781261,100,True,888450,WIN,8,4,1,2,12,2,20,3,0,116654,77789
KR_8354781261,200,False,888450,LOSE,5,6,2,5,0,5,13,0,0,333977,27150
KR_8355217602,100,False,756233,LOSE,0,3,1,1,7,1,12,3,0,140095,480179
KR_8355217602,200,True,756233,WIN,1,1,2,2,1,3,13,0,1,584216,81901
KR_8354413605,100,True,804354,WIN,2,2,0,1,4,0,36,0,1,2504228,31253
KR_8354413605,200,False,804354,LOSE,2,4,1,2,5,1,8,3,0,525914,125051
KR_8352802534,100,False,616298,LOSE,1,3,0,2,2,2,4,2,0,403963,81901
KR_8352802534,200,True,616298,WIN,5,0,0,2,1,2,6,1,0,202214,281109
KR_8348969553,100,False,823625,WIN,6,3,0,1,11,2,46,3,1,15117,66624
KR_8348969553,200,True,823625,LOSE,1,6,6,4,1,7,11,0,0,13973,778394
KR_8348919216,100,True,699450,WIN,4,0,2,2,1,0,9,3,1,21446,188243
KR_8348919216,200,False,699450,LOSE,1,3,0,2,2,1,8,0,0,1342680,169813
KR_8343772676,100,False,907288,LOSE,1,3,2,3,5,0,12,2,0,174997,62055
KR_8343772676,200,True,907288,WIN,2,1,0,0,4,3,18,1,2,1828546,360268
KR_8342679417,100,True,1013078,WIN,2,2,2,3,2,2,64,3,1,7777,154473
KR_8342679417,200,False,1013078,LOSE,6,1,2,3,1,6,18,0,0,303451,148727
KR_8342580945,100,True,772717,WIN,3,2,1,0,4,2,41,2,0,577085,66624
KR_8342580945,200,False,772717,LOSE,4,4,0,1,1,4,5,1,0,41759,176014
KR_8342545399,100,True,882525,WIN,8,1,1,2,3,4,11,1,0,360999,219826
KR_8342545399,200,False,882525,LOSE,3,4,1,4,0,3,11,2,1,263456,258811
KR_8342484786,100,True,826755,WIN,0,2,3,4,1,0,27,3,0,556833,69898
KR_8342484786,200,False,826755,LOSE,2,1,0,1,5,2,11,0,1,243828,104211
KR_8339558021,100,False,769179,LOSE,2,3,0,1,2,3,30,3,0,21604,31253
KR_8339558021,200,True,769179,WIN,0,2,3,0,5,1,5,0,1,36544,12162
KR_8338322136,100,True,951046,WIN,4,3,2,3,5,2,21,0,0,4202,17214
KR_8338322136,200,False,951046,LOSE,4,5,0,6,7,2,59,3,0,346175,215475
KR_8354458176,100,True,849910,WIN,7,1,1,3,10,1,10,3,1,122056,108327
KR_8354458176,200,False,849910,LOSE,3,6,1,4,1,7,11,0,0,71825,401855
KR_8354427532,100,True,907870,WIN,3,1,0,0,7,0,18,3,0,77849,166828
KR_8354427532,200,False,907870,LOSE,0,1,0,5,1,5,50,0,0,416696,58334
KR_8354394512,100,True,1039077,WIN,3,4,1,2,1,4,24,0,0,374895,427479
KR_8354394512,200,False,1039077,LOSE,1,2,0,2,7,0,22,3,2,2011,166828
KR_8354343419,100,False,707158,WIN,1,0,1,0,2,0,9,2,1,223653,149619
KR_8354343419,200,True,707158,LOSE,0,2,0,1,1,2,10,1,0,381211,30153
KR_8354081368,100,True,845890,LOSE,4,2,1,5,1,0,11,3,0,1156239,39683
KR_8354081368,200,False,845890,WIN,5,2,0,2,2,1,11,0,1,80384,414410
KR_8354006199,100,True,861272,LOSE,4,4,3,4,2,1,11,1,0,29919,778394
KR_8354006199,200,False,861272,WIN,4,4,2,2,4,1,52,2,2,14648,205551
KR_8355241756,100,True,821038,WIN,8,5,1,4,5,0,11,3,2,143923,1004
KR_8355241756,200,False,821038,LOSE,8,5,0,6,2,1,10,0,0,507705,13405
KR_8355232554,100,False,939301,LOSE,3,2,2,4,5,3,17,3,0,3338078,2498772
KR_8355232554,200,True,939301,WIN,1,5,2,2,5,2,20,0,2,98260,148491
KR_8354194680,100,False,908541,LOSE,0,4,5,6,1,4,15,2,1,122552,130048
KR_8354194680,200,True,908541,WIN,10,2,0,1,4,2,16,1,1,654792,19596
KR_8354177924,100,False,1010585,LOSE,2,1,2,4,3,4,58,3,0,586541,17911
KR_8354177924,200,True,1010585,WIN,2,2,0,1,4,1,18,0,2,72115,2296793
KR_8354176455,100,True,935636,WIN,4,1,2,3,1,2,18,0,2,61239,172083
KR_8354176455,200,False,935636,LOSE,1,2,1,3,8,2,14,3,0,100419,361458
KR_8354175066,100,True,953509,LOSE,2,7,5,5,4,3,19,3,0,1481,200132
KR_8354175066,200,False,953509,WIN,7,5,2,5,4,8,22,0,0,79940,299255
KR_8354144280,100,True,822769,WIN,5,1,3,1,5,3,12,3,1,73867,190207
KR_8354144280,200,False,822769,LOSE,0,3,4,8,3,2,12,0,1,5515,299255
KR_8354121223,100,False,848915,WIN,5,1,1,2,3,1,30,3,1,165247,31366
KR_8354121223,200,True,848915,LOSE,3,3,0,4,3,3,10,0,0,130586,68576
KR_8345157429,100,False,760640,LOSE,7,7,1,4,1,1,23,0,0,239176,2798
KR_8345157429,200,True,760640,WIN,6,4,5,2,2,1,9,3,2,14158,40695
KR_8344988854,100,True,702957,WIN,2,0,0,0,2,0,11,0,0,204530,541972
KR_8344988854,200,False,702957,LOSE,0,1,0,1,1,1,10,3,1,22876,18475
KR_8344879611,100,True,940912,LOSE,3,2,1,3,3,2,17,3,0,44030,27678
KR_8344879611,200,False,940912,WIN,2,2,2,3,4,2,51,0,2,77096,72216
KR_8344740086,100,True,791696,LOSE,4,4,1,4,3,2,13,0,1,346175,481918
KR_8344740086,200,False,791696,WIN,4,2,0,3,4,2,11,3,1,96841,1016489
KR_8344662789,100,True,824380,WIN,5,1,1,1,0,3,44,3,0,346175,72216
KR_8344662789,200,False,824380,LOSE,2,3,0,0,3,4,43,0,1,17143,190777
KR_8344399913,100,False,789645,LOSE,2,2,0,4,1,1,59,2,0,27474,546
KR_8344399913,200,True,789645,WIN,4,4,2,2,3,2,10,1,1,23637,299839
KR_8344290194,100,False,956958,LOSE,1,4,0,2,2,5,17,3,0,313864,94580
KR_8344290194,200,True,956958,WIN,4,0,1,0,6,1,16,0,0,48908,253350
KR_8344219977,100,True,792780,WIN,2,0,1,2,1,2,13,3,2,384232,60778
KR_8344219977,200,False,792780,LOSE,1,3,0,1,1,5,12,0,0,11770,51545
KR_8343815430,100,True,854783,LOSE,0,2,0,3,1,3,13,0,0,44542,12134
KR_8343815430,200,False,854783,WIN,2,0,2,0,7,1,13,3,0,90803,176014
KR_8353398164,100,False,867587,LOSE,2,2,1,2,3,3,11,1,1,177930,6003201
KR_8353398164,200,True,867587,WIN,0,2,0,3,8,0,10,2,1,915061,228702
KR_8349796653,100,False,967394,LOSE,2,2,3,3,2,1,44,3,0,5191,28933
KR_8349796653,200,True,967394,WIN,2,5,4,2,4,3,16,0,1,42863,570044
KR_8349637918,100,True,821524,WIN,9,5,1,2,3,4,15,1,0,397002,7843
KR_8349637918,200,False,821524,LOSE,2,9,3,5,6,1,13,2,1,31241,124516
KR_8349466504,100,True,798128,LOSE,2,5,0,5,7,3,12,0,1,114989,28199
KR_8349466504,200,False,798128,WIN,6,4,0,3,9,2,28,3,1,311401,168596
KR_8349405904,100,False,609152,LOSE,1,5,0,4,3,3,4,0,0,19635,13097
KR_8349405904,200,True,609152,WIN,12,1,1,1,3,2,5,3,0,198171,7117
KR_8349347742,100,True,956452,LOSE,0,1,0,2,3,2,57,3,1,32828,171436
KR_8349347742,200,False,956452,WIN,1,0,1,2,3,3,17,0,1,403380,26683
KR_8348520326,100,True,885328,LOSE,4,4,2,4,2,4,12,0,0,22549,227428
KR_8348520326,200,False,885328,WIN,1,2,4,4,7,2,16,3,1,672048,84661
KR_8348239761,100,True,762201,WIN,5,4,0,4,0,4,9,0,1,198171,1479269
KR_8348239761,200,False,762201,LOSE,6,2,2,2,6,1,11,3,0,685439,348718
KR_8348003032,100,False,772793,LOSE,1,4,2,2,0,2,5,2,1,32385,817056
KR_8348003032,200,True,772793,WIN,2,3,1,1,5,1,12,1,1,63920,202720
KR_8340509006,100,True,969231,LOSE,1,1,0,5,1,3,13,3,1,271315,2082
KR_8340509006,200,False,969231,WIN,2,2,0,2,6,0,16,0,1,402259,3090
KR_8353628007,100,False,794003,LOSE,1,4,2,4,4,3,11,2,0,22283,1784489
KR_8353628007,200,True,794003,WIN,2,1,6,3,3,2,11,1,1,714440,281574
KR_8353557048,100,True,889040,WIN,7,1,1,2,3,1,21,3,1,28803,35059
KR_8353557048,200,False,889040,LOSE,2,2,0,7,3,2,18,0,1,280055,33967
KR_8353510434,100,True,910080,WIN,10,1,1,3,7,2,19,1,2,416696,607978
KR_8353510434,200,False,910080,LOSE,4,6,0,5,3,7,11,2,0,1784489,97753
KR_8353451736,100,False,826530,LOSE,0,2,0,4,1,3,14,0,1,1698453,1784489
KR_8353451736,200,True,826530,WIN,3,0,2,0,5,1,44,3,1,75100,190777
KR_8348341424,100,True,832398,WIN,1,3,0,5,7,3,13,3,2,564006,56124
KR_8348341424,200,False,832398,LOSE,2,3,3,1,5,4,51,0,0,301220,374806
KR_8348283159,100,True,824708,LOSE,4,3,0,7,1,1,42,3,0,128888,374806
KR_8348283159,200,False,824708,WIN,3,1,1,1,3,2,9,0,1,5219,117386
KR_8347344227,100,False,1042547,LOSE,0,2,1,2,4,2,19,1,0,564006,1479269
KR_8347344227,200,True,1042547,WIN,3,1,1,1,2,3,62,2,1,1828546,374806
KR_8345058525,100,True,878667,WIN,6,4,5,2,10,0,8,3,1,212427,317058
KR_8345058525,200,False,878667,LOSE,3,6,2,7,3,5,10,0,1,20047,34327
KR_8337552711,100,True,684359,LOSE,3,4,0,4,0,2,8,3,0,19802,146087
KR_8337552711,200,False,684359,WIN,4,3,2,0,2,1,10,0,1,11694,1784489
KR_8337485416,100,False,896934,LOSE,0,3,1,6,5,2,10,2,0,111333,74705
KR_8337485416,200,True,896934,WIN,9,1,0,2,2,3,6,1,1,1199269,41277
KR_8355094312,100,True,738797,LOSE,2,3,0,2,3,1,40,3,0,385612,61360
KR_8355094312,200,False,738797,WIN,3,2,2,2,0,2,12,0,1,643009,143456
KR_8350287482,100,False,781938,WIN,1,1,1,1,2,1,14,0,0,137707,120352
KR_8350287482,200,True,781938,LOSE,0,1,0,1,3,0,44,3,1,46648,171436
KR_8350241748,100,False,1102826,WIN,5,4,0,5,3,3,26,1,0,3203,22485
KR_8350241748,200,True,1102826,LOSE,6,3,0,3,3,2,35,2,1,17701,44056
KR_8348855994,100,False,739082,LOSE,3,4,1,2,1,0,6,1,0,60299,317058
KR_8348855994,200,True,739082,WIN,3,1,2,2,1,3,41,2,2,35732,215475
KR_8348836512,100,True,796940,WIN,4,2,3,0,3,0,28,0,1,212177,39202
KR_8348836512,200,False,796940,LOSE,1,3,0,4,3,2,12,3,1,5053,4683
KR_8345522499,100,False,986971,LOSE,8,0,1,4,5,4,23,3,0,36310,306932
KR_8345522499,200,True,986971,WIN,4,4,0,5,4,2,21,0,2,33456,58994
KR_8345214695,100,False,849201,WIN,4,6,1,5,4,2,50,1,0,459350,315219
KR_8345214695,200,True,849201,LOSE,3,5,3,4,7,0,12,2,0,1281130,187906
KR_8344439008,100,False,1081737,LOSE,2,5,0,2,2,3,26,2,1,87058,93842
KR_8344439008,200,True,1081737,WIN,4,2,2,3,3,0,26,1,2,156460,1479269
KR_8344180604,100,False,1106972,LOSE,4,7,5,5,4,2,26,3,1,60079,17357
KR_8344180604,200,True,1106972,WIN,4,6,3,3,6,1,54,0,1,195158,39202
KR_8344147235,100,False,855454,LOSE,3,5,0,6,2,3,17,0,1,5353,153293
KR_8344147235,200,True,855454,WIN,3,2,2,3,8,0,16,3,0,54099,54849
KR_8344069913,100,False,800214,LOSE,0,1,1,2,2,2,17,3,2,276682,133199
KR_8344069913,200,True,800214,WIN,2,0,0,2,1,2,18,0,0,302569,192818
KR_8341799385,100,True,1025925,WIN,2,0,6,4,2,2,17,3,0,566933,51545
KR_8341799385,200,False,1025925,LOSE,2,0,6,2,3,5,20,0,2,169874,1778
KR_8341716520,100,False,1029847,LOSE,2,5,2,2,1,1,21,1,0,6342,187906
KR_8341716520,200,True,1029847,WIN,1,3,1,1,5,1,21,2,2,63856,400026
KR_8341541922,100,True,940307,LOSE,8,2,0,2,4,2,17,3,0,153832,253350
KR_8341541922,200,False,940307,WIN,4,5,1,4,5,1,20,0,1,120787,154128
KR_8340883185,100,False,745836,LOSE,3,2,0,1,1,4,8,0,0,332286,507765
KR_8340883185,200,True,745836,WIN,3,2,1,1,4,2,12,3,1,577085,90549
KR_8338352590,100,True,788556,WIN,2,3,0,3,4,1,8,3,0,976542,225802
KR_8338352590,200,False,788556,LOSE,3,2,1,1,2,4,5,0,1,556833,59651
KR_8337876171,100,True,712186,WIN,1,1,0,4,1,3,10,1,0,32991,142001
KR_8337876171,200,False,712186,LOSE,2,2,0,1,3,2,7,2,1,154405,187906
KR_8337809827,100,False,759354,LOSE,2,4,1,5,2,3,9,3,0,976542,115009
KR_8337809827,200,True,759354,WIN,6,3,1,2,6,0,16,0,1,283912,170512
KR_8337738231,100,False,967286,LOSE,0,4,1,1,4,0,17,2,1,2465,51545
KR_8337738231,200,True,967286,WIN,3,1,1,3,2,1,16,1,1,263019,46136
KR_8354914778,100,True,643242,WIN,1,0,0,0,0,0,5,3,1,312425,87747
KR_8354914778,200,False,643242,LOSE,0,1,1,0,1,0,4,0,0,16378,191431
KR_8354247402,100,True,797342,LOSE,0,2,3,2,1,2,10,2,0,87058,187884
KR_8354247402,200,False,797342,WIN,1,3,2,1,0,2,13,1,1,49851,265311
KR_8350457955,100,True,815828,WIN,2,1,3,6,3,3,11,2,1,240740,152885
KR_8350457955,200,False,815828,LOSE,2,3,0,3,7,3,13,1,0,5556,299882
KR_8345674094,100,True,849828,WIN,1,2,0,0,9,0,9,2,0,2567815,19974
KR_8345674094,200,False,849828,LOSE,1,2,1,4,1,4,13,1,2,514341,214363
KR_8351535815,100,False,1044655,LOSE,2,5,3,6,2,7,18,0,0,263456,291931
KR_8351535815,200,True,1044655,WIN,3,2,2,1,10,3,64,3,0,7641,48834
KR_8349934705,100,True,857275,WIN,2,0,2,0,5,2,13,3,2,2567815,425879
KR_8349934705,200,False,857275,LOSE,1,2,0,2,2,3,7,0,0,290846,32338
KR_8349907808,100,False,1114525,WIN,0,1,1,4,5,3,27,3,0,9954,4759
KR_8349907808,200,True,1114525,LOSE,2,0,1,0,2,3,26,0,2,93209,30998
KR_8349888859,100,True,863195,WIN,1,2,1,1,4,2,11,0,1,90567,361179
KR_8349888859,200,False,863195,LOSE,2,2,1,3,2,4,19,3,0,883980,33663
KR_8346142378,100,False,710794,LOSE,0,3,0,3,0,3,39,3,0,59495,374806
KR_8346142378,200,True,710794,WIN,3,0,0,0,4,0,10,0,1,312630,112579
KR_8345830456,100,False,921869,LOSE,2,5,0,4,1,4,56,0,0,283895,47862
KR_8345830456,200,True,921869,WIN,8,2,0,2,4,3,16,3,2,301220,425879
KR_8343783989,100,False,806090,LOSE,1,4,1,1,2,1,46,3,0,15558,88994
KR_8343783989,200,True,806090,WIN,2,2,1,4,5,0,12,0,1,26015,112579
KR_8343756777,100,False,835517,LOSE,1,0,0,3,4,1,49,3,1,117852,374806
KR_8343756777,200,True,835517,WIN,2,1,2,2,3,1,10,0,1,55487,16476
KR_8343732403,100,True,875181,WIN,4,1,1,0,3,1,15,0,1,9954,703697
KR_8343732403,200,False,875181,LOSE,0,2,0,5,0,2,13,3,1,144722,33663
KR_8352305414,100,False,1134829,LOSE,1,1,1,5,1,3,24,0,1,171760,207494
KR_8352305414,200,True,1134829,WIN,3,2,0,1,8,0,18,3,1,23648,713117
KR_8349074401,100,False,884603,WIN,5,5,2,5,3,3,45,1,0,81882,332957
KR_8349074401,200,True,884603,LOSE,3,2,7,7,5,1,20,2,2,8266,7875
KR_8349004727,100,False,792888,LOSE,1,1,2,1,0,1,10,0,1,185724,22970
KR_8349004727,200,True,792888,WIN,1,2,1,2,3,1,10,3,0,412276,119582
KR_8343105229,100,False,1010674,LOSE,1,2,1,7,4,5,23,3,1,21006,360016
KR_8343105229,200,True,1010674,WIN,4,1,2,6,6,2,20,0,1,41685,410917
KR_8343050360,100,True,776578,WIN,3,1,3,1,4,1,41,1,0,18706,47160
KR_8343050360,200,False,776578,LOSE,0,5,3,3,2,4,10,2,1,246398,41829
KR_8342833915,100,False,936862,LOSE,4,2,1,1,1,4,23,0,0,442809,285216
KR_8342833915,200,True,936862,WIN,2,0,0,5,3,5,43,3,1,383007,2769
KR_8342788863,100,True,778961,WIN,10,2,2,0,2,1,9,0,1,19796,566495
KR_8342788863,200,False,778961,LOSE,1,4,0,5,3,3,10,3,0,88987,72550
KR_8339832691,100,False,864138,LOSE,0,1,0,2,2,1,51,3,0,145007,332957
KR_8339832691,200,True,864138,WIN,0,2,0,0,3,2,17,0,1,462417,699424
KR_8339702094,100,False,989867,WIN,2,2,0,4,5,0,29,1,0,398302,168596
KR_8339702094,200,True,989867,LOSE,3,3,1,1,3,1,10,2,2,94093,1650069
KR_8355113639,100,True,946549,WIN,2,1,0,2,2,2,16,3,2,416696,149523
KR_8355113639,200,False,946549,LOSE,3,2,2,2,6,1,55,0,0,643009,1012338
KR_8351154162,100,True,778617,WIN,7,1,1,0,4,0,41,0,1,145007,49269
KR_8351154162,200,False,778617,LOSE,0,7,1,4,1,3,45,3,0,12294,374806
KR_8348402397,100,True,846587,WIN,3,4,2,5,6,2,9,1,0,153673,94218
KR_8348402397,200,False,846587,LOSE,7,4,1,5,3,3,14,2,0,285688,8970
KR_8347318533,100,False,768839,LOSE,0,5,1,0,0,2,10,3,0,685439,214363
KR_8347318533,200,True,768839,WIN,4,1,0,0,2,1,9,0,1,671389,129110
KR_8343450062,100,True,938931,WIN,6,0,1,4,5,5,54,3,0,13838,27023
KR_8343450062,200,False,938931,LOSE,1,4,0,4,5,3,14,0,1,90513,6003201
KR_8341818312,100,False,808398,LOSE,4,6,1,7,3,1,6,0,0,38964,29262
KR_8341818312,200,True,808398,WIN,10,1,4,4,2,0,12,3,1,153673,22056
KR_8340244618,100,True,944116,WIN,2,1,1,2,2,0,13,3,2,564351,322605
KR_8340244618,200,False,944116,LOSE,0,2,0,0,3,1,11,0,0,94093,66922
KR_8339031591,100,True,855844,LOSE,3,2,1,3,5,1,43,2,1,154874,56627
KR_8339031591,200,False,855844,WIN,3,4,3,3,4,2,13,1,0,86252,8797
KR_8354804270,100,False,908302,WIN,6,5,3,1,0,2,14,3,0,90365,5444429
KR_8354804270,200,True,908302,LOSE,4,6,0,2,6,1,10,0,1,106276,19447
KR_8353355137,100,True,1010691,WIN,2,1,3,3,4,4,20,1,2,55019,59651
KR_8353355137,200,False,1010691,LOSE,5,2,2,1,2,5,16,2,0,2504228,1799012
KR_8351435068,100,False,825979,LOSE,4,7,1,4,4,3,13,3,0,32818,22736
KR_8351435068,200,True,825979,WIN,5,3,1,5,8,3,13,0,1,35732,113740
KR_8341201263,100,True,855352,WIN,2,1,2,3,3,1,17,0,1,94093,9753
KR_8341201263,200,False,855352,LOSE,2,4,1,3,1,1,51,3,1,238004,6659
KR_8348962474,100,False,798905,WIN,4,2,1,2,3,4,9,3,0,703798,78762
KR_8348962474,200,True,798905,LOSE,0,2,3,2,5,3,12,0,1,4905,31536
KR_8348927048,100,False,907787,LOSE,0,3,0,6,5,3,11,1,0,13303,8058
KR_8348927048,200,True,907787,WIN,3,2,1,1,4,0,14,2,2,257949,13577
KR_8348898196,100,True,861620,WIN,5,2,3,0,3,1,12,3,1,210098,586258
KR_8348898196,200,False,861620,LOSE,2,5,0,5,0,1,12,0,0,30984,23284
KR_8348872014,100,False,865143,LOSE,3,1,0,4,2,2,13,0,1,872118,349894
KR_8348872014,200,True,865143,WIN,4,1,1,2,6,3,9,3,0,198171,59651
KR_8347312543,100,True,858942,LOSE,3,0,2,3,1,2,15,0,1,122738,119253
KR_8347312543,200,False,858942,WIN,1,1,0,5,3,4,50,3,0,126676,62335
KR_8346945744,100,False,925659,WIN,5,2,4,3,3,2,12,2,1,79609,7649
KR_8346945744,200,True,925659,LOSE,2,7,1,2,4,2,11,1,0,1058337,7849
KR_8346920165,100,True,1131763,WIN,4,3,1,3,6,2,17,3,3,6418,1650069
KR_8346920165,200,False,1131763,LOSE,3,4,4,2,0,5,26,0,0,32579,525759
KR_8346893027,100,False,957089,LOSE,2,7,5,3,4,2,19,3,0,7163,11029
KR_8346893027,200,True,957089,WIN,5,5,2,3,7,1,11,0,2,742841,297166
KR_8341850124,100,False,980451,LOSE,0,4,2,1,3,4,19,3,1,108981,13577
KR_8341850124,200,True,980451,WIN,4,2,2,2,5,2,14,0,1,386503,482587
KR_8340521880,100,False,914263,LOSE,0,8,2,2,3,1,14,1,1,317965,12515
KR_8340521880,200,True,914263,WIN,5,1,3,1,8,0,17,2,1,23562,436034
KR_8340500031,100,False,893831,LOSE,1,4,0,2,3,0,12,3,1,436115,38817
KR_8340500031,200,True,893831,WIN,1,2,1,1,3,1,13,0,1,12334,468947
KR_8340442431,100,True,733880,LOSE,1,5,0,4,2,2,9,3,0,52665,20000
KR_8340442431,200,False,733880,WIN,4,1,2,2,1,1,48,0,1,105433,85244
KR_8340379930,100,False,880097,WIN,4,2,2,3,0,3,31,0,0,2418863,69898
KR_8340379930,200,True,880097,LOSE,4,3,0,3,3,0,14,3,2,632980,711019
KR_8339776197,100,True,916540,WIN,4,2,2,3,6,1,49,1,1,21910,8583
KR_8339776197,200,False,916540,LOSE,2,4,9,6,3,1,19,2,0,35680,135216
KR_8339655581,100,False,953170,LOSE,4,2,0,4,3,2,23,0,0,721172,434788
KR_8339655581,200,True,953170,WIN,1,3,2,2,5,0,16,3,2,50069,31029
KR_8339613626,100,False,1014212,WIN,1,7,2,8,3,2,20,0,0,59387,1290390
KR_8339613626,200,True,1014212,LOSE,7,2,4,4,7,1,11,3,2,54342,60920
KR_8339589295,100,False,788119,LOSE,2,6,1,2,3,0,12,3,1,263749,1041
KR_8339589295,200,True,788119,WIN,5,1,2,2,4,0,8,0,0,131173,60880
KR_8339554483,100,True,690270,WIN,4,0,0,1,3,2,8,2,1,39320,1556916
KR_8339554483,200,False,690270,LOSE,0,5,0,1,5,2,34,1,0,1089,173688
KR_8354846900,100,False,902681,LOSE,1,5,2,5,3,5,17,3,0,29881,372946
KR_8354846900,200,True,902681,WIN,9,2,2,4,5,2,17,0,2,33675,1810
KR_8351309770,100,True,731019,WIN,10,1,0,1,2,1,36,0,1,915061,347121
KR_8351309770,200,False,731019,LOSE,1,6,1,5,1,1,11,3,0,115206,17110
KR_8347098787,100,False,1107422,LOSE,0,2,0,0,3,2,16,0,0,337544,393822
KR_8347098787,200,True,1107422,WIN,1,1,0,1,3,1,25,3,3,670322,91433
KR_8345927083,100,False,929049,LOSE,1,3,1,3,5,2,45,1,1,2343362,34223
KR_8345927083,200,True,929049,WIN,3,2,5,2,0,3,20,2,0,36319,59476
KR_8345873175,100,True,979850,WIN,8,1,3,2,3,0,49,3,1,54706,59413
KR_8345873175,200,False,979850,LOSE,3,3,0,5,1,3,63,0,1,171271,353035
KR_8345847066,100,False,837848,LOSE,0,3,3,3,1,1,43,0,0,53632,3549648
KR_8345847066,200,True,837848,WIN,4,1,1,2,6,1,9,3,1,171271,266728
KR_8345793743,100,False,822647,LOSE,3,3,3,5,3,5,45,0,0,17818,3549648
KR_8345793743,200,True,822647,WIN,0,4,0,3,9,2,16,3,1,121529,299839
KR_8344460146,100,False,733998,LOSE,0,2,0,2,2,1,9,3,1,992401,20058
KR_8344460146,200,True,733998,WIN,3,0,0,0,2,1,38,0,1,225848,101528
KR_8341450790,100,True,825833,LOSE,3,2,1,5,3,3,12,0,0,18706,75298
KR_8341450790,200,False,825833,WIN,5,3,2,2,4,1,18,3,0,27893,215568
KR_8340015237,100,False,793460,LOSE,1,5,1,4,0,1,12,1,0,1168539,218836
KR_8340015237,200,True,793460,WIN,7,0,1,2,6,0,12,2,2,976542,96960
KR_8337510946,100,False,1056185,WIN,2,5,2,4,2,2,22,3,0,379232,50168
KR_8337510946,200,True,1056185,LOSE,8,4,1,3,3,3,16,0,2,153073,91892
KR_8354065001,100,True,1092330,LOSE,5,1,1,5,6,2,19,3,1,416696,403380
KR_8354065001,200,False,1092330,WIN,1,4,1,6,3,4,16,0,1,103900,77789
KR_8353670987,100,True,822852,LOSE,5,4,0,4,2,2,8,1,1,101544,54606
KR_8353670987,200,False,822852,WIN,3,3,2,3,3,1,20,2,0,22589,439302
KR_8351159621,100,False,1007236,LOSE,3,1,1,3,6,1,19,3,0,2524,213268
KR_8351159621,200,True,1007236,WIN,0,1,1,2,3,3,24,0,0,250023,299255
KR_8350434417,100,False,962818,LOSE,2,2,2,4,3,2,24,3,0,77096,22458
KR_8350434417,200,True,962818,WIN,3,4,0,4,4,2,61,0,2,272196,101528
KR_8349966094,100,False,800909,LOSE,1,2,0,3,3,1,14,3,1,491801,23738
KR_8349966094,200,True,800909,WIN,2,1,2,2,4,1,10,0,0,44652,18006
KR_8349924925,100,True,679569,WIN,4,1,1,1,5,1,7,3,1,56658,2542
KR_8349924925,200,False,679569,LOSE,0,5,3,2,2,2,5,0,0,132095,40695
KR_8349862048,100,True,880372,LOSE,3,5,2,3,7,4,14,0,1,98850,61380
KR_8349862048,200,False,880372,WIN,2,4,4,7,3,3,18,3,0,1645,124516
KR_8349786794,100,False,742113,LOSE,4,2,4,1,6,1,7,3,1,51420,94833
KR_8349786794,200,True,742113,WIN,1,3,2,6,1,3,9,0,0,9022,58318
KR_8349099886,100,False,793071,WIN,2,0,1,5,3,2,15,0,0,405760,227427
KR_8349099886,200,True,793071,LOSE,3,4,2,2,4,1,14,3,2,41091,1339769
KR_8348635166,100,False,1031258,LOSE,5,5,2,7,5,6,14,0,0,73867,11484
KR_8348635166,200,True,1031258,WIN,8,5,4,5,5,3,22,3,2,96732,4951032
KR_8346352992,100,False,861710,WIN,4,1,1,2,3,3,17,3,0,627699,297768
KR_8346352992,200,True,861710,LOSE,2,1,1,2,3,2,54,0,1,565735,353035
KR_8346320115,100,False,896961,LOSE,0,2,0,1,2,2,15,0,1,5191,2498772
KR_8346320115,200,True,896961,WIN,1,0,0,0,6,1,17,3,1,44042,400026
KR_8345260362,100,False,885517,LOSE,4,1,0,2,1,2,13,0,0,21029,38825
KR_8345260362,200,True,885517,WIN,1,3,0,4,6,5,11,3,2,208157,45654
KR_8345222520,100,True,937696,LOSE,3,3,3,1,5,0,16,3,2,51184,48453
KR_8345222520,200,False,937696,WIN,0,4,2,1,1,3,61,0,0,446115,78678
KR_8345196560,100,False,718349,LOSE,0,1,1,3,2,1,19,0,0,145590,135803
KR_8345196560,200,True,718349,WIN,2,0,0,1,4,0,7,3,0,509731,245434
KR_8345144786,100,True,744865,WIN,3,1,1,1,5,0,10,0,2,160246,5032
KR_8345144786,200,False,744865,LOSE,2,5,0,1,1,2,11,3,0,135742,1778095
KR_8354526533,100,False,1079347,LOSE,3,3,2,7,0,3,25,3,0,713667,24429
KR_8354526533,200,True,1079347,WIN,2,2,1,3,11,0,53,0,2,45669,7950
KR_8353835022,100,True,966553,WIN,1,1,1,1,3,1,17,0,1,6770,145590
KR_8353835022,200,False,966553,LOSE,1,2,0,2,2,3,56,3,1,44042,3549648
KR_8353009304,100,False,777809,LOSE,0,1,0,3,4,1,10,3,0,564006,1915403
KR_8353009304,200,True,777809,WIN,4,0,0,0,0,2,11,0,1,162476,76853
KR_8352977451,100,True,771021,WIN,0,1,0,2,5,4,7,3,1,160854,1967
KR_8352977451,200,False,771021,LOSE,1,1,4,2,5,1,13,0,0,8176,479063
KR_8352922396,100,True,981728,WIN,5,1,5,4,2,0,15,1,1,719598,60533
KR_8352922396,200,False,981728,LOSE,3,3,1,6,1,0,16,2,1,45228,25803
KR_8351389363,100,False,857340,LOSE,2,3,4,4,3,1,12,3,0,59495,213268
KR_8351389363,200,True,857340,WIN,1,2,1,5,4,1,12,0,2,76765,112780
KR_8351135356,100,True,767587,LOSE,1,3,1,3,6,1,10,3,0,155912,24429
KR_8351135356,200,False,767587,WIN,3,2,1,1,7,5,9,0,0,52123,125836
KR_8351014429,100,True,703186,WIN,2,1,0,0,3,2,10,3,0,77096,382432
KR_8351014429,200,False,703186,LOSE,1,1,2,2,2,2,40,0,0,13359,45060
KR_8348559809,100,True,825657,WIN,1,1,0,0,4,0,9,3,0,685439,1479269
KR_8348559809,200,False,825657,LOSE,1,1,0,1,0,1,12,0,1,43757,15008
KR_8348409390,100,False,917752,LOSE,5,2,0,4,2,3,13,1,0,248962,349894
KR_8348409390,200,True,917752,WIN,2,3,5,3,1,0,19,2,1,60820,299255
KR_8354295639,100,True,888607,LOSE,5,3,0,5,6,2,9,1,2,6011,282165
KR_8354295639,200,False,888607,WIN,3,3,4,5,4,3,50,2,0,86714,59413
KR_8354289160,100,True,877989,WIN,3,3,4,3,1,4,13,1,1,16378,64583
KR_8354289160,200,False,877989,LOSE,2,3,2,5,8,4,8,2,1,292686,179844
KR_8353303453,100,False,1011053,LOSE,4,5,1,5,4,2,12,1,0,71915,131016
KR_8353303453,200,True,1011053,WIN,4,5,1,4,5,1,12,2,2,347931,18004
KR_8351762432,100,False,822081,LOSE,2,4,2,3,2,4,11,3,0,2027634,680110
KR_8351762432,200,True,822081,WIN,3,1,1,5,4,1,15,0,1,237582,60533
KR_8346583573,100,False,853994,WIN,2,2,0,1,2,0,11,3,1,179344,7312
KR_8346583573,200,True,853994,LOSE,3,1,0,3,0,1,8,0,1,108658,1650069
KR_8352509026,100,False,879779,WIN,1,2,1,4,6,1,15,2,1,7812,90494
KR_8352509026,200,True,879779,LOSE,1,1,3,6,3,2,20,1,0,27895,108685
KR_8352441167,100,False,909231,LOSE,3,1,0,0,3,2,16,1,0,93066,11929
KR_8352441167,200,True,909231,WIN,1,3,1,2,0,1,12,2,2,158747,91552
KR_8352371292,100,False,727015,WIN,2,0,3,0,2,0,37,3,0,176148,32762
KR_8352371292,200,True,727015,LOSE,0,2,0,4,4,0,8,0,1,93066,672048
KR_8352303359,100,False,943170,WIN,3,0,0,1,1,2,13,2,1,93915,15129
KR_8352303359,200,True,943170,LOSE,1,1,0,3,1,1,11,1,1,598936,167193
KR_8351584036,100,False,791407,WIN,0,1,1,0,1,3,7,3,0,51138,62783
KR_8351584036,200,True,791407,LOSE,2,2,0,0,2,2,15,0,1,66629,131136
KR_8351580041,100,False,1010085,LOSE,1,1,1,3,3,3,19,3,1,32975,1655025
KR_8351580041,200,True,1010085,WIN,4,1,0,0,1,3,19,0,1,68462,2606
KR_8351563367,100,False,922424,LOSE,3,3,1,5,8,3,9,1,2,112403,9849
KR_8351563367,200,True,922424,WIN,4,3,2,4,3,4,18,2,0,327184,299255
KR_8351537901,100,False,691479,LOSE,4,6,0,3,1,2,8,3,0,75823,357747
KR_8351537901,200,True,691479,WIN,3,2,4,2,6,1,5,0,1,60741,1213718
KR_8351537164,100,False,834068,LOSE,5,6,0,3,2,2,41,1,0,209570,34845
KR_8351537164,200,True,834068,WIN,5,4,2,1,1,2,12,2,1,296625,32880
KR_8355036443,100,True,701779,WIN,1,0,2,1,3,0,10,0,1,14156,722307
KR_8355036443,200,False,701779,LOSE,1,1,0,1,0,2,12,3,0,495851,570527
KR_8354997689,100,True,794261,WIN,2,1,0,4,6,1,10,3,1,7997288,7911
KR_8354997689,200,False,794261,LOSE,1,3,2,3,3,2,9,0,0,227095,159434
KR_8354959056,100,False,909298,LOSE,1,5,2,1,2,1,22,0,0,146758,21856
KR_8354959056,200,True,909298,WIN,2,2,1,3,6,0,17,3,2,177930,62747
KR_8354892506,100,False,885312,LOSE,0,5,0,4,2,1,8,1,0,162476,28440
KR_8354892506,200,True,885312,WIN,6,0,1,2,8,1,12,2,1,86992,112780
KR_8346523798,100,True,982613,LOSE,6,5,1,4,4,7,19,0,2,9532,854929
KR_8346523798,200,False,982613,WIN,4,6,4,5,5,3,13,3,0,99573,75413
KR_8346518955,100,True,1073778,LOSE,4,3,5,7,8,1,14,3,3,4945121,645187
KR_8346518955,200,False,1073778,WIN,1,5,2,6,9,3,25,0,0,23698,30777
KR_8345993657,100,True,916401,WIN,1,2,0,3,3,5,14,0,1,13622,5444429
KR_8345993657,200,False,916401,LOSE,0,3,3,2,2,5,12,3,0,53632,1915403
KR_8345744792,100,False,746405,LOSE,2,2,1,2,3,2,9,3,0,31709,39937
KR_8345744792,200,True,746405,WIN,2,3,1,2,5,1,7,0,1,198171,152885
KR_8345712656,100,False,893372,LOSE,1,3,0,3,7,0,18,3,0,548057,259670
KR_8345712656,200,True,893372,WIN,4,3,4,2,0,3,12,0,1,1290390,1778095
KR_8345685853,100,False,890206,LOSE,3,6,4,3,2,4,17,0,1,548057,1778095
KR_8345685853,200,True,890206,WIN,7,4,4,2,2,2,8,3,1,115723,28806
KR_8345651814,100,True,938886,LOSE,0,0,1,1,2,1,13,0,0,64005,526912
KR_8345651814,200,False,938886,WIN,0,1,0,1,0,0,18,3,1,9873,166828
KR_8345639103,100,False,772401,LOSE,0,5,2,1,4,1,24,3,1,422,12753
KR_8345639103,200,True,772401,WIN,4,0,1,3,3,4,14,0,0,35732,104996
KR_8345573078,100,False,920137,WIN,2,4,0,3,6,3,17,2,0,66039,382755
KR_8345573078,200,True,920137,LOSE,3,3,1,1,3,3,11,1,2,102275,75002
KR_8345537872,100,False,929695,LOSE,1,4,0,7,2,5,11,0,0,779634,82213
KR_8345537872,200,True,929695,WIN,6,2,3,1,5,2,14,3,1,63203,102831
KR_8345517923,100,True,800529,LOSE,1,4,1,3,8,0,10,3,2,177930,16829
KR_8345517923,200,False,800529,WIN,7,2,1,3,0,2,10,0,0,29881,1421
KR_8354350063,100,False,1154753,WIN,2,2,1,5,6,2,30,1,1,27305,440032
KR_8354350063,200,True,1154753,LOSE,2,3,0,3,4,1,21,2,1,1082604,391180
KR_8353893196,100,True,741469,LOSE,4,4,2,2,2,1,10,2,0,19268,20313
KR_8353893196,200,False,741469,WIN,3,2,0,3,1,2,39,1,1,584216,41166
KR_8353678963,100,False,908344,LOSE,2,0,1,2,1,0,16,3,0,1828546,55799
KR_8353678963,200,True,908344,WIN,1,0,1,2,1,1,12,0,2,164050,6046
KR_8353478644,100,True,806207,WIN,5,3,1,0,2,1,42,3,1,84230,88518
KR_8353478644,200,False,806207,LOSE,2,5,2,3,1,1,22,0,0,19268,13584
KR_8353277128,100,False,1038065,WIN,3,1,2,3,3,0,47,3,0,10246,59413
KR_8353277128,200,True,1038065,LOSE,2,4,0,4,4,0,17,0,2,303451,10348
KR_8353251361,100,True,984039,WIN,3,3,1,2,7,2,17,2,2,303451,32338
KR_8353251361,200,False,984039,LOSE,3,2,1,1,4,2,25,1,0,138561,672048
KR_8352893723,100,False,972579,WIN,0,2,0,2,0,2,16,0,0,360999,541972
KR_8352893723,200,True,972579,LOSE,2,0,1,0,3,0,19,3,2,94488,207542
KR_8352540843,100,True,732232,LOSE,2,5,3,2,1,1,12,2,0,128837,4091
KR_8352540843,200,False,732232,WIN,6,2,2,3,0,0,7,1,1,487570,25201
KR_8352457613,100,True,936304,LOSE,1,2,1,2,2,1,15,3,1,121529,6003201
KR_8352457613,200,False,936304,WIN,5,1,0,4,3,1,16,0,1,59387,98891
KR_8348519320,100,True,890177,LOSE,2,2,1,3,4,2,16,0,0,227095,299255
KR_8348519320,200,False,890177,WIN,2,1,0,5,3,2,14,3,0,959551,69495
KR_8348485218,100,True,824001,WIN,4,2,3,3,2,1,12,0,2,44016,3216661
KR_8348485218,200,False,824001,LOSE,3,3,0,3,2,1,13,3,0,107847,468947
KR_8348389111,100,True,981322,WIN,4,1,4,2,6,0,15,1,1,60664,778394
KR_8348389111,200,False,981322,LOSE,3,5,0,7,1,3,21,2,1,146231,245434
KR_8347135298,100,False,887974,LOSE,2,4,1,2,2,2,29,3,0,76645,7906
KR_8347135298,200,True,887974,WIN,2,2,0,2,5,0,51,0,2,63920,374806
KR_8347068005,100,False,707639,LOSE,3,4,1,3,1,1,5,3,0,67925,486275
KR_8347068005,200,True,707639,WIN,6,1,0,2,2,1,37,0,1,685439,108613
KR_8354947031,100,False,955407,LOSE,0,2,1,1,6,2,19,3,1,44042,76853
KR_8354947031,200,True,955407,WIN,3,1,3,2,2,1,16,0,0,13148,300304
KR_8354885124,100,False,874059,LOSE,1,2,1,1,5,3,14,0,0,194277,1479269
KR_8354885124,200,True,874059,WIN,1,2,1,1,9,1,13,3,2,147728,61447
KR_8353516190,100,True,1152324,WIN,3,2,1,3,4,2,30,0,1,719404,179089
KR_8353516190,200,False,1152324,LOSE,2,5,0,3,4,2,25,3,0,201051,204802
KR_8353458540,100,False,1007736,WIN,2,2,2,1,1,4,18,0,2,57309,87559
KR_8353458540,200,True,1007736,LOSE,1,2,0,2,9,1,24,3,0,34463,117988
KR_8349831266,100,True,937367,LOSE,5,1,2,2,0,1,14,3,1,69650,102242
KR_8349831266,200,False,937367,WIN,2,5,1,2,3,1,14,0,1,37548,95393
KR_8349288563,100,True,818357,WIN,6,0,1,2,4,1,12,0,1,16001,17999
KR_8349288563,200,False,818357,LOSE,2,5,2,5,2,3,8,3,0,384029,1266186
KR_8349202299,100,True,931708,WIN,3,2,0,0,3,0,13,0,2,8293,42511
KR_8349202299,200,False,931708,LOSE,1,1,1,0,1,1,19,3,0,403380,299839
KR_8349155080,100,False,891395,LOSE,1,3,2,5,2,1,15,3,0,2981,55510
KR_8349155080,200,True,891395,WIN,6,2,1,3,2,0,16,0,1,194702,102084
KR_8348903165,100,True,1029013,WIN,5,1,3,3,4,3,21,3,1,9075,62540
KR_8348903165,200,False,1029013,LOSE,1,5,2,6,0,5,23,0,0,171760,439302
KR_8348878008,100,False,804718,LOSE,1,3,2,6,2,2,14,3,0,1184468,14285
KR_8348878008,200,True,804718,WIN,5,2,0,3,2,1,11,0,1,74846,152885
KR_8348223628,100,True,715904,WIN,3,0,1,0,4,0,7,3,1,1391375,52358
KR_8348223628,200,False,715904,LOSE,0,3,0,1,1,4,39,0,0,185222,374806
KR_8355076062,100,True,586474,WIN,2,0,1,0,3,0,4,0,1,551436,43200
KR_8355076062,200,False,586474,LOSE,0,3,0,3,1,1,7,3,0,4367,131781
KR_8353231650,100,True,855172,WIN,4,0,0,1,5,0,47,1,0,494714,460913
KR_8353231650,200,False,855172,LOSE,2,4,1,3,2,3,17,2,0,879617,227427
KR_8351259190,100,True,870482,WIN,5,1,1,3,1,1,15,3,1,154062,54879
KR_8351259190,200,False,870482,LOSE,1,1,1,4,4,2,11,0,1,223653,59651
KR_8349925380,100,True,781815,WIN,5,1,1,1,5,0,13,3,0,494714,135372
KR_8349925380,200,False,781815,LOSE,0,4,1,4,1,3,9,0,1,140860,52636
KR_8349538039,100,True,961223,WIN,1,3,3,2,6,3,12,3,1,442397,18836
KR_8349538039,200,False,961223,LOSE,3,4,1,3,4,4,17,0,1,51563,16978
KR_8347519938,100,False,837695,LOSE,3,3,1,2,2,2,11,1,1,742841,694055
KR_8347519938,200,True,837695,WIN,4,0,0,3,6,0,10,2,1,494714,551062
KR_8346896230,100,True,758759,WIN,4,3,3,2,2,1,12,1,1,198171,91126
KR_8346896230,200,False,758759,LOSE,4,2,2,4,0,2,6,2,0,494714,34823
KR_8342389057,100,True,994139,WIN,6,1,1,2,5,1,15,2,1,118200,307808
KR_8342389057,200,False,994139,LOSE,2,3,0,4,1,4,33,1,0,62405,9759
KR_8340801758,100,False,909220,LOSE,0,4,1,4,1,1,14,2,0,17403,141537
KR_8340801758,200,True,909220,WIN,5,2,1,2,3,3,16,1,2,137290,104180
KR_8339519609,100,False,849759,LOSE,7,6,0,7,1,4,9,0,1,883980,40463
KR_8339519609,200,True,849759,WIN,10,3,0,7,6,0,45,3,0,494714,1620
KR_8337101698,100,True,860424,LOSE,0,3,1,4,4,0,11,3,0,311510,70100
KR_8337101698,200,False,860424,WIN,6,2,0,1,0,2,47,0,1,89861,59901
KR_8351278765,100,False,1037260,WIN,1,5,0,5,10,5,21,3,1,10631,30153
KR_8351278765,200,True,1037260,LOSE,7,2,4,2,8,2,20,0,0,1168539,28367
KR_8350694964,100,False,895391,LOSE,2,2,1,3,3,1,13,1,0,158597,55369
KR_8350694964,200,True,895391,WIN,2,2,0,2,3,2,53,2,1,360999,45060
KR_8350643475,100,True,683653,LOSE,3,5,2,1,3,0,4,0,0,34768,21794
KR_8350643475,200,False,683653,WIN,5,2,0,3,2,1,8,2,0,1077,3483
KR_8349801641,100,True,799935,WIN,3,3,1,3,4,5,13,0,0,262237,13913
KR_8349801641,200,False,799935,LOSE,2,3,2,5,6,2,13,3,1,3844,46345
KR_8349285227,100,False,1098521,LOSE,3,3,2,5,1,5,20,0,0,14919,187764
KR_8349285227,200,True,1098521,WIN,3,3,1,1,9,1,24,3,2,1698453,166828
KR_8349216789,100,False,796103,LOSE,1,3,3,2,1,1,13,0,0,54057,39198
KR_8349216789,200,True,796103,WIN,2,1,0,3,3,0,47,3,2,8603,265688
KR_8349125167,100,False,1007092,LOSE,3,0,0,1,0,3,20,3,0,1698453,417853
KR_8349125167,200,True,1007092,WIN,0,3,0,0,6,0,20,0,2,1271,9107
KR_8346668347,100,True,444922,WIN,3,0,2,0,1,2,2,0,1,148643,383580
KR_8346668347,200,False,444922,LOSE,1,3,0,2,2,3,18,0,0,61301,24031
KR_8346634723,100,True,824529,WIN,4,5,3,3,8,2,18,3,1,128705,95491
KR_8346634723,200,False,824529,LOSE,5,3,5,3,2,5,15,0,0,7094,299255
KR_8345962492,100,False,743442,LOSE,3,4,1,3,5,3,8,3,0,174997,5298
KR_8345962492,200,True,743442,WIN,6,2,4,2,1,4,13,0,0,148643,4912
KR_8345883146,100,True,854591,LOSE,1,2,0,2,2,1,16,3,0,48179,48233
KR_8345883146,200,False,854591,WIN,3,2,1,2,3,0,13,0,1,580580,2536
KR_8354677604,100,True,726451,WIN,0,1,3,1,6,1,38,3,1,240486,88518
KR_8354677604,200,False,726451,LOSE,1,3,2,4,1,6,10,0,0,157442,100500
KR_8353822269,100,True,777661,LOSE,1,6,1,0,5,0,46,3,0,1540,171436
KR_8353822269,200,False,777661,WIN,4,2,0,1,2,2,10,0,1,144785,135388
KR_8352497288,100,True,846915,WIN,6,1,1,4,0,1,13,3,0,1557498,140948
KR_8352497288,200,False,846915,LOSE,3,4,1,1,3,2,10,0,2,90365,316523
KR_8350440540,100,False,863790,LOSE,4,5,0,4,2,2,7,0,0,137771,26129
KR_8350440540,200,True,863790,WIN,4,2,3,2,5,1,44,3,1,608411,59413
KR_8346971391,100,False,794753,LOSE,3,3,0,5,7,2,7,3,0,70264,122563
KR_8346971391,200,True,794753,WIN,3,4,2,5,3,1,39,0,1,147728,35768
KR_8346904726,100,False,930640,LOSE,2,4,0,3,5,2,19,3,0,742841,242297
KR_8346904726,200,True,930640,WIN,2,2,0,2,6,1,47,0,2,27417,82783
KR_8345722773,100,False,776237,LOSE,2,6,1,8,1,3,9,3,0,187138,20922
KR_8345722773,200,True,776237,WIN,5,1,6,0,1,4,9,0,0,144722,335018
KR_8344483605,100,True,897498,LOSE,2,1,2,2,7,1,19,1,1,26125,566495
KR_8344483605,200,False,897498,WIN,2,4,1,3,4,1,19,2,0,131109,74517
KR_8341380206,100,False,562776,LOSE,2,2,0,1,1,2,2,1,0,17364,9386
KR_8341380206,200,True,562776,WIN,2,2,1,1,3,0,28,2,0,50045,6661
KR_8338275750,100,False,701364,LOSE,2,3,1,4,0,2,5,3,0,126369,32243
KR_8338275750,200,True,701364,WIN,5,3,2,0,2,1,6,0,1,62070,393268
KR_8337294048,100,True,651123,WIN,4,0,2,1,1,1,11,2,1,211606,21000
KR_8337294048,200,False,651123,LOSE,0,5,4,2,0,3,2,1,0,1290390,165068
KR_8354756400,100,True,592806,WIN,0,1,3,2,4,2,6,0,0,317965,204284
KR_8354756400,200,False,592806,LOSE,1,2,2,5,4,1,5,3,0,176544,285319
KR_8354561900,100,False,842342,LOSE,3,5,1,5,0,4,13,0,0,33158,349894
KR_8354561900,200,True,842342,WIN,2,2,1,2,8,0,13,3,2,24524,557877
KR_8354419612,100,False,854059,LOSE,0,2,1,2,1,4,57,0,0,335739,98005
KR_8354419612,200,True,854059,WIN,3,0,0,1,1,1,16,3,2,32011,474151
KR_8353802678,100,True,789063,WIN,4,2,3,1,2,0,13,3,1,20952,62977
KR_8353802678,200,False,789063,LOSE,3,1,0,5,0,2,9,0,0,171271,46345
KR_8352312523,100,True,558286,WIN,5,2,3,1,2,3,2,0,0,62342,213268
KR_8352312523,200,False,558286,LOSE,1,4,1,4,5,2,27,3,0,25126,43629
KR_8352204306,100,False,941030,LOSE,4,4,3,2,2,1,13,3,1,71125,150587
KR_8352204306,200,True,941030,WIN,3,4,0,3,6,2,10,0,0,2418863,152885
KR_8352123355,100,True,1012319,LOSE,0,3,3,6,6,3,13,0,1,303451,62783
KR_8352123355,200,False,1012319,WIN,3,4,2,3,2,3,22,3,1,32011,5500452
KR_8343739718,100,True,781444,WIN,2,3,0,2,2,3,16,0,0,87894,87081
KR_8343739718,200,False,781444,LOSE,4,2,1,0,4,1,7,3,1,627699,75002
KR_8343708634,100,True,780369,LOSE,6,6,0,4,1,3,10,2,0,627699,40144
KR_8343708634,200,False,780369,WIN,3,5,5,4,4,1,8,1,1,28803,7775
KR_8343628264,100,False,524430,LOSE,1,4,0,4,2,2,25,3,0,185580,104932
KR_8343628264,200,True,524430,WIN,6,0,1,1,1,0,4,0,1,50045,490804
KR_8343563281,100,False,860108,WIN,2,1,1,2,2,3,12,1,0,55487,157699
KR_8343563281,200,True,860108,LOSE,2,4,0,1,2,0,14,2,1,50045,298843
KR_8343462839,100,True,960694,LOSE,2,0,1,0,3,2,16,3,2,296625,1442383
KR_8343462839,200,False,960694,WIN,1,1,0,1,0,6,61,0,0,22878,585069
KR_8343373324,100,False,936296,LOSE,2,4,0,4,4,5,18,0,0,16099,49801
KR_8343373324,200,True,936296,WIN,6,3,2,5,3,1,16,3,1,1168539,6958
KR_8343005544,100,False,940857,LOSE,1,3,0,4,1,5,16,1,0,168387,124516
KR_8343005544,200,True,940857,WIN,5,2,2,4,8,2,22,2,2,87921,357671
KR_8342226354,100,False,1155014,LOSE,3,3,1,3,3,2,21,3,1,360999,143966
KR_8342226354,200,True,1155014,WIN,6,1,0,3,7,2,27,0,2,27917,12200
KR_8342197961,100,True,659812,LOSE,0,4,0,6,3,0,6,3,0,296625,114411
KR_8342197961,200,False,659812,WIN,5,1,1,1,5,1,6,0,1,50045,23961
KR_8342194854,100,False,639923,LOSE,1,6,0,6,3,2,6,3,0,12499,729819
KR_8342194854,200,True,639923,WIN,6,2,1,3,5,1,5,0,1,87931,20468
KR_8350294917,100,True,855684,LOSE,1,1,1,2,3,1,12,3,0,19093,40542
KR_8350294917,200,False,855684,WIN,2,1,3,1,0,0,13,0,2,168862,516013
KR_8350256998,100,False,961071,WIN,1,3,1,2,4,2,14,3,0,285688,204284
KR_8350256998,200,True,961071,LOSE,3,1,0,1,3,2,60,0,1,64914,1016029
KR_8347519127,100,False,621606,LOSE,0,2,1,3,2,0,5,3,0,1082604,151766
KR_8347519127,200,True,621606,WIN,2,0,1,1,0,1,8,0,1,30858,35867
KR_8347424401,100,False,1076839,LOSE,4,3,1,6,2,4,23,0,1,8896,333929
KR_8347424401,200,True,1076839,WIN,4,1,2,3,9,3,17,3,1,154405,183439
KR_8346769180,100,False,1040220,WIN,1,2,1,1,6,3,13,3,1,70926,263932
KR_8346769180,200,True,1040220,LOSE,5,4,0,2,4,2,16,0,1,594507,348718
KR_8345221827,100,True,681397,LOSE,0,4,0,3,4,0,10,3,0,256839,322605
KR_8345221827,200,False,681397,WIN,7,2,0,1,1,0,7,0,1,252131,152885
KR_8344367612,100,False,915954,LOSE,2,5,0,5,9,3,14,3,1,160514,87581
KR_8344367612,200,True,915954,WIN,3,3,0,4,7,3,10,0,1,22589,3881
KR_8344244017,100,False,1113203,WIN,5,5,0,6,6,2,22,1,0,22898,52401
KR_8344244017,200,True,1113203,LOSE,10,4,0,9,3,2,12,2,3,3847942,33133
KR_8344093170,100,True,737731,LOSE,0,4,1,2,3,0,5,1,1,24524,39896
KR_8344093170,200,False,737731,WIN,4,2,2,2,1,2,9,2,0,904773,835029
KR_8343690585,100,False,918193,WIN,1,0,4,4,0,2,19,3,1,1082528,48550
KR_8343690585,200,True,918193,LOSE,0,1,0,2,5,1,16,0,1,682077,400026
KR_8343640127,100,True,642715,LOSE,1,2,1,0,2,0,4,2,0,1290390,196215
KR_8343640127,200,False,642715,WIN,1,0,1,1,0,3,2,1,1,30531,42937
KR_8343583734,100,True,816641,WIN,4,2,1,2,7,2,14,0,1,9310,297152
KR_8343583734,200,False,816641,LOSE,2,4,0,4,4,2,14,3,0,27205,507765
KR_8355078914,100,False,774478,LOSE,0,3,1,2,1,2,12,0,0,14156,270385
KR_8355078914,200,True,774478,WIN,2,1,1,1,3,0,12,3,2,1168539,1746650
KR_8353957564,100,False,1012087,LOSE,1,6,0,3,7,3,21,0,1,1183814,265853
KR_8353957564,200,True,1012087,WIN,2,1,2,3,4,3,20,3,0,1168539,298093
KR_8353452394,100,False,676482,WIN,2,1,3,2,3,1,5,1,1,137771,28878
KR_8353452394,200,True,676482,LOSE,2,3,0,3,0,2,5,2,0,1168539,8648
KR_8353403020,100,False,1054560,LOSE,2,4,2,4,5,1,22,0,0,573929,45654
KR_8353403020,200,True,1054560,WIN,6,5,1,1,2,3,14,3,3,96033,55785
KR_8349704996,100,True,853454,WIN,3,0,1,1,4,0,46,1,1,1168539,338269
KR_8349704996,200,False,853454,LOSE,0,2,0,0,1,3,15,2,0,356,299255
KR_8340893441,100,False,937250,WIN,4,2,2,4,2,4,16,1,0,74617,288656
KR_8340893441,200,True,937250,LOSE,1,2,3,4,7,2,55,2,2,13286,20768
KR_8338320488,100,True,768607,LOSE,0,2,1,1,7,2,15,2,0,310002,166828
KR_8338320488,200,False,768607,WIN,2,1,0,3,6,2,7,1,1,42744,103888
KR_8346429333,100,True,860843,WIN,2,1,2,2,6,0,44,3,1,12852,82783
KR_8346429333,200,False,860843,LOSE,1,4,1,2,1,2,16,0,1,92961,87815
KR_8346404476,100,True,867086,LOSE,0,2,0,2,4,1,12,3,0,168158,40695
KR_8346404476,200,False,867086,WIN,1,1,2,1,3,3,46,0,0,594507,2702
KR_8346385307,100,True,907892,WIN,1,4,1,1,4,0,53,3,1,52761,23466
KR_8346385307,200,False,907892,LOSE,0,1,1,3,3,4,15,0,1,243828,111235
KR_8355240590,100,True,1009377,WIN,1,4,0,3,3,1,11,1,2,1711429,2442
KR_8355240590,200,False,1009377,LOSE,5,0,0,2,2,7,24,2,0,104805,228915
KR_8347141346,100,True,872116,LOSE,5,2,1,1,7,1,10,3,0,198171,36447
KR_8347141346,200,False,872116,WIN,0,4,1,4,5,4,9,0,0,959551,11435
KR_8347081266,100,False,767663,LOSE,2,2,2,2,3,3,12,0,1,233669,61447
KR_8347081266,200,True,767663,WIN,6,3,1,2,0,1,14,3,0,164566,460427
KR_8347037080,100,False,778581,LOSE,5,3,2,2,2,4,12,0,0,397002,106071
KR_8347037080,200,True,778581,WIN,2,5,3,3,3,1,46,3,1,58376,374806
KR_8346202832,100,True,727973,WIN,6,0,1,1,1,0,8,3,1,33456,121389
KR_8346202832,200,False,727973,LOSE,1,3,0,3,0,3,10,0,0,168158,215875
KR_8345085682,100,False,861051,LOSE,6,7,3,3,2,2,17,0,0,1002862,29871
KR_8345085682,200,True,861051,WIN,9,4,1,6,4,2,11,3,2,5290,58318
KR_8341083225,100,True,642921,WIN,3,0,1,1,3,1,5,3,0,30531,622934
KR_8341083225,200,False,642921,LOSE,0,2,0,4,1,2,6,0,1,163655,38258
KR_8341049099,100,False,563842,LOSE,0,4,0,3,1,0,3,3,0,860605,2498772
KR_8341049099,200,True,563842,WIN,5,1,0,0,2,0,3,0,1,264327,103888
KR_8340993184,100,False,855500,LOSE,2,4,0,2,1,1,10,1,0,2176,16268
KR_8340993184,200,True,855500,WIN,1,2,0,0,6,1,25,2,1,133963,2569
KR_8339901165,100,True,921394,WIN,2,0,0,4,4,1,18,2,1,122738,124954
KR_8339901165,200,False,921394,LOSE,2,3,0,2,3,1,13,1,1,357318,4116
KR_8338887061,100,True,830058,WIN,3,4,3,0,3,2,46,0,1,22549,46631
KR_8338887061,200,False,830058,LOSE,0,3,6,7,2,2,10,3,0,357318,38635
KR_8353229954,100,False,773556,LOSE,3,4,0,3,0,2,15,3,0,3238,76878
KR_8353229954,200,True,773556,WIN,5,1,2,2,4,1,12,0,2,46212,82378
KR_8352984556,100,False,834430,LOSE,1,3,0,2,1,1,6,0,1,285688,4683
KR_8352984556,200,True,834430,WIN,1,0,1,2,4,0,20,3,1,140095,256502
KR_8352973050,100,False,815714,LOSE,0,3,0,2,0,1,10,3,0,564006,713117
KR_8352973050,200,True,815714,WIN,5,0,0,0,1,1,13,0,2,8310,1587305
KR_8351864144,100,False,961087,WIN,5,2,2,3,6,4,23,3,0,41062,96699
KR_8351864144,200,True,961087,LOSE,1,5,3,6,6,4,18,0,2,184504,288656
KR_8351361805,100,False,829287,LOSE,1,7,0,5,9,4,11,1,0,272196,6003201
KR_8351361805,200,True,829287,WIN,3,4,6,3,9,2,14,2,2,393362,95491
KR_8349913178,100,True,915310,WIN,5,4,1,2,4,1,12,0,1,37408,1016489
KR_8349913178,200,False,915310,LOSE,2,4,1,1,4,2,52,3,1,67922,12349
KR_8337986107,100,True,717056,LOSE,0,3,0,3,4,0,30,3,0,426005,2653
KR_8337986107,200,False,717056,WIN,2,1,0,2,3,2,7,0,1,346175,119976
KR_8354112227,100,False,645222,LOSE,4,4,0,2,2,1,4,0,0,36310,722307
KR_8354112227,200,True,645222,WIN,4,3,1,1,3,1,11,3,1,317965,32639
KR_8354090398,100,False,907816,LOSE,3,0,0,3,1,2,11,0,0,158740,24919
KR_8354090398,200,True,907816,WIN,2,2,1,1,3,0,22,3,2,280055,20180
KR_8354059575,100,False,828386,LOSE,1,4,1,0,1,0,13,2,0,9875,1479269
KR_8354059575,200,True,828386,WIN,3,2,2,0,1,0,12,1,2,35423,61380
KR_8355201704,100,True,803727,WIN,0,1,1,2,7,2,6,3,0,590136,6958
KR_8355201704,200,False,803727,LOSE,3,2,0,4,0,3,10,0,1,584216,78391
KR_8355194275,100,False,820809,LOSE,1,4,0,2,3,3,9,1,0,87604,330040
KR_8355194275,200,True,820809,WIN,5,0,1,1,2,1,15,2,2,584216,371892
KR_8355172048,100,False,834980,LOSE,3,5,2,6,0,5,13,2,0,7990,208101
KR_8355172048,200,True,834980,WIN,6,1,6,4,4,4,17,1,1,265260,130574
KR_8355147133,100,False,651248,LOSE,2,6,1,8,3,3,5,0,0,128888,65725
KR_8355147133,200,True,651248,WIN,9,3,7,3,4,0,7,3,1,115271,18432
KR_8355120141,100,False,916626,LOSE,2,2,2,1,7,1,18,1,0,84645,6003201
KR_8355120141,200,True,916626,WIN,2,5,0,3,1,3,18,2,1,102275,424355
KR_8354364265,100,True,905660,WIN,5,2,0,5,1,4,18,0,0,115271,62020
KR_8354364265,200,False,905660,LOSE,0,5,3,2,5,0,13,3,2,1828546,413232
KR_8354339357,100,True,820905,WIN,5,3,3,3,4,3,12,3,0,24524,4334117
KR_8354339357,200,False,820905,LOSE,0,5,1,5,4,2,14,0,1,18391,8445
KR_8354022583,100,False,833980,LOSE,1,5,0,2,0,3,13,0,0,35619,87747
KR_8354022583,200,True,833980,WIN,5,1,1,0,7,0,16,3,1,37395,607978
KR_8353986966,100,True,865514,WIN,3,3,0,4,4,2,10,2,0,216859,87747
KR_8353986966,200,False,865514,LOSE,1,1,3,2,5,2,14,1,1,6465,75002
KR_8354367672,100,True,915802,WIN,5,1,2,2,3,2,19,0,0,326901,271165
KR_8354367672,200,False,915802,LOSE,5,3,0,1,5,4,16,3,1,237739,61380
KR_8351039891,100,True,909032,WIN,4,3,1,4,3,1,23,1,1,482642,236965
KR_8351039891,200,False,909032,LOSE,2,3,3,4,3,1,16,2,1,107847,60533
KR_8348405852,100,True,793011,WIN,1,1,2,2,3,3,12,3,2,60979,2498772
KR_8348405852,200,False,793011,LOSE,1,4,1,2,3,1,43,0,0,91280,511752
KR_8353409634,100,False,1131595,LOSE,3,5,3,4,2,5,29,1,2,11440,20795
KR_8353409634,200,True,1131595,WIN,2,3,1,3,8,4,18,2,0,14668,34071
KR_8353370566,100,False,935701,WIN,1,4,0,2,2,1,19,3,0,50447,166828
KR_8353370566,200,True,935701,LOSE,1,0,0,3,1,1,18,0,2,1698453,324990
KR_8353346017,100,True,873000,WIN,1,0,0,3,6,3,12,0,0,1698453,6003201
KR_8353346017,200,False,873000,LOSE,0,3,0,3,3,2,19,3,2,30806,45165
KR_8354101594,100,False,804558,LOSE,3,5,1,4,1,3,11,0,0,348286,683901
KR_8354101594,200,True,804558,WIN,5,4,1,1,4,1,14,3,2,57921,184843
KR_8352933308,100,True,829683,WIN,2,2,0,3,6,0,11,0,1,285688,858554
KR_8352933308,200,False,829683,LOSE,2,3,0,3,1,3,14,3,0,55019,236965
KR_8347512451,100,True,1005292,LOSE,3,3,0,3,9,4,59,0,2,101048,203233
KR_8347512451,200,False,1005292,WIN,4,2,2,4,6,4,25,3,0,585996,858554
KR_8347492256,100,True,1018825,WIN,5,4,3,2,4,4,18,3,0,380735,858554
KR_8347492256,200,False,1018825,LOSE,3,3,4,5,4,4,18,0,2,1082604,151766
KR_8347476314,100,True,860942,WIN,4,3,1,2,3,1,20,1,1,343568,858554
KR_8347476314,200,False,860942,LOSE,4,4,1,2,0,4,13,1,0,18706,349894
KR_8347440129,100,False,932454,LOSE,0,4,1,3,6,1,19,3,1,12327,858554
KR_8347440129,200,True,932454,WIN,1,2,1,1,4,2,56,0,0,130583,36663
KR_8346408404,100,False,940517,WIN,6,2,1,0,5,4,19,0,1,114856,166828
KR_8346408404,200,True,940517,LOSE,2,6,0,3,8,3,16,3,1,17242,190342
KR_8354013684,100,False,932767,WIN,5,2,1,0,7,5,19,3,0,61750,1479269
KR_8354013684,200,True,932767,LOSE,1,5,1,3,5,5,17,0,2,27715,92883
KR_8352977711,100,False,855459,LOSE,1,5,0,2,0,3,13,2,0,30520,33601
KR_8352977711,200,True,855459,WIN,4,0,1,2,6,0,14,1,1,196630,23437
KR_8347478697,100,True,800434,LOSE,0,2,1,2,0,4,10,3,0,140860,29828
KR_8347478697,200,False,800434,WIN,1,0,3,1,3,2,45,0,0,352758,3793359
KR_8339216862,100,False,912597,LOSE,5,5,1,5,6,0,37,2,0,115313,39437
KR_8339216862,200,True,912597,WIN,4,3,3,2,4,2,16,1,1,79338,858554
KR_8339199914,100,False,715543,LOSE,1,4,0,2,2,1,31,3,0,26082,82783
KR_8339199914,200,True,715543,WIN,2,1,2,0,4,1,8,0,0,69718,413222
KR_8339177802,100,False,854297,LOSE,1,6,0,4,2,3,9,3,0,131109,28367
KR_8339177802,200,True,854297,WIN,8,1,3,1,4,0,9,0,2,1557498,5513
KR_8339167254,100,True,850245,WIN,5,3,0,1,7,1,51,0,1,385612,511752
KR_8339167254,200,False,850245,LOSE,1,4,1,5,4,1,15,3,0,55487,256502
KR_8338349405,100,False,1133057,WIN,3,2,2,3,3,3,18,0,1,399695,13670
KR_8338349405,200,True,1133057,LOSE,4,2,0,3,9,1,37,3,2,9598,87081
KR_8338321334,100,False,985522,LOSE,7,5,3,8,4,2,19,3,0,332286,317588
KR_8338321334,200,True,985522,WIN,6,4,5,5,7,3,20,0,2,43093,4866
KR_8338294564,100,False,706745,LOSE,1,3,3,1,4,1,11,0,0,68003,89465
KR_8338294564,200,True,706745,WIN,4,2,0,2,3,2,15,3,1,63203,253064
KR_8338270930,100,False,991944,LOSE,5,4,1,0,3,4,14,3,2,3773850,636
KR_8338270930,200,True,991944,WIN,1,2,0,4,4,2,20,0,0,68003,59525
KR_8351470449,100,False,856704,LOSE,1,4,0,5,3,0,11,3,0,46548,2595
KR_8351470449,200,True,856704,WIN,4,0,3,2,1,0,12,0,2,196630,31128
KR_8351429028,100,False,1005609,LOSE,4,5,1,1,0,4,18,1,0,8844,114136
KR_8351429028,200,True,1005609,WIN,2,3,2,3,2,0,17,2,2,15396,72109
KR_8351313052,100,False,867586,LOSE,5,7,3,7,2,1,7,1,1,153080,60533
KR_8351313052,200,True,867586,WIN,4,5,7,2,7,1,13,2,1,157202,1293136
KR_8351250372,100,True,868211,WIN,7,0,1,3,5,1,13,1,2,1424968,6003201
KR_8351250372,200,False,868211,LOSE,2,3,2,9,0,2,11,2,0,46548,20371
KR_8350744956,100,True,679509,WIN,7,1,7,1,4,1,7,3,1,61232,516013
KR_8350744956,200,False,679509,LOSE,0,5,1,7,3,3,3,0,0,93667,18646
KR_8338605372,100,True,706564,WIN,2,1,1,1,3,1,11,3,0,71185,55204
KR_8338605372,200,False,706564,LOSE,0,1,3,2,2,1,7,0,1,171095,42029
KR_8338570108,100,True,884390,WIN,7,1,0,1,3,1,15,3,2,594136,187764
KR_8338570108,200,False,884390,LOSE,1,5,1,4,2,1,17,0,0,44016,14974
KR_8338486174,100,False,1015120,LOSE,2,3,0,5,1,1,20,0,0,171095,186959
KR_8338486174,200,True,1015120,WIN,5,1,1,0,2,2,22,3,2,1199269,321243
KR_8337381295,100,False,1153718,LOSE,1,0,2,5,3,4,19,3,0,5670449,44274
KR_8337381295,200,True,1153718,WIN,6,1,1,2,4,1,64,0,2,171095,5537
KR_8337347874,100,False,982096,LOSE,2,4,0,9,5,4,14,2,0,796136,187764
KR_8337347874,200,True,982096,WIN,10,2,1,1,1,4,17,1,1,171095,39874
KR_8337322326,100,False,785482,WIN,1,1,5,4,2,2,9,2,1,379232,83211
KR_8337322326,200,True,785482,LOSE,0,2,1,3,6,3,9,1,0,70926,10458
KR_8337275244,100,False,828951,WIN,1,1,1,3,3,1,11,3,1,29281,187764
KR_8337275244,200,True,828951,LOSE,2,1,0,0,3,2,8,0,0,36437,227428
KR_8337266056,100,True,839477,WIN,2,0,2,1,3,1,14,3,0,99672,55162
KR_8337266056,200,False,839477,LOSE,1,0,1,4,4,3,7,0,1,121402,37427
KR_8337219779,100,True,775765,WIN,5,2,0,1,3,2,16,3,0,14243,644615
KR_8337219779,200,False,775765,LOSE,1,4,1,3,0,1,13,0,2,742841,151161
KR_8337205295,100,True,895526,WIN,3,1,3,0,3,1,45,3,1,60125,55611
KR_8337205295,200,False,895526,LOSE,3,3,1,4,0,5,13,0,0,171095,19641
KR_8337189154,100,True,699920,LOSE,3,2,3,1,2,1,8,0,1,171095,722307
KR_8337189154,200,False,699920,WIN,3,2,0,3,1,3,11,3,0,245503,190207
KR_8337142564,100,False,886026,LOSE,2,4,3,5,1,2,14,0,1,301220,1016489
KR_8337142564,200,True,886026,WIN,4,1,0,2,6,2,61,3,1,138729,25907
KR_8337128127,100,True,759701,LOSE,1,4,0,4,1,2,23,3,0,171095,41029
KR_8337128127,200,False,759701,WIN,3,1,0,2,5,0,8,0,2,81005,61121
KR_8354139335,100,False,677662,LOSE,1,3,0,2,1,1,10,3,0,174997,189829
KR_8354139335,200,True,677662,WIN,3,3,1,0,2,0,38,0,1,28383,114202
KR_8354128468,100,False,857693,LOSE,3,5,1,5,3,2,11,3,0,584216,468947
KR_8354128468,200,True,857693,WIN,7,3,1,1,2,3,12,0,2,174997,2867
KR_8354118374,100,False,817640,LOSE,1,5,0,3,4,3,9,0,0,93277,6401
KR_8354118374,200,True,817640,WIN,3,3,1,1,6,1,13,3,1,1557498,95065
KR_8354100323,100,False,766207,WIN,4,0,1,3,2,4,14,0,1,303451,95065
KR_8354100323,200,True,766207,LOSE,2,3,2,2,5,2,8,3,0,84457,213129
KR_8353442933,100,True,833115,WIN,3,2,2,4,5,2,14,3,0,19297,46321
KR_8353442933,200,False,833115,LOSE,5,2,0,5,3,0,11,0,1,11440,147605
KR_8353005855,100,False,909546,LOSE,5,2,1,6,1,4,15,3,0,7997288,55045
KR_8353005855,200,True,909546,WIN,4,3,2,2,9,3,13,0,1,11440,19972
KR_8352893487,100,True,1038713,LOSE,2,5,2,5,6,4,18,1,0,85609,95065
KR_8352893487,200,False,1038713,WIN,7,3,1,5,5,3,15,2,1,504161,364233
KR_8352854399,100,True,853953,LOSE,4,2,0,2,1,1,13,3,0,669675,713117
KR_8352854399,200,False,853953,WIN,1,4,0,2,4,0,51,0,1,33177,28125
KR_8350647440,100,True,849862,WIN,6,2,1,4,5,2,12,3,0,162684,9239
KR_8350647440,200,False,849862,LOSE,0,2,1,4,5,2,16,0,1,33663,22485
KR_8353825673,100,False,851635,LOSE,2,3,0,3,2,2,13,3,0,54692,4129
KR_8353825673,200,True,851635,WIN,4,1,3,2,1,3,8,0,2,379232,9128
KR_8353599737,100,True,848472,WIN,5,3,2,1,10,0,11,1,0,101544,349894
KR_8353599737,200,False,848472,LOSE,1,3,1,5,2,8,45,2,1,73286,114202
KR_8352161944,100,False,789357,LOSE,2,6,0,5,0,2,14,3,0,280055,105818
KR_8352161944,200,True,789357,WIN,7,1,3,1,2,0,8,0,2,306008,413232
KR_8352104690,100,False,667185,LOSE,0,5,1,4,3,0,9,1,0,81029,4374
KR_8352104690,200,True,667185,WIN,4,1,0,0,5,0,13,2,1,138561,15237
KR_8345959933,100,False,864944,LOSE,4,9,1,3,3,2,11,0,0,2357013,1778095
KR_8345959933,200,True,864944,WIN,5,3,3,3,5,0,19,3,2,525914,1839
KR_8345896927,100,False,942325,LOSE,3,7,1,3,2,4,48,3,1,408607,3793359
KR_8345896927,200,True,942325,WIN,8,2,1,2,5,1,10,0,1,2357013,5167
KR_8345856256,100,False,788085,LOSE,1,5,0,3,6,0,10,3,0,71825,5444429
KR_8345856256,200,True,788085,WIN,7,2,0,2,1,3,11,0,1,143923,5434
KR_8345812327,100,True,1127500,WIN,4,0,2,3,2,3,24,2,1,247777,87383
KR_8345812327,200,False,1127500,LOSE,1,3,0,2,3,2,20,1,1,135491,22485
KR_8337750162,100,False,761898,WIN,5,1,1,1,1,2,11,0,1,5670449,299255
KR_8337750162,200,True,761898,LOSE,0,4,1,2,2,1,13,3,1,61553,45971
KR_8337670319,100,False,1077627,LOSE,2,1,1,5,5,2,25,3,1,41701,12521
KR_8337670319,200,True,1077627,WIN,3,2,1,5,3,2,21,0,2,15038,1743
KR_8337595470,100,False,970671,LOSE,4,3,0,2,5,3,19,1,0,556833,5444429
KR_8337595470,200,True,970671,WIN,3,5,2,1,2,1,25,2,1,379232,87081
KR_8337539469,100,True,734373,WIN,4,3,4,1,4,2,11,0,1,182973,5444429
KR_8337539469,200,False,734373,LOSE,3,7,3,5,0,1,7,3,0,156631,74972
KR_8337505306,100,True,1043355,WIN,2,1,1,1,7,1,25,1,1,9971,76853
KR_8337505306,200,False,1043355,LOSE,0,2,1,2,4,3,16,2,1,42768,794834
KR_8354168685,100,True,907726,WIN,2,4,8,3,2,0,10,3,1,85269,1112065
KR_8354168685,200,False,907726,LOSE,3,2,2,3,3,4,18,0,0,24186,1655025
KR_8354650905,100,True,1023807,WIN,6,2,4,7,5,0,22,0,2,106055,227427
KR_8354650905,200,False,1023807,LOSE,1,5,5,4,5,6,26,3,0,41378,489686
KR_8354617528,100,True,678164,LOSE,2,4,0,2,3,2,8,0,0,39739,167121
KR_8354617528,200,False,678164,WIN,4,1,2,1,3,3,9,3,1,28006,607978
KR_8354563096,100,False,777233,LOSE,1,4,1,2,1,2,43,2,0,30806,173688
KR_8354563096,200,True,777233,WIN,3,0,1,1,4,0,10,1,1,310191,54929
KR_8352282007,100,True,907132,WIN,2,1,2,4,3,1,9,3,2,303451,126788
KR_8352282007,200,False,907132,LOSE,4,4,0,1,6,0,13,0,0,138561,521959
KR_8342451076,100,True,833788,WIN,2,5,1,2,4,1,16,3,2,105628,22408
KR_8342451076,200,False,833788,LOSE,3,4,0,4,1,3,8,0,0,292686,385584
KR_8342400691,100,False,821143,LOSE,3,2,1,3,5,5,12,0,0,42226,191930
KR_8342400691,200,True,821143,WIN,3,1,0,4,5,2,11,3,2,90803,385584
KR_8342364586,100,True,767540,LOSE,1,2,0,1,0,2,14,2,1,74607,32123
KR_8342364586,200,False,767540,WIN,1,0,2,1,1,2,10,1,0,1168539,5444429
KR_8341372716,100,False,917997,LOSE,1,1,1,2,6,4,22,0,0,44054,89141
KR_8341372716,200,True,917997,WIN,1,2,2,3,1,4,13,3,2,1811113,354035
KR_8341112571,100,True,685146,WIN,7,1,2,0,0,1,8,2,0,24324,29063
KR_8341112571,200,False,685146,LOSE,1,4,0,3,1,1,5,1,1,27474,64041
KR_8341085454,100,True,832978,WIN,6,3,0,2,7,1,14,3,0,719404,70840
KR_8341085454,200,False,832978,LOSE,4,5,1,4,1,5,10,0,1,15036,305884
KR_8339906305,100,False,746745,LOSE,3,3,1,2,3,4,42,0,0,60979,312349
KR_8339906305,200,True,746745,WIN,3,5,2,2,3,0,12,3,1,90567,55204
KR_8339846622,100,False,909816,LOSE,3,5,1,3,0,3,11,2,0,627699,521959
KR_8339846622,200,True,909816,WIN,4,2,1,1,5,1,23,1,1,37003,65125
KR_8339676327,100,True,826238,LOSE,0,0,1,2,2,0,9,2,0,51970,22970
KR_8339676327,200,False,826238,WIN,1,0,0,0,0,0,37,1,2,122056,72561
KR_8339631787,100,True,939342,WIN,4,1,0,3,3,2,61,0,0,65215,348248
KR_8339631787,200,False,939342,LOSE,2,3,1,3,2,1,16,3,2,97847,50884
KR_8339576686,100,True,1050953,LOSE,2,1,1,4,5,3,22,2,1,5049,166828
KR_8339576686,200,False,1050953,WIN,4,4,0,4,1,8,20,1,0,3843,305884
KR_8339504234,100,False,857382,WIN,6,0,1,1,1,3,8,1,1,90365,1650069
KR_8339504234,200,True,857382,LOSE,0,6,1,2,0,2,15,2,1,377187,41297
KR_8339471793,100,True,943098,WIN,0,4,0,3,10,0,15,1,2,242786,305884
KR_8339471793,200,False,943098,LOSE,5,4,3,2,2,2,53,2,0,238993,24267
KR_8337312734,100,False,729883,LOSE,0,5,2,5,2,1,10,0,1,7334,137417
KR_8337312734,200,True,729883,WIN,3,3,4,1,7,0,8,3,0,101706,607978
KR_8337286008,100,True,864936,WIN,2,2,2,2,1,4,18,3,0,280055,89703
KR_8337286008,200,False,864936,LOSE,3,1,1,2,4,3,48,0,1,54342,40878
KR_8337255017,100,False,504675,WIN,0,1,0,0,2,2,1,3,0,245503,86561
KR_8337255017,200,True,504675,LOSE,0,0,0,0,1,1,0,0,0,131109,521959
KR_8337217100,100,False,937300,LOSE,1,6,5,5,7,2,14,3,0,123390,178785
KR_8337217100,200,True,937300,WIN,7,2,1,4,5,2,55,0,1,216353,173688
KR_8337179911,100,True,687470,WIN,3,4,1,3,8,2,7,3,0,18842,152885
KR_8337179911,200,False,687470,LOSE,3,3,2,5,5,4,6,0,0,195158,95150
KR_8337155646,100,True,878348,WIN,10,1,2,2,4,3,18,3,0,8880,410917
KR_8337155646,200,False,878348,LOSE,3,5,0,4,3,4,12,0,1,147581,385584
KR_8339231155,100,True,798860,LOSE,3,5,4,3,2,2,39,3,1,112349,14502
KR_8339231155,200,False,798860,WIN,7,2,0,2,3,3,10,0,0,171481,1144
KR_8339198052,100,True,849347,LOSE,2,2,2,2,0,1,8,1,2,611740,168041
KR_8339198052,200,False,849347,WIN,1,1,1,1,5,3,12,2,0,170378,1267
KR_8339185095,100,False,784081,WIN,0,2,1,2,5,1,13,1,2,93066,92883
KR_8339185095,200,True,784081,LOSE,2,0,2,2,2,4,42,2,0,383007,171436
KR_8339147799,100,True,963680,WIN,5,2,4,2,5,2,11,0,1,426005,25423
KR_8339147799,200,False,963680,LOSE,1,2,1,7,4,3,15,3,0,122738,31128
KR_8337928969,100,False,770723,LOSE,0,4,0,4,2,2,11,0,0,124905,76853
KR_8337928969,200,True,770723,WIN,2,2,7,1,4,1,15,3,1,1391375,42728
KR_8337906728,100,False,804631,LOSE,2,4,4,6,5,2,43,0,0,98094,44539
KR_8337906728,200,True,804631,WIN,4,4,3,6,4,1,10,3,2,976542,42728
KR_8337849578,100,True,688370,WIN,5,1,0,3,2,1,12,0,0,38964,245434
KR_8337849578,200,False,688370,LOSE,2,4,0,1,2,2,34,3,1,5670449,325051
KR_8337615247,100,True,688771,WIN,4,1,2,1,3,1,9,1,1,105433,27398
KR_8337615247,200,False,688771,LOSE,0,3,0,3,1,2,6,2,0,266307,165068
KR_8337572297,100,False,824629,LOSE,2,2,1,2,1,2,9,3,0,28688,147622
KR_8337572297,200,True,824629,WIN,2,0,1,1,1,1,15,0,1,22589,1811113
KR_8344852152,100,False,930843,LOSE,1,0,2,3,6,2,18,3,0,3335,5444429
KR_8344852152,200,True,930843,WIN,2,4,1,4,4,3,45,0,2,120801,337025
KR_8344788113,100,True,744392,WIN,3,0,2,1,6,1,11,3,1,3615,607978
KR_8344788113,200,False,744392,LOSE,0,4,0,5,0,3,6,0,0,234988,25202
KR_8344695283,100,True,890521,LOSE,3,3,2,1,5,2,13,2,1,108658,91634
KR_8344695283,200,False,890521,WIN,3,3,0,2,0,2,11,1,1,156090,4073
KR_8344383797,100,False,919078,LOSE,3,2,3,2,1,2,18,0,0,1290390,5225
KR_8344383797,200,True,919078,WIN,2,1,0,2,1,3,11,3,2,122693,23791
KR_8344354738,100,True,824010,WIN,2,1,0,1,2,0,9,3,1,249234,23791
KR_8344354738,200,False,824010,LOSE,1,2,0,1,1,3,9,0,1,76919,526912
KR_8344325124,100,False,800566,LOSE,4,6,1,5,2,4,10,0,0,429007,6003201
KR_8344325124,200,True,800566,WIN,11,2,0,4,2,1,11,3,1,97701,23791
KR_8344247784,100,True,935265,LOSE,5,4,0,4,1,1,13,3,1,148643,126966
KR_8344247784,200,False,935265,WIN,3,3,4,2,4,1,13,0,0,40193,1556916
KR_8343564909,100,False,786836,WIN,7,1,2,3,4,5,8,1,0,156090,680
KR_8343564909,200,True,786836,LOSE,1,6,1,6,4,3,11,2,1,204530,95065
KR_8338057608,100,True,773900,LOSE,2,5,3,3,3,1,15,2,0,92741,1781476
KR_8338057608,200,False,773900,WIN,6,2,1,3,2,3,13,1,2,156090,106640
KR_8338045760,100,False,935936,WIN,2,3,0,3,3,5,52,0,0,222458,171436
KR_8338045760,200,True,935936,LOSE,3,1,4,2,6,1,23,3,2,429007,101520
KR_8354037530,100,True,832976,WIN,5,1,0,1,5,3,46,0,0,177930,585069
KR_8354037530,200,False,832976,LOSE,1,5,1,4,2,1,10,3,1,25606,3701337
KR_8352961661,100,False,704038,LOSE,1,5,1,4,4,1,4,3,0,176878,52770
KR_8352961661,200,True,704038,WIN,3,4,0,2,4,0,8,0,1,317965,17429
KR_8352827920,100,False,1003183,LOSE,3,3,2,3,2,4,21,3,0,410499,1587305
KR_8352827920,200,True,1003183,WIN,3,5,1,2,4,3,11,0,2,138561,330040
KR_8349183144,100,False,855294,LOSE,1,7,3,6,4,3,10,0,0,28803,536259
KR_8349183144,200,True,855294,WIN,3,2,3,5,8,0,9,3,2,959551,91126
KR_8349100352,100,True,868833,WIN,3,2,1,2,6,3,14,3,0,177930,77068
KR_8349100352,200,False,868833,LOSE,3,2,0,4,3,2,11,0,0,191455,8256
KR_8344706547,100,False,935393,LOSE,3,1,1,2,3,6,14,1,0,432436,3762
KR_8344706547,200,True,935393,WIN,2,0,0,4,8,0,15,2,2,1168539,33133
KR_8344663837,100,False,790919,LOSE,1,8,2,4,3,3,7,3,0,24342,216262
KR_8344663837,200,True,790919,WIN,8,3,0,4,7,0,10,0,1,238993,27037
KR_8354627203,100,False,883314,WIN,0,2,0,5,3,4,13,0,0,331583,106595
KR_8354627203,200,True,883314,LOSE,2,2,4,1,3,1,18,3,2,397391,439302
KR_8354605172,100,False,774842,LOSE,1,2,0,4,2,2,8,3,0,598936,297166
KR_8354605172,200,True,774842,WIN,6,2,0,0,1,1,27,0,1,59114,113866
KR_8354409213,100,False,832060,LOSE,0,2,0,4,2,3,19,3,0,185222,52255
KR_8354409213,200,True,832060,WIN,3,1,1,0,3,0,15,0,2,122056,439302
KR_8354365940,100,True,638698,WIN,1,2,1,0,2,1,32,3,0,122056,1016029
KR_8354365940,200,False,638698,LOSE,1,0,1,1,1,1,10,0,1,276733,332669
KR_8353824488,100,False,979738,WIN,0,2,2,3,2,0,18,3,2,93915,149173
KR_8353824488,200,True,979738,LOSE,3,3,3,3,4,5,19,0,0,610022,468947
KR_8350312451,100,False,706114,LOSE,2,3,1,3,2,1,10,3,0,19046,400304
KR_8350312451,200,True,706114,WIN,3,3,0,1,8,1,40,0,1,584216,325051
KR_8350228872,100,False,792331,LOSE,0,2,1,2,2,5,11,3,0,111333,387726
KR_8350228872,200,True,792331,WIN,2,0,0,1,4,0,13,0,2,87109,131781
KR_8355228084,100,False,852073,LOSE,1,4,1,2,7,3,11,3,0,168158,468947
KR_8355228084,200,True,852073,WIN,4,3,4,5,4,3,44,0,2,143324,59413
KR_8355201982,100,False,749180,LOSE,4,4,0,5,1,2,8,0,0,127659,28367
KR_8355201982,200,True,749180,WIN,4,2,0,3,4,0,11,3,1,126056,13006
KR_8355177773,100,False,937987,WIN,3,2,0,2,0,2,19,1,1,33887,24336
KR_8355177773,200,True,937987,LOSE,2,2,0,1,3,1,38,2,0,165247,6979
KR_8355137258,100,False,829462,LOSE,2,6,4,1,7,3,13,0,0,79240,391180
KR_8355137258,200,True,829462,WIN,3,5,0,5,5,3,9,3,2,94237,160897
KR_8354784569,100,False,733892,LOSE,3,5,1,3,2,2,13,0,0,370572,498803
KR_8354784569,200,True,733892,WIN,6,2,1,3,0,1,6,3,1,102889,6003201
KR_8354743413,100,False,573269,LOSE,0,7,0,3,0,2,8,0,0,122937,7260
KR_8354743413,200,True,573269,WIN,5,0,1,0,6,0,9,3,1,94237,1778095
KR_8354455406,100,False,833934,WIN,4,2,3,3,5,5,12,1,1,71281,3701337
KR_8354455406,200,True,833934,LOSE,3,2,1,6,5,2,11,2,0,70790,24442
KR_8354408724,100,False,1092070,LOSE,2,3,0,4,5,4,16,0,0,3578,59651
KR_8354408724,200,True,1092070,WIN,4,0,0,2,6,3,28,3,2,23704,624890
KR_8346438082,100,True,889863,WIN,3,5,2,4,6,5,53,0,0,195847,374806
KR_8346438082,200,False,889863,LOSE,7,0,1,5,4,4,15,3,0,122056,166662
KR_8346373407,100,True,729884,WIN,3,1,1,2,1,0,10,1,1,265260,149619
KR_8346373407,200,False,729884,LOSE,1,3,1,2,2,1,7,2,0,114079,112780
KR_8342034730,100,False,853612,LOSE,1,6,3,5,9,2,19,2,2,195847,71949
KR_8342034730,200,True,853612,WIN,9,2,3,2,3,5,15,1,0,99501,207494
KR_8351606793,100,True,711122,LOSE,0,4,2,3,2,0,6,3,0,34509,3510980
KR_8351606793,200,False,711122,WIN,3,2,1,0,1,0,9,0,0,372901,299255
KR_8350299423,100,False,1009521,LOSE,5,5,1,2,3,5,21,0,0,13199,367039
KR_8350299423,200,True,1009521,WIN,2,4,0,2,12,3,46,3,1,66829,105474
KR_8350196994,100,False,672190,LOSE,1,2,2,3,0,1,7,0,1,69139,1016489
KR_8350196994,200,True,672190,WIN,3,2,1,0,0,1,8,3,0,482642,42511
KR_8350178642,100,False,699802,LOSE,0,7,1,4,1,3,5,0,0,75576,192068
KR_8350178642,200,True,699802,WIN,8,0,4,0,0,1,11,3,1,810269,1016489
KR_8350154190,100,False,820280,LOSE,2,6,0,2,2,3,11,3,0,236772,11026
KR_8350154190,200,True,820280,WIN,5,2,3,2,5,3,38,0,1,55441,1584554
KR_8350131038,100,True,820510,WIN,6,2,1,3,6,1,14,3,1,61130,10250
KR_8350131038,200,False,820510,LOSE,3,4,2,4,1,7,9,0,0,105247,38033
KR_8350084618,100,True,827985,WIN,4,2,2,1,1,0,15,1,1,60979,76509
KR_8350084618,200,False,827985,LOSE,1,4,1,3,1,0,11,2,1,1661,28287
KR_8350059423,100,True,702239,LOSE,0,3,1,5,3,3,8,3,1,62479,419871
KR_8350059423,200,False,702239,WIN,5,0,1,2,3,3,11,0,0,147728,48209
KR_8350041398,100,False,704917,WIN,6,2,0,3,4,3,7,0,1,201760,52579
KR_8350041398,200,True,704917,LOSE,5,3,1,5,2,2,10,3,0,141285,129225
KR_8350022441,100,False,897931,LOSE,4,2,0,5,2,4,46,3,0,673165,3123
KR_8350022441,200,True,897931,WIN,5,1,0,3,0,1,10,0,1,465216,2001497
KR_8349996733,100,False,868264,LOSE,1,5,0,1,4,1,19,3,1,1725007,73379
KR_8349996733,200,True,868264,WIN,6,2,0,1,1,1,21,0,1,113139,179292
KR_8349995094,100,True,699450,WIN,5,0,0,1,3,1,10,0,0,413915,299255
KR_8349995094,200,False,699450,LOSE,1,5,0,1,1,0,7,3,1,34509,317058
KR_8349977237,100,False,782728,LOSE,3,3,0,4,2,1,8,0,1,116621,27814
KR_8349977237,200,True,782728,WIN,3,0,1,3,4,1,5,3,0,174819,28903
KR_8348803952,100,True,851507,LOSE,1,3,0,1,7,2,13,3,0,86714,14548
KR_8348803952,200,False,851507,WIN,3,1,1,2,2,1,13,0,2,198171,348718
KR_8348780893,100,False,1223883,WIN,6,3,1,4,2,4,75,0,2,16069,25671
KR_8348780893,200,True,1223883,LOSE,2,2,1,5,4,3,22,3,1,557632,561575
KR_8348785020,100,True,829347,WIN,4,3,2,3,6,1,11,3,0,41684,31974
KR_8348785020,200,False,829347,LOSE,1,3,0,5,7,3,7,0,1,106231,9452
KR_8348758499,100,True,783010,WIN,10,1,3,3,4,2,8,3,1,598664,35662
KR_8348758499,200,False,783010,LOSE,2,7,2,8,2,4,8,0,0,265719,20571
KR_8348740598,100,True,1026707,LOSE,5,1,4,5,3,2,21,3,0,34509,10869
KR_8348740598,200,False,1026707,WIN,1,4,0,7,8,2,23,0,2,69139,114050
KR_8354739241,100,True,981966,LOSE,1,4,1,2,5,4,22,3,0,445917,76055
KR_8354739241,200,False,981966,WIN,3,2,3,3,1,3,16,0,1,35732,23591
KR_8354663342,100,True,1159833,WIN,0,6,1,3,5,3,73,3,2,56427,585069
KR_8354663342,200,False,1159833,LOSE,6,5,2,3,3,3,18,0,0,956488,69494
KR_8354078015,100,True,866924,WIN,5,0,0,4,12,1,13,3,1,183858,23437
KR_8354078015,200,False,866924,LOSE,4,4,1,2,2,7,49,0,1,14992,27413
KR_8354031730,100,True,657829,WIN,6,3,3,0,3,1,8,3,1,97253,722307
KR_8354031730,200,False,657829,LOSE,0,7,2,4,1,1,10,0,0,222084,28720
KR_8353528674,100,False,806118,LOSE,1,3,0,5,1,5,11,0,0,943978,27665
KR_8353528674,200,True,806118,WIN,4,1,0,1,0,0,17,3,2,9127,33275
KR_8352185057,100,True,702244,WIN,3,0,2,1,2,1,6,3,1,303451,1339769
KR_8352185057,200,False,702244,LOSE,1,2,0,3,2,1,6,0,0,564006,7649
KR_8350901784,100,False,1052885,LOSE,4,2,1,3,3,2,26,0,1,77096,15025
KR_8350901784,200,True,1052885,WIN,3,2,1,3,3,2,13,3,1,143324,42471
KR_8350830777,100,False,856979,LOSE,1,3,1,4,2,1,7,3,0,116654,22718
KR_8350830777,200,True,856979,WIN,6,0,0,2,4,0,13,0,2,915061,2025
KR_8348255810,100,False,959786,WIN,7,3,1,7,6,1,14,3,0,30640,17923
KR_8348255810,200,True,959786,LOSE,4,6,1,6,6,5,14,0,1,53923,122563
KR_8348184402,100,True,929563,WIN,5,5,3,4,2,3,15,3,0,96732,7322
KR_8348184402,200,False,929563,LOSE,5,2,3,3,6,2,15,0,2,88320,5444429
KR_8348133748,100,False,858290,WIN,4,4,0,5,2,3,12,2,0,31886,624235
KR_8348133748,200,True,858290,LOSE,5,3,1,2,6,1,13,1,1,90513,44821
KR_8348079333,100,False,870270,LOSE,5,2,0,4,2,3,15,3,1,72425,120135
KR_8348079333,200,True,870270,WIN,7,2,2,3,2,3,14,0,1,89214,93065
KR_8346994933,100,False,940353,LOSE,0,0,0,0,1,0,24,3,0,75100,490804
KR_8346994933,200,True,940353,WIN,0,0,1,1,5,1,11,0,2,33586,15868
KR_8345891939,100,False,956198,LOSE,2,0,1,2,1,6,59,1,1,33586,152392
KR_8345891939,200,True,956198,WIN,1,1,3,1,2,1,18,2,1,17746,190207
KR_8344456748,100,True,860655,WIN,5,2,4,3,4,1,11,3,1,12929,28878
KR_8344456748,200,False,860655,LOSE,3,4,1,4,3,4,7,0,0,43757,5897
KR_8344319225,100,True,834388,WIN,5,1,2,3,2,1,12,3,1,34229,58491
KR_8344319225,200,False,834388,LOSE,2,4,0,3,3,3,8,0,1,60125,152885
KR_8339995143,100,False,982240,LOSE,1,3,2,3,0,4,67,0,1,363177,14574
KR_8339995143,200,True,982240,WIN,2,1,5,1,3,1,16,3,1,385612,5444429
KR_8350492877,100,True,942305,WIN,5,2,2,5,4,1,11,0,1,516013,948290
KR_8350492877,200,False,942305,LOSE,5,6,1,4,3,1,19,3,1,198171,108773
KR_8350443741,100,True,909777,WIN,3,0,1,2,1,1,15,3,0,2667,1556916
KR_8350443741,200,False,909777,LOSE,3,3,0,2,1,2,12,0,2,482642,42511
KR_8349950497,100,False,887528,LOSE,3,7,2,3,3,3,12,0,0,7820,18751
KR_8349950497,200,True,887528,WIN,5,2,2,5,5,2,15,3,2,69528,3661
KR_8349923817,100,False,976654,LOSE,6,7,5,3,3,2,14,2,0,187750,63841
KR_8349923817,200,True,976654,WIN,9,7,1,5,4,3,11,1,2,20099,7158
KR_8348134706,100,True,802863,WIN,4,1,0,4,10,0,16,2,0,146758,132301
KR_8348134706,200,False,802863,LOSE,1,5,1,5,1,2,11,1,2,1079305,288656
KR_8347995127,100,True,958111,WIN,4,2,0,4,1,6,56,0,0,12264,78655
KR_8347995127,200,False,958111,LOSE,2,2,1,3,7,2,21,3,1,2504228,551062
KR_8347964469,100,False,851914,LOSE,3,4,3,1,4,4,16,0,0,367732,106071
KR_8347964469,200,True,851914,WIN,2,4,2,5,5,1,12,3,1,45523,61447
KR_8346941987,100,False,646689,WIN,2,1,5,2,2,0,9,3,0,30786,185649
KR_8346941987,200,True,646689,LOSE,0,3,0,3,1,1,5,0,1,93667,52899
KR_8346921063,100,True,848540,WIN,2,2,3,0,5,0,14,3,1,64914,127117
KR_8346921063,200,False,848540,LOSE,1,2,0,4,3,3,13,0,0,15175,81197
KR_8346901141,100,True,730652,WIN,1,1,0,3,2,0,11,3,0,5177,60644
KR_8346901141,200,False,730652,LOSE,2,1,0,3,2,1,3,0,1,32385,1650069
KR_8346883003,100,True,760741,WIN,3,1,3,0,11,2,12,3,2,2661391,58832
KR_8346883003,200,False,760741,LOSE,1,2,0,4,1,6,12,0,0,171833,132301
KR_8346849361,100,False,1040647,LOSE,2,2,0,0,2,3,22,3,1,588885,117229
KR_8346849361,200,True,1040647,WIN,1,2,0,1,10,1,60,0,0,38160,78655
KR_8343417517,100,True,853319,LOSE,2,4,0,7,1,3,15,3,0,29945,79158
KR_8343417517,200,False,853319,WIN,10,0,3,2,3,2,44,0,1,204530,88518
KR_8343338006,100,False,823920,WIN,9,1,2,1,1,2,16,0,0,681646,35059
KR_8343338006,200,True,823920,LOSE,1,7,0,4,5,0,11,3,2,204530,30579
KR_8343292183,100,True,855759,WIN,3,0,1,1,3,1,18,3,0,1168539,132301
KR_8343292183,200,False,855759,LOSE,0,4,0,2,3,1,10,0,1,9512,42511
KR_8343248100,100,False,879035,LOSE,5,7,0,5,1,5,19,3,0,180734,410917
KR_8343248100,200,True,879035,WIN,4,2,2,3,8,3,19,0,0,750012,54356
KR_8342978113,100,True,945054,WIN,3,3,0,2,3,2,17,3,0,19494,187121
KR_8342978113,200,False,945054,LOSE,3,2,1,3,1,2,20,0,2,303451,24273
KR_8340020342,100,False,986693,WIN,4,4,2,2,8,4,19,0,2,43696,57768
KR_8340020342,200,True,986693,LOSE,3,2,3,4,5,4,23,3,0,105256,127117
KR_8339942366,100,True,703814,WIN,4,0,2,0,0,4,41,0,0,462417,171436
KR_8339942366,200,False,703814,LOSE,0,3,1,2,1,1,12,3,1,17222,106071
KR_8353422313,100,False,867153,WIN,6,2,0,1,3,1,14,3,0,201051,78157
KR_8353422313,200,True,867153,LOSE,2,3,0,4,6,0,14,0,2,295811,1587305
KR_8353389122,100,False,914583,LOSE,1,4,1,2,6,1,17,3,0,50806,35867
KR_8353389122,200,True,914583,WIN,3,1,0,3,2,1,14,0,1,30806,165464
KR_8352904772,100,False,766486,LOSE,0,5,3,5,2,3,10,3,0,172666,1587305
KR_8352904772,200,True,766486,WIN,5,0,3,3,5,2,8,0,1,9938,4334117
KR_8352883353,100,True,836377,WIN,8,1,2,1,2,3,18,3,2,9626,165464
KR_8352883353,200,False,836377,LOSE,0,6,0,6,5,3,18,0,0,62342,148142
KR_8348641374,100,False,981957,LOSE,4,2,1,2,10,2,24,3,0,59495,28199
KR_8348641374,200,True,981957,WIN,3,4,0,5,1,4,17,0,2,446786,1587305
KR_8354498567,100,True,1060614,LOSE,3,2,1,4,3,3,55,3,1,49663,21840
KR_8354498567,200,False,1060614,WIN,4,2,2,2,3,5,19,0,2,30806,54929
KR_8354472389,100,True,793563,WIN,7,1,2,2,9,1,6,3,0,215038,369642
KR_8354472389,200,False,793563,LOSE,2,6,1,5,1,7,12,0,0,79421,455044
KR_8345346726,100,False,824531,LOSE,0,5,1,3,1,1,11,0,0,1828546,3701337
KR_8345346726,200,True,824531,WIN,3,1,4,1,3,0,10,3,2,283614,87383
KR_8345342271,100,True,610989,WIN,6,1,1,1,0,2,6,3,1,151623,4951032
KR_8345342271,200,False,610989,LOSE,2,2,1,5,3,1,4,0,0,131109,27586
KR_8345332136,100,False,956594,LOSE,3,2,1,1,6,1,16,3,0,902457,21174
KR_8345332136,200,True,956594,WIN,0,4,0,4,3,1,13,0,2,857328,162105
KR_8345303819,100,False,849550,LOSE,1,2,1,3,3,0,16,3,0,33110,67776
KR_8345303819,200,True,849550,WIN,1,1,5,1,4,2,17,0,2,31489,3701337
KR_8342750243,100,False,816195,LOSE,2,4,0,4,4,1,10,3,0,207286,462921
KR_8342750243,200,True,816195,WIN,4,3,2,1,4,3,16,0,2,1109575,3701337
KR_8342204200,100,True,911272,WIN,5,4,2,2,9,1,17,3,1,64914,73379
KR_8342204200,200,False,911272,LOSE,2,6,3,5,5,3,17,0,0,26082,3701337
KR_8341588925,100,False,621579,WIN,5,0,1,2,3,1,9,2,0,423591,3701337
KR_8341588925,200,True,621579,LOSE,0,3,1,6,1,1,8,1,0,90623,2357013
KR_8341523828,100,True,916895,LOSE,2,2,1,5,9,1,20,3,1,627699,40267
KR_8341523828,200,False,916895,WIN,2,4,1,4,4,1,15,0,1,87079,551062
KR_8339429685,100,True,865949,WIN,5,5,1,0,5,0,14,2,0,10308,65250
KR_8339429685,200,False,865949,LOSE,0,6,1,4,6,1,14,1,2,1058337,76662
KR_8339022676,100,False,770785,LOSE,5,2,0,0,1,3,14,2,0,126449,411099
KR_8339022676,200,True,770785,WIN,4,1,1,5,2,0,8,1,1,139970,78062
KR_8338960196,100,True,881740,WIN,1,1,0,0,5,2,53,3,1,71664,3346
KR_8338960196,200,False,881740,LOSE,1,1,1,2,1,3,18,0,1,8359,3701337
KR_8354635602,100,False,781455,LOSE,2,5,1,2,4,2,12,3,1,12294,227428
KR_8354635602,200,True,781455,WIN,3,1,1,5,4,2,13,0,0,177930,486275
KR_8351078563,100,False,788708,LOSE,2,3,1,2,0,0,14,1,1,3038,45934
KR_8351078563,200,True,788708,WIN,4,0,2,3,0,1,41,2,1,12294,72216
KR_8349947673,100,False,703886,LOSE,0,3,2,4,2,1,11,3,0,120724,361179
KR_8349947673,200,True,703886,WIN,5,0,0,1,1,2,6,0,1,33158,393822
KR_8349512344,100,False,865402,WIN,2,0,1,2,2,2,18,2,0,241987,729260
KR_8349512344,200,True,865402,LOSE,1,2,0,2,4,1,51,1,0,36960,36663
KR_8338101688,100,True,904522,WIN,4,2,1,2,5,0,19,3,1,150718,32710
KR_8338101688,200,False,904522,LOSE,1,5,2,6,2,6,9,0,0,10363,6865
KR_8338097403,100,False,860081,LOSE,2,7,2,2,2,3,14,3,1,37434,8723
KR_8338097403,200,True,860081,WIN,6,5,2,2,2,2,10,0,0,81882,87948
KR_8353006510,100,False,880576,WIN,3,3,0,3,0,1,14,3,0,211214,293630
KR_8353006510,200,True,880576,LOSE,5,1,0,1,2,2,52,0,2,64909,417008
KR_8354372711,100,False,888837,WIN,2,6,4,2,4,4,16,3,1,335739,152885
KR_8354372711,200,True,888837,LOSE,5,4,2,5,3,5,14,0,0,116654,566495
KR_8354363474,100,False,823137,LOSE,4,6,0,5,2,5,8,0,1,33456,2305
KR_8354363474,200,True,823137,WIN,4,1,5,4,4,4,10,3,1,15891,31974
KR_8352127867,100,False,832621,LOSE,0,4,0,2,1,2,14,3,0,2093,27617
KR_8352127867,200,True,832621,WIN,3,1,0,0,5,0,11,0,1,1105881,187764
KR_8349079802,100,False,797051,WIN,5,2,1,3,2,1,14,1,0,255590,89886
KR_8349079802,200,True,797051,LOSE,3,4,0,2,7,3,23,2,2,68902,20044
KR_8349056298,100,True,899948,WIN,1,5,4,1,3,2,18,3,1,108187,55748
KR_8349056298,200,False,899948,LOSE,4,4,1,4,1,6,9,0,1,24524,227428
KR_8348025820,100,False,881535,LOSE,0,0,0,3,0,4,12,0,0,69225,165293
KR_8348025820,200,True,881535,WIN,1,0,0,0,10,0,12,3,2,88771,94218
KR_8345799059,100,True,1059809,WIN,4,2,1,1,8,3,18,1,0,1105881,152356
KR_8345799059,200,False,1059809,LOSE,2,7,3,6,2,3,20,2,2,1201971,1339769
KR_8342803508,100,True,852394,WIN,3,4,0,0,3,2,16,2,0,5315,454800
KR_8342803508,200,False,852394,LOSE,4,2,1,3,1,1,11,1,1,383007,42870
KR_8342766259,100,False,968418,WIN,0,1,1,7,3,5,49,0,0,2011818,10611
KR_8342766259,200,True,968418,LOSE,6,2,0,1,3,1,17,3,2,289607,9763
KR_8339967975,100,True,727045,WIN,4,1,2,0,1,0,32,3,1,306198,19494
KR_8339967975,200,False,727045,LOSE,1,1,0,4,1,2,11,0,0,1105881,17437
KR_8337304355,100,True,797076,WIN,2,1,2,1,2,1,11,0,1,1168539,3793
KR_8337304355,200,False,797076,LOSE,2,3,0,1,3,2,8,3,0,302712,684001
KR_8337254805,100,True,819978,WIN,4,2,1,2,4,1,11,0,1,26628,11956
KR_8337254805,200,False,819978,LOSE,1,2,4,4,2,2,6,3,0,12388,1105881
KR_8337239660,100,True,646584,WIN,7,0,0,0,3,0,8,2,0,272653,95393
KR_8337239660,200,False,646584,LOSE,1,5,0,5,0,2,2,1,1,60125,565229
KR_8338040359,100,True,677371,WIN,5,0,0,1,3,2,8,0,0,190484,228915
KR_8338040359,200,False,677371,LOSE,2,3,1,1,3,1,34,0,1,6365,334669
KR_8351646192,100,False,715225,LOSE,0,5,0,2,1,1,14,3,0,225466,253064
KR_8351646192,200,True,715225,WIN,6,0,1,2,1,1,7,0,2,296625,45484
KR_8351625343,100,True,907521,WIN,13,1,0,4,4,1,12,2,2,232566,162209
KR_8351625343,200,False,907521,LOSE,1,5,3,8,3,3,4,1,0,3847,33384
KR_8351600924,100,True,986959,WIN,2,4,2,3,5,3,22,3,2,1184468,534401
KR_8351600924,200,False,986959,LOSE,5,4,2,2,4,5,23,0,0,3764,361179
KR_8351602198,100,False,892807,LOSE,1,5,0,2,5,2,16,1,0,3218,147011
KR_8351602198,200,True,892807,WIN,3,1,0,1,2,2,11,2,1,228573,30026
KR_8348697284,100,False,938938,LOSE,2,0,1,2,0,3,24,3,1,87058,1082604
KR_8348697284,200,True,938938,WIN,4,1,0,2,1,2,13,0,1,224576,9452
KR_8348686197,100,False,852825,LOSE,0,3,1,1,1,2,14,3,0,32385,624
KR_8348686197,200,True,852825,WIN,3,0,2,1,1,1,16,0,1,79940,7315
KR_8347118583,100,True,872364,WIN,4,2,0,0,3,0,11,0,1,77096,23177
KR_8347118583,200,False,872364,LOSE,1,2,0,2,4,4,18,3,0,36310,12325
KR_8339857811,100,True,926900,WIN,2,4,2,3,7,2,16,3,1,6272,722307
KR_8339857811,200,False,926900,LOSE,3,4,0,7,4,4,20,0,1,59629,297152
KR_8339814886,100,False,822123,LOSE,3,2,0,4,5,2,14,0,0,5445862,31855
KR_8339814886,200,True,822123,WIN,4,2,3,3,4,2,12,3,1,266836,943978
KR_8339786689,100,False,735646,LOSE,1,3,1,3,2,1,3,3,1,29850,71843
KR_8339786689,200,True,735646,WIN,1,0,2,2,3,2,9,0,1,135491,17201
KR_8339746604,100,True,1057323,LOSE,5,3,1,4,2,3,20,3,1,46415,214763
KR_8339746604,200,False,1057323,WIN,0,3,2,3,8,3,65,0,1,87454,3793359
KR_8339214431,100,True,822803,LOSE,5,5,3,0,6,1,12,3,1,21496,251159
KR_8339214431,200,False,822803,WIN,4,5,0,4,3,4,15,0,0,26886,33199
KR_8339123964,100,False,862210,LOSE,0,2,1,2,2,3,14,0,0,385612,397029
KR_8339123964,200,True,862210,WIN,1,2,1,2,3,1,12,3,1,17033,20963
KR_8338045822,100,True,834373,LOSE,1,3,1,2,3,1,45,3,0,173563,1012338
KR_8338045822,200,False,834373,WIN,5,1,2,2,2,4,13,0,0,333779,1650069
KR_8338025604,100,True,958660,WIN,9,3,1,1,4,3,18,3,1,27917,80259
KR_8338025604,200,False,958660,LOSE,3,7,1,3,3,3,56,0,0,145007,171436
KR_8338006475,100,True,781728,WIN,7,1,0,2,1,3,16,3,1,182693,551062
KR_8338006475,200,False,781728,LOSE,0,5,0,3,6,1,11,0,1,9590,694055
KR_8337976233,100,False,772557,WIN,2,0,1,4,1,6,15,0,0,31241,694055
KR_8337976233,200,True,772557,LOSE,1,3,2,0,3,1,12,3,0,27797,1479269
KR_8337950605,100,True,887607,LOSE,3,4,0,6,4,2,12,3,0,52923,498803
KR_8337950605,200,False,887607,WIN,5,2,1,0,4,3,15,0,1,99438,694055
KR_8337915169,100,False,741603,LOSE,0,1,1,0,1,4,9,0,0,152858,30246
KR_8337915169,200,True,741603,WIN,0,0,1,0,3,1,31,3,2,70501,85854
KR_8337860674,100,True,824506,WIN,3,4,3,3,5,0,37,3,0,45515,8313
KR_8337860674,200,False,824506,LOSE,3,5,1,1,6,3,10,0,1,10073,10996
KR_8337814224,100,False,911649,LOSE,1,7,2,3,5,4,11,3,0,10073,50757
KR_8337814224,200,True,911649,WIN,3,2,2,2,9,3,14,0,2,24722,5513
KR_8337398020,100,False,886183,WIN,1,2,1,1,5,2,14,2,1,1000704,69126
KR_8337398020,200,True,886183,LOSE,5,1,0,3,0,3,27,1,1,671771,27982
KR_8337369390,100,True,685810,WIN,3,1,1,2,0,4,14,0,1,18012,552375
KR_8337369390,200,False,685810,LOSE,1,3,2,2,6,2,8,3,0,19802,110362
KR_8354431188,100,False,800871,WIN,3,1,1,0,0,1,19,1,1,33675,440032
KR_8354431188,200,True,800871,LOSE,1,2,0,2,1,0,11,2,0,13796,427479
KR_8352222522,100,False,805231,LOSE,4,1,2,4,1,2,15,0,0,280055,52255
KR_8352222522,200,True,805231,WIN,0,5,1,1,7,1,12,3,2,116161,5444429
KR_8352165052,100,False,820783,LOSE,0,3,0,3,1,1,11,3,0,126219,10025
KR_8352165052,200,True,820783,WIN,5,1,0,0,4,0,12,0,1,507705,5444429
KR_8350806858,100,False,958747,LOSE,6,3,0,4,4,0,55,3,0,162277,6046
KR_8350806858,200,True,958747,WIN,4,2,0,5,4,2,18,0,1,101706,19659
KR_8352617010,100,False,859380,LOSE,2,0,0,0,1,1,12,3,1,76828,713117
KR_8352617010,200,True,859380,WIN,0,2,0,0,1,0,10,0,0,643009,1551333
KR_8350846418,100,True,1035282,LOSE,6,1,0,4,4,0,15,3,2,525914,7151
KR_8350846418,200,False,1035282,WIN,1,4,0,6,2,6,18,0,0,73671,39066
KR_8344644463,100,True,913733,LOSE,3,6,2,5,6,2,17,0,1,6535,4989
KR_8344644463,200,False,913733,WIN,9,2,1,5,4,2,15,3,0,99573,57957
KR_8341349671,100,False,861744,LOSE,3,4,1,4,0,1,11,0,1,956488,565229
KR_8341349671,200,True,861744,WIN,4,4,3,1,2,0,46,3,0,557632,154943
KR_8351139646,100,False,834794,WIN,1,1,2,1,2,0,13,3,1,73812,490804
KR_8351139646,200,True,834794,LOSE,1,3,1,2,0,3,12,0,0,60376,291931
KR_8348528260,100,True,789647,LOSE,1,2,2,2,5,1,41,3,0,59387,295947
KR_8348528260,200,False,789647,WIN,2,0,0,0,5,3,15,0,1,68932,201334
KR_8348504037,100,False,765886,LOSE,0,5,0,3,0,2,8,0,0,579939,101494
KR_8348504037,200,True,765886,WIN,5,0,4,1,1,0,7,3,1,134378,7158
KR_8348445415,100,True,856978,WIN,0,3,1,4,5,1,13,3,0,68968,349894
KR_8348445415,200,False,856978,LOSE,6,2,0,1,3,2,13,0,1,303451,299089
KR_8346396129,100,True,627969,LOSE,2,5,1,3,5,1,5,3,0,49387,248725
KR_8346396129,200,False,627969,WIN,3,2,1,2,7,2,32,0,0,243889,585069
KR_8346363160,100,False,915062,LOSE,1,2,0,2,3,5,16,3,1,293729,154008
KR_8346363160,200,True,915062,WIN,4,1,2,0,3,2,10,0,0,78253,299089
KR_8346150404,100,True,783532,WIN,2,3,3,2,8,2,6,3,1,56658,51312
KR_8346150404,200,False,783532,LOSE,4,3,2,4,6,4,8,0,1,12824,45317
KR_8344411991,100,True,990119,WIN,2,3,1,3,4,2,17,3,0,39608,201334
KR_8344411991,200,False,990119,LOSE,1,0,2,3,6,2,36,0,1,151199,19211
KR_8343780693,100,True,891513,LOSE,0,2,1,3,7,2,13,1,0,245701,201123
KR_8343780693,200,False,891513,WIN,1,3,3,3,2,1,14,2,2,26912,1112065
KR_8343599205,100,False,693381,LOSE,0,6,0,3,5,2,6,3,0,35423,566495
KR_8343599205,200,True,693381,WIN,4,0,5,1,3,1,34,0,1,59796,585069
KR_8343184103,100,False,1130522,LOSE,3,3,1,6,2,5,22,3,0,6041,397832
KR_8343184103,200,True,1130522,WIN,2,4,2,4,10,0,28,0,2,202355,6003201
KR_8338020595,100,False,761929,LOSE,1,4,4,2,7,4,10,3,0,114427,44274
KR_8338020595,200,True,761929,WIN,3,2,4,1,4,4,10,0,0,10088,29768
KR_8352950146,100,True,920644,LOSE,2,1,2,2,6,4,52,1,2,6251,205551
KR_8352950146,200,False,920644,WIN,1,3,1,3,2,4,17,2,0,56658,367039
KR_8350988190,100,False,825832,WIN,4,1,1,3,2,2,14,3,0,100213,6003201
KR_8350988190,200,True,825832,LOSE,2,2,1,2,4,2,16,0,1,474014,711019
KR_8350713575,100,False,857880,WIN,5,1,0,2,4,4,7,0,0,64378,848940
KR_8350713575,200,True,857880,LOSE,3,6,1,1,1,1,15,3,2,482642,153928
KR_8350613905,100,False,854737,LOSE,2,3,1,3,0,5,13,3,0,26259,694055
KR_8350613905,200,True,854737,WIN,5,2,2,2,5,0,13,0,2,76765,215568
KR_8350567684,100,False,775236,LOSE,6,2,0,3,9,1,14,3,0,293289,7131
KR_8350567684,200,True,775236,WIN,4,1,1,4,2,4,13,0,1,49757,215875
KR_8350518136,100,True,734051,LOSE,2,6,2,3,2,0,9,3,1,241987,227427
KR_8350518136,200,False,734051,WIN,6,0,0,2,3,0,9,0,0,27986,711019
KR_8350409999,100,True,1064440,WIN,3,5,1,4,4,4,24,3,1,12179,481918
KR_8350409999,200,False,1064440,LOSE,5,4,0,2,8,3,22,0,0,12495,19052
KR_8350360229,100,True,757671,WIN,3,6,1,3,2,3,9,2,1,285688,48374
KR_8350360229,200,False,757671,LOSE,5,3,3,2,5,0,10,1,0,241987,34263
KR_8349104407,100,False,1008392,LOSE,1,2,0,4,6,3,12,3,1,174997,298385
KR_8349104407,200,True,1008392,WIN,5,3,1,2,2,1,19,0,1,610022,215568
KR_8349085147,100,True,781616,WIN,6,2,0,1,1,0,16,3,1,232566,367039
KR_8349085147,200,False,781616,LOSE,2,2,1,4,0,6,39,0,0,32011,25671
KR_8346371793,100,False,863609,LOSE,7,3,3,3,2,3,19,3,2,7505,542816
KR_8346371793,200,True,863609,WIN,0,4,5,7,5,5,13,0,0,1290390,135216
KR_8346354148,100,True,1051764,WIN,5,0,0,2,11,3,22,2,2,277107,215875
KR_8346354148,200,False,1051764,LOSE,4,7,0,5,1,6,19,1,0,63575,242297
KR_8346260403,100,False,837377,LOSE,0,4,5,1,3,1,9,3,0,71039,25622
KR_8346260403,200,True,837377,WIN,3,0,1,1,2,2,17,0,1,557421,711019
KR_8346161183,100,False,943040,WIN,1,4,2,3,3,1,21,3,1,38392,711019
KR_8346161183,200,True,943040,LOSE,1,4,1,1,5,2,17,0,1,195158,35059
KR_8346099776,100,True,890719,WIN,3,2,2,1,5,2,40,2,1,4887,88518
KR_8346099776,200,False,890719,LOSE,2,3,0,5,3,4,16,1,0,235107,27915
KR_8346030753,100,True,969143,LOSE,1,4,1,4,8,8,15,1,1,9667,41611
KR_8346030753,200,False,969143,WIN,3,2,0,1,8,3,18,2,1,216123,481918
KR_8346010059,100,False,676183,LOSE,1,6,0,1,0,0,5,0,0,627699,76853
KR_8346010059,200,True,676183,WIN,6,0,0,1,2,0,10,3,1,93066,481918
KR_8345892833,100,True,834774,WIN,5,1,1,3,7,1,14,0,2,306008,367039
KR_8345892833,200,False,834774,LOSE,1,6,0,4,4,2,18,3,0,377187,72803
KR_8354655025,100,True,676551,LOSE,1,5,1,1,1,1,15,3,0,16607,348718
KR_8354655025,200,False,676551,WIN,5,1,0,0,1,0,9,0,1,7374,1479269
KR_8353766821,100,True,822531,WIN,8,5,4,4,1,1,12,3,0,191860,104525
KR_8353766821,200,False,822531,LOSE,4,7,4,5,0,3,10,0,1,257115,959
KR_8346823588,100,False,867594,WIN,5,5,1,4,9,1,17,3,1,120149,13939
KR_8346823588,200,True,867594,LOSE,6,6,3,5,3,3,10,0,1,640068,317058
KR_8346722078,100,True,913391,WIN,1,4,2,7,5,4,11,1,0,742841,98852
KR_8346722078,200,False,913391,LOSE,4,4,1,2,6,5,14,2,2,257113,3539
KR_8345340154,100,True,638845,WIN,4,0,0,0,5,1,9,3,0,1828546,10256
KR_8345340154,200,False,638845,LOSE,0,5,0,4,2,3,5,0,1,172822,28557
KR_8345292878,100,False,779274,WIN,2,4,0,2,3,1,12,2,0,64591,9164
KR_8345292878,200,True,779274,LOSE,4,2,2,1,1,2,7,1,1,115723,95393
KR_8341741258,100,True,1050783,WIN,5,4,1,3,10,0,24,3,2,46832,176266
KR_8341741258,200,False,1050783,LOSE,1,5,0,3,5,5,17,0,0,94093,481918
KR_8338777174,100,False,587414,LOSE,0,5,1,3,2,0,4,3,0,71185,100874
KR_8338777174,200,True,587414,WIN,1,1,3,2,5,1,7,0,0,66458,40695
KR_8354740023,100,True,885408,WIN,6,2,2,3,3,0,19,3,1,227095,33275
KR_8354740023,200,False,885408,LOSE,2,3,0,6,2,3,15,0,0,106506,410778
KR_8354482949,100,False,937730,WIN,2,3,4,1,4,2,21,2,0,909340,410778
KR_8354482949,200,True,937730,LOSE,3,6,2,2,0,4,10,1,1,3017,169813
KR_8345818335,100,False,735579,LOSE,0,4,1,4,7,2,10,2,0,174997,827557
KR_8345818335,200,True,735579,WIN,5,1,0,2,4,1,8,1,1,1079305,96699
KR_8345792173,100,True,887987,WIN,3,4,1,4,6,2,16,1,0,9873,48233
KR_8345792173,200,False,887987,LOSE,4,2,2,7,2,4,19,2,1,53632,39254
KR_8345753383,100,True,828708,WIN,6,3,3,5,3,6,10,0,0,475657,40473
KR_8345753383,200,False,828708,LOSE,7,7,2,4,6,1,11,3,2,44295,455044
KR_8345719664,100,False,809633,LOSE,0,6,4,5,5,6,14,3,0,30858,56833
KR_8345719664,200,True,809633,WIN,2,3,3,0,15,2,17,0,1,95015,455044
KR_8341622031,100,True,886725,LOSE,2,3,0,0,6,1,18,3,0,9912,15389
KR_8341622031,200,False,886725,WIN,3,4,0,4,4,3,12,0,2,74846,389163
KR_8340096372,100,False,884764,LOSE,2,1,0,5,1,3,15,0,0,69769,2498772
KR_8340096372,200,True,884764,WIN,3,0,0,2,4,0,13,3,2,94093,410778
KR_8338598832,100,False,822854,WIN,3,2,2,3,3,2,12,3,0,2823,20743
KR_8338598832,200,True,822854,LOSE,3,5,2,4,5,2,49,0,1,149413,152392
KR_8354710076,100,True,1012682,WIN,2,5,0,4,10,1,17,0,1,4201,140948
KR_8354710076,200,False,1012682,LOSE,2,3,3,4,2,3,26,3,1,99635,62747
KR_8350775744,100,True,794640,WIN,0,1,0,1,6,1,14,0,1,349115,73216
KR_8350775744,200,False,794640,LOSE,1,3,1,2,2,3,3,3,0,2357013,4658
KR_8350690096,100,True,708829,WIN,7,1,2,0,2,2,10,3,1,32028,326799
KR_8350690096,200,False,708829,LOSE,0,3,1,5,4,6,6,0,0,220864,411099
KR_8349873273,100,True,706733,LOSE,1,5,3,4,3,4,6,0,0,627699,45317
KR_8349873273,200,False,706733,WIN,3,2,6,2,4,2,7,3,0,46518,48738
KR_8349586621,100,False,954791,LOSE,2,3,2,2,4,3,15,3,0,435738,80299
KR_8349586621,200,True,954791,WIN,3,4,0,1,4,2,15,0,2,91439,49126
KR_8343636050,100,False,820420,LOSE,2,5,1,5,0,4,22,0,0,145590,91687
KR_8343636050,200,True,820420,WIN,6,2,0,1,7,0,46,3,2,48845,312349
KR_8338791767,100,True,848744,WIN,9,0,1,1,4,1,14,3,1,4201,4100
KR_8338791767,200,False,848744,LOSE,0,7,0,5,0,3,18,0,0,79262,116834
KR_8338726068,100,True,634187,WIN,7,0,1,0,1,1,5,3,1,163862,98852
KR_8338726068,200,False,634187,LOSE,0,4,0,3,1,0,13,0,0,397002,7741
KR_8338444426,100,True,764606,WIN,8,0,5,3,2,2,10,3,0,681646,654472
KR_8338444426,200,False,764606,LOSE,0,7,3,5,3,2,8,0,1,59387,3421704
KR_8355249172,100,True,908053,WIN,1,2,1,3,4,2,12,3,1,49316,4143
KR_8355249172,200,False,908053,LOSE,1,1,0,2,3,3,10,0,1,195158,136245
KR_8355219662,100,False,919317,WIN,5,0,1,1,5,3,14,3,0,91813,69583
KR_8355219662,200,True,919317,LOSE,1,4,1,3,2,4,16,0,2,208157,1799012
KR_8355047650,100,False,966788,LOSE,3,7,2,3,6,3,13,3,0,1711429,60652
KR_8355047650,200,True,966788,WIN,4,5,4,3,4,3,20,0,2,317965,156272
KR_8354996059,100,False,729359,LOSE,2,9,0,2,4,3,10,0,0,104725,26223
KR_8354996059,200,True,729359,WIN,9,3,0,3,4,2,5,3,1,1711429,6386
KR_8354639765,100,True,819219,WIN,6,5,3,5,9,0,11,3,2,1711429,4334117
KR_8354639765,200,False,819219,LOSE,6,5,4,7,2,4,6,0,0,265719,578948
KR_8354587207,100,True,826581,WIN,1,1,0,3,2,1,11,2,2,312425,1711429
KR_8354587207,200,False,826581,LOSE,1,1,2,2,4,2,10,1,0,144951,194893
KR_8354539836,100,True,793806,WIN,3,5,3,5,4,2,11,3,1,1711429,126788
KR_8354539836,200,False,793806,LOSE,1,5,1,5,5,3,11,0,0,19093,427479
KR_8353169451,100,True,765819,WIN,3,1,2,1,5,1,13,3,1,1711429,357747
KR_8353169451,200,False,765819,LOSE,1,5,0,4,0,3,40,0,0,91862,321006
KR_8353099141,100,True,1004524,LOSE,3,1,0,2,6,5,17,1,0,152736,3152
KR_8353099141,200,False,1004524,WIN,4,3,2,2,3,2,19,2,2,135117,27961
KR_8353081512,100,False,863518,LOSE,0,3,1,3,5,2,16,0,0,42744,299255
KR_8353081512,200,True,863518,WIN,4,0,2,2,3,1,15,3,2,1711429,265311
KR_8351613054,100,True,784895,WIN,5,1,3,0,2,0,12,3,1,57037,49278
KR_8351613054,200,False,784895,LOSE,1,5,0,3,1,2,39,0,1,1068060,47019
KR_8348725969,100,False,902781,LOSE,3,3,1,4,1,4,7,1,1,1711429,5515
KR_8348725969,200,True,902781,WIN,2,4,3,3,3,2,11,2,0,23260,62020
KR_8346528961,100,False,852874,LOSE,2,5,0,2,6,2,13,0,0,1711429,40976
KR_8346528961,200,True,852874,WIN,4,3,3,2,4,3,12,3,1,743095,21089
KR_8344048058,100,False,835779,LOSE,4,2,0,4,7,2,14,0,0,1705346,1293136
KR_8344048058,200,True,835779,WIN,2,4,1,3,3,2,7,3,1,52687,32988
KR_8342558238,100,True,935617,WIN,3,3,2,3,6,0,20,3,2,3847942,4201
KR_8342558238,200,False,935617,LOSE,2,4,0,6,5,2,9,0,0,1711429,61353
KR_8340652665,100,False,650284,WIN,0,1,2,1,8,1,8,3,0,17360,29105
KR_8340652665,200,True,650284,LOSE,1,1,0,4,1,3,8,0,0,586541,309296
KR_8352458948,100,False,702637,LOSE,1,6,1,2,2,3,10,3,0,245503,283223
KR_8352458948,200,True,702637,WIN,5,2,2,1,4,0,5,0,2,62342,91892
KR_8352396226,100,True,859909,LOSE,4,0,2,1,2,4,22,3,0,22974,20875
KR_8352396226,200,False,859909,WIN,1,5,0,1,2,1,12,0,1,62342,144153
KR_8352340313,100,False,788304,LOSE,0,2,0,1,2,2,8,3,0,19458,19447
KR_8352340313,200,True,788304,WIN,3,0,1,0,4,0,11,0,1,348286,18620
KR_8348279970,100,True,935505,WIN,4,5,0,2,2,0,20,0,2,303451,169768
KR_8348279970,200,False,935505,LOSE,4,3,0,4,2,2,18,3,0,24524,41509
KR_8347102257,100,True,843681,WIN,7,1,1,2,4,1,10,3,1,99429,23839
KR_8347102257,200,False,843681,LOSE,2,3,1,4,1,1,13,0,0,2054,40473
KR_8343158676,100,True,765728,WIN,2,1,1,2,0,0,14,3,1,303451,166828
KR_8343158676,200,False,765728,LOSE,0,1,0,2,2,1,42,0,0,75100,585069
KR_8341516122,100,True,904379,WIN,3,1,0,1,3,0,22,3,1,18176,140314
KR_8341516122,200,False,904379,LOSE,0,2,1,1,1,1,50,0,1,134418,169539
KR_8339819399,100,False,880919,LOSE,1,3,0,4,3,1,9,0,1,131173,27500
KR_8339819399,200,True,880919,WIN,4,0,1,1,2,1,19,3,0,190238,2708
KR_8338795204,100,False,1200183,LOSE,2,9,0,6,11,1,31,0,0,432436,139400
KR_8338795204,200,True,1200183,WIN,6,4,2,6,10,1,79,3,3,16959,20768
KR_8352975305,100,False,909024,LOSE,1,3,0,2,3,4,53,0,0,810269,312349
KR_8352975305,200,True,909024,WIN,1,2,1,3,2,1,21,3,1,443972,549070
KR_8352734159,100,True,946407,LOSE,2,2,0,4,4,1,43,3,1,44138,59413
KR_8352734159,200,False,946407,WIN,2,2,0,3,6,3,17,0,1,199728,178785
KR_8352659947,100,True,770677,WIN,3,0,0,1,5,0,39,3,2,504161,171436
KR_8352659947,200,False,770677,LOSE,1,4,0,2,1,2,13,0,0,353726,62747
KR_8352026311,100,False,786778,LOSE,0,3,2,3,1,0,10,3,0,325816,23508
KR_8352026311,200,True,786778,WIN,3,3,1,2,3,0,12,0,2,272196,10025
KR_8351482454,100,True,907264,WIN,4,1,3,4,1,5,14,1,1,102406,51312
KR_8351482454,200,False,907264,LOSE,4,4,1,2,8,3,19,2,0,55907,22736
KR_8351454534,100,False,1021928,WIN,1,5,0,2,3,4,13,3,0,67922,25923
KR_8351454534,200,True,1021928,LOSE,5,1,0,4,2,3,13,0,1,491801,43370
KR_8351345239,100,False,830234,LOSE,2,2,1,4,3,2,7,0,0,352280,3928903
KR_8351345239,200,True,830234,WIN,4,3,1,1,6,2,9,3,1,184504,541335
KR_8351192917,100,True,861013,WIN,4,1,2,1,8,1,10,3,0,915061,115370
KR_8351192917,200,False,861013,LOSE,2,4,1,4,1,3,8,0,2,402478,22485
KR_8350961148,100,False,978154,LOSE,4,0,0,4,5,2,19,0,0,111277,61447
KR_8350961148,200,True,978154,WIN,1,6,0,1,2,2,42,3,1,22974,24858
KR_8350817306,100,False,978625,LOSE,1,4,2,6,7,4,17,2,0,804922,1799012
KR_8350817306,200,True,978625,WIN,5,4,0,4,8,2,18,1,1,210384,130975
KR_8350739226,100,False,655781,LOSE,6,0,1,4,2,2,5,2,0,22974,33565
KR_8350739226,200,True,655781,WIN,4,4,1,3,2,3,38,1,0,32028,43629
KR_8350673759,100,False,968214,LOSE,2,2,2,1,3,1,4,0,0,8275,71843
KR_8350673759,200,True,968214,WIN,2,5,1,1,3,4,53,3,2,26539,22280
KR_8352468745,100,True,933179,WIN,1,0,0,2,1,2,15,3,1,273116,330040
KR_8352468745,200,False,933179,LOSE,2,1,1,0,1,0,53,0,1,555358,585069
KR_8352405387,100,True,885154,WIN,0,2,0,3,2,1,53,3,2,61335,585069
KR_8352405387,200,False,885154,LOSE,4,2,1,1,3,1,14,0,0,125495,54929
KR_8352334973,100,True,849853,WIN,0,2,1,3,8,1,48,3,0,30806,42725
KR_8352334973,200,False,849853,LOSE,0,2,2,1,4,6,13,0,1,343651,109317
KR_8352277456,100,False,821770,LOSE,0,1,1,0,2,1,10,2,0,19046,20001
KR_8352277456,200,True,821770,WIN,1,0,0,0,3,1,10,1,1,584216,19813
KR_8354855651,100,True,1010112,WIN,18,4,1,3,7,3,19,3,2,28006,72883
KR_8354855651,200,False,1010112,LOSE,2,6,0,9,7,3,11,0,0,190101,50633
KR_8354818136,100,True,763436,WIN,5,1,3,3,1,0,8,3,1,373930,55246
KR_8354818136,200,False,763436,LOSE,0,5,1,2,1,3,8,0,0,96841,42520
KR_8354758075,100,False,746688,WIN,3,2,2,1,1,2,7,0,1,174112,39704
KR_8354758075,200,True,746688,LOSE,0,3,0,3,3,2,9,3,0,7838,25935
KR_8354085917,100,True,1002173,WIN,2,2,1,1,0,1,18,0,2,1557498,349894
KR_8354085917,200,False,1002173,LOSE,1,3,1,1,2,3,16,3,0,27951,106595
KR_8353282296,100,False,758549,LOSE,1,7,0,6,5,0,8,3,1,699,6023
KR_8353282296,200,True,758549,WIN,7,0,3,1,3,2,5,0,1,280055,213129
KR_8352898376,100,True,979302,WIN,9,4,1,4,5,4,13,0,2,39739,778738
KR_8352898376,200,False,979302,LOSE,5,6,1,5,2,1,9,3,0,766054,8400
KR_8352199057,100,False,800134,WIN,4,2,1,5,3,3,11,3,0,67769,91634
KR_8352199057,200,True,800134,LOSE,4,5,0,0,8,2,9,0,1,1058337,1216542
KR_8352130949,100,True,804681,LOSE,1,4,2,4,2,2,13,2,0,28803,20777
KR_8352130949,200,False,804681,WIN,2,1,3,0,5,2,43,1,2,47982,27413
KR_8352102046,100,False,603542,LOSE,2,3,0,2,0,2,5,0,0,303451,645187
KR_8352102046,200,True,603542,WIN,3,1,2,1,2,0,7,3,1,30483,61380
KR_8349112639,100,False,785418,LOSE,0,5,0,2,5,4,12,3,0,9549,3092
KR_8349112639,200,True,785418,WIN,7,0,0,2,4,4,12,0,0,12142,15237
KR_8346624566,100,False,804979,WIN,3,3,0,3,4,5,10,0,1,243846,694055
KR_8346624566,200,True,804979,LOSE,2,4,2,4,8,1,9,3,0,313864,32338
KR_8346524154,100,False,1205820,LOSE,5,4,1,4,1,3,21,0,0,91862,1392
KR_8346524154,200,True,1205820,WIN,1,5,2,1,10,0,15,3,3,743095,87383
KR_8346086234,100,True,829713,LOSE,0,3,1,5,3,2,15,3,1,130503,395590
KR_8346086234,200,False,829713,WIN,5,0,0,2,2,1,11,0,1,44138,299255
KR_8343977605,100,False,940524,WIN,1,1,1,2,4,2,12,2,1,137290,18295
KR_8343977605,200,True,940524,LOSE,2,3,0,2,3,3,16,1,0,267373,22736
KR_8343848374,100,True,739591,WIN,3,0,3,2,6,0,10,3,0,31849,114918
KR_8343848374,200,False,739591,LOSE,2,4,2,3,1,3,10,0,0,62568,6808
KR_8343832734,100,True,1009066,WIN,6,2,1,5,2,1,21,3,1,32579,112064
KR_8343832734,200,False,1009066,LOSE,5,2,0,3,4,3,15,0,0,274372,29002
KR_8343823404,100,False,786677,LOSE,1,0,1,2,1,2,13,3,0,40965,39937
KR_8343823404,200,True,786677,WIN,2,1,1,0,4,1,14,0,1,109350,112064
KR_8342621668,100,False,763157,LOSE,0,5,1,1,0,2,6,0,0,42837,29002
KR_8342621668,200,True,763157,WIN,2,1,2,0,5,1,12,3,1,732682,114540
KR_8342561706,100,False,703031,LOSE,2,4,0,7,2,3,5,0,0,11249,120431
KR_8342561706,200,True,703031,WIN,6,1,3,1,5,0,8,3,1,30483,61380
KR_8354794090,100,False,930857,LOSE,3,4,1,4,1,3,17,0,0,66039,213268
KR_8354794090,200,True,930857,WIN,5,3,2,4,2,1,15,3,1,190101,256570
KR_8354520111,100,False,834273,LOSE,2,1,0,3,1,2,48,0,1,450789,22280
KR_8354520111,200,True,834273,WIN,2,1,1,2,5,0,12,3,1,218448,21894
KR_8354475382,100,False,651145,LOSE,1,3,0,4,4,2,6,3,0,18706,468947
KR_8354475382,200,True,651145,WIN,7,2,0,0,1,4,3,0,1,261917,898241
KR_8352684560,100,False,772927,LOSE,0,4,0,4,2,2,8,0,0,267373,20777
KR_8352684560,200,True,772927,WIN,4,1,0,0,4,2,13,3,2,177930,38412
KR_8352638740,100,False,853363,LOSE,0,4,1,10,0,0,47,0,0,475657,10711
KR_8352638740,200,True,853363,WIN,5,0,2,1,6,0,52,3,2,74387,59413
KR_8352591329,100,False,908781,LOSE,5,5,3,1,1,4,14,0,1,657853,72002
KR_8352591329,200,True,908781,WIN,3,7,2,3,5,2,16,3,1,1630,102831
KR_8352519611,100,False,908521,LOSE,0,3,0,3,6,3,18,2,0,159848,72002
KR_8352519611,200,True,908521,WIN,1,1,1,3,7,2,15,1,2,49851,119290
KR_8352072795,100,False,976579,LOSE,1,3,0,3,8,2,61,0,2,610022,422635
KR_8352072795,200,True,976579,WIN,7,3,1,3,5,2,25,3,0,8766,111260
KR_8352046008,100,False,676247,LOSE,5,5,0,5,1,5,10,0,0,74387,55748
KR_8352046008,200,True,676247,WIN,4,2,4,4,5,1,8,3,0,610022,83211
KR_8351950464,100,False,952832,LOSE,6,1,1,2,2,1,18,3,2,363752,9790
KR_8351950464,200,True,952832,WIN,1,1,2,2,2,4,31,0,0,984058,8006
KR_8351832314,100,True,970382,WIN,0,2,1,3,5,2,34,2,1,41297,30887
KR_8351832314,200,False,970382,LOSE,3,1,1,4,5,1,18,1,1,74387,412144
KR_8351780775,100,False,766298,LOSE,0,5,1,3,2,6,43,0,1,153080,96178
KR_8351780775,200,True,766298,WIN,5,1,1,3,6,1,11,3,0,313864,262846
KR_8351738801,100,False,613545,LOSE,2,4,1,4,1,4,3,0,0,106453,88795
KR_8351738801,200,True,613545,WIN,6,1,1,1,2,2,4,0,0,90131,1424
KR_8351709754,100,True,802335,WIN,3,3,3,0,7,1,12,0,1,40231,46159
KR_8351709754,200,False,802335,LOSE,3,4,1,4,1,3,6,3,0,426357,8797
KR_8348599015,100,True,712268,WIN,6,2,0,1,2,0,8,1,1,143609,24429
KR_8348599015,200,False,712268,LOSE,2,5,2,2,2,2,11,2,0,160426,3149
KR_8347448205,100,True,972681,LOSE,3,5,1,1,4,0,12,0,1,131341,66566
KR_8347448205,200,False,972681,WIN,5,3,0,4,4,2,16,3,1,44954,22467
KR_8347409827,100,False,794947,LOSE,3,3,0,4,2,2,10,2,0,23965,19480
KR_8347409827,200,True,794947,WIN,2,3,3,1,1,2,42,1,2,590136,12989
KR_8347384126,100,True,827099,WIN,3,0,0,0,1,0,48,3,1,169797,24031
KR_8347384126,200,False,827099,LOSE,0,3,0,1,1,0,12,0,0,7907,730578
KR_8347327157,100,True,896068,LOSE,6,3,1,5,2,1,14,0,1,185222,10553
KR_8347327157,200,False,896068,WIN,2,5,3,4,2,2,14,3,1,27205,14790
KR_8346361985,100,True,790873,WIN,10,1,2,2,3,0,10,3,2,198171,58843
KR_8346361985,200,False,790873,LOSE,0,8,0,6,3,4,10,0,0,17978,397832
KR_8345317328,100,True,988025,WIN,5,4,0,9,8,4,11,2,0,177930,17533
KR_8345317328,200,False,988025,LOSE,4,5,4,5,2,4,13,1,0,114856,35568
KR_8345298408,100,True,1134869,WIN,3,1,2,5,10,1,20,0,0,169797,1395
KR_8345298408,200,False,1134869,LOSE,1,3,2,3,1,5,16,3,2,218593,6563
KR_8344917382,100,False,1129068,LOSE,7,5,2,5,4,6,13,0,0,190101,186821
KR_8344917382,200,True,1129068,WIN,7,9,2,3,8,2,23,3,3,143923,5444429
KR_8344623440,100,True,924538,WIN,3,2,0,2,4,2,16,3,1,672048,52358
KR_8344623440,200,False,924538,LOSE,4,1,1,1,3,2,13,0,1,1616266,42154
KR_8344522500,100,True,1133942,WIN,2,3,4,2,12,1,66,0,1,239322,585069
KR_8344522500,200,False,1133942,LOSE,4,2,3,3,0,5,68,3,1,719404,72216
KR_8344479552,100,True,861035,LOSE,3,2,1,3,4,0,17,0,0,34843,14210
KR_8344479552,200,False,861035,WIN,3,3,2,3,1,2,10,3,1,419134,225881
KR_8342126404,100,False,871584,LOSE,4,3,2,1,2,3,14,2,2,154062,23055
KR_8342126404,200,True,871584,WIN,1,4,1,3,2,0,46,1,0,11478,257529
KR_8354149943,100,True,826594,LOSE,2,4,4,2,3,2,11,3,1,2812,299255
KR_8354149943,200,False,826594,WIN,1,2,3,3,2,2,13,0,0,264845,49640
KR_8354139930,100,False,741995,LOSE,4,7,2,4,1,2,5,0,0,128407,160897
KR_8354139930,200,True,741995,WIN,6,4,2,2,6,1,41,3,1,30776,417008
KR_8354127500,100,False,852785,WIN,7,5,4,3,1,3,10,3,1,43752,19370
KR_8354127500,200,True,852785,LOSE,2,7,3,3,8,2,17,0,1,19268,110705
KR_8354063241,100,False,960507,LOSE,3,4,2,5,3,4,13,2,0,709591,6003201
KR_8354063241,200,True,960507,WIN,5,4,4,7,2,2,10,1,1,55487,107987
KR_8353988433,100,False,732087,WIN,5,2,2,3,7,1,9,0,0,590655,53864
KR_8353988433,200,True,732087,LOSE,3,6,1,5,1,1,5,3,1,69718,55230
KR_8353835511,100,False,962282,WIN,4,4,1,6,6,3,16,0,0,48368,730169
KR_8353835511,200,True,962282,LOSE,8,4,0,4,5,0,61,3,2,584216,321229
KR_8353760485,100,True,713349,LOSE,0,3,4,5,1,1,10,3,1,65482,145590
KR_8353760485,200,False,713349,WIN,2,3,4,1,2,1,38,0,0,14738,1584554
KR_8353656980,100,True,961921,LOSE,3,7,3,3,5,1,17,3,0,158740,5663
KR_8353656980,200,False,961921,WIN,4,6,7,4,2,1,30,0,2,2812,582738
KR_8353506950,100,False,829081,LOSE,0,0,0,2,0,2,14,0,0,74713,2085319
KR_8353506950,200,True,829081,WIN,0,0,0,0,2,0,11,3,2,53321,369642
KR_8353024835,100,True,1093160,WIN,5,3,3,2,6,2,64,2,2,66944,25767
KR_8353024835,200,False,1093160,LOSE,2,4,1,6,3,8,61,1,0,182935,14296
KR_8355244350,100,False,1046054,LOSE,1,3,1,3,3,3,21,0,0,39886,7579
KR_8355244350,200,True,1046054,WIN,4,3,1,1,6,2,17,3,2,535923,5752
KR_8355231298,100,True,1040644,WIN,3,2,3,2,7,2,25,3,2,57014,103888
KR_8355231298,200,False,1040644,LOSE,1,4,1,5,4,7,22,0,0,915061,6900
KR_8355201794,100,False,987525,LOSE,9,4,2,6,3,7,18,2,0,35732,7104
KR_8355201794,200,True,987525,WIN,3,7,6,3,9,3,18,1,1,4641,174253
KR_8355160882,100,False,1004642,LOSE,3,1,1,1,7,2,66,3,1,201051,422635
KR_8355160882,200,True,1004642,WIN,3,2,1,3,1,1,27,0,1,325816,119968
KR_8354657830,100,True,767920,WIN,4,3,0,0,4,1,14,0,1,199872,81748
KR_8354657830,200,False,767920,LOSE,2,4,1,2,3,0,15,3,1,266836,228644
KR_8355199242,100,False,979359,LOSE,3,3,0,3,2,2,16,0,2,29945,1915403
KR_8355199242,200,True,979359,WIN,2,4,1,3,5,0,15,3,0,169611,42018
KR_8354661120,100,True,825373,WIN,5,2,2,2,6,1,10,3,2,3126,126788
KR_8354661120,200,False,825373,LOSE,1,4,1,3,3,1,13,0,0,31919,2422
KR_8352955917,100,True,1010618,WIN,6,3,0,4,9,2,18,0,0,7997288,5321
KR_8352955917,200,False,1010618,LOSE,2,3,2,6,6,6,21,3,2,713667,4940
KR_8349766703,100,False,852317,WIN,3,3,0,4,5,5,15,0,0,378059,357933
KR_8349766703,200,True,852317,LOSE,3,2,3,2,7,0,17,3,1,134378,30615
KR_8348599948,100,False,824384,WIN,4,5,1,4,2,6,11,2,0,197198,725469
KR_8348599948,200,True,824384,LOSE,6,4,4,4,7,2,9,1,0,1226,42232
KR_8348579628,100,True,671585,WIN,2,1,0,0,3,2,10,0,1,31919,299255
KR_8348579628,200,False,671585,LOSE,2,3,3,3,1,3,4,0,0,383007,89403
KR_8346239039,100,True,800414,WIN,3,2,2,2,0,1,10,0,1,188365,259392
KR_8346239039,200,False,800414,LOSE,1,3,4,3,3,0,46,3,0,35847,59001
KR_8346198216,100,True,846578,WIN,6,3,3,4,4,1,15,3,1,158176,95393
KR_8346198216,200,False,846578,LOSE,3,7,0,7,7,3,43,0,0,883980,11422
KR_8345071252,100,False,877561,WIN,3,1,1,2,5,2,51,3,1,122738,307569
KR_8345071252,200,True,877561,LOSE,2,3,1,3,4,1,14,0,1,101947,460427
KR_8343435342,100,True,789520,LOSE,0,1,0,0,4,2,44,0,0,40401,374806
KR_8343435342,200,False,789520,WIN,0,0,1,1,3,2,16,3,1,262030,61473
KR_8341791070,100,False,744288,WIN,4,3,0,3,8,2,37,0,1,24324,86104
KR_8341791070,200,True,744288,LOSE,3,5,2,5,4,3,10,3,1,315133,10240
KR_8340238290,100,True,778561,WIN,8,4,1,2,3,2,6,3,1,470828,75413
KR_8340238290,200,False,778561,LOSE,2,4,1,5,5,3,11,0,0,412542,213129
KR_8337915748,100,False,918553,LOSE,5,5,0,3,2,4,33,3,0,464346,99946
KR_8337915748,200,True,918553,WIN,6,2,0,3,6,3,13,0,1,81477,89493
KR_8337877164,100,False,779338,WIN,0,1,0,1,4,0,13,0,1,331583,466246
KR_8337877164,200,True,779338,LOSE,0,1,1,1,0,2,7,3,1,31919,1650069
KR_8337803631,100,False,1078331,WIN,4,3,2,2,4,3,16,3,0,263019,1924352
KR_8337803631,200,True,1078331,LOSE,5,2,1,6,4,2,13,0,2,2011818,3707
KR_8337738922,100,False,768527,LOSE,0,2,0,2,2,3,8,1,0,217850,330005
KR_8337738922,200,True,768527,WIN,2,0,1,1,6,1,9,2,1,446115,658244
KR_8350365032,100,False,832520,LOSE,3,5,0,5,3,3,8,2,0,5995,152885
KR_8350365032,200,True,832520,WIN,4,3,4,3,3,1,43,0,2,632980,56627
KR_8348508178,100,False,992752,LOSE,3,7,1,4,2,1,36,2,0,69650,41804
KR_8348508178,200,True,992752,WIN,2,2,4,1,8,1,17,1,1,43594,6003201
KR_8348449823,100,True,965039,WIN,5,5,1,4,2,4,16,3,0,144476,299255
KR_8348449823,200,False,965039,LOSE,4,4,0,3,7,0,14,0,2,45258,46599
KR_8348385755,100,False,963648,LOSE,5,4,0,6,1,4,18,1,0,632980,1778095
KR_8348385755,200,True,963648,WIN,7,3,2,2,6,4,18,2,2,87058,118657
KR_8348002883,100,False,1017245,WIN,7,8,3,3,8,0,19,0,1,20952,17372
KR_8348002883,200,True,1017245,LOSE,4,11,3,3,4,6,17,3,0,69650,48948
KR_8342817813,100,False,856509,LOSE,1,4,1,2,2,1,12,1,0,131173,43018
KR_8342817813,200,True,856509,WIN,4,0,0,2,3,0,48,2,1,540611,187712
KR_8340516686,100,False,965439,LOSE,4,3,3,0,1,0,13,1,1,632980,3286
KR_8340516686,200,True,965439,WIN,1,3,0,4,1,1,46,2,1,58129,51140
KR_8340486109,100,False,1049713,WIN,6,2,2,4,9,0,22,1,1,265260,367039
KR_8340486109,200,True,1049713,LOSE,2,9,1,2,2,4,61,2,0,540611,307569
KR_8340442519,100,True,920215,LOSE,3,3,0,3,2,1,14,0,0,2418863,76904
KR_8340442519,200,False,920215,WIN,4,2,0,2,3,2,18,3,2,5670449,49259
KR_8339802782,100,False,683154,WIN,0,1,4,2,4,1,7,3,0,253689,12404
KR_8339802782,200,True,683154,LOSE,1,2,0,4,3,2,4,0,1,104305,31128
KR_8339150221,100,True,650847,WIN,2,0,0,0,3,3,9,2,1,12563,12868
KR_8339150221,200,False,650847,LOSE,0,3,0,2,1,2,8,1,0,258824,8777
KR_8339087438,100,True,912428,LOSE,4,5,1,4,1,3,15,3,1,211784,139867
KR_8339087438,200,False,912428,WIN,10,2,0,4,4,1,15,0,1,78372,221842
KR_8339002466,100,True,761983,WIN,5,2,0,0,4,1,10,3,0,94488,32639
KR_8339002466,200,False,761983,LOSE,0,4,1,1,2,1,13,0,1,195158,711019
KR_8345002851,100,True,822804,WIN,0,0,0,1,5,2,48,0,0,27417,374806
KR_8345002851,200,False,822804,LOSE,0,0,1,3,2,1,42,3,2,8940,66589
KR_8344889642,100,False,863264,LOSE,2,5,4,4,2,4,13,1,0,373347,13542
KR_8344889642,200,True,863264,WIN,0,5,5,1,3,1,12,2,2,339098,37941
KR_8339014716,100,True,766152,WIN,8,2,1,0,7,4,10,2,0,233616,3751316
KR_8339014716,200,False,766152,LOSE,1,8,2,5,2,6,11,0,0,24987,79139
KR_8338464392,100,True,934113,LOSE,3,2,3,1,6,0,18,3,1,43009,423848
KR_8338464392,200,False,934113,WIN,2,4,0,0,1,4,17,0,0,633963,666
KR_8338311689,100,True,787108,WIN,0,1,1,2,4,2,9,3,1,904773,13670
KR_8338311689,200,False,787108,LOSE,6,2,0,1,1,1,22,0,1,78892,87081
KR_8338052587,100,False,745476,LOSE,2,2,1,3,3,4,14,3,0,594136,215568
KR_8338052587,200,True,745476,WIN,3,2,0,2,5,3,12,0,0,48845,49408
KR_8338021569,100,False,611460,LOSE,1,2,1,4,2,0,8,0,0,88291,3701337
KR_8338021569,200,True,611460,WIN,5,2,1,1,0,0,8,3,0,1391375,114885
KR_8337901597,100,True,1064820,WIN,8,3,3,3,7,1,66,3,2,5670449,85648
KR_8337901597,200,False,1064820,LOSE,3,7,0,8,5,3,20,0,0,38964,132307
KR_8337134250,100,False,781730,LOSE,1,4,0,4,0,3,10,0,0,43842,77916
KR_8337134250,200,True,781730,WIN,2,1,5,1,5,0,13,3,1,412702,20371
KR_8354584712,100,False,748448,WIN,4,4,2,1,10,2,9,2,0,468642,7854698
KR_8354584712,200,True,748448,LOSE,1,3,3,7,2,4,9,1,0,6370603,107987
KR_8353919881,100,False,804231,WIN,4,5,0,2,3,4,49,3,0,89144,59901
KR_8353919881,200,True,804231,LOSE,2,2,5,6,3,1,12,0,1,97265,419871
KR_8353579301,100,True,909122,LOSE,0,2,0,2,8,0,14,2,1,3335,227428
KR_8353579301,200,False,909122,WIN,4,2,1,2,2,3,11,1,0,35815,23530
KR_8353491178,100,False,858651,LOSE,5,7,2,3,2,5,11,0,0,22589,4658
KR_8353491178,200,True,858651,WIN,4,2,3,5,10,1,13,3,1,106983,10595
KR_8352488276,100,True,869852,WIN,7,3,7,4,4,1,15,0,2,719404,16849
KR_8352488276,200,False,869852,LOSE,5,8,0,6,4,6,44,3,0,1042742,1706
KR_8347818155,100,True,850033,WIN,2,1,1,1,5,2,8,3,1,320346,7145
KR_8347818155,200,False,850033,LOSE,1,2,1,2,1,2,12,0,1,743095,4059
KR_8347510216,100,True,774656,WIN,4,4,0,2,1,2,13,0,1,766054,4732
KR_8347510216,200,False,774656,LOSE,3,2,0,2,6,1,16,3,0,1183814,837
KR_8354503315,100,True,871896,WIN,7,3,2,1,4,2,16,3,1,31709,189939
KR_8354503315,200,False,871896,LOSE,1,7,2,5,5,6,28,0,1,1743,20044
KR_8354465728,100,True,949530,WIN,5,4,4,1,10,3,16,3,1,52259,62620
KR_8354465728,200,False,949530,LOSE,1,3,3,7,5,2,21,0,0,37159,33562
KR_8354438544,100,True,838133,WIN,1,3,0,2,10,0,16,3,2,412702,382432
KR_8354438544,200,False,838133,LOSE,1,4,2,4,3,3,13,0,0,54692,6003201
KR_8354383809,100,True,907146,LOSE,3,4,2,3,4,0,12,2,1,82313,1781476
KR_8354383809,200,False,907146,WIN,5,2,0,3,2,2,15,1,1,37408,13551
KR_8354344919,100,False,845656,LOSE,4,2,2,4,1,3,13,3,2,280055,645187
KR_8354344919,200,True,845656,WIN,6,5,1,3,0,1,14,0,0,73701,525759
KR_8348982361,100,False,941816,LOSE,1,3,0,2,3,1,58,1,0,43757,79599
KR_8348982361,200,True,941816,WIN,4,1,0,2,1,2,20,2,2,93334,166828
KR_8348943353,100,True,742670,WIN,7,1,1,0,0,1,9,0,1,162476,45428
KR_8348943353,200,False,742670,LOSE,1,4,0,4,0,0,6,3,0,598936,317058
KR_8347873121,100,False,1178394,LOSE,4,8,3,6,2,2,19,3,0,338596,186618
KR_8347873121,200,True,1178394,WIN,8,4,1,0,7,3,23,0,2,264287,91126
KR_8347836914,100,False,775095,WIN,0,2,2,5,0,1,8,3,0,198171,101520
KR_8347836914,200,True,775095,LOSE,5,1,0,2,2,1,27,0,1,264287,7458
KR_8347814164,100,True,941984,WIN,4,4,1,1,4,2,20,1,0,88771,1679
KR_8347814164,200,False,941984,LOSE,5,4,1,4,1,3,10,2,1,7611,21157
KR_8347772492,100,True,955355,WIN,5,1,0,4,8,1,11,3,1,280055,317058
KR_8347772492,200,False,955355,LOSE,5,4,1,2,0,7,12,0,1,9873,49126
KR_8346761268,100,False,804254,LOSE,1,1,1,4,4,2,45,0,1,687989,32155
KR_8346761268,200,True,804254,WIN,1,2,4,4,2,1,10,3,0,176148,1556916
KR_8344547747,100,True,980948,LOSE,11,3,1,4,5,3,21,3,0,1616266,13577
KR_8344547747,200,False,980948,WIN,8,8,0,6,2,4,18,0,2,141285,3659
KR_8355144177,100,True,778212,WIN,5,1,2,3,5,1,11,3,0,53923,349894
KR_8355144177,200,False,778212,LOSE,1,4,1,3,3,6,8,0,0,5191,45210
KR_8355093210,100,False,698025,LOSE,1,3,2,0,3,2,8,0,0,32416,36447
KR_8355093210,200,True,698025,WIN,2,3,1,2,5,0,6,3,1,301655,16816
KR_8354975347,100,True,1005358,LOSE,2,6,0,2,5,1,22,2,0,51184,310276
KR_8354975347,200,False,1005358,WIN,6,2,0,1,5,3,27,1,2,94488,396040
KR_8354914588,100,False,788996,LOSE,2,4,2,4,1,3,12,0,0,1172,70925
KR_8354914588,200,True,788996,WIN,3,1,3,3,7,0,14,3,1,29945,66842
KR_8354806483,100,False,631216,LOSE,2,3,0,3,1,0,3,0,0,174112,130723
KR_8354806483,200,True,631216,WIN,3,1,1,1,4,0,31,3,1,33198,21899
KR_8354185994,100,True,1063082,WIN,3,4,0,4,6,4,26,1,1,49316,73379
KR_8354185994,200,False,1063082,LOSE,4,3,3,2,5,3,65,2,0,4810616,366647
KR_8354192304,100,False,854768,LOSE,4,5,2,5,2,3,9,0,0,162039,10838
KR_8354192304,200,True,854768,WIN,5,5,1,3,7,2,9,3,1,24146,141638
KR_8354173937,100,True,798690,WIN,1,4,2,1,3,0,13,3,0,29128,885758
KR_8354173937,200,False,798690,LOSE,2,2,0,1,3,2,11,0,2,222656,100507
KR_8354173644,100,False,901193,LOSE,0,2,1,3,2,4,14,0,0,514341,13799
KR_8354173644,200,True,901193,WIN,2,0,1,0,7,2,9,3,1,586541,16447
KR_8354157529,100,True,781071,WIN,4,3,2,0,5,1,12,3,1,230204,238435
KR_8354157529,200,False,781071,LOSE,2,5,0,5,4,4,8,0,1,100093,56511
KR_8354148730,100,False,886283,LOSE,3,4,1,4,1,2,4,0,0,41378,35863
KR_8354148730,200,True,886283,WIN,1,2,1,3,7,1,11,3,2,56874,33626
KR_8354128979,100,True,682583,WIN,3,2,1,3,2,1,7,2,0,50733,462921
KR_8354128979,200,False,682583,LOSE,2,3,2,3,3,1,6,1,0,564006,23357
KR_8353997923,100,True,704596,WIN,4,2,1,2,1,2,10,3,1,162684,65125
KR_8353997923,200,False,704596,LOSE,1,3,0,5,5,3,5,0,0,73812,6003201
KR_8353976587,100,False,779703,LOSE,0,3,1,3,3,2,4,0,0,19458,40604
KR_8353976587,200,True,779703,WIN,2,2,2,0,5,1,7,3,2,93915,6427
KR_8355242684,100,True,797972,WIN,2,2,1,3,4,1,12,3,1,5283,299255
KR_8355242684,200,False,797972,LOSE,2,4,2,2,3,2,47,0,1,625454,47821
KR_8354839689,100,False,640574,LOSE,0,4,1,0,3,0,3,2,0,23476,13871
KR_8354839689,200,True,640574,WIN,2,1,1,0,1,1,4,1,1,79338,27001
KR_8354326205,100,False,709273,LOSE,0,5,1,2,1,6,7,2,0,200265,26223
KR_8354326205,200,True,709273,WIN,3,0,1,0,8,0,13,1,0,344584,50783
KR_8354298186,100,True,849669,LOSE,6,5,2,3,6,1,12,3,0,200265,69045
KR_8354298186,200,False,849669,WIN,5,5,1,5,4,6,8,0,1,7992,145590
KR_8354269782,100,False,802373,LOSE,1,4,1,0,0,1,10,2,1,64914,69045
KR_8354269782,200,True,802373,WIN,4,1,0,1,2,0,13,1,0,344584,181442
KR_8354262405,100,False,881201,WIN,4,5,1,4,3,3,13,3,1,63987,271165
KR_8354262405,200,True,881201,LOSE,5,1,3,5,8,4,7,0,0,344584,90494
KR_8354243196,100,True,914110,WIN,4,4,1,4,8,3,10,3,0,36718,13871
KR_8354243196,200,False,914110,LOSE,7,2,1,7,0,4,17,0,0,43949,386
KR_8353981239,100,False,854510,WIN,5,1,1,3,2,1,14,3,0,383007,69045
KR_8353981239,200,True,854510,LOSE,4,4,2,4,1,2,13,0,1,7812,194413
KR_8353924380,100,False,932786,WIN,3,1,3,5,3,2,15,2,0,196630,90494
KR_8353924380,200,True,932786,LOSE,3,3,1,6,6,3,14,1,1,109064,470726
KR_8353754719,100,True,947122,LOSE,1,3,1,1,3,2,14,0,0,94113,42933
KR_8353754719,200,False,947122,WIN,2,2,1,1,5,1,19,3,2,11929,29025
KR_8353027238,100,False,657317,LOSE,1,2,0,1,1,0,35,0,1,27873,3468394
KR_8353027238,200,True,657317,WIN,1,0,1,1,0,2,5,3,0,13487,103900
KR_8352958244,100,True,796283,WIN,6,3,1,3,2,2,14,3,0,196149,730578
KR_8352958244,200,False,796283,LOSE,2,6,3,6,4,4,11,0,1,38129,4334117
KR_8350931374,100,True,628349,WIN,0,0,0,0,5,0,7,3,0,195357,248320
KR_8350931374,200,False,628349,LOSE,0,2,0,2,1,3,5,0,1,426357,394097
KR_8341961346,100,True,548907,WIN,4,0,1,1,1,1,4,0,0,33583,583734
KR_8341961346,200,False,548907,LOSE,1,4,1,0,2,0,4,3,0,20440,75298
KR_8341920175,100,False,864716,LOSE,2,4,2,5,2,2,11,0,0,203313,15616
KR_8341920175,200,True,864716,WIN,5,2,2,4,3,0,9,3,1,70564,8547
KR_8341874376,100,True,740693,WIN,4,2,3,1,2,1,9,3,1,115371,34191
KR_8341874376,200,False,740693,LOSE,2,6,0,3,1,1,8,0,0,101544,10867
KR_8341785719,100,True,996315,WIN,5,0,1,1,2,1,23,3,1,102889,367039
KR_8341785719,200,False,996315,LOSE,0,4,2,3,4,5,62,0,0,462417,325051
KR_8341658595,100,True,764703,WIN,8,4,2,3,1,0,9,3,1,145007,114540
KR_8341658595,200,False,764703,LOSE,2,5,1,4,2,4,9,0,1,90623,213129
KR_8341553948,100,True,893015,WIN,1,1,2,4,8,0,16,3,1,20401,460427
KR_8341553948,200,False,893015,LOSE,3,4,2,3,1,3,15,0,1,5014,1778095
KR_8341495400,100,True,891058,LOSE,1,3,1,4,8,2,16,3,2,580580,40830
KR_8341495400,200,False,891058,WIN,1,2,4,3,3,7,47,0,0,59495,66589
KR_8341453394,100,False,716077,LOSE,1,3,2,6,4,4,5,2,1,112349,417853
KR_8341453394,200,True,716077,WIN,5,0,5,2,1,2,9,1,0,1168539,288656
KR_8341415394,100,False,788437,LOSE,1,4,2,6,1,3,8,1,0,105258,288656
KR_8341415394,200,True,788437,WIN,4,1,1,3,9,2,42,2,1,225465,57233
KR_8341389160,100,False,874653,LOSE,2,5,1,6,0,4,17,0,1,100093,92203
KR_8341389160,200,True,874653,WIN,4,1,8,4,5,1,13,3,0,36873,83211
KR_8341341242,100,False,884032,LOSE,1,3,2,8,1,5,21,2,0,77096,59476
KR_8341341242,200,True,884032,WIN,5,2,3,4,8,0,10,1,2,111306,185545
KR_8341292765,100,False,913184,LOSE,3,5,4,5,3,4,10,2,0,99145,288320
KR_8341292765,200,True,913184,WIN,6,1,1,4,7,2,12,1,1,90803,332619
KR_8341243654,100,False,859505,LOSE,0,1,2,4,5,3,13,3,0,458216,460427
KR_8341243654,200,True,859505,WIN,4,2,1,4,5,0,33,0,2,97265,69898
KR_8341194916,100,True,851335,LOSE,0,5,0,2,10,0,13,3,1,142548,87815
KR_8341194916,200,False,851335,WIN,3,4,1,1,2,3,12,0,0,63203,364772
KR_8341137467,100,False,908988,LOSE,1,2,1,4,2,2,14,0,1,610022,15504
KR_8341137467,200,True,908988,WIN,5,0,0,1,3,0,10,3,0,565229,6917
KR_8341070806,100,False,890786,WIN,3,2,1,3,3,1,52,2,1,62221,79599
KR_8341070806,200,True,890786,LOSE,4,3,1,3,0,1,32,1,1,80195,46301
KR_8341029298,100,True,888619,LOSE,2,1,1,3,3,5,17,0,0,72580,507765
KR_8341029298,200,False,888619,WIN,0,2,0,4,2,1,13,3,2,2504228,98852
KR_8340963895,100,False,566754,LOSE,0,3,0,3,2,2,3,0,0,55128,3878303
KR_8340963895,200,True,566754,WIN,3,1,2,0,5,0,2,3,0,1574,288656
KR_8348623798,100,False,1052979,WIN,4,4,4,3,2,5,21,2,1,6115,7517
KR_8348623798,200,True,1052979,LOSE,5,3,0,8,7,1,24,1,1,62092,725469
KR_8348613913,100,False,625786,LOSE,1,6,1,4,1,2,2,1,0,5778,68218
KR_8348613913,200,True,625786,WIN,8,0,2,2,4,2,7,1,0,9451,725469
KR_8346817984,100,True,774930,LOSE,4,1,8,4,8,1,9,0,1,393362,5144
KR_8346817984,200,False,774930,WIN,2,5,0,6,4,3,33,3,0,32817,5663
KR_8346522067,100,True,677117,WIN,6,0,3,0,5,3,5,3,0,17896,10423
KR_8346522067,200,False,677117,LOSE,2,5,1,4,1,2,7,0,1,32060,47250
KR_8346512385,100,True,884783,WIN,1,1,0,0,9,0,18,3,1,32782,327750
KR_8346512385,200,False,884783,LOSE,1,2,0,1,2,3,11,0,0,573929,29205
KR_8346498846,100,False,850450,LOSE,0,3,0,1,5,1,42,0,2,507705,7241
KR_8346498846,200,True,850450,WIN,4,1,0,1,3,3,14,3,0,389515,19849
KR_8346489760,100,True,681494,WIN,2,1,2,1,1,0,7,3,1,507705,63555
KR_8346489760,200,False,681494,LOSE,0,2,0,3,2,0,8,0,0,423591,35388
KR_8346477916,100,True,768617,WIN,3,2,2,1,2,1,8,0,2,250332,1507933
KR_8346477916,200,False,768617,LOSE,1,4,0,5,3,1,20,3,0,95617,658244
KR_8346462773,100,True,1054276,WIN,6,2,0,2,7,0,22,2,3,88086,13816
KR_8346462773,200,False,1054276,LOSE,1,3,1,5,3,4,20,1,0,277107,172083
KR_8346391740,100,True,908839,WIN,2,3,3,2,10,1,18,0,0,67015,166662
KR_8346391740,200,False,908839,LOSE,2,4,0,4,5,5,13,3,1,53923,147798
KR_8346349621,100,False,853823,LOSE,1,1,0,1,5,0,11,2,2,224584,32060
KR_8346349621,200,True,853823,WIN,2,0,0,2,2,4,15,1,0,296625,123962
KR_8346316455,100,False,944534,LOSE,3,1,0,2,2,3,21,3,0,2418863,109230
KR_8346316455,200,True,944534,WIN,3,2,0,3,3,0,18,0,2,202355,245434
KR_8355237528,100,False,904800,LOSE,4,6,1,9,0,7,13,0,0,147126,38501
KR_8355237528,200,True,904800,WIN,12,2,4,2,6,3,13,3,2,136172,645187
KR_8352196531,100,True,938102,WIN,2,1,3,1,1,2,14,3,1,341605,54929
KR_8352196531,200,False,938102,LOSE,2,2,0,3,4,1,20,0,1,62595,42487
KR_8352146253,100,True,947711,WIN,5,0,0,0,2,1,27,0,2,6126,27982
KR_8352146253,200,False,947711,LOSE,1,3,1,3,1,2,15,3,0,59754,622934
KR_8352105302,100,False,791767,LOSE,2,4,0,5,1,6,6,2,0,20591,122563
KR_8352105302,200,True,791767,WIN,1,2,3,2,10,1,10,1,2,28803,34739
KR_8348551657,100,True,876325,WIN,6,3,1,1,3,3,18,3,2,56008,236965
KR_8348551657,200,False,876325,LOSE,2,5,1,4,3,5,17,0,0,3163,1016489
KR_8348530869,100,False,804432,LOSE,2,1,1,6,1,4,12,0,0,285788,288656
KR_8348530869,200,True,804432,WIN,3,2,0,0,5,2,15,3,1,134574,170346
KR_8345872956,100,False,959613,LOSE,4,3,3,5,6,1,16,3,0,376044,325195
KR_8345872956,200,True,959613,WIN,6,3,0,4,5,3,16,0,1,440179,293630
KR_8345839271,100,False,778506,LOSE,2,4,1,3,2,1,9,1,0,40874,18751
KR_8345839271,200,True,778506,WIN,3,4,1,0,2,1,6,2,2,198171,27953
KR_8340455494,100,False,830204,LOSE,2,5,1,5,1,4,20,0,0,10111,135803
KR_8340455494,200,True,830204,WIN,7,2,0,2,7,0,11,3,2,379232,158432
KR_8340411747,100,True,881245,WIN,4,3,0,3,9,0,14,1,1,651254,490804
KR_8340411747,200,False,881245,LOSE,1,2,1,3,3,2,49,2,0,158747,10714
KR_8340349202,100,False,697148,LOSE,2,3,1,3,1,2,10,3,0,1168539,196215
KR_8340349202,200,True,697148,WIN,4,2,1,1,1,0,7,0,2,211784,86088
KR_8340280572,100,True,852032,WIN,3,5,0,3,0,2,10,3,0,2418863,3173
KR_8340280572,200,False,852032,LOSE,7,3,0,0,5,0,19,0,2,97265,743047
KR_8340234103,100,True,921184,WIN,4,3,1,3,5,1,10,3,2,104305,51312
KR_8340234103,200,False,921184,LOSE,1,3,0,6,4,6,11,0,0,42226,482587
KR_8340147854,100,True,781669,LOSE,3,4,1,4,7,3,11,0,1,36873,40144
KR_8340147854,200,False,781669,WIN,5,3,2,4,3,1,11,3,0,54342,107972
KR_8340042700,100,True,774745,WIN,7,1,4,2,4,1,30,3,0,360849,33610
KR_8340042700,200,False,774745,LOSE,1,5,3,6,2,2,12,0,1,164035,108944
KR_8348546633,100,False,742789,LOSE,1,4,0,8,2,2,9,1,0,122056,107972
KR_8348546633,200,True,742789,WIN,6,4,7,2,4,2,12,2,1,47034,4925
KR_8348507774,100,False,889800,WIN,3,4,1,2,3,1,10,3,1,126920,2736826
KR_8348507774,200,True,889800,LOSE,2,4,2,6,1,4,15,0,0,2567815,412293
KR_8348467740,100,False,858437,WIN,0,3,4,5,3,3,41,2,1,1295903,66589
KR_8348467740,200,True,858437,LOSE,4,2,2,4,5,4,15,1,1,5031679,60195
KR_8348436185,100,True,794334,WIN,10,1,0,1,0,0,14,3,1,293289,2692
KR_8348436185,200,False,794334,LOSE,1,3,0,4,3,3,11,0,0,378059,33348
KR_8347462576,100,False,606472,WIN,4,1,0,1,0,2,4,3,0,30776,26715
KR_8347462576,200,True,606472,LOSE,1,2,2,2,3,0,3,0,1,29798,10454
KR_8347374842,100,False,906301,LOSE,2,2,0,2,3,2,12,0,0,198171,52577
KR_8347374842,200,True,906301,WIN,5,2,1,2,3,1,15,3,1,147728,204802
KR_8344810240,100,True,856231,WIN,2,0,2,0,8,0,44,0,1,20401,72216
KR_8344810240,200,False,856231,LOSE,0,5,0,3,4,2,50,3,1,173401,300883
KR_8344659083,100,True,736135,WIN,3,0,1,0,3,2,12,1,0,137938,261709
KR_8344659083,200,False,736135,LOSE,0,2,0,2,2,1,13,2,1,253559,412177
KR_8353868398,100,True,777362,WIN,3,0,2,0,6,1,9,2,0,35161,150856
KR_8353868398,200,False,777362,LOSE,0,2,1,4,0,2,38,1,1,19671,13284
KR_8350170705,100,False,706203,LOSE,0,6,0,4,4,2,9,3,0,92126,104996
KR_8350170705,200,True,706203,WIN,5,0,3,1,4,2,8,0,1,17201,267451
KR_8350130496,100,False,988182,WIN,3,3,1,4,2,3,19,0,0,92410,283345
KR_8350130496,200,True,988182,LOSE,5,3,0,1,2,1,17,3,2,92126,127513
KR_8347888442,100,True,703880,WIN,4,2,2,2,7,0,10,2,1,553314,10348
KR_8347888442,200,False,703880,LOSE,3,7,1,1,1,2,14,1,0,68207,9930
KR_8347738008,100,True,987515,WIN,3,5,3,4,6,1,19,2,1,1868186,2296793
KR_8347738008,200,False,987515,LOSE,4,3,3,4,2,2,18,1,1,64243,69126
KR_8347697207,100,False,935426,WIN,4,6,0,2,2,0,13,0,0,246534,1103504
KR_8347697207,200,True,935426,LOSE,4,2,2,3,5,1,11,3,1,302712,271495
KR_8347024622,100,False,701722,LOSE,0,3,1,1,5,1,11,3,0,3002,1479269
KR_8347024622,200,True,701722,WIN,4,0,0,1,3,2,12,0,1,36310,46471
KR_8346973967,100,True,883358,WIN,3,3,3,3,3,2,9,3,0,68207,203976
KR_8346973967,200,False,883358,LOSE,0,3,1,2,5,4,12,0,1,36310,9051
KR_8346743929,100,False,798853,WIN,8,3,0,1,4,1,13,1,0,742841,127479
KR_8346743929,200,True,798853,LOSE,1,6,0,4,5,0,14,2,1,68207,79069
KR_8345824391,100,True,690801,WIN,3,2,2,2,5,0,9,1,1,719404,6003201
KR_8345824391,200,False,690801,LOSE,2,5,1,2,2,4,7,2,0,68207,236263
KR_8345694599,100,True,957556,WIN,1,1,1,1,3,1,50,3,1,148643,37982
KR_8345694599,200,False,957556,LOSE,0,1,1,1,2,2,17,0,1,64243,85813
KR_8345635183,100,True,625033,WIN,3,1,3,2,2,1,9,1,1,9873,320217
KR_8345635183,200,False,625033,LOSE,3,4,0,3,0,1,8,2,0,92126,644615
KR_8345614374,100,True,781790,WIN,7,3,0,1,7,1,11,2,1,68207,438692
KR_8345614374,200,False,781790,LOSE,3,5,2,5,1,4,14,1,0,45400,299255
KR_8345593119,100,True,708785,WIN,4,1,0,1,0,1,7,3,1,267836,21336
KR_8345593119,200,False,708785,LOSE,0,4,1,3,2,0,4,0,0,3949,29121
KR_8345514794,100,False,953866,WIN,3,3,1,3,2,1,13,3,1,649147,187764
KR_8345514794,200,True,953866,LOSE,5,4,0,1,5,2,17,0,1,547419,522156
KR_8344582440,100,False,945283,LOSE,1,4,0,0,7,1,9,0,0,92126,67061
KR_8344582440,200,True,945283,WIN,3,4,1,1,2,2,31,3,1,497586,4687
KR_8355182357,100,False,739639,LOSE,2,4,3,2,4,4,41,0,0,810269,29488
KR_8355182357,200,True,739639,WIN,1,5,4,4,5,0,10,3,2,9893,26491
KR_8355148782,100,True,1008970,WIN,2,3,1,3,8,4,13,3,2,622798,185404
KR_8355148782,200,False,1008970,LOSE,2,3,1,3,6,3,16,0,0,447169,562
KR_8353747748,100,True,830394,WIN,3,2,0,3,8,1,11,3,0,78372,59688
KR_8353747748,200,False,830394,LOSE,3,3,0,3,3,3,49,0,2,554294,171436
KR_8353363038,100,True,1060418,LOSE,3,2,0,0,5,0,11,0,0,203891,13330
KR_8353363038,200,False,1060418,WIN,1,3,1,4,2,1,24,3,2,348286,871
KR_8351527485,100,True,809494,WIN,6,3,1,4,12,1,15,3,2,504161,95267
KR_8351527485,200,False,809494,LOSE,3,7,4,6,5,3,12,0,0,78864,143456
KR_8346642537,100,False,899250,LOSE,1,5,0,2,4,0,18,3,0,204640,619164
KR_8346642537,200,True,899250,WIN,2,2,1,3,4,0,15,0,2,313864,191930
KR_8346548916,100,True,796102,WIN,6,2,0,1,5,1,12,3,1,49956,23284
KR_8346548916,200,False,796102,LOSE,4,6,0,4,0,2,8,0,0,313864,160928
KR_8346553186,100,True,791757,WIN,6,1,1,1,9,1,11,0,1,36310,30777
KR_8346553186,200,False,791757,LOSE,0,6,0,5,7,4,12,3,0,10363,17214
KR_8346516117,100,False,805569,WIN,4,0,0,3,3,1,9,0,0,1778151,317058
KR_8346516117,200,True,805569,LOSE,0,3,1,2,2,2,45,3,1,126502,62335
KR_8353026408,100,False,1034334,WIN,1,1,1,0,5,1,70,3,2,64234,20081
KR_8353026408,200,True,1034334,LOSE,2,5,1,5,1,4,22,0,0,102890,49975
KR_8353014275,100,True,711446,WIN,7,2,2,1,5,2,10,2,1,20606,143456
KR_8353014275,200,False,711446,LOSE,0,5,1,6,3,1,8,1,0,317965,44348
KR_8349658086,100,False,741992,LOSE,4,4,1,3,3,3,32,1,0,64866,25897
KR_8349658086,200,True,741992,WIN,3,5,0,1,5,2,13,2,2,93667,185277
KR_8347359234,100,False,701300,LOSE,1,2,0,1,3,2,32,0,0,310191,256960
KR_8347359234,200,True,701300,WIN,1,2,0,0,5,0,14,3,0,216859,490804
KR_8346389285,100,False,957229,LOSE,2,2,1,1,1,1,60,0,0,115995,171436
KR_8346389285,200,True,957229,WIN,2,2,1,2,1,0,21,3,2,145590,2498772
KR_8339586846,100,False,775043,LOSE,0,7,6,7,5,5,9,0,0,176148,71860
KR_8339586846,200,True,775043,WIN,5,3,1,4,11,1,12,3,0,17852,45694
KR_8354610583,100,True,893743,LOSE,3,3,2,1,3,1,14,3,0,89437,53551
KR_8354610583,200,False,893743,WIN,2,0,0,3,4,2,11,0,1,514341,80473
KR_8354066889,100,True,931846,LOSE,3,1,0,4,8,1,12,0,1,181533,65224
KR_8354066889,200,False,931846,WIN,4,4,2,2,3,4,19,3,0,145269,53551
KR_8353955890,100,True,827268,WIN,7,1,1,2,2,3,15,3,0,634485,713117
KR_8353955890,200,False,827268,LOSE,2,4,3,3,1,3,46,0,1,379232,205551
KR_8353019024,100,False,880441,LOSE,0,2,2,3,2,1,14,3,0,81005,1125035
KR_8353019024,200,True,880441,WIN,3,2,1,0,1,3,17,0,1,34449,330040
KR_8355202181,100,False,887854,LOSE,5,6,0,6,2,2,14,3,2,93473,4155
KR_8355202181,200,True,887854,WIN,5,4,7,2,7,1,11,0,0,765765,645187
KR_8355159636,100,True,645303,WIN,3,2,6,4,4,2,7,0,1,171271,148295
KR_8355159636,200,False,645303,LOSE,2,6,1,4,2,4,2,0,0,15117,683901
KR_8352990968,100,True,933316,LOSE,8,3,2,2,1,2,12,3,2,242231,69494
KR_8352990968,200,False,933316,WIN,1,4,1,4,4,3,14,0,0,38114,3661
KR_8352964606,100,False,776024,LOSE,4,5,1,3,3,6,11,0,0,746,389
KR_8352964606,200,True,776024,WIN,5,4,2,2,5,1,9,3,1,3731,103900
KR_8352780405,100,False,952814,WIN,2,5,1,2,4,3,20,3,0,1622,11284
KR_8352780405,200,True,952814,LOSE,3,1,0,7,7,0,11,0,2,775050,5578
KR_8351558811,100,False,739061,LOSE,1,6,2,4,2,4,5,0,0,12563,95718
KR_8351558811,200,True,739061,WIN,4,2,4,3,3,1,11,3,1,296625,4594
KR_8351558383,100,False,802035,LOSE,1,3,0,4,0,4,8,3,0,360,6169
KR_8351558383,200,True,802035,WIN,5,1,4,0,4,1,14,0,1,5283,20734
KR_8351913924,100,False,855816,LOSE,2,2,0,1,4,2,12,0,0,90855,19199
KR_8351913924,200,True,855816,WIN,2,2,2,3,1,1,14,3,2,915061,77068
KR_8351867250,100,False,943615,LOSE,3,1,0,5,3,2,11,1,0,759127,23295
KR_8351867250,200,True,943615,WIN,3,1,3,2,2,0,17,2,1,433928,628858
KR_8351812984,100,True,954387,LOSE,4,4,3,4,5,2,18,3,1,212177,44762
KR_8351812984,200,False,954387,WIN,5,5,1,3,9,2,54,0,0,272196,35768
KR_8351585386,100,True,624841,WIN,5,0,0,0,3,1,8,0,1,35966,214363
KR_8351585386,200,False,624841,LOSE,0,3,0,2,2,0,6,3,0,43757,18006
KR_8351576094,100,False,765667,WIN,0,1,3,4,6,2,9,3,0,273116,62783
KR_8351576094,200,True,765667,LOSE,2,4,0,1,5,2,11,0,1,382291,131136
KR_8351571152,100,True,912885,WIN,2,0,1,3,1,1,21,3,0,37633,361179
KR_8351571152,200,False,912885,LOSE,1,4,1,0,2,1,17,0,2,292686,131136
KR_8351554278,100,True,1018187,LOSE,3,3,0,3,3,1,15,1,1,902457,2001497
KR_8351554278,200,False,1018187,WIN,2,6,1,2,5,2,19,2,0,71617,59137
KR_8351529735,100,True,913445,WIN,2,3,0,3,3,6,18,1,1,548057,361179
KR_8351529735,200,False,913445,LOSE,1,3,1,1,9,0,54,2,1,902457,296762
KR_8350303017,100,True,850676,WIN,7,3,3,3,11,0,16,1,1,72805,1016489
KR_8350303017,200,False,850676,LOSE,3,8,1,8,2,5,43,2,0,63979,257529
KR_8350232452,100,False,810369,LOSE,1,3,0,2,1,1,14,3,0,72805,9110
KR_8350232452,200,True,810369,WIN,5,1,0,0,3,1,46,0,2,198171,115041
KR_8350203717,100,True,761394,WIN,0,0,1,0,10,1,12,3,0,13848,16402
KR_8350203717,200,False,761394,LOSE,1,0,0,1,1,5,14,0,1,156156,306012
KR_8350171971,100,True,851571,WIN,6,1,1,2,5,2,30,3,2,47757,37237
KR_8350171971,200,False,851571,LOSE,2,5,0,3,2,6,48,0,0,8186,6796
KR_8350154316,100,True,932485,WIN,3,3,1,1,6,4,22,3,1,109196,4233
KR_8350154316,200,False,932485,LOSE,3,4,1,2,3,6,15,0,1,810269,9452
KR_8349982889,100,False,828985,LOSE,3,3,0,1,2,1,14,0,1,143753,54929
KR_8349982889,200,True,828985,WIN,0,2,1,0,5,0,45,3,0,61409,321006
KR_8349965966,100,True,1069905,LOSE,2,2,1,5,6,8,24,0,0,6168,33601
KR_8349965966,200,False,1069905,WIN,1,2,4,7,7,4,22,3,2,1778151,14414
KR_8352211498,100,False,1084674,LOSE,5,3,1,2,6,3,43,3,1,44674,8392
KR_8352211498,200,True,1084674,WIN,0,5,0,3,6,1,21,0,1,276733,27549
KR_8349369454,100,True,778256,LOSE,0,1,1,0,1,0,11,1,1,61301,784776
KR_8349369454,200,False,778256,WIN,1,0,0,0,0,0,13,2,0,176878,397832
KR_8349317560,100,False,832375,WIN,1,4,0,5,5,5,11,0,1,46839,95393
KR_8349317560,200,True,832375,LOSE,5,5,3,1,3,1,7,3,0,1287870,1663
KR_8349021299,100,True,715653,WIN,2,3,8,3,1,1,3,3,2,12264,16720
KR_8349021299,200,False,715653,LOSE,2,5,1,3,3,4,33,0,0,87966,5008
KR_8348761901,100,False,918904,WIN,8,5,0,4,0,6,14,3,0,218189,30777
KR_8348761901,200,True,918904,LOSE,5,4,2,4,11,1,14,0,2,15013,129979
KR_8348754408,100,False,685133,LOSE,1,4,1,4,1,0,0,1,0,211913,35441
KR_8348754408,200,True,685133,WIN,6,0,1,2,2,0,6,2,1,39468,62783
KR_8347260520,100,True,820662,WIN,8,1,0,3,0,2,10,0,2,386503,43733
KR_8347260520,200,False,820662,LOSE,1,6,2,4,2,1,14,3,0,58233,654472
KR_8347196794,100,True,1038941,WIN,5,3,5,1,5,1,24,0,1,290959,456117
KR_8347196794,200,False,1038941,LOSE,3,5,1,4,1,4,17,3,0,525914,2085319
KR_8347128774,100,False,1028856,LOSE,2,5,2,3,5,5,12,0,0,1828546,668
KR_8347128774,200,True,1028856,WIN,4,6,3,0,6,1,21,3,2,82437,159783
KR_8343129957,100,True,803785,WIN,0,2,3,3,3,1,14,1,0,308690,806095
KR_8343129957,200,False,803785,LOSE,2,3,1,2,3,2,11,2,1,126246,5131
KR_8342039394,100,True,910515,LOSE,2,4,0,3,2,3,9,2,0,6906,22970
KR_8342039394,200,False,910515,WIN,2,2,0,4,3,2,11,1,2,63196,30553
KR_8341992710,100,False,939334,LOSE,3,4,0,4,5,0,12,0,1,546827,98852
KR_8341992710,200,True,939334,WIN,4,3,0,3,6,1,19,3,1,386503,39937
KR_8341925850,100,True,777681,LOSE,0,2,0,3,3,0,13,3,1,38964,40774
KR_8341925850,200,False,777681,WIN,3,0,2,0,1,3,13,0,0,17033,159783
KR_8341767679,100,False,740446,LOSE,2,3,0,3,0,1,8,1,0,25026,40267
KR_8341767679,200,True,740446,WIN,2,2,1,0,4,0,40,2,2,642178,585069
KR_8341697224,100,False,855123,WIN,1,1,1,4,6,1,13,1,1,183958,23175
KR_8341697224,200,True,855123,LOSE,1,2,1,3,3,3,10,2,1,290959,85674
KR_8354399919,100,True,766223,LOSE,0,3,3,2,4,1,7,2,0,181533,6003201
KR_8354399919,200,False,766223,WIN,4,1,2,3,2,4,7,1,1,25255,126788
KR_8354356797,100,True,869537,WIN,2,2,1,2,5,1,14,3,1,1160004,254284
KR_8354356797,200,False,869537,LOSE,2,3,0,3,0,3,12,0,1,59796,1446511
KR_8352032874,100,True,857844,LOSE,0,3,1,1,3,1,50,3,1,32817,24790
KR_8352032874,200,False,857844,WIN,2,1,0,2,3,2,13,0,1,148643,1900
KR_8351985585,100,True,1029663,WIN,2,6,8,4,5,3,18,3,1,184743,19722
KR_8351985585,200,False,1029663,LOSE,7,3,0,4,6,3,22,0,1,1866,4012
KR_8348920926,100,True,885242,WIN,4,1,3,5,3,1,17,3,2,21216,18620
KR_8348920926,200,False,885242,LOSE,3,4,1,2,1,2,13,0,0,565229,784776
KR_8348903433,100,False,1080792,LOSE,2,6,0,9,1,4,67,3,0,261811,88994
KR_8348903433,200,True,1080792,WIN,9,3,0,2,13,0,21,0,2,255590,42511
KR_8347877328,100,True,1084321,WIN,5,2,0,3,4,0,64,3,2,51363,115011
KR_8347877328,200,False,1084321,LOSE,2,4,0,3,4,4,20,0,0,20424,299255
KR_8347202912,100,True,919703,LOSE,5,1,1,4,2,4,58,0,0,264287,374806
KR_8347202912,200,False,919703,WIN,1,4,1,6,7,2,16,3,2,36310,395590
KR_8345017957,100,False,720341,LOSE,2,4,2,2,3,0,6,1,0,18180,35568
KR_8345017957,200,True,720341,WIN,5,2,1,3,1,2,6,2,1,12680,10613
KR_8341686373,100,True,1137911,LOSE,2,0,0,3,12,1,74,0,1,276766,585069
KR_8341686373,200,False,1137911,WIN,1,3,0,7,5,4,67,3,2,50417,57233
KR_8341622931,100,False,851802,LOSE,2,4,0,3,0,1,10,0,0,301568,7466
KR_8341622931,200,True,851802,WIN,6,0,0,2,1,0,12,3,1,113907,20922
KR_8340167743,100,False,652677,LOSE,2,3,0,3,2,1,9,2,0,89706,9507
KR_8340167743,200,True,652677,WIN,4,1,5,1,1,0,26,1,1,99573,69898
KR_8338755979,100,False,971028,WIN,3,5,0,4,4,4,16,3,1,685439,6669
KR_8338755979,200,True,971028,LOSE,7,3,1,3,7,1,22,0,1,175113,190207
KR_8337282556,100,True,907209,WIN,1,0,1,7,9,1,9,2,0,350482,155449
KR_8337282556,200,False,907209,LOSE,2,2,0,3,2,4,16,1,1,544525,35145
KR_8354605363,100,True,1050031,WIN,4,1,1,1,7,2,25,0,1,44542,48646
KR_8354605363,200,False,1050031,LOSE,3,4,0,5,2,2,16,3,1,16219,87383
KR_8354561911,100,False,994797,LOSE,5,4,3,3,3,4,17,3,1,37408,10893
KR_8354561911,200,True,994797,WIN,2,3,2,4,5,3,21,0,1,93066,24568
KR_8349843028,100,True,751549,LOSE,1,1,1,4,2,0,7,0,2,211728,251159
KR_8349843028,200,False,751549,WIN,3,1,0,0,2,1,10,3,0,157202,356283
KR_8349783772,100,True,995001,WIN,4,0,0,2,2,1,18,1,1,397002,541972
KR_8349783772,200,False,995001,LOSE,0,1,1,3,1,1,18,2,0,853002,6431
KR_8349027164,100,True,986872,WIN,2,3,0,3,5,4,17,0,1,71825,45428
KR_8349027164,200,False,986872,LOSE,3,2,2,2,3,1,15,3,1,26187,23087
KR_8348984191,100,True,854650,WIN,2,4,0,2,7,4,14,3,1,198171,18793
KR_8348984191,200,False,854650,LOSE,1,3,3,4,0,3,11,0,0,34018,25403
KR_8346348872,100,False,950348,LOSE,3,5,11,5,3,3,19,0,0,7139,34317
KR_8346348872,200,True,950348,WIN,7,6,2,6,2,1,8,3,0,407191,22010
KR_8346261101,100,False,1044663,LOSE,0,2,4,2,0,3,36,3,0,49851,105474
KR_8346261101,200,True,1044663,WIN,4,1,2,2,5,1,29,0,2,1163230,2498772
KR_8346203638,100,False,849098,WIN,4,3,1,5,5,1,12,3,2,423591,60195
KR_8346203638,200,True,849098,LOSE,6,3,2,5,3,5,47,0,0,212177,88518
KR_8344574920,100,True,984169,WIN,2,3,3,1,3,2,11,2,2,117852,254284
KR_8344574920,200,False,984169,LOSE,2,3,1,3,3,2,11,1,0,262246,23791
KR_8342350696,100,False,802677,WIN,3,2,1,2,5,2,13,1,0,902457,662993
KR_8342350696,200,True,802677,LOSE,4,3,1,1,1,1,10,2,1,249359,52715
KR_8342318812,100,True,698918,WIN,4,2,1,1,1,2,8,3,1,349115,136938
KR_8342318812,200,False,698918,LOSE,1,4,1,1,4,0,8,0,0,137290,11956
KR_8340366944,100,False,1061141,WIN,2,5,0,3,3,3,64,3,1,10308,22612
KR_8340366944,200,True,1061141,LOSE,5,2,3,3,5,2,28,0,0,173563,197065
KR_8340328346,100,True,1018006,WIN,1,3,1,2,10,2,33,3,1,5825,3644
KR_8340328346,200,False,1018006,LOSE,3,4,0,4,5,1,17,0,1,470828,107306
KR_8340290082,100,True,788070,WIN,4,1,2,1,4,1,31,3,1,13591,17462
KR_8340290082,200,False,788070,LOSE,1,3,0,4,4,2,9,0,0,1046805,12736
KR_8340196689,100,False,943861,LOSE,1,3,1,3,2,1,11,3,0,122738,107306
KR_8340196689,200,True,943861,WIN,1,0,4,3,3,0,16,0,2,16700,69495
KR_8353544019,100,False,854925,WIN,1,2,1,3,3,2,47,3,1,5191,58334
KR_8353544019,200,True,854925,LOSE,3,3,2,1,2,5,14,0,0,82116,106259
KR_8353497713,100,True,881967,LOSE,4,5,1,2,3,2,8,3,1,177930,14312
KR_8353497713,200,False,881967,WIN,5,4,5,3,2,2,15,0,0,75372,280055
KR_8350678209,100,True,746818,WIN,2,1,0,1,3,0,34,3,2,626075,1640
KR_8350678209,200,False,746818,LOSE,0,3,2,0,3,2,9,0,0,53321,423196
KR_8343504487,100,True,768442,LOSE,3,2,0,1,0,1,14,1,0,18706,3620
KR_8343504487,200,False,768442,WIN,1,1,1,2,3,0,16,2,1,1086514,17051
KR_8341789776,100,True,830158,WIN,4,2,3,4,9,1,15,3,1,28614,24615
KR_8341789776,200,False,830158,LOSE,1,5,1,2,3,7,14,0,0,1648842,423196
KR_8341485239,100,False,929782,LOSE,5,4,3,3,6,2,17,0,1,76682,30722
KR_8341485239,200,True,929782,WIN,8,3,0,7,1,2,10,3,1,270569,18612
KR_8351097921,100,True,934309,LOSE,0,1,2,2,5,3,17,2,0,133835,43520
KR_8351097921,200,False,934309,WIN,3,2,3,0,3,3,13,1,1,627699,38994
KR_8350578444,100,True,821722,WIN,6,3,1,2,4,1,12,3,1,984058,198954
KR_8350578444,200,False,821722,LOSE,5,5,0,5,3,2,13,0,0,454934,7283
KR_8348850557,100,True,804322,WIN,3,1,2,2,9,2,15,2,1,144500,166828
KR_8348850557,200,False,804322,LOSE,1,3,1,3,3,5,15,1,1,312630,62653
KR_8347295318,100,True,860703,LOSE,3,1,0,0,4,2,12,0,0,56598,54735
KR_8347295318,200,False,860703,WIN,0,3,1,4,3,2,13,3,2,339300,79280
KR_8346211741,100,True,703006,LOSE,1,4,1,5,1,2,43,3,0,166943,374806
KR_8346211741,200,False,703006,WIN,5,2,1,1,3,0,26,0,1,140860,66941
KR_8345506716,100,False,951612,LOSE,2,2,1,1,4,3,17,0,1,2229565,5500452
KR_8345506716,200,True,951612,WIN,2,1,0,3,8,0,17,3,1,42255,534401
KR_8341603699,100,True,692149,WIN,8,2,2,4,2,0,39,3,0,2418863,110363
KR_8341603699,200,False,692149,LOSE,2,7,1,2,2,1,18,0,1,217913,11774
KR_8341563256,100,True,713706,WIN,4,1,2,0,2,1,14,3,0,125973,566495
KR_8341563256,200,False,713706,LOSE,0,5,0,2,3,2,8,0,1,199989,152897
KR_8341499331,100,True,940099,WIN,8,4,0,4,9,3,13,1,1,1062978,160928
KR_8341499331,200,False,940099,LOSE,1,6,4,4,5,4,15,1,1,41535,40463
KR_8337804195,100,False,882905,LOSE,8,5,0,6,3,2,10,0,0,5670449,152137
KR_8337804195,200,True,882905,WIN,2,4,1,4,9,1,17,3,2,266307,397002
KR_8337040231,100,True,885382,LOSE,4,5,0,2,2,2,10,3,0,147047,26656
KR_8337040231,200,False,885382,WIN,1,2,2,3,7,0,21,0,2,187566,2919
KR_8353096942,100,True,1129551,WIN,5,1,1,1,7,3,66,3,2,11958,3468394
KR_8353096942,200,False,1129551,LOSE,1,2,4,9,1,6,27,0,0,24473,145160
KR_8353088731,100,False,703703,LOSE,4,2,3,5,1,4,9,1,1,344584,20716
KR_8353088731,200,True,703703,WIN,3,3,1,4,5,4,8,2,0,81274,8650
KR_8349254148,100,True,868608,WIN,3,3,2,4,3,1,12,3,2,4656,89325
KR_8349254148,200,False,868608,LOSE,5,3,1,3,1,2,14,0,0,169196,909340
KR_8342262916,100,False,859487,LOSE,0,1,1,2,3,3,9,3,0,521847,45201
KR_8342262916,200,True,859487,WIN,0,0,2,1,2,2,11,0,2,118466,66181
KR_8342257289,100,False,936796,LOSE,0,3,1,2,2,0,55,1,1,82637,615655
KR_8342257289,200,True,936796,WIN,3,0,0,2,4,2,17,2,0,113947,52715
KR_8339330371,100,True,886331,LOSE,2,3,1,1,3,0,18,3,2,11939,24772
KR_8339330371,200,False,886331,WIN,3,1,0,3,3,2,16,0,0,87079,114885
KR_8338675763,100,False,852516,WIN,2,0,3,0,0,0,14,3,2,207086,213268
KR_8338675763,200,True,852516,LOSE,0,0,1,4,2,1,17,0,0,17674,121693
KR_8354984544,100,False,982901,LOSE,2,2,0,1,4,4,18,1,0,18081,407094
KR_8354984544,200,True,982901,WIN,1,2,1,2,3,3,18,2,2,6915,225901
KR_8354921595,100,False,783992,WIN,1,1,1,3,4,2,13,1,1,654472,228915
KR_8354921595,200,True,783992,LOSE,4,3,0,5,3,3,10,2,1,2567815,83211
KR_8352836371,100,True,958059,WIN,9,3,1,4,5,2,10,0,1,23101,6500
KR_8352836371,200,False,958059,LOSE,5,5,1,5,7,4,19,3,1,598936,341484
KR_8352779602,100,True,736592,WIN,5,3,3,0,6,0,6,3,2,16933,18646
KR_8352779602,200,False,736592,LOSE,2,7,1,6,0,3,8,0,0,134885,167193
KR_8350878332,100,False,742997,LOSE,2,2,0,2,1,2,6,3,0,88266,34689
KR_8350878332,200,True,742997,WIN,3,2,1,1,6,0,6,0,1,13964,138257
KR_8346388319,100,True,879170,LOSE,1,4,2,2,5,2,15,3,1,98169,253519
KR_8346388319,200,False,879170,WIN,4,3,0,2,3,3,30,0,0,212427,23814
KR_8345305866,100,True,858183,LOSE,4,2,2,4,6,1,12,1,2,74713,1335
KR_8345305866,200,False,858183,WIN,2,2,2,6,2,4,10,2,0,175562,153342
KR_8345308008,100,True,951707,WIN,6,4,1,3,4,4,16,3,1,79937,317058
KR_8345308008,200,False,951707,LOSE,3,7,1,4,7,4,53,0,0,138561,6046
KR_8344925795,100,False,1013647,LOSE,1,3,0,3,4,5,21,3,0,89540,297938
KR_8344925795,200,True,1013647,WIN,4,1,2,1,7,2,14,0,2,627699,305754
KR_8344868285,100,False,928969,LOSE,3,1,0,3,2,1,7,0,0,277107,972635
KR_8344868285,200,True,928969,WIN,1,3,1,2,3,1,57,3,2,130583,338269
KR_8340491198,100,True,865196,WIN,2,3,3,3,5,0,19,2,1,53632,84548
KR_8340491198,200,False,865196,LOSE,1,2,1,6,3,1,9,1,0,87058,45508
KR_8340420961,100,True,965865,LOSE,4,4,2,3,5,4,16,0,0,57014,41957
KR_8340420961,200,False,965865,WIN,3,4,1,6,8,3,16,3,1,102687,4784
KR_8355201894,100,False,823516,LOSE,1,2,0,2,4,3,9,0,0,35966,407094
KR_8355201894,200,True,823516,WIN,2,2,0,2,4,3,9,3,2,408607,233314
KR_8354090892,100,True,859508,LOSE,5,2,0,2,4,1,11,3,0,383007,175048
KR_8354090892,200,False,859508,WIN,4,1,0,3,1,2,11,0,1,59495,330040
KR_8354047289,100,False,548454,LOSE,0,1,1,1,3,1,1,3,0,89648,972635
KR_8354047289,200,True,548454,WIN,1,0,1,1,3,1,7,0,1,584216,204802
KR_8353966736,100,False,989464,LOSE,1,1,0,5,2,2,11,1,0,96033,221378
KR_8353966736,200,True,989464,WIN,2,1,0,0,6,1,19,2,2,93334,619164
KR_8351250063,100,True,771133,WIN,9,5,2,3,2,5,8,3,0,126920,233314
KR_8351250063,200,False,771133,LOSE,0,6,6,6,6,1,10,0,2,857328,112193
KR_8345156238,100,True,920099,WIN,4,1,0,1,5,4,17,0,1,105433,972635
KR_8345156238,200,False,920099,LOSE,4,3,0,3,5,2,53,3,1,2357013,190777
KR_8345070066,100,False,793203,WIN,2,0,0,0,1,3,10,3,0,8039,128733
KR_8345070066,200,True,793203,LOSE,0,2,1,1,5,0,11,0,1,19200,119976
KR_8344776553,100,False,938711,LOSE,5,4,1,3,0,1,10,3,0,92245,175048
KR_8344776553,200,True,938711,WIN,3,5,0,1,5,1,20,0,2,310077,115018
KR_8348900028,100,True,759785,WIN,2,2,1,2,5,0,13,0,1,236682,755046
KR_8348900028,200,False,759785,LOSE,3,2,0,5,1,3,15,3,1,703798,23471
KR_8348852266,100,True,653671,WIN,3,1,4,1,5,0,34,0,1,902457,33045
KR_8348852266,200,False,653671,LOSE,1,4,1,3,2,3,5,3,0,913903,26232
KR_8347446582,100,True,937093,WIN,0,1,0,2,4,2,13,3,0,212177,201334
KR_8347446582,200,False,937093,LOSE,0,2,0,1,4,1,22,0,2,858504,3686
KR_8347220814,100,False,796273,WIN,6,2,0,3,0,1,12,3,1,959551,8186
KR_8347220814,200,True,796273,LOSE,3,3,0,4,2,1,13,0,0,198171,3316
KR_8346771147,100,False,928372,LOSE,3,5,3,8,2,1,53,3,0,325299,25907
KR_8346771147,200,True,928372,WIN,5,4,2,2,6,2,15,0,1,116451,101520
KR_8345514698,100,False,823113,LOSE,2,1,1,1,4,6,6,1,0,75100,67061
KR_8345514698,200,True,823113,WIN,1,4,3,3,4,2,10,2,2,102487,299255
KR_8345216897,100,False,737579,LOSE,3,1,0,2,2,5,9,3,0,572026,191930
KR_8345216897,200,True,737579,WIN,2,0,1,2,4,5,8,0,1,16700,47250
KR_8344340323,100,True,820444,LOSE,4,5,2,2,5,1,19,3,0,60079,22485
KR_8344340323,200,False,820444,WIN,4,6,6,6,1,3,10,0,1,189408,39601
KR_8344111721,100,False,761221,LOSE,0,6,0,4,3,3,8,1,0,30929,69126
KR_8344111721,200,True,761221,WIN,2,1,2,1,10,3,8,2,1,262865,29179
KR_8341863292,100,True,771747,LOSE,1,1,2,10,6,1,8,0,0,679185,26232
KR_8341863292,200,False,771747,WIN,5,3,2,5,6,5,6,3,1,138755,25365
KR_8341804158,100,True,708822,WIN,4,0,2,0,1,1,13,2,1,673165,687381
KR_8341804158,200,False,708822,LOSE,0,0,0,4,1,2,7,0,1,184907,27773
KR_8341737217,100,False,709602,WIN,7,0,0,2,5,2,10,0,2,138538,19047
KR_8341737217,200,True,709602,LOSE,0,7,2,4,2,2,5,3,0,18391,6699
KR_8354724386,100,False,1025007,LOSE,2,3,0,6,4,3,25,0,1,344584,115018
KR_8354724386,200,True,1025007,WIN,6,1,1,3,4,1,24,3,1,13303,106259
KR_8353328112,100,True,1034964,LOSE,2,4,1,1,7,2,18,3,1,138561,23881
KR_8353328112,200,False,1034964,WIN,1,3,2,3,3,5,61,0,1,28215,114202
KR_8349061396,100,False,885007,LOSE,3,3,1,5,4,1,14,3,0,159912,281269
KR_8349061396,200,True,885007,WIN,5,2,0,3,7,3,15,0,1,653382,435490
KR_8348683180,100,True,837402,WIN,2,2,3,2,5,1,23,3,0,51542,169113
KR_8348683180,200,False,837402,LOSE,3,2,3,4,2,2,12,0,1,620974,25646
KR_8348663408,100,True,1099811,WIN,1,2,0,4,7,3,28,2,0,80384,86462
KR_8348663408,200,False,1099811,LOSE,2,0,2,4,4,2,23,1,3,113633,55237
KR_8346865582,100,False,916228,LOSE,2,5,1,6,3,2,19,0,0,36310,485009
KR_8346865582,200,True,916228,WIN,4,4,3,2,4,1,14,3,2,3351,666631
KR_8345310954,100,False,807765,WIN,8,2,2,5,0,2,14,0,0,1828546,169113
KR_8345310954,200,True,807765,LOSE,6,4,3,2,1,2,8,2,1,3949,317058
KR_8345290209,100,False,825594,LOSE,0,3,2,1,1,3,9,0,0,211728,48249
KR_8345290209,200,True,825594,WIN,1,2,2,1,2,0,36,3,1,97756,25907
KR_8345241442,100,True,886592,WIN,0,3,1,3,2,2,18,3,0,13973,515034
KR_8345241442,200,False,886592,LOSE,3,1,2,5,6,2,10,0,1,627699,51312
KR_8343309968,100,True,837119,LOSE,3,3,0,3,5,4,15,3,1,423591,215329
KR_8343309968,200,False,837119,WIN,6,2,0,1,5,3,12,0,1,186664,39937
KR_8354258073,100,True,644451,WIN,7,0,2,3,1,0,11,3,1,32019,2890243
KR_8354258073,200,False,644451,LOSE,0,3,0,6,0,5,3,0,0,389515,3193
KR_8354237226,100,True,916792,LOSE,3,1,1,2,6,1,52,2,0,586541,8962
KR_8354237226,200,False,916792,WIN,0,2,0,4,2,3,14,1,2,354031,19661
KR_8354226518,100,True,725656,WIN,5,4,2,2,4,3,10,2,0,43949,33626
KR_8354226518,200,False,725656,LOSE,2,6,3,4,3,2,10,1,1,138561,29026
KR_8354214522,100,True,620975,LOSE,0,8,2,3,1,1,3,3,0,108613,5436
KR_8354214522,200,False,620975,WIN,8,2,2,0,0,2,7,0,0,130503,650
KR_8354199905,100,True,796287,WIN,5,2,0,0,6,0,17,3,2,130503,7967
KR_8354199905,200,False,796287,LOSE,0,4,1,5,1,2,10,0,0,210841,52539
KR_8354191921,100,False,795153,LOSE,1,3,1,3,1,0,13,2,0,112539,2296793
KR_8354191921,200,True,795153,WIN,6,1,0,1,1,0,15,1,2,130503,271165
KR_8354197154,100,True,907553,LOSE,4,5,0,6,2,5,19,3,0,3589,2296793
KR_8354197154,200,False,907553,WIN,6,4,0,4,7,5,12,0,2,389515,4334117
KR_8354185193,100,False,901807,WIN,10,1,1,0,3,1,16,0,2,275743,357747
KR_8354185193,200,True,901807,LOSE,1,5,0,5,1,3,17,3,0,389515,2296793
KR_8354180136,100,True,857092,WIN,5,0,0,0,3,1,15,0,1,389515,76094
KR_8354180136,200,False,857092,LOSE,1,2,1,2,4,2,9,3,0,509725,1112875
KR_8354175044,100,True,794513,WIN,4,1,0,5,5,1,12,3,0,389515,12495
KR_8354175044,200,False,794513,LOSE,4,3,1,4,0,1,6,0,2,275743,6699
KR_8354163312,100,False,970430,WIN,1,5,2,4,5,5,14,0,1,40191,508976
KR_8354163312,200,True,970430,LOSE,4,3,0,2,6,4,17,3,1,354031,370915
KR_8354212357,100,False,941716,WIN,2,3,1,1,3,4,16,3,0,2256,152835
KR_8354212357,200,True,941716,LOSE,1,0,1,3,3,1,17,0,2,99574,265622
KR_8353387867,100,False,931048,LOSE,1,2,2,1,2,2,15,3,1,303451,226323
KR_8353387867,200,True,931048,WIN,1,2,1,3,2,2,19,0,1,36607,228320
KR_8353381086,100,True,855216,WIN,0,1,1,4,4,0,18,3,0,6000,4742
KR_8353381086,200,False,855216,LOSE,4,1,1,0,0,0,15,0,2,232920,94997
KR_8353304789,100,True,918513,WIN,3,2,0,5,4,4,23,3,1,259769,1031529
KR_8353304789,200,False,918513,LOSE,6,3,1,3,2,3,11,0,1,439738,92219
KR_8353246973,100,False,524380,LOSE,0,2,0,2,1,0,4,0,0,56881,96484
KR_8353246973,200,True,524380,WIN,3,1,1,0,0,0,3,0,1,344584,141453
KR_8353244250,100,True,788121,WIN,4,2,5,1,4,0,18,3,2,70984,896705
KR_8353244250,200,False,788121,LOSE,2,4,0,4,2,4,11,0,0,54006,57362
KR_8353114793,100,False,778869,WIN,3,1,5,1,6,3,10,3,0,292686,14157
KR_8353114793,200,True,778869,LOSE,2,4,0,6,3,2,4,0,1,201760,38994
KR_8353102945,100,True,828210,LOSE,0,3,0,5,7,0,9,3,1,197695,7055
KR_8353102945,200,False,828210,WIN,6,3,3,3,2,3,13,0,0,106600,9110
KR_8353091769,100,False,767583,LOSE,2,8,2,4,4,3,11,0,0,14879,7022357
KR_8353091769,200,True,767583,WIN,12,3,1,1,2,2,13,3,1,172822,213129
KR_8353098103,100,False,828018,LOSE,3,2,2,1,4,2,14,0,2,211640,670
KR_8353098103,200,True,828018,WIN,3,4,0,4,2,2,15,3,0,14346,17547
KR_8353084110,100,True,907327,WIN,5,0,4,3,3,2,12,0,1,1868186,15911
KR_8353084110,200,False,907327,LOSE,1,5,1,4,4,4,14,3,0,129366,194413
KR_8353068717,100,False,912858,WIN,2,3,1,5,4,2,12,3,1,154062,155898
KR_8353068717,200,True,912858,LOSE,5,1,0,1,6,4,53,0,0,62871,422635
KR_8351705077,100,False,675914,LOSE,0,3,1,3,3,0,12,3,0,1150386,269987
KR_8351705077,200,True,675914,WIN,2,0,3,2,2,2,8,0,1,45313,896705
KR_8351679075,100,False,746439,LOSE,3,1,1,4,2,3,11,0,0,33217,7191
KR_8351679075,200,True,746439,WIN,2,2,1,2,7,1,11,3,1,24779,98018
KR_8351642835,100,True,964685,WIN,5,3,1,3,4,2,14,3,0,11895,179292
KR_8351642835,200,False,964685,LOSE,2,3,1,6,5,0,15,0,2,48929,1869
KR_8351644048,100,True,686974,LOSE,1,3,0,2,2,1,6,3,0,18850,33977
KR_8351644048,200,False,686974,WIN,2,0,3,1,3,1,9,0,1,110694,95718
KR_8351568411,100,True,924337,WIN,3,2,0,3,6,2,18,1,0,80384,12855
KR_8351568411,200,False,924337,LOSE,3,2,0,3,5,3,9,2,2,95447,20104
KR_8351560197,100,False,769564,LOSE,1,3,1,6,1,3,9,1,0,807,885758
KR_8351560197,200,True,769564,WIN,5,3,0,1,6,0,11,2,1,260906,957398
KR_8350276294,100,False,909297,LOSE,2,4,1,4,6,0,14,3,1,852321,104677
KR_8350276294,200,True,909297,WIN,5,2,1,2,3,2,12,0,1,103490,127513
KR_8350248016,100,True,674082,WIN,2,0,3,2,6,0,5,3,1,130472,127513
KR_8350248016,200,False,674082,LOSE,1,3,1,4,1,1,33,0,0,432533,3468394
KR_8350199294,100,True,977674,WIN,2,4,1,3,6,3,16,2,0,2962,127787
KR_8350199294,200,False,977674,LOSE,6,2,2,2,5,2,58,1,1,33005,374953
KR_8349778723,100,True,891951,WIN,11,0,3,1,2,0,14,3,2,719404,218187
KR_8349778723,200,False,891951,LOSE,0,10,1,4,5,0,10,0,0,2461,127513
KR_8349729023,100,True,890048,WIN,3,2,1,2,1,3,10,3,1,31460,227427
KR_8349729023,200,False,890048,LOSE,2,1,1,2,2,3,11,0,1,447756,127513
KR_8349677115,100,True,913033,LOSE,7,3,0,4,4,2,15,1,0,423591,127513
KR_8349677115,200,False,913033,WIN,2,4,0,3,5,3,14,2,0,174819,94218
KR_8349599857,100,False,867972,LOSE,1,4,0,4,4,3,14,3,0,173142,451941
KR_8349599857,200,True,867972,WIN,4,2,1,2,4,0,13,0,1,259614,127513
KR_8349553994,100,False,890605,LOSE,0,4,0,2,3,3,16,3,0,8354,261709
KR_8349553994,200,True,890605,WIN,4,2,2,1,2,0,11,0,1,9761,23023
KR_8348975883,100,False,955096,LOSE,4,5,0,2,5,4,17,0,0,31549,158270
KR_8348975883,200,True,955096,WIN,9,3,2,4,2,1,21,3,1,39468,127513
KR_8348948638,100,True,858308,LOSE,1,3,1,2,4,1,10,1,1,81451,41434
KR_8348948638,200,False,858308,WIN,1,1,2,2,5,3,15,2,1,273116,127513
KR_8348923031,100,False,907422,LOSE,0,3,1,4,3,3,51,0,1,89545,374953
KR_8348923031,200,True,907422,WIN,3,2,0,3,5,3,18,3,1,407191,392957
KR_8348879656,100,False,924211,WIN,6,2,1,5,2,4,13,2,0,47365,157021
KR_8348879656,200,True,924211,LOSE,8,4,1,6,3,0,51,1,1,6394,374953
KR_8348618229,100,False,1090114,WIN,2,3,1,2,5,3,18,0,0,163655,144190
KR_8348618229,200,True,1090114,LOSE,3,2,2,2,5,2,67,3,2,59781,374953
KR_8348584960,100,True,1075505,WIN,1,1,1,2,4,2,29,3,0,14507,127513
KR_8348584960,200,False,1075505,LOSE,2,2,1,3,2,2,24,0,2,117304,3775
KR_8347796836,100,True,890061,WIN,1,2,1,0,7,1,51,3,0,944371,115011
KR_8347796836,200,False,890061,LOSE,2,3,0,5,1,0,13,0,2,44400,127513
KR_8347769667,100,False,1115844,LOSE,8,2,1,4,4,2,25,3,1,219142,127513
KR_8347769667,200,True,1115844,WIN,5,5,0,5,3,3,26,0,2,944371,48233
KR_8347746353,100,False,1051793,WIN,2,4,1,4,6,4,62,3,0,10660,374953
KR_8347746353,200,True,1051793,LOSE,3,3,1,0,5,3,23,0,1,30553,317058
KR_8345808857,100,False,888686,WIN,1,1,1,2,2,5,16,0,0,3196,4276
KR_8345808857,200,True,888686,LOSE,1,2,0,1,8,1,18,3,1,1670,253064
KR_8345759907,100,False,1103219,LOSE,2,1,0,4,1,5,18,2,1,1003681,34296
KR_8345759907,200,True,1103219,WIN,1,3,2,1,7,3,21,1,1,1725007,19284
KR_8345740322,100,False,808701,LOSE,2,4,2,4,2,3,5,0,1,4804,71843
KR_8345740322,200,True,808701,WIN,5,3,0,2,4,0,42,3,1,883980,20363
KR_8345710330,100,True,915046,WIN,2,5,3,3,3,2,17,0,2,4804,39336
KR_8345710330,200,False,915046,LOSE,3,6,3,3,4,2,13,3,0,36137,14731
KR_8345663781,100,False,955836,LOSE,2,3,0,4,5,4,15,3,0,2838,46530
KR_8345663781,200,True,955836,WIN,4,3,1,2,6,1,19,0,0,881286,83710
KR_8345638205,100,False,855581,WIN,5,3,1,5,4,6,18,1,2,4618,54849
KR_8345638205,200,True,855581,LOSE,7,6,1,2,4,5,46,2,0,112403,1634
KR_8344348648,100,False,1107145,WIN,0,2,0,3,4,3,30,1,2,48908,218008
KR_8344348648,200,True,1107145,LOSE,3,0,0,2,5,3,20,2,0,434339,337068
KR_8344308296,100,True,807016,WIN,3,2,2,0,5,0,49,0,0,63920,3793359
KR_8344308296,200,False,807016,LOSE,0,4,0,2,3,1,12,3,1,4804,5500452
KR_8338500434,100,True,769243,WIN,4,3,1,3,4,0,7,3,2,117156,54049
KR_8338500434,200,False,769243,LOSE,3,4,2,2,3,4,43,0,0,35104,3793359
KR_8338472411,100,True,907907,WIN,0,3,2,3,9,0,18,2,1,2418863,101520
KR_8338472411,200,False,907907,LOSE,5,3,0,2,0,4,16,1,1,17852,34296
KR_8338445611,100,True,692256,WIN,3,3,2,2,1,1,9,0,0,71617,10240
KR_8338445611,200,False,692256,LOSE,3,2,1,2,1,2,4,3,1,54370,54049
KR_8348886064,100,False,978242,LOSE,1,5,0,2,6,0,9,3,1,7364,59651
KR_8348886064,200,True,978242,WIN,4,2,3,1,1,2,16,0,1,64914,2085319
KR_8348851640,100,True,1053332,WIN,2,1,1,2,3,3,15,3,2,2504228,27814
KR_8348851640,200,False,1053332,LOSE,1,1,0,3,3,3,21,0,0,6768,58043
KR_8348821691,100,True,1004922,LOSE,3,2,2,5,5,3,17,3,1,227480,105818
KR_8348821691,200,False,1004922,WIN,3,3,2,7,6,3,20,0,1,35732,19841
KR_8347445271,100,True,868098,LOSE,1,4,1,2,2,2,14,3,0,383007,549070
KR_8347445271,200,False,868098,WIN,4,3,2,2,1,1,11,0,1,18391,340984
KR_8347417538,100,True,883418,WIN,5,2,0,1,8,0,14,3,2,16208,6003201
KR_8347417538,200,False,883418,LOSE,2,4,1,8,0,4,13,0,0,383007,166099
KR_8346768693,100,True,962287,LOSE,1,1,0,2,5,0,19,3,0,232566,336997
KR_8346768693,200,False,962287,WIN,1,2,1,1,2,1,19,0,1,141944,166828
KR_8345215945,100,True,687889,LOSE,0,3,0,2,4,1,7,3,0,19742,1803847
KR_8345215945,200,False,687889,WIN,1,0,1,0,3,2,5,0,1,56776,2959
KR_8344356353,100,True,1033982,WIN,5,1,1,0,7,1,27,3,0,516013,177136
KR_8344356353,200,False,1033982,LOSE,0,6,2,1,0,4,20,0,2,347834,26039
KR_8344267544,100,False,831857,LOSE,2,2,1,1,1,2,12,0,1,66795,252175
KR_8344267544,200,True,831857,WIN,4,3,0,3,4,1,12,3,0,25903,89886
KR_8344205418,100,False,773542,WIN,6,2,1,2,2,0,10,2,1,412702,133199
KR_8344205418,200,True,773542,LOSE,3,4,2,3,5,2,11,1,0,573929,48233
KR_8344161237,100,False,792122,WIN,1,0,2,0,1,1,14,2,1,353726,299255
KR_8344161237,200,True,792122,LOSE,0,2,0,1,5,0,12,1,1,183958,42511
KR_8344107981,100,False,768390,LOSE,2,2,0,4,2,0,43,0,0,153080,59001
KR_8344107981,200,True,768390,WIN,1,2,2,1,3,0,12,3,2,24135,42511
KR_8344074817,100,True,909605,WIN,0,0,3,1,6,2,20,3,1,65335,24615
KR_8344074817,200,False,909605,LOSE,1,1,2,2,3,3,19,0,0,504698,261709
KR_8341817149,100,False,804949,WIN,1,2,2,3,3,4,11,1,1,10281,370884
KR_8341817149,200,True,804949,LOSE,2,3,1,1,4,1,12,2,1,315077,44497
KR_8341667995,100,False,1109102,LOSE,2,3,3,5,3,3,70,3,1,3758,30887
KR_8341667995,200,True,1109102,WIN,5,2,1,3,6,2,28,0,2,2357013,14031
KR_8340890509,100,False,959828,LOSE,3,4,4,4,11,1,12,0,1,92239,33685
KR_8340890509,200,True,959828,WIN,3,5,3,5,8,3,17,3,1,26539,112735
KR_8338369352,100,True,880229,WIN,2,1,0,2,0,2,7,3,2,266518,44813
KR_8338369352,200,False,880229,LOSE,0,2,0,2,4,2,10,0,0,255590,19395
KR_8338320583,100,True,684936,LOSE,1,3,0,2,2,1,3,3,0,432533,2613
KR_8338320583,200,False,684936,WIN,1,1,3,0,2,1,8,0,1,32976,111876
KR_8338307541,100,False,774693,LOSE,0,5,0,4,2,2,13,3,0,177665,36421
KR_8338307541,200,True,774693,WIN,5,0,4,0,5,0,11,0,1,32495,162394
KR_8354557228,100,False,829746,LOSE,1,3,0,3,4,3,4,0,0,352758,11410
KR_8354557228,200,True,829746,WIN,5,2,1,1,7,2,12,3,1,5270,347649
KR_8350628739,100,False,920094,LOSE,6,3,0,5,5,3,20,0,1,388572,324301
KR_8350628739,200,True,920094,WIN,4,6,2,4,1,3,16,3,1,373347,202417
KR_8349705713,100,False,802369,LOSE,1,2,1,3,1,4,12,2,0,190810,8309
KR_8349705713,200,True,802369,WIN,3,0,0,1,3,1,11,1,1,84213,1052880
KR_8349152171,100,False,819697,LOSE,1,4,2,5,3,2,4,3,0,41684,12465
KR_8349152171,200,True,819697,WIN,4,2,2,2,4,1,12,0,1,236810,784776
KR_8349102429,100,True,912408,LOSE,1,2,1,5,1,2,57,3,0,608237,219255
KR_8349102429,200,False,912408,WIN,3,3,1,1,3,3,15,0,1,1648842,1987772
KR_8349065607,100,True,878823,WIN,2,3,2,1,4,3,13,3,0,265719,71475
KR_8349065607,200,False,878823,LOSE,1,4,0,3,3,2,44,0,1,15203,3468394
KR_8347993051,100,False,1089567,LOSE,5,1,0,3,0,2,25,3,2,8895,115841
KR_8347993051,200,True,1089567,WIN,2,1,0,1,4,2,25,0,0,250551,7906
KR_8344549009,100,True,944798,WIN,7,1,1,2,4,0,15,1,1,74928,38258
KR_8344549009,200,False,944798,LOSE,0,3,0,5,3,6,12,2,0,89297,12985
KR_8344487865,100,True,887322,WIN,0,1,1,2,1,2,16,3,2,118466,119386
KR_8344487865,200,False,887322,LOSE,1,1,0,0,3,4,13,0,0,132576,66345
KR_8342985857,100,True,1087199,WIN,1,0,1,2,2,3,23,3,3,120724,22485
KR_8342985857,200,False,1087199,LOSE,2,1,1,1,2,3,26,0,0,88129,55799
KR_8342936509,100,False,762771,WIN,9,4,3,6,1,2,10,3,0,134599,73628
KR_8342936509,200,True,762771,LOSE,5,6,1,3,5,2,10,0,1,102687,3933
KR_8339711461,100,False,912550,LOSE,1,2,5,4,3,2,16,3,1,16825,102699
KR_8339711461,200,True,912550,WIN,5,1,1,5,3,3,13,0,1,166982,53172
KR_8354582867,100,False,860981,LOSE,2,4,1,5,3,1,13,0,0,1120252,10759
KR_8354582867,200,True,860981,WIN,5,3,1,5,5,1,12,3,1,265719,40022
KR_8350846577,100,True,782509,WIN,5,2,1,1,5,0,12,3,2,30277,146372
KR_8350846577,200,False,782509,LOSE,3,5,0,5,2,1,13,0,0,1882278,229842
KR_8350770892,100,True,892787,LOSE,2,2,3,3,3,0,12,2,1,53656,61413
KR_8350770892,200,False,892787,WIN,3,3,1,3,0,3,12,1,1,33350,442577
KR_8350714695,100,True,794140,WIN,1,1,0,2,6,0,11,3,1,1411,22408
KR_8350714695,200,False,794140,LOSE,0,3,0,3,1,2,11,0,1,171481,1799012
KR_8346705093,100,False,850564,LOSE,2,4,0,2,4,3,14,2,1,122349,7195906
KR_8346705093,200,True,850564,WIN,1,2,1,2,7,0,13,1,1,29386,15868
KR_8346676613,100,False,978999,LOSE,1,2,2,2,4,5,20,1,0,113633,23349
KR_8346676613,200,True,978999,WIN,0,1,0,2,12,3,19,2,2,586541,227428
KR_8346656380,100,False,1080751,LOSE,3,4,0,2,2,3,18,3,0,586541,7368
KR_8346656380,200,True,1080751,WIN,5,2,1,2,4,1,17,0,2,128837,7143
KR_8346631680,100,False,805807,LOSE,0,0,1,4,2,1,9,0,0,1342680,7228
KR_8346631680,200,True,805807,WIN,2,0,0,2,3,2,45,3,2,227685,104932
KR_8344463108,100,True,864193,WIN,5,1,0,3,5,5,16,0,0,383007,33977
KR_8344463108,200,False,864193,LOSE,2,2,0,6,7,3,13,3,1,695858,21949
KR_8344157767,100,True,692956,WIN,1,3,2,3,4,1,9,0,1,17792,2140612
KR_8344157767,200,False,692956,LOSE,5,4,1,2,1,1,5,3,0,9526,23839
KR_8344120283,100,True,794074,WIN,6,2,0,5,4,1,10,3,0,903631,24615
KR_8344120283,200,False,794074,LOSE,5,5,0,3,2,3,9,0,2,10073,1273374
KR_8351640735,100,True,863763,WIN,7,2,0,5,3,4,8,2,0,364292,143118
KR_8351640735,200,False,863763,LOSE,2,3,0,4,2,1,17,1,2,349115,15237
KR_8350140526,100,True,643560,WIN,7,3,0,2,0,0,26,3,1,383453,305723
KR_8350140526,200,False,643560,LOSE,1,5,1,2,5,2,7,0,0,38944,91433
KR_8349929703,100,False,988621,LOSE,2,5,1,3,5,2,24,3,0,2252,442839
KR_8349929703,200,True,988621,WIN,3,4,5,4,2,2,15,0,2,174819,81727
KR_8349921274,100,True,644648,WIN,2,1,2,1,2,0,11,3,1,393362,299255
KR_8349921274,200,False,644648,LOSE,1,4,0,2,2,1,3,0,0,112403,158432
KR_8354688164,100,True,646008,LOSE,1,5,1,4,6,2,5,0,0,24168,126788
KR_8354688164,200,False,646008,WIN,2,0,8,3,1,2,3,3,1,30806,578948
KR_8354580188,100,True,932990,WIN,3,2,2,2,5,0,10,0,1,363110,50357
KR_8354580188,200,False,932990,LOSE,2,2,0,5,4,2,15,3,1,7183,45457
KR_8355213380,100,True,1055541,WIN,6,1,0,6,4,6,18,1,1,33490,79069
KR_8355213380,200,False,1055541,LOSE,7,4,2,5,3,5,11,2,0,57014,720285
KR_8355179561,100,True,979349,LOSE,3,4,1,1,4,1,13,3,0,283296,63740
KR_8355179561,200,False,979349,WIN,3,2,2,1,0,3,18,0,2,447169,213268
KR_8352919907,100,True,1062519,LOSE,11,5,2,3,5,4,23,2,3,382963,3338078
KR_8352919907,200,False,1062519,WIN,6,4,0,7,4,2,24,1,0,693383,72883
KR_8352886130,100,False,737612,WIN,3,0,1,0,3,1,8,0,0,670322,1214325
KR_8352886130,200,True,737612,LOSE,0,2,0,3,2,0,6,3,2,210384,17311
KR_8352846588,100,False,854025,LOSE,5,3,1,6,0,2,10,0,0,37773,675923
KR_8352846588,200,True,854025,WIN,4,2,0,4,5,1,10,3,2,172472,59795
KR_8352796026,100,True,888386,LOSE,5,2,1,1,4,2,15,2,1,476161,112976
KR_8352796026,200,False,888386,WIN,0,3,0,4,4,2,21,1,1,1068060,269118
KR_8352707279,100,False,866168,LOSE,3,7,1,3,2,1,11,3,0,276682,54585
KR_8352707279,200,True,866168,WIN,3,0,0,3,6,1,9,0,2,366112,5284
KR_8352623604,100,False,1081001,LOSE,5,2,3,2,7,5,21,3,0,86382,187876
KR_8352623604,200,True,1081001,WIN,1,5,0,6,6,2,20,0,1,407938,299255
KR_8351413150,100,False,840280,LOSE,0,3,2,4,0,0,13,0,1,89540,825993
KR_8351413150,200,True,840280,WIN,2,1,6,1,2,3,9,3,1,536689,383007
KR_8351373196,100,True,673016,WIN,4,2,2,2,2,0,3,3,0,527038,8711
KR_8351373196,200,False,673016,LOSE,2,4,0,2,0,1,4,0,1,315916,723733
KR_8350906187,100,False,682805,WIN,7,0,1,0,4,2,8,1,1,88991,517733
KR_8350906187,200,True,682805,LOSE,1,5,0,3,3,1,8,2,0,6563,127787
KR_8347557367,100,True,1060956,LOSE,0,4,2,11,4,0,13,3,1,50733,94146
KR_8347557367,200,False,1060956,WIN,4,2,0,2,7,2,73,0,2,90299,14574
KR_8347531800,100,False,859404,LOSE,3,2,1,5,4,1,11,0,0,87058,62822
KR_8347531800,200,True,859404,WIN,5,1,0,4,5,2,13,3,1,9893,91892
KR_8347513908,100,False,688756,LOSE,1,2,2,4,6,1,10,3,0,66785,766054
KR_8347513908,200,True,688756,WIN,5,0,0,2,4,4,5,0,1,114703,7871
KR_8342165392,100,False,893395,WIN,3,3,0,3,6,2,17,1,0,4799,56975
KR_8342165392,200,True,893395,LOSE,2,3,2,2,5,1,12,2,2,385612,361458
KR_8342137942,100,True,770609,WIN,1,0,0,2,1,2,14,0,1,4799,31982
KR_8342137942,200,False,770609,LOSE,0,2,0,1,2,3,15,3,0,103909,24225
KR_8342126715,100,False,880536,WIN,8,2,4,5,5,1,9,2,1,5156,70100
KR_8342126715,200,True,880536,LOSE,4,8,0,5,3,1,18,1,1,63343,10996
KR_8342092569,100,True,796827,WIN,3,4,2,5,4,1,9,3,1,10174,149036
KR_8342092569,200,False,796827,LOSE,5,3,1,3,3,2,9,0,1,20321,10480
KR_8339288276,100,False,915899,LOSE,2,2,0,3,0,3,9,3,0,39062,119680
KR_8339288276,200,True,915899,WIN,1,1,1,1,9,2,26,0,2,9893,71751
KR_8339269766,100,True,898135,WIN,2,3,0,4,0,3,11,3,1,2633100,11701
KR_8339269766,200,False,898135,LOSE,1,3,0,1,5,3,18,0,1,148314,4111
KR_8339250719,100,False,870637,WIN,4,1,2,2,6,1,48,3,1,577085,24031
KR_8339250719,200,True,870637,LOSE,0,3,1,4,3,2,14,0,1,50733,20088
KR_8338076577,100,True,565803,WIN,6,1,4,4,2,0,3,0,1,35815,15473
KR_8338076577,200,False,565803,LOSE,3,7,2,5,0,0,17,0,0,10109,53241
KR_8338070885,100,True,806981,WIN,2,4,3,3,3,0,9,3,0,837,58843
KR_8338070885,200,False,806981,LOSE,3,6,1,1,2,2,43,0,1,1083,169539
KR_8338058325,100,False,865791,LOSE,2,3,1,0,5,0,15,3,1,456069,24772
KR_8338058325,200,True,865791,WIN,3,2,0,1,2,1,11,0,0,25549,40383
KR_8338050160,100,False,975475,LOSE,2,5,3,9,7,3,21,2,0,829,193865
KR_8338050160,200,True,975475,WIN,6,4,9,4,3,3,14,0,2,25549,269645
KR_8338027095,100,False,679060,LOSE,1,8,0,5,0,2,7,0,0,412891,1733
KR_8338027095,200,True,679060,WIN,12,2,2,3,3,0,6,3,1,8198,50500
KR_8351582299,100,False,933180,LOSE,0,2,1,1,2,5,16,3,0,323185,926962
KR_8351582299,200,True,933180,WIN,3,2,1,1,5,0,16,0,1,289633,357747
KR_8351561948,100,False,966739,WIN,3,6,1,6,4,0,19,3,1,198582,3300403
KR_8351561948,200,True,966739,LOSE,5,1,1,2,5,2,20,0,1,289633,350154
KR_8351564426,100,False,848269,LOSE,2,3,0,4,1,4,11,0,0,94340,26913
KR_8351564426,200,True,848269,WIN,4,1,1,1,5,0,13,3,2,45313,26652
KR_8351547859,100,True,983878,WIN,6,3,0,6,3,5,19,3,1,289633,1655025
KR_8351547859,200,False,983878,LOSE,12,3,0,3,3,3,17,0,1,72898,108726
KR_8351540770,100,False,1077960,LOSE,2,8,3,10,10,3,21,1,0,18824,306952
KR_8351540770,200,True,1077960,WIN,8,2,1,3,10,5,20,2,2,289633,619829
KR_8351525988,100,True,855091,WIN,2,1,1,2,3,1,9,3,1,218189,619829
KR_8351525988,200,False,855091,LOSE,2,2,1,3,2,5,11,0,0,289633,29064
KR_8348974059,100,True,918703,WIN,1,3,0,5,3,3,13,3,2,127254,229842
KR_8348974059,200,False,918703,LOSE,5,3,3,4,2,4,11,0,0,852321,28954
KR_8348950083,100,False,734096,LOSE,0,3,0,5,3,5,18,3,0,210769,34604
KR_8348950083,200,True,734096,WIN,6,0,1,1,5,0,9,0,1,579939,26652
KR_8348909555,100,False,957617,LOSE,1,6,1,2,6,3,21,3,0,40317,113856
KR_8348909555,200,True,957617,WIN,9,2,1,3,5,1,13,0,2,230133,357747
KR_8348876665,100,False,1024942,LOSE,5,2,2,3,2,5,18,0,0,167979,18289
KR_8348876665,200,True,1024942,WIN,0,4,2,2,2,2,14,3,2,192887,148121
KR_8348855539,100,True,1266620,LOSE,0,4,2,4,4,4,32,0,2,101494,110705
KR_8348855539,200,False,1266620,WIN,5,0,0,3,8,3,26,3,0,289633,99483
KR_8348836235,100,True,942667,WIN,3,4,5,4,0,2,19,3,0,311994,7565805
KR_8348836235,200,False,942667,LOSE,9,2,0,6,2,2,14,0,1,289633,5760
KR_8348816311,100,True,871824,WIN,0,5,0,2,2,2,17,3,1,120149,4118
KR_8348816311,200,False,871824,LOSE,5,1,0,1,4,0,11,0,1,289633,64419
KR_8348786759,100,True,688411,LOSE,1,3,1,2,9,0,11,1,1,349115,2377
KR_8348786759,200,False,688411,WIN,4,3,1,6,0,3,7,2,0,1778151,26652
KR_8348764784,100,False,854242,WIN,5,4,2,6,3,2,13,3,1,307361,11847
KR_8348764784,200,True,854242,LOSE,3,4,1,4,8,4,7,0,0,902457,23089
KR_8348763018,100,False,891668,WIN,5,2,1,3,3,1,21,3,1,902457,531648
KR_8348763018,200,True,891668,LOSE,3,2,1,4,4,3,12,0,0,289633,39937
KR_8348743202,100,False,929327,WIN,4,2,3,1,7,1,20,3,2,168030,1087345
KR_8348743202,200,True,929327,LOSE,2,4,2,5,2,2,16,0,0,82192,55748
KR_8353187937,100,False,811173,LOSE,4,4,0,4,3,5,14,0,0,234684,1974
KR_8353187937,200,True,811173,WIN,5,3,0,3,7,3,8,3,1,103899,36429
KR_8353180817,100,True,588230,WIN,5,1,1,2,3,0,8,3,1,179893,12160
KR_8353180817,200,False,588230,LOSE,2,6,0,3,1,3,4,0,0,40243,785113
KR_8353164589,100,False,838275,WIN,1,3,4,4,3,1,12,3,2,98864,14282
KR_8353164589,200,True,838275,LOSE,5,4,0,4,4,7,10,0,0,1184468,12160
KR_8350189981,100,True,882755,WIN,3,3,3,3,8,1,15,2,1,620974,666631
KR_8350189981,200,False,882755,LOSE,5,4,1,5,2,3,10,1,1,2418863,6003201
KR_8350165576,100,True,625159,WIN,7,2,0,0,1,0,6,0,1,285688,204284
KR_8350165576,200,False,625159,LOSE,2,3,1,4,2,1,2,3,0,66629,22091
KR_8350108399,100,False,710950,LOSE,1,3,1,4,1,2,8,0,0,286619,1538475
KR_8350108399,200,True,710950,WIN,3,2,1,1,5,1,8,3,1,344584,48165
KR_8348775745,100,True,1056459,WIN,0,2,0,3,6,1,19,2,1,810269,65221
KR_8348775745,200,False,1056459,LOSE,2,2,1,0,0,1,16,1,1,54427,98168
KR_8348770323,100,False,585432,LOSE,0,6,0,3,0,0,31,2,0,76574,45060
KR_8348770323,200,True,585432,WIN,6,0,1,0,2,1,3,1,1,116451,10721
KR_8348750464,100,True,865665,WIN,6,3,1,1,3,1,11,1,2,6640,154169
KR_8348750464,200,False,865665,LOSE,2,3,1,4,4,2,10,2,0,460081,712677
KR_8348725308,100,False,1212033,LOSE,2,5,0,4,6,4,19,3,0,103759,180537
KR_8348725308,200,True,1212033,WIN,8,1,1,2,10,3,26,0,3,322699,1655025
KR_8347917698,100,True,703603,WIN,4,3,4,2,4,2,5,3,0,76574,70016
KR_8347917698,200,False,703603,LOSE,5,3,0,3,0,4,11,0,1,48745,30658
KR_8347884171,100,False,783107,WIN,5,1,2,4,7,0,10,3,0,54427,129565
KR_8347884171,200,True,783107,LOSE,3,5,1,5,1,4,11,0,1,95881,52542
KR_8347873001,100,True,834976,WIN,8,0,3,1,5,0,10,1,1,103759,81096
KR_8347873001,200,False,834976,LOSE,0,5,1,4,0,4,13,2,0,9795,36006
KR_8347830761,100,True,780074,WIN,6,2,1,5,2,5,12,2,0,54427,105818
KR_8347830761,200,False,780074,LOSE,2,4,2,4,3,0,15,1,1,20810,135312
KR_8347803978,100,False,745219,LOSE,5,4,2,4,3,1,5,3,1,44458,406269
KR_8347803978,200,True,745219,WIN,6,4,2,3,2,0,10,0,0,333977,6423
KR_8347794007,100,False,716950,LOSE,2,3,2,4,3,0,13,3,0,247457,16575
KR_8347794007,200,True,716950,WIN,3,3,0,2,4,2,12,0,1,81696,2296793
KR_8347756844,100,True,685550,WIN,3,3,0,2,2,1,6,3,0,759127,337577
KR_8347756844,200,False,685550,LOSE,1,2,0,2,5,0,32,0,1,52383,183941
KR_8347658171,100,True,818228,WIN,5,2,1,1,3,2,10,2,0,52615,91934
KR_8347658171,200,False,818228,LOSE,0,3,1,5,7,2,13,1,1,210098,41934
KR_8347625774,100,True,861431,LOSE,3,4,3,4,2,2,16,3,0,3607,31449
KR_8347625774,200,False,861431,WIN,4,2,3,3,2,4,20,0,1,49819,162025
KR_8339336541,100,True,931223,WIN,3,0,1,2,4,2,13,1,0,54427,204091
KR_8339336541,200,False,931223,LOSE,2,2,2,3,3,3,11,2,1,887965,651934
KR_8339319728,100,False,955560,LOSE,2,3,0,3,2,5,15,3,0,3773850,281415
KR_8339319728,200,True,955560,WIN,2,0,4,1,5,1,55,0,1,243187,171210
KR_8338148047,100,False,687414,LOSE,0,3,0,1,0,2,7,3,0,19227,40862
KR_8338148047,200,True,687414,WIN,4,0,0,0,4,0,4,0,1,477021,30553
KR_8338129743,100,False,767792,LOSE,3,4,1,4,2,3,10,0,0,27541,48233
KR_8338129743,200,True,767792,WIN,1,3,2,2,7,0,6,3,1,73945,17205
KR_8354640337,100,True,895153,LOSE,0,2,2,2,4,0,16,3,0,802473,394097
KR_8354640337,200,False,895153,WIN,1,1,0,2,3,2,18,0,1,11854,288304
KR_8354210077,100,True,759914,WIN,6,6,1,4,2,2,8,0,1,23375,152835
KR_8354210077,200,False,759914,LOSE,3,5,8,3,2,0,7,3,0,29432,44348
KR_8354179381,100,False,941490,LOSE,1,4,2,4,4,4,11,0,0,11027,3313
KR_8354179381,200,True,941490,WIN,3,0,4,4,2,2,8,3,2,277107,163911
KR_8354175140,100,False,850900,WIN,2,0,0,1,2,2,10,3,0,77225,47659
KR_8354175140,200,True,850900,LOSE,1,2,1,1,2,2,48,0,1,259769,422635
KR_8354165313,100,False,872672,WIN,2,5,0,3,9,1,14,3,0,470828,68516
KR_8354165313,200,True,872672,LOSE,7,4,3,3,1,1,16,0,2,288115,369384
KR_8354155476,100,True,931935,WIN,7,2,7,4,6,0,18,3,2,259769,43399
KR_8354155476,200,False,931935,LOSE,1,6,4,6,3,5,10,0,0,775050,123500
KR_8354158011,100,False,680862,LOSE,0,5,0,2,4,1,18,3,1,48825,1248
KR_8354158011,200,True,680862,WIN,3,0,1,1,3,1,8,0,0,385612,436115
KR_8354135674,100,False,931339,LOSE,3,5,1,5,2,1,13,3,0,11167,4741
KR_8354135674,200,True,931339,WIN,4,2,0,1,8,1,15,0,1,5895399,2001497
KR_8354120145,100,False,728164,LOSE,0,3,0,2,6,1,10,3,0,35732,189993
KR_8354120145,200,True,728164,WIN,3,1,1,1,4,0,10,0,2,27619,299255
KR_8354095543,100,True,793245,WIN,4,4,1,2,7,0,38,1,0,50510,1584554
KR_8354095543,200,False,793245,LOSE,3,5,1,5,2,2,4,2,1,846638,112832
KR_8354059923,100,True,1040531,WIN,6,4,1,3,1,1,16,3,2,195158,316883
KR_8354059923,200,False,1040531,LOSE,2,8,3,2,2,1,50,0,0,194161,5378
KR_8354023562,100,True,1088619,LOSE,4,2,0,0,7,2,24,3,1,6698,34334
KR_8354023562,200,False,1088619,WIN,3,5,0,2,2,3,24,0,1,11195,9417
KR_8353937479,100,False,980861,LOSE,0,1,0,0,2,2,17,2,1,247777,261186
KR_8353937479,200,True,980861,WIN,1,0,0,1,3,1,53,1,0,61409,171436
KR_8353816211,100,True,797379,LOSE,1,5,2,1,3,2,7,1,0,1042742,2292
KR_8353816211,200,False,797379,WIN,4,3,1,2,2,6,5,1,0,241398,4030859
KR_8353121076,100,True,693226,WIN,3,2,2,2,3,3,9,3,1,6698,55967
KR_8353121076,200,False,693226,LOSE,1,4,2,4,4,4,2,0,0,71646,75927
KR_8353062641,100,True,1011749,WIN,13,3,0,4,2,1,14,3,2,380735,55967
KR_8353062641,200,False,1011749,LOSE,3,7,1,4,8,1,19,0,0,189002,33601
KR_8353062294,100,True,804119,WIN,6,2,2,3,2,1,16,3,0,70984,5403
KR_8353062294,200,False,804119,LOSE,1,4,3,4,5,2,7,0,1,141236,81571
KR_8353047468,100,True,855801,LOSE,3,5,4,6,3,3,52,0,0,112058,41166
KR_8353047468,200,False,855801,WIN,7,4,4,5,5,3,4,3,2,584216,98988
KR_8353027500,100,False,965048,WIN,4,4,2,7,6,1,20,3,1,7997288,23863
KR_8353027500,200,True,965048,LOSE,3,3,2,4,3,3,17,0,0,30806,69494
KR_8353014637,100,False,861823,LOSE,4,4,0,4,3,3,48,3,1,385907,59843
KR_8353014637,200,True,861823,WIN,5,3,0,4,5,1,11,0,0,290304,42232
KR_8352984970,100,False,1087169,LOSE,3,6,2,3,9,5,21,3,1,18776,15864
KR_8352984970,200,True,1087169,WIN,3,7,0,6,5,2,20,0,2,68332,498858
KR_8353701243,100,False,835395,LOSE,2,3,1,2,1,3,17,0,0,20658,152897
KR_8353701243,200,True,835395,WIN,6,1,1,3,1,0,11,3,1,180042,414750
KR_8353634617,100,True,782444,WIN,7,3,3,2,6,4,7,0,1,423812,413232
KR_8353634617,200,False,782444,LOSE,6,6,0,4,3,4,17,3,0,248516,119648
KR_8350750316,100,False,808430,WIN,3,3,7,4,2,3,11,3,1,966102,201812
KR_8350750316,200,True,808430,LOSE,5,8,1,5,4,2,11,0,1,180042,708399
KR_8349238701,100,True,615462,WIN,5,0,0,0,6,0,7,0,1,64444,131781
KR_8349238701,200,False,615462,LOSE,0,5,0,4,1,1,9,3,0,158597,283223
KR_8348057771,100,False,927886,WIN,2,3,2,2,1,4,12,1,0,37096,5444429
KR_8348057771,200,True,927886,LOSE,2,2,1,2,8,1,20,2,2,113907,283223
KR_8346001633,100,False,781417,LOSE,0,6,1,6,2,0,5,0,1,139042,20058
KR_8346001633,200,True,781417,WIN,4,0,3,2,3,0,12,3,0,902457,83211
KR_8345941430,100,True,735314,LOSE,6,3,1,3,2,0,8,0,0,719404,938555
KR_8345941430,200,False,735314,WIN,0,3,0,3,5,0,5,3,1,26019,4594473
KR_8344716820,100,True,982939,WIN,5,5,1,1,7,1,22,3,0,106453,574602
KR_8344716820,200,False,982939,LOSE,1,5,2,5,2,6,19,0,1,17852,283223
KR_8343029496,100,True,813477,WIN,2,1,0,1,7,0,17,3,0,461330,283223
KR_8343029496,200,False,813477,LOSE,1,3,0,3,1,4,13,0,1,46839,5444429
KR_8341443209,100,False,591950,LOSE,1,4,0,5,1,1,3,0,0,205792,2684
KR_8341443209,200,True,591950,WIN,4,0,2,0,1,1,6,3,1,180042,2947
KR_8339797680,100,False,647974,LOSE,0,5,0,2,4,1,28,3,0,32385,16120
KR_8339797680,200,True,647974,WIN,5,0,1,0,3,1,8,0,0,610022,283223
KR_8338746577,100,False,1133742,LOSE,2,5,1,5,3,3,20,1,1,112236,283223
KR_8338746577,200,True,1133742,WIN,6,4,1,1,5,0,21,2,2,81477,730578
KR_8337409093,100,False,1113722,LOSE,2,3,1,5,4,3,25,2,0,7300,5242
KR_8337409093,200,True,1113722,WIN,5,6,0,4,4,5,22,1,3,742841,283223
KR_8347884872,100,True,853842,WIN,6,3,3,0,5,0,15,0,1,274026,523229
KR_8347884872,200,False,853842,LOSE,1,4,0,5,2,3,10,3,0,40662,192309
KR_8347876097,100,False,987807,LOSE,3,2,0,1,2,4,34,0,0,193867,77721
KR_8347876097,200,True,987807,WIN,2,3,2,2,3,0,18,3,2,5057,194383
KR_8342460212,100,False,769179,WIN,6,0,1,0,1,3,10,1,0,46890,194383
KR_8342460212,200,True,769179,LOSE,0,4,0,3,2,0,8,2,2,53053,2670
KR_8342434346,100,True,794567,WIN,5,5,3,3,4,0,15,3,2,188336,5444429
KR_8342434346,200,False,794567,LOSE,4,6,2,3,0,4,43,0,0,238993,80890
KR_8340917039,100,True,856577,WIN,4,4,2,7,6,4,14,3,0,116601,85225
KR_8340917039,200,False,856577,LOSE,4,4,1,7,8,4,15,0,2,2357013,194383
KR_8337374649,100,False,764681,LOSE,2,3,0,3,6,1,10,3,1,557632,65533
KR_8337374649,200,True,764681,WIN,1,3,0,3,7,2,10,0,0,18668,1340
KR_8337353640,100,False,760052,LOSE,0,4,2,5,0,5,12,0,0,1725007,25982
KR_8337353640,200,True,760052,WIN,4,0,4,1,3,0,7,3,1,218403,194383
KR_8354868797,100,True,775610,WIN,5,3,0,4,2,1,11,0,1,49839,10574
KR_8354868797,200,False,775610,LOSE,2,3,4,2,3,2,7,3,0,24811,20730
KR_8354832130,100,False,942372,WIN,2,4,0,4,4,3,10,0,0,87931,194694
KR_8354832130,200,True,942372,LOSE,4,3,1,2,5,0,18,3,2,143220,14247
KR_8354765673,100,False,859001,WIN,4,7,1,7,3,1,11,3,1,217870,15722
KR_8354765673,200,True,859001,LOSE,4,5,2,4,6,3,9,0,0,91681,185404
KR_8354695104,100,True,796925,WIN,4,0,1,0,2,1,12,3,1,218189,1147429
KR_8354695104,200,False,796925,LOSE,0,2,0,3,0,4,42,0,0,728294,160049
KR_8348189902,100,False,737931,LOSE,1,4,0,2,0,5,6,0,0,1055385,7761
KR_8348189902,200,True,737931,WIN,3,0,2,1,4,1,9,3,1,516013,52219
KR_8347235046,100,True,931599,WIN,4,1,2,1,11,0,6,3,1,876833,71843
KR_8347235046,200,False,931599,LOSE,1,4,1,4,2,6,11,0,0,185356,50828
KR_8347091320,100,True,959875,WIN,2,3,1,1,6,3,54,3,0,115495,1584554
KR_8347091320,200,False,959875,LOSE,4,3,1,3,3,3,12,0,2,2357013,494239
KR_8344985184,100,False,961865,LOSE,5,5,2,2,3,1,14,1,0,34869,729260
KR_8344985184,200,True,961865,WIN,2,3,2,3,3,1,57,2,1,117852,29097
KR_8344813058,100,True,909832,WIN,1,2,0,2,8,3,14,3,1,48004,420007
KR_8344813058,200,False,909832,LOSE,0,2,0,3,3,3,14,0,0,25636,95393
KR_8344698655,100,True,901581,WIN,7,2,1,5,6,3,11,3,0,671389,12097
KR_8344698655,200,False,901581,LOSE,3,2,4,5,3,4,10,0,2,199470,121015
KR_8344522860,100,False,941599,LOSE,3,1,0,1,3,2,18,0,1,383007,50828
KR_8344522860,200,True,941599,WIN,0,1,3,4,2,0,14,3,0,176148,66345
KR_8344424630,100,True,763140,WIN,2,2,6,3,2,3,7,3,1,2289,218652
KR_8344424630,200,False,763140,LOSE,1,4,3,1,5,3,15,0,0,2184977,38177
KR_8339351760,100,True,832275,LOSE,2,3,2,3,5,2,14,3,0,190238,81048
KR_8339351760,200,False,832275,WIN,3,2,0,5,5,2,10,0,1,242496,24615
KR_8352943838,100,True,982032,WIN,3,4,8,5,6,2,17,2,1,2357013,4443
KR_8352943838,200,False,982032,LOSE,5,7,5,7,1,4,18,1,0,241050,219430
KR_8352923330,100,False,834537,LOSE,1,5,2,1,2,0,14,2,0,8067,70972
KR_8352923330,200,True,834537,WIN,4,1,2,2,3,1,13,1,2,63824,17765
KR_8352844968,100,True,734829,LOSE,5,5,2,4,3,2,10,0,0,25819,120260
KR_8352844968,200,False,734829,WIN,2,6,4,2,5,0,7,3,1,30520,58049
KR_8352825017,100,True,629592,WIN,4,3,1,0,8,1,31,3,0,370895,122344
KR_8352825017,200,False,629592,LOSE,2,6,1,2,1,4,3,0,0,30520,303409
KR_8352531443,100,True,1005848,LOSE,6,4,0,3,7,2,12,3,0,62070,6003201
KR_8352531443,200,False,1005848,WIN,3,6,1,2,3,1,12,0,2,860605,330040
KR_8352463346,100,False,866186,LOSE,2,6,0,4,0,3,12,3,0,177880,1811
KR_8352463346,200,True,866186,WIN,6,2,0,1,6,1,13,0,1,45628,6119
KR_8352398431,100,False,791651,LOSE,1,2,0,1,1,2,10,1,1,719978,16671
KR_8352398431,200,True,791651,WIN,2,0,0,1,1,3,10,2,0,265719,382432
KR_8352322465,100,False,619988,LOSE,1,6,0,5,3,4,7,0,0,172374,69819
KR_8352322465,200,True,619988,WIN,8,0,5,1,1,1,7,3,1,2087,61584
KR_8352290008,100,True,803864,WIN,2,1,3,1,5,0,11,1,0,43108,69494
KR_8352290008,200,False,803864,LOSE,0,3,1,4,2,3,7,2,1,130472,6003201
KR_8352204362,100,False,823291,WIN,2,4,4,4,6,0,13,3,0,585615,60532
KR_8352204362,200,True,823291,LOSE,3,4,3,6,4,2,12,0,1,984058,15370
KR_8352142815,100,True,1137573,WIN,3,5,3,4,4,3,20,0,1,80464,22518
KR_8352142815,200,False,1137573,LOSE,6,5,0,4,8,2,23,3,2,30520,3490
KR_8352113504,100,False,708971,LOSE,2,3,1,2,1,4,4,0,0,46890,46422
KR_8352113504,200,True,708971,WIN,5,3,2,1,3,0,11,3,1,14911,1150447
KR_8352048920,100,True,792473,WIN,1,4,1,2,4,1,11,0,0,984058,276460
KR_8352048920,200,False,792473,LOSE,5,3,2,1,3,2,10,3,0,174819,317441
KR_8351926027,100,False,956733,LOSE,3,0,1,3,9,3,19,0,0,961,7342076
KR_8351926027,200,True,956733,WIN,0,2,0,3,5,3,19,3,1,100154,16232
KR_8351479294,100,True,788701,WIN,5,4,0,2,6,3,11,0,1,7990,27313
KR_8351479294,200,False,788701,LOSE,0,4,1,4,6,5,9,3,0,135225,66181
KR_8351445470,100,True,929112,WIN,1,0,3,3,3,1,18,3,2,327834,24041
KR_8351445470,200,False,929112,LOSE,3,2,0,4,0,2,11,0,0,22090,245190
KR_8351317964,100,True,628749,WIN,4,0,0,0,4,1,4,0,1,788877,784776
KR_8351317964,200,False,628749,LOSE,0,3,0,2,0,4,7,3,0,13973,364233
KR_8351176768,100,False,776119,WIN,5,4,0,3,3,4,6,0,1,30520,89422
KR_8351176768,200,True,776119,LOSE,4,2,0,3,7,1,14,3,0,13142,382432
KR_8350899358,100,False,825379,LOSE,4,3,1,4,1,1,9,0,1,82220,67061
KR_8350899358,200,True,825379,WIN,4,3,2,4,6,0,10,3,0,652441,1402055
KR_8350814818,100,False,1015622,WIN,6,2,0,4,3,5,17,0,0,309824,1174
KR_8350814818,200,True,1015622,LOSE,3,5,1,4,2,1,16,3,2,2357013,233669
KR_8354458867,100,False,1018499,WIN,2,7,5,4,5,4,15,3,0,75341,142161
KR_8354458867,200,True,1018499,LOSE,6,4,1,6,3,4,21,0,1,34360,163323
KR_8354440155,100,True,863459,WIN,2,0,0,1,3,1,9,3,0,3578,59651
KR_8354440155,200,False,863459,LOSE,0,1,1,2,1,1,10,0,2,9872,624890
KR_8354398090,100,True,940953,LOSE,1,1,0,3,6,1,13,3,1,53053,105503
KR_8354398090,200,False,940953,WIN,3,2,0,1,1,2,10,0,0,28107,644615
KR_8349744566,100,True,770384,WIN,8,3,1,5,4,3,10,3,0,224745,190140
KR_8349744566,200,False,770384,LOSE,1,6,5,3,7,3,11,0,0,1725007,516013
KR_8349656390,100,False,773266,LOSE,0,5,2,3,4,2,12,1,1,140685,337068
KR_8349656390,200,True,773266,WIN,5,2,2,1,3,2,8,2,0,62342,134273
KR_8349507885,100,False,704443,LOSE,0,4,0,4,2,1,10,0,0,35651,22999
KR_8349507885,200,True,704443,WIN,6,0,2,0,4,2,10,3,1,887965,14856
KR_8349146229,100,True,931771,WIN,4,1,2,0,6,2,15,1,0,467419,74069
KR_8349146229,200,False,931771,LOSE,1,2,1,5,0,3,25,2,1,90793,253064
KR_8348084733,100,True,1034972,WIN,2,6,1,5,6,0,14,2,1,101494,108513
KR_8348084733,200,False,1034972,LOSE,1,2,6,2,5,3,61,1,1,1985,59901
KR_8345246205,100,False,704970,LOSE,4,3,2,3,7,3,6,3,0,20092,140948
KR_8345246205,200,True,704970,WIN,4,4,1,3,6,3,21,0,1,75372,3694
KR_8345223188,100,False,741472,LOSE,1,3,0,3,1,1,12,3,0,27205,47787
KR_8345223188,200,True,741472,WIN,4,1,0,2,2,0,36,0,2,38538,105474
KR_8345165993,100,False,762846,LOSE,5,4,1,2,1,2,12,3,0,383007,19005
KR_8345165993,200,True,762846,WIN,3,4,4,2,4,1,15,0,0,2717,31680
KR_8343611542,100,True,970622,WIN,6,1,0,1,4,4,23,3,0,516013,467751
KR_8343611542,200,False,970622,LOSE,1,3,1,3,3,1,59,0,2,57235,366647
KR_8338472386,100,False,888106,WIN,3,4,0,3,1,4,22,0,0,165365,11352
KR_8338472386,200,True,888106,LOSE,5,1,3,2,2,2,21,3,1,22668,55748
KR_8337945263,100,True,1076304,LOSE,0,4,4,5,7,2,21,2,0,124954,139867
KR_8337945263,200,False,1076304,WIN,4,3,1,4,4,5,61,1,2,1169159,66589
KR_8337879769,100,True,1055279,WIN,1,1,2,4,5,2,19,3,2,173563,1915403
KR_8337879769,200,False,1055279,LOSE,3,1,2,3,2,4,18,0,0,447756,817056
KR_8343032578,100,True,1046627,WIN,1,1,0,1,2,2,26,2,1,12327,400026
KR_8343032578,200,False,1046627,LOSE,2,2,0,1,0,2,19,1,1,104509,98891
KR_8342977064,100,True,817493,WIN,2,2,6,1,1,0,13,2,2,93667,1751
KR_8342977064,200,False,817493,LOSE,1,3,0,4,3,2,15,1,0,104509,48233
KR_8342893240,100,True,800604,WIN,8,4,2,1,10,0,13,3,0,1109575,2800
KR_8342893240,200,False,800604,LOSE,2,6,0,6,4,4,10,0,0,20200,17051
KR_8342770445,100,True,944128,LOSE,6,3,0,4,7,2,25,3,0,311687,9790
KR_8342770445,200,False,944128,WIN,4,5,4,4,1,1,19,0,2,584216,1468051
KR_8342392817,100,False,821535,LOSE,0,5,0,4,1,2,47,0,0,184748,384287
KR_8342392817,200,True,821535,WIN,3,0,3,0,3,1,17,3,0,56953,96320
KR_8342385143,100,True,672863,WIN,3,0,0,1,1,0,8,3,0,39503,8020
KR_8342385143,200,False,672863,LOSE,0,2,0,2,3,1,6,0,0,26960,2755
KR_8342361028,100,False,929710,WIN,3,0,3,4,1,3,20,0,0,10188,393822
KR_8342361028,200,True,929710,LOSE,1,3,1,3,6,3,13,3,2,59324,214662
KR_8339156205,100,True,855910,WIN,7,3,1,2,5,3,16,0,0,12055,1442383
KR_8339156205,200,False,855910,LOSE,5,7,1,6,5,3,52,3,2,14134,3793359
KR_8338474967,100,False,965599,LOSE,4,5,3,4,4,2,12,3,2,317965,110362
KR_8338474967,200,True,965599,WIN,9,5,0,2,3,4,17,0,0,71825,607340
KR_8338463344,100,False,763735,LOSE,0,3,0,4,4,6,11,0,0,15384,411099
KR_8338463344,200,True,763735,WIN,3,0,2,3,6,0,8,3,1,10188,25204
KR_8338418506,100,False,939866,LOSE,2,2,1,4,4,1,11,0,2,43281,14571
KR_8338418506,200,True,939866,WIN,2,3,3,1,4,1,15,3,0,37054,3284302
KR_8337918504,100,False,773559,LOSE,1,2,0,2,2,4,40,3,0,33120,190777
KR_8337918504,200,True,773559,WIN,2,1,1,2,3,0,9,0,0,353126,33648
KR_8337494932,100,False,892403,LOSE,6,7,3,6,1,6,14,0,0,172375,34106
KR_8337494932,200,True,892403,WIN,4,6,2,4,9,0,14,3,0,610022,68516
KR_8354181500,100,True,850075,WIN,4,1,0,2,8,2,12,3,2,61496,59164
KR_8354181500,200,False,850075,LOSE,3,3,1,2,1,2,11,0,0,68462,290791
KR_8351577085,100,True,806141,WIN,3,1,2,5,2,1,12,3,1,120724,52139
KR_8351577085,200,False,806141,LOSE,2,4,3,3,5,1,11,0,0,669675,361179
KR_8351569204,100,True,1094567,WIN,5,3,1,2,9,2,19,3,2,165912,627789
KR_8351569204,200,False,1094567,LOSE,1,1,1,5,4,4,17,0,1,12502,1112065
KR_8351552972,100,True,829093,WIN,7,1,6,3,4,1,11,3,0,31999,1213718
KR_8351552972,200,False,829093,LOSE,1,4,0,6,3,4,5,0,0,2722080,1112065
KR_8351540600,100,True,764906,WIN,4,5,1,4,2,2,17,0,0,144885,141641
KR_8351540600,200,False,764906,LOSE,4,3,1,1,4,2,12,3,1,1837,89029
KR_8351529799,100,True,861550,WIN,1,1,2,3,1,2,43,3,1,32975,14296
KR_8351529799,200,False,861550,LOSE,1,5,4,2,1,6,19,0,0,235107,299255
KR_8351511883,100,False,687638,WIN,1,1,3,2,2,2,6,3,1,1904210,16050
KR_8351511883,200,True,687638,LOSE,2,3,2,3,1,1,12,0,0,14752,60770
KR_8351492763,100,False,804742,WIN,3,3,0,3,7,1,16,3,0,67922,293630
KR_8351492763,200,True,804742,LOSE,2,3,1,4,6,3,11,0,1,362843,21856
KR_8351468251,100,False,904498,WIN,4,4,1,5,5,0,17,3,0,275975,8828
KR_8351468251,200,True,904498,LOSE,6,3,0,4,2,2,8,0,1,363080,26374
KR_8351420166,100,True,798267,WIN,6,0,1,3,3,2,11,0,1,62432,55967
KR_8351420166,200,False,798267,LOSE,2,3,0,3,3,2,8,3,1,870003,59551
KR_8355241218,100,True,810438,WIN,5,1,1,2,10,3,6,3,1,564006,171450
KR_8355241218,200,False,810438,LOSE,3,3,0,3,2,6,8,0,0,8632,1465
KR_8355069058,100,False,889989,LOSE,6,5,1,4,3,3,10,3,1,101544,21832
KR_8355069058,200,True,889989,WIN,4,4,2,6,7,2,31,0,1,35732,141555
KR_8354902117,100,False,1015909,WIN,1,2,0,3,6,4,14,0,2,21615,30270
KR_8354902117,200,True,1015909,LOSE,2,1,0,3,6,2,18,3,0,43608,1813
KR_8354823972,100,False,959883,LOSE,2,5,1,3,3,1,21,3,0,46820,92203
KR_8354823972,200,True,959883,WIN,4,2,1,2,4,0,20,0,2,4219,624890
KR_8350982728,100,True,888151,WIN,4,3,1,5,1,0,8,1,0,44661,364484
KR_8350982728,200,False,888151,LOSE,4,3,1,3,8,1,15,2,0,8275,267392
KR_8346868745,100,False,1100931,LOSE,2,0,2,6,3,1,20,2,0,383007,498803
KR_8346868745,200,True,1100931,WIN,5,1,0,3,1,2,22,1,2,45386,400890
KR_8345740215,100,False,963057,LOSE,5,5,2,5,3,0,21,3,1,156901,80894
KR_8345740215,200,True,963057,WIN,2,6,1,1,4,0,49,0,0,43673,7257
KR_8345701591,100,True,931917,LOSE,2,5,0,6,2,1,17,0,2,35271,17677
KR_8345701591,200,False,931917,WIN,4,1,4,1,1,3,49,3,0,38253,337025
KR_8342859286,100,False,1124825,LOSE,6,3,8,5,2,4,25,1,0,36206,89325
KR_8342859286,200,True,1124825,WIN,2,5,3,7,5,6,64,2,1,433952,11583
KR_8342806061,100,True,960879,WIN,5,1,0,3,1,0,18,3,0,1062978,123942
KR_8342806061,200,False,960879,LOSE,2,2,0,2,1,1,22,0,1,190238,16058
KR_8340925222,100,True,854505,WIN,10,1,0,1,2,0,15,3,1,67612,116370
KR_8340925222,200,False,854505,LOSE,1,7,0,4,1,2,9,0,0,1342680,40473
KR_8340810582,100,True,909756,WIN,1,0,2,1,1,1,12,2,1,88320,527436
KR_8340810582,200,False,909756,LOSE,1,1,0,1,0,2,5,1,1,600940,2821
KR_8354640018,100,False,1005584,LOSE,0,2,1,1,1,5,24,3,0,759127,527
KR_8354640018,200,True,1005584,WIN,3,0,1,0,5,2,21,0,2,141236,233188
KR_8354605146,100,False,736345,LOSE,0,4,0,3,3,0,8,2,0,24524,103504
KR_8354605146,200,True,736345,WIN,4,1,1,0,1,1,9,1,2,791110,119132
KR_8354517355,100,True,648958,WIN,3,0,2,0,3,1,11,1,0,135491,194647
KR_8354517355,200,False,648958,LOSE,0,2,0,4,1,2,4,2,1,143914,182448
KR_8353864460,100,False,733026,LOSE,0,3,0,3,4,4,7,2,0,264287,26262
KR_8353864460,200,True,733026,WIN,3,1,0,2,8,0,7,1,1,19939,828
KR_8353808388,100,False,561272,LOSE,0,3,2,2,0,1,1,3,0,35452,854428
KR_8353808388,200,True,561272,WIN,2,1,1,1,2,1,6,0,1,11546,275614
KR_8353727927,100,True,1064676,LOSE,3,2,3,2,5,3,23,3,0,68932,2116801
KR_8353727927,200,False,1064676,WIN,4,1,2,4,1,5,17,0,2,31371,10390
KR_8353690584,100,False,703462,LOSE,1,2,1,4,0,5,9,0,0,2943292,83755
KR_8353690584,200,True,703462,WIN,3,1,1,0,4,1,8,3,0,119743,422808
KR_8353488356,100,True,819213,WIN,7,0,1,0,3,2,12,3,0,53339,126788
KR_8353488356,200,False,819213,LOSE,1,4,1,3,1,3,10,0,0,379153,119406
KR_8354096939,100,True,565987,WIN,4,0,2,3,2,1,4,0,1,242231,268656
KR_8354096939,200,False,565987,LOSE,2,3,0,1,2,2,5,3,0,70778,1746650
KR_8352250541,100,True,803675,WIN,2,1,1,0,1,0,9,0,1,242231,92681
KR_8352250541,200,False,803675,LOSE,0,3,0,0,3,0,7,3,1,984058,615592
KR_8348983334,100,True,859133,LOSE,2,1,0,2,3,2,16,3,0,43183,12521
KR_8348983334,200,False,859133,WIN,1,1,1,3,2,1,14,0,2,2307574,586258
KR_8347848124,100,True,913307,LOSE,6,2,1,1,1,4,13,3,0,87272,123839
KR_8347848124,200,False,913307,WIN,1,4,2,3,9,2,13,0,1,201760,1054724
KR_8342483586,100,True,823123,WIN,5,1,4,0,5,0,8,2,2,242231,43154
KR_8342483586,200,False,823123,LOSE,0,6,1,3,0,3,9,1,0,6551,13224
KR_8342439738,100,True,954929,WIN,6,2,1,3,14,1,12,3,1,274494,11158
KR_8342439738,200,False,954929,LOSE,1,4,2,7,8,5,19,0,0,362213,214363
KR_8342392710,100,True,1081855,LOSE,3,4,4,4,6,0,19,3,1,150949,4473
KR_8342392710,200,False,1081855,WIN,2,1,2,3,6,6,23,0,1,288738,7854698
KR_8340800845,100,True,851504,WIN,5,3,4,2,7,0,16,1,2,89694,79561
KR_8340800845,200,False,851504,LOSE,4,6,0,5,2,5,14,2,0,150949,1032979
KR_8340771977,100,False,794683,WIN,3,2,0,1,10,3,8,3,1,11604,2123146
KR_8340771977,200,True,794683,LOSE,2,4,0,3,3,2,41,0,0,242231,298300
KR_8346503768,100,True,736807,WIN,6,2,2,3,2,4,11,3,1,743095,57755
KR_8346503768,200,False,736807,LOSE,3,6,4,3,3,2,4,0,0,136781,697
KR_8346504512,100,False,953721,WIN,7,4,4,8,5,3,14,2,0,36607,22287
KR_8346504512,200,True,953721,LOSE,2,7,2,4,9,2,12,1,2,9703,757889
KR_8345544096,100,False,964226,LOSE,3,2,1,6,4,5,16,2,0,13529,35282
KR_8345544096,200,True,964226,WIN,4,4,1,2,7,1,12,1,2,140956,80700
KR_8345408769,100,True,1119684,LOSE,9,2,4,5,2,2,11,3,2,140205,39896
KR_8345408769,200,False,1119684,WIN,3,4,0,6,7,5,17,0,1,17131,76055
KR_8345405243,100,False,851970,LOSE,1,5,1,1,5,2,11,3,0,103583,68056
KR_8345405243,200,True,851970,WIN,6,3,1,3,3,2,10,0,1,63203,1343
KR_8344920566,100,True,1137835,WIN,8,6,9,7,3,3,13,3,1,565229,40542
KR_8344920566,200,False,1137835,LOSE,5,7,1,5,8,4,75,0,1,237894,21500
KR_8344863098,100,True,645850,WIN,5,0,0,4,4,4,4,1,0,169695,12250
KR_8344863098,200,False,645850,LOSE,2,4,0,5,3,2,6,2,0,565229,35957
KR_8340019661,100,True,944655,LOSE,2,3,1,3,2,1,19,1,1,353713,78586
KR_8340019661,200,False,944655,WIN,2,2,2,6,1,0,15,2,1,5592139,46685
KR_8339974251,100,True,904658,LOSE,4,6,0,2,8,3,15,3,0,103913,589548
KR_8339974251,200,False,904658,WIN,8,2,2,2,1,4,53,0,1,304508,169539
KR_8339900478,100,True,932931,WIN,1,1,1,1,9,2,21,3,0,6560,700978
KR_8339900478,200,False,932931,LOSE,2,3,0,5,3,4,12,0,1,1199269,1650069
KR_8339852351,100,False,863244,LOSE,1,5,0,3,1,2,8,3,0,1648842,1650069
KR_8339852351,200,True,863244,WIN,7,1,1,1,2,0,11,0,2,19996,55323
KR_8338866616,100,True,716664,WIN,0,2,1,0,3,2,13,3,0,94843,40079
KR_8338866616,200,False,716664,LOSE,0,2,0,2,2,4,6,0,1,206818,16466
KR_8338634474,100,True,649181,WIN,4,1,0,1,3,1,8,1,0,379232,248320
KR_8338634474,200,False,649181,LOSE,0,2,0,1,2,2,12,2,1,68462,82125
KR_8338609302,100,False,966969,LOSE,5,5,1,4,3,4,17,0,0,5898,187764
KR_8338609302,200,True,966969,WIN,6,2,2,5,8,1,28,3,2,470828,215875
KR_8338564415,100,False,1108890,WIN,4,5,1,6,4,0,25,2,0,106600,440557
KR_8338564415,200,True,1108890,LOSE,3,4,1,4,7,1,19,1,2,262669,339324
KR_8353845191,100,False,909182,LOSE,4,3,2,4,5,4,15,0,0,126793,5764
KR_8353845191,200,True,909182,WIN,2,2,2,3,8,3,11,3,1,40810,66181
KR_8353789502,100,False,935278,LOSE,4,3,1,5,5,3,55,0,1,194801,511571
KR_8353789502,200,True,935278,WIN,7,3,0,2,6,0,19,3,1,31186,5245
KR_8353680744,100,True,991136,LOSE,2,1,0,4,6,2,19,0,0,282570,167193
KR_8353680744,200,False,991136,WIN,1,5,2,3,1,0,18,3,1,31435,38445
KR_8353623328,100,True,909340,WIN,3,3,3,2,4,1,14,3,1,913903,153208
KR_8353623328,200,False,909340,LOSE,3,2,2,5,5,3,10,0,1,1354,1398
KR_8353562738,100,False,1042318,LOSE,8,8,3,4,3,6,21,0,1,11596,2081161
KR_8353562738,200,True,1042318,WIN,10,7,3,6,5,4,16,2,0,719404,67238
KR_8353528407,100,False,836810,LOSE,3,4,2,2,2,2,12,0,1,7263,10324
KR_8353528407,200,True,836810,WIN,6,3,0,2,4,1,15,3,0,9872,83211
KR_8352285803,100,True,769752,WIN,8,3,0,3,4,0,3,2,0,410639,37378
KR_8352285803,200,False,769752,LOSE,2,5,3,5,0,4,7,1,1,229709,60924
KR_8352237937,100,True,622183,WIN,2,0,0,1,4,0,7,3,1,788877,98788
KR_8352237937,200,False,622183,LOSE,1,3,0,0,1,3,13,0,0,860605,7642
KR_8347272577,100,True,790172,WIN,7,1,1,4,3,0,10,2,1,185733,147446
KR_8347272577,200,False,790172,LOSE,4,5,0,7,3,3,10,1,0,3448700,151123
KR_8347211673,100,True,936563,LOSE,2,3,1,1,5,1,51,3,1,48333,93067
KR_8347211673,200,False,936563,WIN,5,0,0,2,0,2,15,0,1,230518,129089
KR_8347178472,100,True,941111,WIN,1,3,2,4,4,1,11,0,0,88821,313068
KR_8347178472,200,False,941111,LOSE,4,2,0,2,3,4,20,3,1,43582,8018
KR_8347123384,100,False,809099,LOSE,2,4,0,5,2,5,11,3,0,261811,56516
KR_8347123384,200,True,809099,WIN,9,2,3,1,4,2,11,0,1,685439,10220
KR_8347026550,100,False,705029,WIN,12,2,1,5,4,1,7,3,0,2357013,235679
KR_8347026550,200,True,705029,LOSE,3,5,2,7,1,2,7,0,1,984058,156901
KR_8346966831,100,False,850086,LOSE,0,4,0,2,2,1,15,0,0,6551,12884
KR_8346966831,200,True,850086,WIN,6,3,1,2,4,2,41,3,1,577085,20783
KR_8355233887,100,False,702609,LOSE,1,4,1,7,2,2,3,3,0,30017,136477
KR_8355233887,200,True,702609,WIN,4,1,2,3,5,0,8,0,1,50538,8577
KR_8355211781,100,False,888440,LOSE,1,4,2,5,5,3,11,0,0,87272,87383
KR_8355211781,200,True,888440,WIN,1,2,2,3,2,2,56,3,2,333977,408378
KR_8355188870,100,False,985353,WIN,2,6,2,2,11,3,24,3,0,584262,1133606
KR_8355188870,200,True,985353,LOSE,3,3,7,5,3,4,17,0,1,311687,87383
KR_8355031773,100,True,895688,WIN,4,2,0,0,2,0,16,0,1,69139,121499
KR_8355031773,200,False,895688,LOSE,1,2,0,4,1,2,17,3,1,227685,6003201
KR_8354850478,100,False,1151561,LOSE,6,6,0,5,5,5,69,1,1,7408,366647
KR_8354850478,200,True,1151561,WIN,7,3,1,5,11,2,22,2,1,6370603,372134
KR_8354790747,100,True,1179208,LOSE,4,7,1,6,5,4,22,3,0,888608,76441
KR_8354790747,200,False,1179208,WIN,6,4,1,6,10,3,20,0,2,83876,11886
KR_8354739765,100,True,912701,WIN,4,0,1,5,1,2,16,1,1,129900,3758
KR_8354739765,200,False,912701,LOSE,2,3,1,2,0,4,14,2,0,998996,29563
KR_8354700292,100,True,937548,WIN,2,2,0,0,9,1,22,2,1,126553,13030
KR_8354700292,200,False,937548,LOSE,2,2,0,0,2,5,14,1,1,11984,204802
KR_8354650026,100,False,827454,LOSE,2,1,0,1,5,3,14,0,0,152407,305225
KR_8354650026,200,True,827454,WIN,2,1,0,3,2,2,41,3,0,89144,135843
KR_8354569201,100,False,790390,WIN,6,2,2,2,1,1,13,0,1,303451,281574
KR_8354569201,200,True,790390,LOSE,2,4,2,4,1,1,5,3,0,54326,33133
KR_8354538309,100,False,942490,LOSE,2,4,4,2,1,1,15,0,0,79940,153208
KR_8354538309,200,True,942490,WIN,4,3,3,1,2,2,22,3,2,9912,56014
KR_8354497837,100,True,681649,WIN,2,1,1,1,4,1,6,0,0,39739,87747
KR_8354497837,200,False,681649,LOSE,2,3,0,3,2,2,7,3,1,915061,313068
KR_8354163788,100,False,625501,LOSE,0,5,6,1,2,1,5,3,0,172636,40801
KR_8354163788,200,True,625501,WIN,4,3,1,3,3,2,4,0,1,54646,77706
KR_8354164408,100,False,859662,WIN,7,5,2,3,1,0,16,3,1,186005,357747
KR_8354164408,200,True,859662,LOSE,2,4,0,6,5,2,18,0,0,79940,86657
KR_8354109579,100,True,999816,WIN,2,3,2,4,5,1,24,3,0,155912,130201
KR_8354109579,200,False,999816,LOSE,1,2,2,4,3,2,19,0,2,14752,107595
KR_8353716179,100,False,715440,LOSE,0,0,4,4,2,2,8,2,0,166208,87383
KR_8353716179,200,True,715440,WIN,2,0,2,0,3,4,12,1,1,347533,13809
KR_8353649171,100,False,1050033,LOSE,4,2,6,4,1,3,23,3,0,86382,2770
KR_8353649171,200,True,1050033,WIN,1,5,4,2,5,4,16,0,2,10859,15055
KR_8355231024,100,False,934316,LOSE,1,3,2,3,5,3,22,0,0,356876,218187
KR_8355231024,200,True,934316,WIN,3,2,0,3,4,1,17,3,2,39143,330005
KR_8355206861,100,True,801824,WIN,5,1,1,1,6,0,10,3,1,5973,275737
KR_8355206861,200,False,801824,LOSE,1,4,0,4,3,5,13,0,1,149812,57567
KR_8355194752,100,True,678722,LOSE,0,5,2,1,5,3,12,3,1,160644,720670
KR_8355194752,200,False,678722,WIN,2,0,4,2,4,3,7,0,0,58881,5736
KR_8355059346,100,False,773729,LOSE,1,5,0,4,4,2,10,0,1,1967,445
KR_8355059346,200,True,773729,WIN,8,1,0,2,4,0,11,3,0,429164,20180
KR_8354333560,100,False,987047,LOSE,2,6,4,8,4,3,8,3,0,1185468,67238
KR_8354333560,200,True,987047,WIN,9,5,1,7,11,0,10,0,1,429164,179722
KR_8354324103,100,False,767175,LOSE,2,3,0,3,3,3,12,1,0,64873,24483
KR_8354324103,200,True,767175,WIN,5,0,2,3,2,0,6,2,2,66039,4334117
KR_8354094101,100,False,665363,LOSE,4,6,1,6,1,2,7,0,0,94843,92652
KR_8354094101,200,True,665363,WIN,13,4,1,2,0,1,9,3,1,429164,491989
KR_8354052999,100,True,924855,WIN,4,7,1,3,5,2,18,3,0,58881,561575
KR_8354052999,200,False,924855,LOSE,4,8,6,1,4,2,15,0,1,88771,576554
KR_8354055522,100,False,742333,LOSE,2,4,0,3,3,5,35,0,0,57014,14739
KR_8354055522,200,True,742333,WIN,5,1,0,2,6,2,11,3,1,260906,22951
KR_8354033241,100,True,910616,LOSE,6,6,0,2,6,2,21,0,1,213812,109366
KR_8354033241,200,False,910616,WIN,3,3,3,3,3,6,19,3,0,510836,117229
KR_8354012152,100,False,914536,LOSE,0,1,0,3,1,4,19,3,0,341950,417
KR_8354012152,200,True,914536,WIN,2,1,0,0,5,1,11,0,1,16607,1799012
KR_8353500081,100,True,1038881,WIN,3,1,3,1,6,1,58,3,1,399126,90693
KR_8353500081,200,False,1038881,LOSE,2,3,3,4,1,3,11,0,0,39468,26303
KR_8352635816,100,False,784281,LOSE,0,3,1,4,0,5,13,0,1,751,22182
KR_8352635816,200,True,784281,WIN,9,1,1,0,5,1,10,3,0,1702686,30644
KR_8349055734,100,False,779183,LOSE,2,1,1,4,1,5,10,0,0,41623,89493
KR_8349055734,200,True,779183,WIN,2,1,2,0,4,2,12,3,1,9872,2579
KR_8347037401,100,False,949632,WIN,5,4,1,4,5,5,17,3,0,2011818,73150
KR_8347037401,200,True,949632,LOSE,2,5,2,5,5,5,15,0,1,103807,187764
KR_8346008488,100,True,1018706,WIN,1,0,1,2,4,3,22,3,2,288955,1803847
KR_8346008488,200,False,1018706,LOSE,0,1,0,1,1,3,17,0,0,62092,1273374
KR_8343012927,100,True,1053984,WIN,5,1,1,3,3,3,11,3,0,383007,2755
KR_8343012927,200,False,1053984,LOSE,4,3,1,3,1,1,22,0,2,19996,375574
KR_8341836531,100,True,1025582,WIN,0,4,3,1,7,2,25,3,1,188365,15008
KR_8341836531,200,False,1025582,LOSE,2,6,2,3,4,1,20,0,1,44708,30773
KR_8354403292,100,True,804616,LOSE,0,2,0,1,4,0,43,3,1,35259,231379
KR_8354403292,200,False,804616,WIN,1,2,1,1,1,2,7,0,1,157202,44991
KR_8354383226,100,True,894165,LOSE,2,8,4,2,7,0,30,3,1,41684,14403
KR_8354383226,200,False,894165,WIN,4,6,7,3,1,4,16,0,0,705379,13449
KR_8354351646,100,True,619566,WIN,0,0,1,0,3,0,7,0,1,247117,13882
KR_8354351646,200,False,619566,LOSE,0,2,0,1,0,0,3,3,0,19802,7958
KR_8350022647,100,False,807154,LOSE,0,2,1,3,2,3,11,0,0,75768,108726
KR_8350022647,200,True,807154,WIN,2,1,1,0,3,1,11,3,1,1310525,45802
KR_8350012213,100,True,954078,WIN,1,3,0,5,9,1,12,3,1,72444,169983
KR_8350012213,200,False,954078,LOSE,6,3,2,2,1,4,13,0,1,705379,5117
KR_8354949813,100,False,1130957,LOSE,3,4,4,6,1,4,26,0,0,1581,5222
KR_8354949813,200,True,1130957,WIN,5,4,4,3,6,1,20,3,2,1069380,32499
KR_8354913007,100,True,895545,LOSE,11,4,3,6,6,2,11,3,1,657853,9472
KR_8354913007,200,False,895545,WIN,4,8,3,6,3,5,9,0,0,72147,74616
KR_8354848188,100,False,982639,LOSE,1,3,1,3,7,4,17,3,0,719404,12004
KR_8354848188,200,True,982639,WIN,1,4,4,2,5,2,14,0,2,141898,20137
KR_8354781251,100,False,1065998,LOSE,3,2,1,6,5,2,29,3,1,86382,563703
KR_8354781251,200,True,1065998,WIN,4,5,1,4,3,1,22,0,0,2767,43265
KR_8353479339,100,False,955029,LOSE,4,2,1,0,4,6,5,0,0,98889,3170
KR_8353479339,200,True,955029,WIN,3,2,2,3,3,2,8,3,2,1042742,131553
KR_8352621242,100,True,1151614,LOSE,8,6,1,4,12,1,28,0,1,200803,44898
KR_8352621242,200,False,1151614,WIN,10,8,0,8,1,4,15,3,1,915061,62092
KR_8352568107,100,False,821496,LOSE,0,0,0,1,4,5,12,3,0,115495,11410
KR_8352568107,200,True,821496,WIN,0,0,0,0,9,1,15,0,1,32181,244409
KR_8352362605,100,True,889436,LOSE,2,2,0,7,1,0,11,0,1,367732,20477
KR_8352362605,200,False,889436,WIN,4,3,2,0,1,0,18,3,1,547669,337612
KR_8350514058,100,True,670655,LOSE,3,4,0,2,2,1,9,3,0,360400,490804
KR_8350514058,200,False,670655,WIN,5,2,1,2,0,1,10,0,0,285688,1112875
KR_8348003596,100,False,914715,LOSE,1,4,2,1,2,4,15,0,1,210098,76951
KR_8348003596,200,True,914715,WIN,5,2,0,1,5,1,16,3,1,91576,227428
KR_8346832571,100,True,703735,WIN,3,3,0,0,0,1,7,3,2,9128,194391
KR_8346832571,200,False,703735,LOSE,1,2,0,3,2,3,11,0,0,289607,2085319
KR_8354370910,100,True,1037172,WIN,2,3,2,6,6,2,19,2,0,733566,262374
KR_8354370910,200,False,1037172,LOSE,6,4,1,2,6,2,22,1,1,22697,122127
KR_8352059810,100,True,1086215,WIN,3,1,0,4,4,0,27,1,0,64200,275737
KR_8352059810,200,False,1086215,LOSE,1,2,0,4,6,3,68,2,2,78261,67298
KR_8350021053,100,False,688187,LOSE,2,3,1,2,2,1,8,0,0,212427,1147429
KR_8350021053,200,True,688187,WIN,2,3,2,0,1,0,4,3,0,78261,251159
KR_8349996040,100,True,837763,WIN,4,3,1,2,9,2,244,3,1,1551,5171615
KR_8349996040,200,False,837763,LOSE,4,2,0,4,2,5,11,0,0,2878,9720
KR_8348991927,100,False,853132,LOSE,4,6,5,5,3,4,12,0,0,159977,752610
KR_8348991927,200,True,853132,WIN,7,5,3,4,8,1,15,3,2,50069,970
KR_8348774186,100,True,689388,LOSE,5,2,1,3,2,2,8,2,1,86992,14220
KR_8348774186,200,False,689388,WIN,1,3,4,4,1,1,9,1,0,211913,2736674
KR_8347641518,100,True,882304,WIN,6,1,0,1,2,0,12,0,1,36004,615592
KR_8347641518,200,False,882304,LOSE,2,3,0,4,1,1,16,3,0,145467,570649
KR_8347638260,100,True,797500,WIN,4,2,0,4,3,2,11,3,1,36335,70424
KR_8347638260,200,False,797500,LOSE,4,2,1,2,1,1,8,0,0,28773,534401
KR_8344332841,100,True,1030539,WIN,0,7,3,2,5,3,26,0,2,289738,46459
KR_8344332841,200,False,1030539,LOSE,4,6,4,5,4,2,15,3,0,9105,9003
KR_8343284475,100,True,825702,WIN,5,0,1,1,7,5,11,1,2,525000,17892
KR_8343284475,200,False,825702,LOSE,2,4,2,5,2,3,10,2,0,21055,1652542
KR_8340771576,100,False,858984,LOSE,2,4,1,4,3,2,11,3,0,147047,466550
KR_8340771576,200,True,858984,WIN,1,2,7,0,3,3,16,0,1,287532,87581
KR_8339393444,100,False,740681,WIN,4,0,1,1,3,2,12,3,1,47365,607340
KR_8339393444,200,True,740681,LOSE,0,2,1,4,3,1,9,0,0,161153,21845
KR_8339376245,100,False,853648,LOSE,1,1,2,3,5,0,44,3,0,184907,295947
KR_8339376245,200,True,853648,WIN,4,2,0,2,2,3,18,0,2,90803,7774
KR_8353422604,100,False,729178,WIN,5,0,1,0,0,0,8,0,0,32028,22518
KR_8353422604,200,True,729178,LOSE,0,2,0,3,2,0,6,3,1,703798,9475
KR_8353355932,100,True,920897,LOSE,1,5,4,1,3,0,15,1,0,1880,371753
KR_8353355932,200,False,920897,WIN,3,2,0,3,2,2,18,2,2,193701,382432
KR_8353339847,100,False,793188,LOSE,0,4,2,3,5,2,4,2,1,42660,1924
KR_8353339847,200,True,793188,WIN,7,3,0,3,2,2,11,1,0,165476,65475
KR_8353323426,100,True,900581,WIN,6,2,4,4,8,2,13,3,1,3667688,371753
KR_8353323426,200,False,900581,LOSE,3,6,1,7,5,4,16,0,0,2580674,32985
KR_8353273269,100,False,804896,LOSE,1,0,2,5,2,4,10,1,1,171490,151152
KR_8353273269,200,True,804896,WIN,0,0,0,4,5,2,12,2,1,19515,160576
KR_8350108306,100,False,742088,WIN,4,1,0,2,2,2,6,0,1,10535,57546
KR_8350108306,200,True,742088,LOSE,1,3,0,3,3,1,8,3,0,342495,28199
KR_8350076454,100,False,903845,LOSE,2,4,2,6,3,1,52,0,0,36400,32726
KR_8350076454,200,True,903845,WIN,5,4,1,1,6,2,15,3,1,43484,790800
KR_8350061340,100,True,910906,LOSE,5,4,10,2,5,1,12,3,2,281205,245361
KR_8350061340,200,False,910906,WIN,3,8,2,7,3,4,12,0,0,173047,234240
KR_8350050273,100,False,853712,LOSE,2,3,3,3,4,1,10,3,0,245027,1340
KR_8350050273,200,True,853712,WIN,2,2,1,4,4,2,15,0,1,30806,6021
KR_8350022089,100,True,998148,LOSE,2,3,1,3,6,2,23,3,0,12710,357747
KR_8350022089,200,False,998148,WIN,3,3,1,0,4,4,17,0,1,909905,438692
KR_8349981585,100,False,779680,LOSE,3,5,1,1,2,3,13,3,1,1778151,28199
KR_8349981585,200,True,779680,WIN,3,2,0,0,4,2,11,0,0,176352,82516
KR_8349967588,100,True,741302,LOSE,1,2,1,4,6,3,8,0,0,68462,40527
KR_8349967588,200,False,741302,WIN,4,2,0,4,6,1,6,3,0,245503,43791
KR_8349955990,100,True,634681,WIN,0,2,0,3,2,0,8,3,1,61087,108726
KR_8349955990,200,False,634681,LOSE,2,0,2,0,3,0,4,0,0,39612,1419
KR_8349963101,100,True,1005537,WIN,9,3,3,1,1,3,19,3,2,492414,213129
KR_8349963101,200,False,1005537,LOSE,0,5,2,7,7,3,12,0,0,454854,10159
KR_8349951159,100,True,789407,WIN,3,2,1,2,2,3,6,3,0,174819,34014
KR_8349951159,200,False,789407,LOSE,1,3,2,1,8,1,9,0,2,10622,55967
KR_8349934369,100,False,768274,LOSE,0,7,2,3,3,2,8,3,1,1725007,42043
KR_8349934369,200,True,768274,WIN,7,0,2,1,7,1,7,0,1,909461,38330
KR_8349911348,100,True,818405,WIN,1,1,0,1,3,2,13,1,2,96732,150587
KR_8349911348,200,False,818405,LOSE,1,3,0,1,4,2,9,2,0,2567815,393822
KR_8347918893,100,False,820436,WIN,7,2,3,1,2,0,9,3,0,419953,127650
KR_8347918893,200,True,820436,LOSE,3,4,0,3,0,4,10,0,1,37408,22336
KR_8347906004,100,True,1066400,WIN,2,3,1,4,8,1,20,3,2,352004,172818
KR_8347906004,200,False,1066400,LOSE,4,4,2,2,0,3,18,0,0,79421,56501
KR_8347879100,100,False,1160830,WIN,3,5,1,4,6,2,26,2,0,858207,796678
KR_8347879100,200,True,1160830,LOSE,6,3,0,4,4,2,18,1,3,401629,31934
KR_8347232838,100,False,1061894,WIN,0,1,3,2,7,1,15,0,1,82637,20716
KR_8347232838,200,True,1061894,LOSE,0,3,1,5,2,1,13,3,2,211958,4829
KR_8347185466,100,False,886427,LOSE,5,4,0,2,3,3,18,2,0,77096,46471
KR_8347185466,200,True,886427,WIN,1,4,2,3,6,4,14,1,1,154062,6003201
KR_8346949413,100,True,797380,WIN,5,1,0,1,6,2,5,3,1,186955,35304
KR_8346949413,200,False,797380,LOSE,2,4,0,3,3,6,5,0,1,724876,2693
KR_8346910489,100,False,890559,LOSE,1,3,2,6,3,3,14,2,1,1156459,43634
KR_8346910489,200,True,890559,WIN,4,3,2,0,5,0,16,1,1,864032,16673
KR_8346896286,100,True,881384,WIN,4,1,1,1,3,2,13,3,2,69178,127787
KR_8346896286,200,False,881384,LOSE,0,3,1,3,4,2,12,0,0,51280,274611
KR_8346852815,100,True,867584,LOSE,5,3,1,3,5,2,9,3,2,640068,382432
KR_8346852815,200,False,867584,WIN,4,3,1,2,4,4,11,0,0,118248,2085319
KR_8346825487,100,False,745488,WIN,6,4,4,2,4,1,6,2,1,318292,30942
KR_8346825487,200,True,745488,LOSE,1,6,4,6,2,1,8,1,0,197782,40164
KR_8346782802,100,False,783807,WIN,1,1,2,5,4,5,12,3,0,11837,234039
KR_8346782802,200,True,783807,LOSE,0,1,3,2,8,3,10,0,1,73394,2085319
KR_8346760715,100,True,1035341,WIN,5,4,6,2,4,2,20,3,0,88694,234039
KR_8346760715,200,False,1035341,LOSE,1,6,2,8,1,7,11,0,1,12461,177319
KR_8345756754,100,True,915709,WIN,0,3,0,1,9,0,16,3,0,143766,6992
KR_8345756754,200,False,915709,LOSE,4,2,0,2,2,2,19,0,2,125033,343110
KR_8345709274,100,False,792010,LOSE,2,4,0,4,2,3,10,3,0,310077,240936
KR_8345709274,200,True,792010,WIN,9,3,1,2,2,2,10,0,2,174819,22323
KR_8354715667,100,False,546748,LOSE,0,5,0,3,2,3,5,2,0,527038,337577
KR_8354715667,200,True,546748,WIN,4,0,1,0,5,0,24,1,1,1037592,2425
KR_8354671754,100,False,1031702,LOSE,3,2,0,0,2,1,16,1,0,363025,2422
KR_8354671754,200,True,1031702,WIN,2,1,0,2,4,0,18,2,2,670322,682017
KR_8350418244,100,True,833446,WIN,1,1,1,0,6,1,13,3,1,77802,45457
KR_8350418244,200,False,833446,LOSE,1,2,0,2,0,3,13,0,0,3480,113595
KR_8350367947,100,False,909205,LOSE,2,3,0,1,7,1,13,3,1,3480,66399
KR_8350367947,200,True,909205,WIN,2,2,2,3,3,3,9,0,1,1058337,77706
KR_8350337089,100,True,953578,WIN,2,3,0,3,5,1,11,3,2,42660,6856
KR_8350337089,200,False,953578,LOSE,5,3,0,2,5,3,12,0,0,3480,9456
KR_8347266275,100,False,798090,WIN,6,1,3,4,2,3,10,2,0,124038,2220
KR_8347266275,200,True,798090,LOSE,6,6,1,4,3,2,10,1,1,98961,48616
KR_8339524953,100,True,1083410,WIN,9,5,1,2,6,2,25,3,1,804922,119386
KR_8339524953,200,False,1083410,LOSE,0,5,2,6,1,5,16,0,1,167112,229026
KR_8337404949,100,True,769097,LOSE,1,5,1,5,5,1,6,3,0,1725007,15563
KR_8337404949,200,False,769097,WIN,6,0,3,2,3,1,8,0,2,54692,38994
KR_8350756823,100,True,872364,LOSE,2,2,0,3,6,5,6,3,0,9911,153039
KR_8350756823,200,False,872364,WIN,2,2,2,2,4,7,16,0,1,54315,77485
KR_8350696635,100,False,1093456,WIN,5,6,5,4,4,4,19,0,2,21472,130249
KR_8350696635,200,True,1093456,LOSE,5,7,1,5,7,4,24,3,0,117457,361179
KR_8350638659,100,True,910928,WIN,3,0,0,1,4,2,17,3,1,25171,74184
KR_8350638659,200,False,910928,LOSE,0,3,0,2,4,0,11,0,1,53906,5444429
KR_8350595274,100,True,850617,WIN,3,1,0,1,6,2,44,3,0,56883,298300
KR_8350595274,200,False,850617,LOSE,0,4,1,3,4,3,9,0,1,15643,119646
KR_8347272332,100,True,824142,LOSE,2,3,1,3,3,2,12,0,0,223421,12550
KR_8347272332,200,False,824142,WIN,2,2,0,1,3,3,9,3,2,332286,12402
KR_8347199587,100,False,684783,WIN,4,2,3,1,3,1,13,0,1,151941,4265
KR_8347199587,200,True,684783,LOSE,2,2,2,8,1,0,8,3,0,671389,16754
KR_8347150360,100,False,682489,WIN,5,1,3,1,1,2,7,0,0,3885,19722
KR_8347150360,200,True,682489,LOSE,1,2,1,5,1,3,1,3,1,157202,52579
KR_8344779830,100,False,1138263,LOSE,2,3,1,5,3,2,26,0,1,28154,106595
KR_8344779830,200,True,1138263,WIN,2,4,2,2,3,1,34,3,2,53906,12333
KR_8338546189,100,False,1095613,LOSE,5,6,0,5,4,4,23,3,0,719598,2963
KR_8338546189,200,True,1095613,WIN,5,2,1,3,10,3,26,0,2,276766,228562
KR_8338506669,100,True,881931,WIN,4,0,2,5,6,1,10,3,1,802724,8075
KR_8338506669,200,False,881931,LOSE,3,3,2,2,4,4,14,0,1,202393,395590
KR_8346715060,100,False,935585,LOSE,1,3,1,2,7,3,20,3,0,586541,382432
KR_8346715060,200,True,935585,WIN,1,1,4,1,5,3,49,0,1,40662,25907
KR_8346374194,100,True,713921,WIN,2,1,0,1,2,0,15,3,0,671771,48609
KR_8346374194,200,False,713921,LOSE,1,3,2,1,1,1,6,0,1,162692,227427
KR_8345602341,100,True,881420,WIN,3,0,1,2,1,4,12,0,2,2661391,1952
KR_8345602341,200,False,881420,LOSE,0,4,0,3,2,3,32,2,0,139921,8474
KR_8342528323,100,True,802281,WIN,4,1,2,1,5,0,13,0,1,330546,134977
KR_8342528323,200,False,802281,LOSE,2,6,0,3,3,0,9,3,0,13157,314674
KR_8342481447,100,False,981717,LOSE,0,3,0,2,7,3,21,1,1,141236,180544
KR_8342481447,200,True,981717,WIN,4,1,2,2,5,1,10,2,0,256339,92400
KR_8337299097,100,False,856908,LOSE,1,1,2,5,3,3,12,3,0,21591,11945
KR_8337299097,200,True,856908,WIN,3,1,2,3,5,2,48,0,0,261811,59901
KR_8337258688,100,True,737606,WIN,9,3,5,2,2,1,9,3,1,487207,7311
KR_8337258688,200,False,737606,LOSE,2,5,1,6,2,5,9,0,0,210769,1643
KR_8337167470,100,False,824412,LOSE,1,5,3,1,3,2,6,3,0,91072,172421
KR_8337167470,200,True,824412,WIN,7,3,0,1,3,0,10,0,1,20619,28890
KR_8353889762,100,True,941573,WIN,5,3,1,5,3,7,18,3,0,2610361,10842
KR_8353889762,200,False,941573,LOSE,4,3,7,2,4,3,48,0,2,4066,3549648
KR_8353845116,100,True,928795,WIN,4,6,5,2,4,1,15,1,1,36397,3749
KR_8353845116,200,False,928795,LOSE,2,4,4,3,0,2,14,2,0,105142,246367
KR_8353788366,100,False,932905,LOSE,2,3,2,3,7,2,9,3,0,36846,3749
KR_8353788366,200,True,932905,WIN,5,2,2,6,2,3,14,0,2,32579,306119
KR_8352586097,100,False,827928,LOSE,1,2,2,1,2,2,8,1,0,352758,292622
KR_8352586097,200,True,827928,WIN,1,0,1,1,0,2,9,2,2,275569,408354
KR_8344644804,100,True,825444,WIN,1,3,3,2,4,0,13,3,1,17410,890532
KR_8344644804,200,False,825444,LOSE,4,4,1,2,0,2,14,0,0,32903,9734
KR_8344584584,100,False,964666,LOSE,3,0,3,6,1,4,22,0,1,119773,108391
KR_8344584584,200,True,964666,WIN,2,4,1,2,8,0,19,3,1,52119,32944
KR_8344540048,100,False,961299,LOSE,10,4,1,6,4,5,15,0,1,28783,47549
KR_8344540048,200,True,961299,WIN,6,6,4,5,5,4,16,3,1,598216,63329
KR_8344497088,100,True,984957,LOSE,4,2,1,1,2,1,60,3,0,32903,70611
KR_8344497088,200,False,984957,WIN,1,4,2,2,1,2,21,0,2,114177,10195
KR_8338381385,100,False,789499,LOSE,1,2,1,3,5,3,7,1,0,13872,5357
KR_8338381385,200,True,789499,WIN,3,3,2,2,3,4,11,2,1,33569,25923
KR_8338340964,100,False,803793,LOSE,0,0,2,3,3,2,42,2,0,10595,171436
KR_8338340964,200,True,803793,WIN,1,0,0,2,6,1,16,1,2,442308,337577
KR_8338322989,100,True,1105207,WIN,7,1,4,4,6,2,18,3,1,95010,44274
KR_8338322989,200,False,1105207,LOSE,2,5,2,6,4,7,22,0,1,926,64334
KR_8337207805,100,False,884571,LOSE,0,3,0,2,2,1,48,0,0,28783,511571
KR_8337207805,200,True,884571,WIN,3,0,4,0,2,1,15,3,2,27035,22022
KR_8353024876,100,True,1053681,LOSE,1,3,1,4,4,1,70,3,1,586541,11635
KR_8353024876,200,False,1053681,WIN,1,4,4,1,2,2,17,0,1,24038,414793
KR_8353028253,100,True,777474,LOSE,1,8,2,1,2,1,9,0,1,2768,299255
KR_8353028253,200,False,777474,WIN,4,2,6,2,2,3,6,3,1,32979,177319
KR_8352999865,100,False,960819,LOSE,3,5,0,3,3,2,19,1,0,1725007,729841
KR_8352999865,200,True,960819,WIN,3,1,3,1,4,4,13,2,1,18981,271165
KR_8352973959,100,False,1217104,WIN,3,6,2,6,3,3,32,3,1,21882,10302
KR_8352973959,200,True,1217104,LOSE,1,2,2,4,9,1,80,0,2,100419,3468394
KR_8352969073,100,False,790420,LOSE,0,4,2,4,2,2,10,1,1,58878,44274
KR_8352969073,200,True,790420,WIN,1,3,3,2,6,2,12,2,1,100419,388536
KR_8352937138,100,False,1052860,LOSE,1,2,1,6,2,4,18,0,0,278652,36238
KR_8352937138,200,True,1052860,WIN,2,2,4,1,11,0,65,3,3,515613,70611
KR_8352886321,100,True,857782,LOSE,1,3,0,4,12,3,17,0,1,98864,23437
KR_8352886321,200,False,857782,WIN,2,5,4,5,2,2,11,3,1,11712,51695
KR_8352840432,100,False,856443,WIN,7,0,0,2,2,1,11,3,1,1991,370411
KR_8352840432,200,True,856443,LOSE,0,6,2,2,0,1,9,0,1,98864,2762
KR_8352779192,100,True,1063869,WIN,4,3,0,5,6,4,60,3,1,247097,2639
KR_8352779192,200,False,1063869,LOSE,5,3,0,4,5,5,21,0,1,766054,1995141
KR_8352377970,100,False,836373,LOSE,1,3,1,7,2,5,8,0,0,195580,3603
KR_8352377970,200,True,836373,WIN,2,2,5,2,9,1,54,3,1,118466,11635
KR_8352316649,100,False,1005576,LOSE,1,3,0,7,1,5,13,3,0,97224,3850
KR_8352316649,200,True,1005576,WIN,6,1,3,2,9,4,19,0,1,243187,63362
KR_8352261172,100,True,827941,WIN,5,1,1,1,5,2,12,3,2,252240,2085319
KR_8352261172,200,False,827941,LOSE,1,5,2,5,0,1,5,0,0,199194,59651
KR_8352219578,100,True,908713,WIN,1,3,2,5,5,5,15,3,1,515613,1322816
KR_8352219578,200,False,908713,LOSE,0,5,1,2,3,5,48,0,0,148815,386274
KR_8352178840,100,False,768590,LOSE,1,6,0,2,2,5,14,0,0,69528,128321
KR_8352178840,200,True,768590,WIN,7,0,1,2,4,0,20,3,1,480652,337612
KR_8350247557,100,True,815955,WIN,10,0,1,0,8,2,15,0,0,9122,178600
KR_8350247557,200,False,815955,LOSE,1,8,0,7,1,5,37,3,2,32632,11635
KR_8350217099,100,False,728035,WIN,3,2,3,4,2,4,13,0,0,657853,68214
KR_8350217099,200,True,728035,LOSE,2,5,1,1,5,1,37,3,1,62788,59901
KR_8350122180,100,False,705774,WIN,1,2,2,2,4,3,4,0,0,24146,39428
KR_8350122180,200,True,705774,LOSE,2,4,1,3,5,0,35,3,1,550336,11635
KR_8345738685,100,False,772648,LOSE,0,6,0,2,5,0,4,3,0,6158,12746
KR_8345738685,200,True,772648,WIN,6,0,1,0,1,1,11,0,2,525238,22721
KR_8345702790,100,True,920162,WIN,0,4,4,2,7,0,13,3,1,80464,1066529
KR_8345702790,200,False,920162,LOSE,3,5,0,4,3,2,12,0,0,51688,108000
KR_8345672317,100,False,923176,LOSE,3,2,5,5,2,4,12,0,1,318059,494239
KR_8345672317,200,True,923176,WIN,2,3,0,1,12,2,18,3,1,477402,189939
KR_8345012524,100,False,830450,LOSE,2,3,0,4,0,4,8,0,0,209777,196826
KR_8345012524,200,True,830450,WIN,5,2,0,0,3,1,19,3,1,671389,128733
KR_8344958039,100,False,793016,LOSE,2,4,0,1,1,1,10,0,0,266836,730169
KR_8344958039,200,True,793016,WIN,2,0,0,2,6,0,11,3,2,671389,189939
KR_8344896054,100,True,892597,WIN,6,1,0,1,6,2,16,2,0,671389,20839
KR_8344896054,200,False,892597,LOSE,4,5,0,3,2,3,13,1,2,145269,126391
KR_8344825008,100,True,885506,WIN,2,1,0,2,3,1,14,2,2,554452,189939
KR_8344825008,200,False,885506,LOSE,0,2,3,0,1,2,8,1,0,491801,12611
KR_8341319441,100,True,907149,LOSE,5,0,1,2,2,1,20,2,0,383007,52358
KR_8341319441,200,False,907149,WIN,1,3,0,3,2,0,14,1,2,90565,135312
KR_8341279018,100,True,962453,LOSE,3,3,1,4,4,2,16,0,0,87058,80240
KR_8341279018,200,False,962453,WIN,4,5,1,1,9,4,13,3,1,218641,17806
KR_8341239137,100,False,799470,LOSE,2,5,2,2,4,2,9,3,0,251506,108000
KR_8341239137,200,True,799470,WIN,4,4,1,4,3,3,9,0,1,132576,350154
KR_8341179535,100,False,745597,LOSE,1,2,1,3,3,2,7,1,0,1563689,38548
KR_8341179535,200,True,745597,WIN,2,0,1,2,5,1,9,2,2,155390,189939
KR_8337439378,100,True,915858,WIN,2,3,0,6,2,1,16,3,0,1168539,577053
KR_8337439378,200,False,915858,LOSE,8,1,1,3,2,1,11,0,2,565229,108000
KR_8337405610,100,False,825523,LOSE,5,7,1,8,0,3,11,0,0,966102,187764
KR_8337405610,200,True,825523,WIN,10,3,4,4,4,2,8,3,2,5557271,10001
KR_8353707591,100,False,775199,LOSE,8,3,0,2,1,3,8,0,1,657853,10874
KR_8353707591,200,True,775199,WIN,2,5,1,3,4,2,8,3,1,584216,187764
KR_8353643231,100,True,711092,WIN,2,2,0,0,3,1,9,3,1,126688,168414
KR_8353643231,200,False,711092,LOSE,2,1,0,2,0,2,8,0,0,91439,20163
KR_8353573681,100,False,1105532,LOSE,1,3,2,1,5,2,14,3,0,107342,126788
KR_8353573681,200,True,1105532,WIN,1,3,0,4,3,1,21,0,3,54610,20163
KR_8346857995,100,False,826323,LOSE,1,6,1,5,3,4,14,0,0,77096,11219
KR_8346857995,200,True,826323,WIN,7,1,2,0,5,4,12,3,1,43054,20163
KR_8346844457,100,True,777142,WIN,5,0,0,0,2,0,7,3,1,21753,20163
KR_8346844457,200,False,777142,LOSE,0,4,0,2,0,1,9,0,0,84677,136441
KR_8346806676,100,True,1109424,LOSE,0,4,1,2,10,2,21,3,0,50886,20163
KR_8346806676,200,False,1109424,WIN,3,1,1,3,6,5,29,0,2,76723,162394
KR_8346775656,100,False,905496,WIN,1,6,2,6,9,1,14,1,0,50447,28022
KR_8346775656,200,True,905496,LOSE,7,4,2,4,3,2,12,2,2,175113,17845
KR_8339274713,100,True,899364,LOSE,3,3,0,1,6,1,38,0,1,1156459,47833
KR_8339274713,200,False,899364,WIN,2,2,1,2,2,2,15,3,1,35411,28022
KR_8339251952,100,True,887979,LOSE,2,5,3,3,6,3,11,0,1,36607,28022
KR_8339251952,200,False,887979,WIN,5,4,1,2,4,3,49,3,1,55370,3793359
KR_8338174052,100,True,858245,WIN,7,2,1,2,2,2,18,3,2,140956,1854
KR_8338174052,200,False,858245,LOSE,1,4,0,4,2,1,19,0,0,30620,528257
KR_8338148828,100,True,801408,LOSE,0,3,1,1,0,1,9,0,0,38453,5998
KR_8338148828,200,False,801408,WIN,2,0,0,1,3,0,12,3,2,3180,17689
KR_8338134538,100,False,860771,LOSE,2,5,3,4,3,1,14,2,0,4945121,112588
KR_8338134538,200,True,860771,WIN,9,3,1,4,2,1,11,1,2,8677,10874
KR_8338121933,100,False,683743,LOSE,0,4,0,1,4,0,10,3,0,27012,29320
KR_8338121933,200,True,683743,WIN,4,1,0,1,1,1,9,0,1,196608,10874
KR_8338112936,100,False,1051844,LOSE,2,4,2,2,5,2,18,2,1,25751,225649
KR_8338112936,200,True,1051844,WIN,5,4,1,1,4,2,15,1,1,41488,20163
KR_8338110909,100,False,682827,LOSE,1,5,1,0,3,2,8,3,0,166208,25673
KR_8338110909,200,True,682827,WIN,2,1,3,0,4,2,4,0,1,134574,20163
KR_8338106661,100,True,790938,WIN,3,3,0,1,4,2,14,0,0,31993,10616
KR_8338106661,200,False,790938,LOSE,1,3,2,0,2,2,7,3,1,58272,4049
KR_8338092464,100,True,826987,WIN,2,1,0,2,7,2,10,0,1,93864,28022
KR_8338092464,200,False,826987,LOSE,1,1,1,4,2,5,10,0,0,51472,269645
KR_8338074126,100,True,677182,WIN,3,0,1,1,4,4,7,0,1,598216,18089
KR_8338074126,200,False,677182,LOSE,1,3,0,1,2,3,10,3,0,32693,18111
KR_8338063633,100,True,774052,WIN,1,2,0,1,1,1,6,0,1,211989,20163
KR_8338063633,200,False,774052,LOSE,2,2,1,2,3,2,9,3,0,168097,410147
KR_8338063047,100,False,826556,LOSE,2,1,0,5,0,3,12,0,1,72425,10465
KR_8338063047,200,True,826556,WIN,2,2,0,1,6,2,49,3,0,172636,101528
KR_8354877168,100,False,1034532,LOSE,2,2,0,3,7,3,15,0,1,251690,10893
KR_8354877168,200,True,1034532,WIN,2,1,0,4,2,6,14,3,1,85269,28764
KR_8354086901,100,True,834778,WIN,3,3,1,2,5,0,14,3,2,122060,26491
KR_8354086901,200,False,834778,LOSE,4,4,1,5,2,0,11,0,0,105398,9004
KR_8353823155,100,True,906990,LOSE,0,4,0,1,4,2,14,0,1,16607,325280
KR_8353823155,200,False,906990,WIN,6,1,0,2,2,2,47,3,0,60979,1584554
KR_8353470757,100,False,918101,LOSE,5,3,2,0,5,1,17,3,0,23099,519075
KR_8353470757,200,True,918101,WIN,1,5,2,3,0,2,17,0,0,50510,27618
KR_8349927686,100,False,958599,LOSE,1,2,1,6,3,1,13,1,0,383007,69398
KR_8349927686,200,True,958599,WIN,4,2,1,1,3,0,31,2,1,225217,3788
KR_8349376201,100,True,1015124,LOSE,4,3,5,6,6,4,16,2,0,175204,708399
KR_8349376201,200,False,1015124,WIN,1,2,6,10,4,3,10,1,1,62092,12465
KR_8348643159,100,True,727670,WIN,5,1,0,1,3,1,5,0,0,26381,111004
KR_8348643159,200,False,727670,LOSE,1,2,1,4,0,5,41,0,0,27299,3468394
KR_8348300979,100,True,850934,WIN,2,3,0,6,2,2,13,2,1,58765,220525
KR_8348300979,200,False,850934,LOSE,6,2,0,1,5,2,12,1,1,133116,311703
KR_8348246099,100,False,915036,LOSE,5,0,3,2,4,4,18,0,1,100419,160097
KR_8348246099,200,True,915036,WIN,0,4,2,6,1,0,11,3,1,88940,16424
KR_8347886269,100,False,911623,LOSE,1,4,0,5,1,4,17,0,0,105484,38429
KR_8347886269,200,True,911623,WIN,6,2,1,0,6,0,16,3,1,87272,712677
KR_8347848278,100,True,887735,WIN,5,4,7,2,4,2,16,0,2,109379,9609
KR_8347848278,200,False,887735,LOSE,3,6,2,6,3,4,18,3,0,33264,503903
KR_8345357004,100,True,941132,WIN,4,3,1,3,2,3,11,2,0,178805,18006
KR_8345357004,200,False,941132,LOSE,5,3,1,2,3,2,17,1,2,87058,75413
KR_8342839739,100,True,822606,WIN,10,1,0,3,3,0,11,3,2,115098,538961
KR_8342839739,200,False,822606,LOSE,1,5,1,4,3,3,13,0,0,416823,30082
KR_8342797495,100,True,797722,WIN,1,0,3,0,3,0,12,1,2,128837,12644
KR_8342797495,200,False,797722,LOSE,0,1,0,4,2,1,6,2,0,90803,1032979
KR_8342745936,100,False,776886,LOSE,0,4,1,5,1,3,11,3,0,46534,2618507
KR_8342745936,200,True,776886,WIN,3,1,3,0,1,2,44,0,1,308690,171210
KR_8342722464,100,False,861123,LOSE,1,5,0,5,4,2,16,2,0,99558,2618507
KR_8342722464,200,True,861123,WIN,6,1,1,3,6,2,52,1,2,383007,34091
KR_8342678598,100,True,969531,WIN,5,0,1,0,13,1,20,3,1,516013,28592
KR_8342678598,200,False,969531,LOSE,2,6,0,7,1,5,13,0,1,327706,28756
KR_8339910001,100,True,687684,WIN,3,1,1,0,2,0,6,3,0,691703,19447
KR_8339910001,200,False,687684,LOSE,2,2,0,2,2,1,13,0,1,22218,11352
KR_8339861827,100,True,881193,WIN,10,3,2,4,1,1,20,3,1,691703,86391
KR_8339861827,200,False,881193,LOSE,4,6,0,3,0,2,12,0,0,1725007,351606
KR_8339820215,100,False,1001620,LOSE,2,1,0,3,7,0,17,1,0,99393,4147
KR_8339820215,200,True,1001620,WIN,3,2,0,2,2,1,17,2,2,293004,5941
KR_8339756945,100,False,1021519,LOSE,0,7,3,3,4,4,14,1,0,32773,98603
KR_8339756945,200,True,1021519,WIN,6,2,0,3,2,1,30,2,1,691703,1761
KR_8339715728,100,True,936044,LOSE,2,3,0,2,3,3,10,1,0,691703,4653
KR_8339715728,200,False,936044,WIN,4,1,0,1,2,4,52,2,1,13615,114606
KR_8339673744,100,False,734987,WIN,4,2,1,2,3,2,9,0,1,1648842,467766
KR_8339673744,200,True,734987,LOSE,2,2,1,4,2,2,12,3,0,691703,721309
KR_8339664232,100,False,683126,LOSE,1,5,1,5,1,3,8,0,0,691703,495937
KR_8339664232,200,True,683126,WIN,7,2,6,0,4,1,6,3,1,85945,40081
KR_8339638175,100,True,962838,WIN,2,4,4,6,3,2,10,3,2,691703,393268
KR_8339638175,200,False,962838,LOSE,7,5,1,5,4,5,13,0,0,52772,23899
KR_8355091766,100,False,930657,LOSE,4,6,0,5,3,2,21,3,0,201219,44567
KR_8355091766,200,True,930657,WIN,4,4,4,3,5,5,11,0,1,16607,28046
KR_8354979448,100,True,742933,LOSE,3,5,5,3,2,0,7,3,0,148615,23863
KR_8354979448,200,False,742933,WIN,4,2,1,5,3,1,11,0,1,377187,120094
KR_8354906312,100,True,1143080,WIN,1,4,0,0,8,4,29,2,0,25631,104525
KR_8354906312,200,False,1143080,LOSE,5,4,1,1,3,5,25,1,3,17100,33166
KR_8353686026,100,True,643740,WIN,5,1,1,2,2,1,11,3,0,2307574,271466
KR_8353686026,200,False,643740,LOSE,2,2,0,4,3,1,3,0,0,42094,854428
KR_8353605404,100,True,913322,WIN,6,6,0,3,4,1,18,3,1,142641,218187
KR_8353605404,200,False,913322,LOSE,2,4,2,5,5,4,18,0,1,16001,343753
KR_8351591519,100,False,822419,WIN,6,5,2,5,1,4,11,0,1,8968,25051
KR_8351591519,200,True,822419,LOSE,7,4,2,5,5,0,40,3,0,321305,47311
KR_8348992408,100,True,921896,WIN,3,1,0,0,4,1,17,3,0,1725007,2071
KR_8348992408,200,False,921896,LOSE,1,5,1,1,1,2,51,0,1,87058,171687
KR_8348960016,100,False,976194,LOSE,3,2,1,3,4,5,67,2,0,43757,3238266
KR_8348960016,200,True,976194,WIN,2,3,2,2,4,2,16,1,2,34018,25403
KR_8347240725,100,False,598106,LOSE,1,3,1,3,4,1,9,2,0,147728,61447
KR_8347240725,200,True,598106,WIN,3,2,1,3,4,0,7,0,1,442397,190207
KR_8339931822,100,True,1026402,LOSE,3,7,1,6,5,1,21,3,0,87921,24615
KR_8339931822,200,False,1026402,WIN,3,2,5,6,5,4,14,0,1,145243,46685
KR_8339883073,100,True,891177,WIN,3,4,3,1,5,1,13,3,0,393125,20719
KR_8339883073,200,False,891177,LOSE,4,3,0,4,2,4,44,0,2,594136,542029
KR_8339732438,100,False,864005,LOSE,7,3,0,5,2,5,21,0,1,200265,435490
KR_8339732438,200,True,864005,WIN,2,7,4,1,7,3,14,3,1,41837,19420
KR_8348638367,100,False,892602,LOSE,3,7,1,4,2,4,11,3,0,23426,1468051
KR_8348638367,200,True,892602,WIN,4,5,1,4,9,2,16,0,1,49685,357747
KR_8348618892,100,True,884596,LOSE,1,3,2,2,3,1,10,3,0,2944,3133
KR_8348618892,200,False,884596,WIN,3,3,4,2,2,3,12,0,1,1184468,90090
KR_8347324901,100,False,744798,LOSE,1,2,0,3,3,5,9,0,0,224049,383
KR_8347324901,200,True,744798,WIN,2,1,2,2,6,0,7,3,1,140089,48277
KR_8342236458,100,False,996120,WIN,1,3,1,1,3,2,23,3,1,117852,225881
KR_8342236458,200,True,996120,LOSE,0,1,0,2,5,1,28,0,0,90128,348920
KR_8342223895,100,True,760532,WIN,3,1,0,3,1,4,9,3,0,82841,44646
KR_8342223895,200,False,760532,LOSE,2,3,2,2,8,3,11,0,1,23426,1995141
KR_8337864487,100,False,743837,LOSE,1,3,1,2,1,1,6,1,1,201478,351606
KR_8337864487,200,True,743837,WIN,2,0,3,2,5,2,10,2,1,69295,1655025
KR_8337667736,100,True,896456,WIN,8,1,0,1,2,2,13,3,0,416823,161127
KR_8337667736,200,False,896456,LOSE,1,4,0,4,0,1,10,0,2,105247,293469
KR_8352984527,100,True,850930,LOSE,2,6,2,3,7,2,16,3,0,60376,11746
KR_8352984527,200,False,850930,WIN,8,4,2,3,1,1,8,0,1,202214,31197
KR_8352960973,100,True,887828,LOSE,3,4,2,3,3,5,13,0,2,239176,1551333
KR_8352960973,200,False,887828,WIN,4,2,1,1,4,6,15,3,0,46534,170346
KR_8352939926,100,False,670657,LOSE,1,3,0,2,3,2,13,3,0,182730,1236997
KR_8352939926,200,True,670657,WIN,5,1,2,0,2,1,6,0,1,202214,159301
KR_8352874480,100,True,911776,LOSE,1,2,1,1,2,2,12,3,1,62041,67135
KR_8352874480,200,False,911776,WIN,2,0,2,3,2,2,9,0,1,51184,3263
KR_8352832942,100,True,836690,WIN,2,1,0,0,3,0,13,3,0,202214,784776
KR_8352832942,200,False,836690,LOSE,1,2,0,0,2,1,8,0,1,534732,53315
KR_8352596099,100,True,847328,LOSE,2,4,2,3,3,3,11,3,1,202214,171436
KR_8352596099,200,False,847328,WIN,7,1,1,3,4,3,11,0,0,402381,100874
KR_8346407777,100,True,708491,LOSE,1,5,0,2,2,4,10,1,1,202214,47787
KR_8346407777,200,False,708491,WIN,1,1,3,0,8,3,38,2,0,46185,108291
KR_8352418766,100,True,985243,LOSE,1,5,3,2,5,1,17,3,2,7203,227428
KR_8352418766,200,False,985243,WIN,4,2,1,3,4,2,18,0,0,1705346,820424
KR_8352341017,100,True,937798,WIN,5,3,0,0,5,1,14,3,1,1705346,21863
KR_8352341017,200,False,937798,LOSE,3,2,2,4,3,3,12,0,1,23165,183386
KR_8351379905,100,False,1006641,LOSE,6,5,4,2,0,8,58,1,1,346819,1584554
KR_8351379905,200,True,1006641,WIN,7,4,1,2,5,3,24,2,0,1424968,361179
KR_8351322816,100,True,867376,LOSE,1,5,0,4,5,2,9,2,0,1705346,166046
KR_8351322816,200,False,867376,WIN,3,1,4,4,4,1,47,1,1,29625,7936
KR_8344130879,100,False,854370,LOSE,1,3,2,4,0,2,15,1,0,5199,3495
KR_8344130879,200,True,854370,WIN,5,2,0,2,6,0,14,2,2,57372,638879
KR_8344005474,100,True,912464,WIN,5,6,5,4,3,6,15,0,0,10308,4594473
KR_8344005474,200,False,912464,LOSE,12,8,3,3,2,4,14,3,1,1705346,63713
KR_8343971800,100,False,913155,WIN,3,2,1,3,2,3,7,2,0,1705346,461306
KR_8343971800,200,True,913155,LOSE,1,3,2,2,7,2,11,1,2,101494,4071
KR_8343954657,100,True,865370,WIN,5,2,1,0,3,3,9,3,1,344584,461306
KR_8343954657,200,False,865370,LOSE,2,2,2,3,1,2,14,0,1,122263,2140612
KR_8340056305,100,False,911425,WIN,13,5,1,4,2,4,16,3,1,1705346,5873
KR_8340056305,200,True,911425,LOSE,10,8,3,7,4,4,14,0,1,20092,2237619
KR_8340001655,100,False,1076931,LOSE,6,4,0,3,3,2,24,0,1,1705346,42879
KR_8340001655,200,True,1076931,WIN,2,3,0,3,1,2,27,3,1,164918,355584
KR_8339937272,100,False,891686,LOSE,2,2,1,1,2,1,13,3,1,106313,2122
KR_8339937272,200,True,891686,WIN,1,1,0,3,2,3,12,0,0,557632,163911
KR_8339837797,100,False,827729,LOSE,1,1,1,6,2,6,48,0,0,183130,261824
KR_8339837797,200,True,827729,WIN,2,1,1,1,7,1,19,3,2,1705346,31174
KR_8353964843,100,True,1069195,WIN,4,1,0,2,4,0,14,0,1,244297,18753
KR_8353964843,200,False,1069195,LOSE,0,1,1,4,6,4,21,3,0,317203,166131
KR_8353908773,100,False,858461,LOSE,3,3,3,4,1,8,10,0,0,20971,5772
KR_8353908773,200,True,858461,WIN,5,3,2,4,4,2,14,3,1,197595,8029
KR_8352749524,100,True,915546,WIN,3,3,1,3,3,2,14,2,0,282497,18000
KR_8352749524,200,False,915546,LOSE,8,4,2,4,1,3,11,1,2,9568,15251
KR_8351373812,100,False,804644,LOSE,1,4,0,2,1,5,9,3,0,253150,2232
KR_8351373812,200,True,804644,WIN,5,1,2,1,6,0,48,0,2,200803,80258
KR_8351308427,100,False,905316,LOSE,4,2,0,1,5,3,18,0,1,422689,78905
KR_8351308427,200,True,905316,WIN,3,3,0,3,2,3,14,3,1,796678,24754
KR_8349717704,100,False,791118,WIN,1,1,2,2,1,3,40,0,1,331583,12349
KR_8349717704,200,True,791118,LOSE,1,4,1,0,6,0,11,3,1,138066,97384
KR_8349635687,100,True,1076416,WIN,2,6,0,2,12,1,22,3,0,136346,33601
KR_8349635687,200,False,1076416,LOSE,4,4,1,2,3,3,21,0,2,126505,10025
KR_8348446252,100,False,839425,LOSE,3,4,0,4,0,2,22,0,0,174996,108935
KR_8348446252,200,True,839425,WIN,2,2,6,1,4,1,13,3,0,422689,1778095
KR_8348389746,100,True,993189,LOSE,3,3,1,3,3,2,20,0,1,130365,22429
KR_8348389746,200,False,993189,WIN,3,2,0,4,2,3,18,3,0,253150,129225
KR_8347399063,100,True,816445,WIN,2,1,4,4,4,2,14,0,1,253150,107987
KR_8347399063,200,False,816445,LOSE,3,5,3,3,2,1,47,3,0,82062,21284
KR_8347344046,100,True,744218,LOSE,1,1,1,3,3,1,7,3,0,286742,38767
KR_8347344046,200,False,744218,WIN,1,2,0,1,6,1,8,0,0,201778,11407
KR_8347276365,100,True,904975,WIN,3,2,4,5,4,1,16,3,2,100340,12325
KR_8347276365,200,False,904975,LOSE,4,3,1,4,5,3,11,0,0,197595,787
KR_8346280732,100,False,1024339,WIN,1,3,2,1,7,2,30,0,1,571858,372946
KR_8346280732,200,True,1024339,LOSE,2,1,0,4,2,3,58,3,2,317203,3507
KR_8346235657,100,True,834869,WIN,4,1,3,1,7,1,12,3,1,1725007,14414
KR_8346235657,200,False,834869,LOSE,1,4,1,2,2,3,46,0,1,251577,31859
KR_8354833262,100,True,908834,WIN,2,1,0,3,2,0,16,3,1,915061,17372
KR_8354833262,200,False,908834,LOSE,1,1,0,2,2,1,14,0,1,91681,169572
KR_8354238647,100,True,876084,WIN,6,1,1,2,5,1,14,3,0,55017,501843
KR_8354238647,200,False,876084,LOSE,0,4,1,5,3,4,13,0,2,4719,27682
KR_8354113626,100,True,927913,WIN,4,4,1,4,8,4,13,1,1,126432,40492
KR_8354113626,200,False,927913,LOSE,4,3,2,3,5,4,12,2,0,465240,1915403
KR_8354102244,100,False,989818,WIN,1,3,2,4,5,3,16,3,0,133805,66181
KR_8354102244,200,True,989818,LOSE,3,2,5,3,2,3,23,0,2,30806,325231
KR_8352985592,100,False,1033289,LOSE,4,7,1,9,9,4,15,3,0,465240,50500
KR_8352985592,200,True,1033289,WIN,6,5,0,3,10,3,24,0,2,362843,4787
KR_8352888336,100,False,790837,LOSE,0,4,1,2,2,1,41,3,0,150459,3468394
KR_8352888336,200,True,790837,WIN,3,1,2,0,1,2,12,0,2,428466,60533
KR_8352861542,100,False,913362,LOSE,2,1,0,4,3,4,14,0,0,465240,210772
KR_8352861542,200,True,913362,WIN,4,1,2,1,2,1,17,3,2,311233,310229
KR_8352838302,100,False,705918,LOSE,3,5,0,4,1,2,6,0,0,163231,96814
KR_8352838302,200,True,705918,WIN,5,1,1,3,6,0,14,3,1,142261,4614
KR_8351772875,100,True,654706,WIN,7,1,1,1,1,0,5,3,1,582234,950702
KR_8351772875,200,False,654706,LOSE,1,6,1,2,0,1,9,0,0,128716,66433
KR_8347452994,100,False,731064,LOSE,0,2,10,3,1,3,8,3,0,19139,11723
KR_8347452994,200,True,731064,WIN,3,2,1,4,5,2,9,0,1,3448700,12473
KR_8347439136,100,False,860144,LOSE,2,6,2,3,3,5,51,0,0,4747,374806
KR_8347439136,200,True,860144,WIN,7,3,1,2,2,0,14,3,2,465240,95491
KR_8347397917,100,False,853903,WIN,6,2,2,4,5,2,14,1,0,93761,361179
KR_8347397917,200,True,853903,LOSE,4,5,0,4,10,4,8,2,1,171920,49556
KR_8347068783,100,True,826930,WIN,4,2,1,1,2,2,14,2,1,163231,1402055
KR_8347068783,200,False,826930,LOSE,2,3,0,4,4,2,11,1,0,852321,495937
KR_8346114908,100,False,991677,LOSE,7,4,0,5,0,3,12,0,0,106453,382432
KR_8346114908,200,True,991677,WIN,6,5,2,2,5,1,21,3,2,11387,1820763
KR_8345835118,100,False,824583,WIN,1,3,1,1,1,2,113,1,0,63691,653382
KR_8345835118,200,True,824583,LOSE,3,2,1,1,2,0,47,2,1,133805,2918
KR_8345801486,100,False,886623,WIN,2,4,2,3,1,5,12,2,0,618356,104194
KR_8345801486,200,True,886623,LOSE,5,4,2,1,2,2,13,1,2,9549,1551333
KR_8344601808,100,True,718208,WIN,0,1,1,0,6,1,5,0,1,200676,13435
KR_8344601808,200,False,718208,LOSE,2,4,1,4,1,1,6,3,0,99731,71559
KR_8344543560,100,False,734517,LOSE,4,4,0,5,1,2,10,0,0,5592139,72736
KR_8344543560,200,True,734517,WIN,4,2,3,2,5,1,7,3,1,150459,144420
KR_8344489821,100,False,760439,LOSE,2,4,2,5,0,0,13,0,1,106453,1816
KR_8344489821,200,True,760439,WIN,3,2,6,3,0,0,12,3,1,556327,241360
KR_8344370273,100,False,850517,LOSE,2,4,1,5,3,1,16,2,0,320346,1479269
KR_8344370273,200,True,850517,WIN,3,1,1,2,6,2,13,1,2,192751,30553
KR_8344317281,100,False,700501,LOSE,1,4,0,4,3,1,6,3,0,133805,102831
KR_8344317281,200,True,700501,WIN,3,1,5,0,2,4,12,0,1,90365,1229672
KR_8343492553,100,False,985836,LOSE,6,6,0,3,1,7,30,1,0,30701,7680
KR_8343492553,200,True,985836,WIN,3,5,0,3,16,1,22,2,1,106453,417951
KR_8343434070,100,False,770444,LOSE,0,4,0,6,2,1,12,3,0,200676,41982
KR_8343434070,200,True,770444,WIN,7,0,1,1,3,1,13,0,1,90803,215832
KR_8346501753,100,False,732889,LOSE,3,3,2,5,1,4,8,3,0,24125,102932
KR_8346501753,200,True,732889,WIN,5,2,1,4,4,1,12,0,1,5299,4594473
KR_8345809058,100,False,1095759,WIN,4,2,0,4,6,5,31,0,0,41711,21626
KR_8345809058,200,True,1095759,LOSE,3,4,1,3,7,0,17,3,3,73130,26524
KR_8345757190,100,True,868609,WIN,6,3,0,0,4,0,9,1,2,337859,13096
KR_8345757190,200,False,868609,LOSE,0,4,0,5,3,1,40,2,0,329868,8299
KR_8345672733,100,False,1091030,LOSE,2,0,2,2,2,1,17,0,1,39816,1125411
KR_8345672733,200,True,1091030,WIN,1,1,1,1,2,3,28,3,1,1453962,139858
KR_8345632519,100,True,764152,WIN,7,1,3,1,0,0,12,3,0,48317,157021
KR_8345632519,200,False,764152,LOSE,0,4,0,4,5,2,9,0,1,1231191,104960
KR_8345600263,100,False,858211,LOSE,3,5,4,2,1,2,51,2,0,4226,3793359
KR_8345600263,200,True,858211,WIN,3,4,0,2,6,1,14,1,1,42643,382432
KR_8345573011,100,False,968028,WIN,1,1,1,2,5,1,21,3,1,172463,115841
KR_8345573011,200,True,968028,LOSE,2,1,0,2,2,2,64,0,1,18795,171687
KR_8345537123,100,False,792198,LOSE,0,2,2,6,3,3,11,0,0,285590,34268
KR_8345537123,200,True,792198,WIN,6,2,1,0,5,3,11,3,1,504698,4787
KR_8345502459,100,False,921788,LOSE,1,3,2,2,4,2,55,0,2,161517,7966
KR_8345502459,200,True,921788,WIN,6,2,0,3,1,2,15,3,0,109234,9923
KR_8345457246,100,True,880978,WIN,3,6,1,5,3,1,10,3,0,243187,29893
KR_8345457246,200,False,880978,LOSE,11,4,2,3,1,2,9,0,2,6849,61920
KR_8345439210,100,False,846204,LOSE,2,4,1,2,2,3,12,1,0,30534,13205
KR_8345439210,200,True,846204,WIN,4,0,1,4,1,0,13,2,2,74392,102932
KR_8345421459,100,False,617564,LOSE,1,6,2,1,0,2,0,0,0,395676,3726
KR_8345421459,200,True,617564,WIN,7,1,1,2,1,0,7,3,1,116712,932878
KR_8345404729,100,True,998501,LOSE,3,5,1,6,8,1,11,3,1,91862,79139
KR_8345404729,200,False,998501,WIN,4,7,5,2,5,2,19,0,0,39708,25081
KR_8345392582,100,False,962205,LOSE,0,2,6,4,4,3,15,2,1,8647,284548
KR_8345392582,200,True,962205,WIN,1,2,11,4,5,1,13,1,1,1184468,75695
KR_8345381585,100,False,927235,LOSE,4,2,1,5,4,3,11,3,0,164070,32259
KR_8345381585,200,True,927235,WIN,5,2,1,3,2,2,31,0,2,35631,35387
KR_8345388125,100,False,798140,LOSE,2,2,1,3,2,4,40,3,0,138374,229193
KR_8345388125,200,True,798140,WIN,3,0,1,1,3,4,13,0,2,43046,13754
KR_8345367823,100,False,788111,WIN,5,2,1,1,2,2,9,0,0,315077,3357
KR_8345367823,200,True,788111,LOSE,2,3,0,2,3,1,7,3,1,133889,69899
KR_8345358847,100,False,916235,LOSE,1,2,1,5,5,2,48,3,1,20157,179410
KR_8345358847,200,True,916235,WIN,1,0,3,3,1,3,17,0,1,382275,2324512
KR_8354742566,100,False,711484,LOSE,1,3,1,0,2,1,9,2,1,346065,5444429
KR_8354742566,200,True,711484,WIN,3,2,0,1,3,1,7,1,0,16607,578948
KR_8352421520,100,True,790052,WIN,3,1,5,3,5,0,5,3,2,14752,578948
KR_8352421520,200,False,790052,LOSE,1,4,2,3,1,2,12,0,0,1973,155645
KR_8352362319,100,True,852846,WIN,2,1,3,1,3,0,14,3,0,66221,90612
KR_8352362319,200,False,852846,LOSE,0,2,2,4,0,2,9,0,2,115495,578948
KR_8352311102,100,True,714004,LOSE,1,4,0,4,2,4,9,1,0,48613,115671
KR_8352311102,200,False,714004,WIN,5,2,3,0,4,1,8,2,1,38977,578948
KR_8352191609,100,True,964255,LOSE,2,2,1,2,2,1,15,2,2,1648842,16232
KR_8352191609,200,False,964255,WIN,3,2,0,2,4,1,10,1,0,41684,391102
KR_8351732589,100,False,821141,WIN,6,4,3,4,2,2,6,2,0,248716,578948
KR_8351732589,200,True,821141,LOSE,2,6,4,3,7,3,9,1,0,118162,31974
KR_8351601167,100,False,866144,LOSE,1,3,1,2,1,3,14,2,0,27148,131136
KR_8351601167,200,True,866144,WIN,4,1,2,2,2,0,7,1,2,600393,578948
KR_8350696228,100,True,899285,LOSE,4,3,1,5,4,3,13,0,0,87415,578948
KR_8350696228,200,False,899285,WIN,2,3,1,1,6,3,15,3,1,447756,11876
KR_8349141311,100,False,787893,LOSE,1,4,1,6,2,3,9,1,0,32761,122971
KR_8349141311,200,True,787893,WIN,3,1,8,1,3,2,8,2,2,29881,578948
KR_8343034404,100,True,911062,LOSE,1,6,1,4,6,2,13,0,0,1062978,578948
KR_8343034404,200,False,911062,WIN,4,4,3,5,8,0,13,3,1,1156459,166099
KR_8342968393,100,False,992355,LOSE,3,1,0,3,3,2,16,3,0,692891,3877
KR_8342968393,200,True,992355,WIN,2,2,0,1,1,0,18,0,2,16902,156756
KR_8342834441,100,True,748641,WIN,3,1,1,1,3,1,13,3,1,102687,578948
KR_8342834441,200,False,748641,LOSE,2,4,0,3,2,2,12,0,0,1150386,435490
KR_8342788828,100,True,816611,WIN,6,2,3,3,2,1,12,3,0,852321,162394
KR_8342788828,200,False,816611,LOSE,3,4,2,5,2,2,8,0,1,148189,6347
KR_8342730484,100,True,503356,WIN,3,1,1,2,0,1,4,0,1,14055,578948
KR_8342730484,200,False,503356,LOSE,2,2,1,1,1,1,22,2,0,8651,57725
KR_8342660171,100,True,915942,LOSE,2,2,0,2,5,3,14,2,0,5192,361458
KR_8342660171,200,False,915942,WIN,1,2,5,3,3,3,13,1,2,35933,578948
KR_8354970401,100,False,825532,WIN,5,0,8,5,3,2,14,0,1,74042,830499
KR_8354970401,200,True,825532,LOSE,2,9,1,4,3,6,10,3,0,3448700,44644
KR_8352961934,100,False,935982,LOSE,0,3,0,4,2,1,25,3,0,8164,95267
KR_8352961934,200,True,935982,WIN,4,0,3,0,4,1,9,0,2,247418,196629
KR_8352934929,100,True,909814,LOSE,3,3,1,4,7,1,12,3,1,182935,12988
KR_8352934929,200,False,909814,WIN,2,6,2,3,5,3,15,0,1,42409,202877
KR_8352912334,100,False,701405,LOSE,7,6,1,6,2,1,7,3,0,74042,57346
KR_8352912334,200,True,701405,WIN,1,6,8,3,4,1,7,0,1,879617,34234
KR_8352542212,100,True,1018974,WIN,3,0,0,1,2,1,15,3,1,58926,32762
KR_8352542212,200,False,1018974,LOSE,1,0,1,4,3,0,14,0,0,62386,286463
KR_8352486162,100,True,771279,WIN,5,2,6,1,2,3,13,0,0,401113,2359436
KR_8352486162,200,False,771279,LOSE,2,5,1,4,3,3,43,3,0,114734,12475
KR_8352225508,100,True,743131,WIN,6,2,2,2,8,0,15,3,1,240972,279207
KR_8352225508,200,False,743131,LOSE,5,4,0,6,1,5,11,0,0,152579,213879
KR_8351977580,100,True,621269,WIN,2,1,2,1,2,1,4,0,1,134549,41006
KR_8351977580,200,False,621269,LOSE,1,4,0,1,1,1,11,3,0,7254,427081
KR_8349621584,100,False,1130908,WIN,0,4,0,5,6,5,23,2,1,41472,4833
KR_8349621584,200,True,1130908,LOSE,2,0,0,3,5,1,26,1,2,97843,4335
KR_8349574486,100,True,913298,WIN,1,4,0,3,5,2,19,3,0,1156459,326799
KR_8349574486,200,False,913298,LOSE,5,3,3,3,2,3,11,0,1,8436,23170
KR_8347946828,100,True,963346,WIN,3,4,1,8,6,2,16,1,1,24427,6003201
KR_8347946828,200,False,963346,LOSE,4,2,3,5,3,3,16,1,1,85374,83211
KR_8350391866,100,True,768440,WIN,3,3,1,3,1,6,8,3,0,21528,1799012
KR_8350391866,200,False,768440,LOSE,2,1,3,3,5,2,18,0,1,212819,64979
KR_8350360707,100,True,668525,WIN,4,0,0,1,4,0,12,3,1,1069380,103291
KR_8350360707,200,False,668525,LOSE,0,5,1,3,0,2,11,0,0,128908,188688
KR_8350333660,100,False,797154,LOSE,0,3,2,5,1,5,12,0,1,1058337,64979
KR_8350333660,200,True,797154,WIN,5,1,2,2,8,0,9,3,0,344584,104960
KR_8345533741,100,False,919116,WIN,5,1,3,7,9,1,10,1,1,29283,283678
KR_8345533741,200,True,919116,LOSE,2,6,4,5,3,3,17,2,0,48317,103132
KR_8345529008,100,False,609322,WIN,3,0,0,1,1,3,7,0,1,401113,188691
KR_8345529008,200,True,609322,LOSE,1,2,0,2,1,1,8,3,0,101315,73413
KR_8345510292,100,True,901165,WIN,6,2,6,2,5,0,15,3,2,308690,64979
KR_8345510292,200,False,901165,LOSE,2,6,0,4,4,2,13,0,0,227685,4519
KR_8345477951,100,True,932043,LOSE,2,2,0,2,5,3,16,3,1,601689,320217
KR_8345477951,200,False,932043,WIN,4,2,4,4,1,1,63,0,1,681646,33341
KR_8339320863,100,False,1008813,LOSE,3,3,0,3,3,4,22,3,0,339098,437060
KR_8339320863,200,True,1008813,WIN,2,4,1,3,5,0,14,0,2,56029,167072
KR_8338449893,100,False,914835,WIN,6,3,3,3,5,0,14,3,1,3442,151152
KR_8338449893,200,True,914835,LOSE,5,5,0,6,6,2,11,0,1,96263,210229
KR_8338371881,100,False,869697,LOSE,4,5,4,4,2,2,10,3,0,78481,77713
KR_8338371881,200,True,869697,WIN,7,4,0,4,6,1,12,0,1,470935,7494
KR_8336934470,100,False,1222730,LOSE,1,1,0,4,3,5,26,0,0,63203,92367
KR_8336934470,200,True,1222730,WIN,4,2,2,2,7,1,24,3,3,936073,87356
KR_8355056177,100,True,922066,WIN,1,3,0,1,5,1,13,3,2,342433,2081161
KR_8355056177,200,False,922066,LOSE,1,2,0,4,5,2,14,0,0,461757,1168036
KR_8346325741,100,False,959897,WIN,4,6,1,6,7,1,63,3,0,195972,59001
KR_8346325741,200,True,959897,LOSE,3,4,3,6,6,0,19,0,2,14823,79267
KR_8346300741,100,False,778988,LOSE,3,5,0,6,4,3,7,0,0,78892,67061
KR_8346300741,200,True,778988,WIN,6,2,1,2,6,0,10,3,1,2514,1551333
KR_8346266397,100,True,764831,WIN,3,3,0,3,8,3,12,3,0,82595,71197
KR_8346266397,200,False,764831,LOSE,2,4,2,4,4,2,7,0,1,16132,39896
KR_8341974167,100,True,860806,LOSE,0,2,0,2,2,0,13,3,2,64914,89886
KR_8341974167,200,False,860806,WIN,2,0,0,1,3,1,14,0,0,134532,397832
KR_8340988071,100,True,836188,LOSE,2,3,1,3,5,0,10,3,1,584222,247018
KR_8340988071,200,False,836188,WIN,2,3,2,3,3,4,42,0,1,20092,17911
KR_8340940431,100,True,641493,WIN,0,0,0,3,1,0,7,1,1,138475,141537
KR_8340940431,200,False,641493,LOSE,2,0,0,0,0,1,36,2,0,327932,460913
KR_8339169899,100,False,606900,LOSE,0,1,0,2,3,0,10,0,0,11888,391546
KR_8339169899,200,True,606900,WIN,3,1,0,0,1,2,5,3,1,930514,169043
KR_8339123302,100,False,793330,WIN,2,1,1,1,6,4,16,0,1,93722,147409
KR_8339123302,200,True,793330,LOSE,1,2,1,4,5,0,11,3,0,173426,54999
KR_8338948497,100,True,842156,WIN,0,2,0,0,4,0,45,2,0,53904,94614
KR_8338948497,200,False,842156,LOSE,1,2,2,2,1,3,11,1,1,4519,80184
KR_8354514980,100,False,716385,LOSE,1,6,2,6,7,2,11,0,0,7887,5772
KR_8354514980,200,True,716385,WIN,5,2,2,3,9,1,10,3,1,779634,20927
KR_8348302507,100,True,1002880,WIN,5,3,2,2,3,0,15,1,2,132290,29094
KR_8348302507,200,False,1002880,LOSE,7,4,1,5,2,3,17,2,0,2454255,1199011
KR_8346178609,100,False,1004637,WIN,5,2,1,4,7,3,20,0,0,20238,81839
KR_8346178609,200,True,1004637,LOSE,3,2,2,5,3,3,61,3,2,2454255,366647
KR_8346115646,100,False,971600,WIN,0,3,4,4,3,4,8,1,0,109567,2963
KR_8346115646,200,True,971600,LOSE,4,3,1,2,6,2,13,2,1,2454255,103420
KR_8346074310,100,False,801952,LOSE,1,1,0,2,2,2,13,0,0,62092,342537
KR_8346074310,200,True,801952,WIN,1,2,0,1,5,0,10,3,1,690403,3878303
KR_8346010912,100,False,709021,LOSE,1,3,1,6,5,2,6,2,0,2454255,2046
KR_8346010912,200,True,709021,WIN,4,0,4,1,4,1,6,1,0,348043,6699
KR_8341791973,100,False,941627,WIN,3,5,0,7,10,4,17,3,0,2454255,149036
KR_8341791973,200,True,941627,LOSE,4,2,0,7,3,4,14,0,2,335411,146372
KR_8339746060,100,False,700639,LOSE,2,8,1,6,3,3,7,0,0,834178,208460
KR_8339746060,200,True,700639,WIN,5,2,6,0,8,3,9,3,1,37587,16105
KR_8339713204,100,True,895156,WIN,4,0,1,1,1,0,11,3,2,2454255,44052
KR_8339713204,200,False,895156,LOSE,1,3,0,1,0,3,8,0,0,55898,17692
KR_8338497933,100,False,860772,LOSE,1,5,0,6,3,4,8,0,0,447052,275367
KR_8338497933,200,True,860772,WIN,6,1,3,1,1,4,11,3,2,2454255,38385
KR_8349247053,100,True,846588,LOSE,0,3,1,4,4,1,13,3,0,127254,658244
KR_8349247053,200,False,846588,WIN,2,3,3,2,3,1,12,0,1,32782,5444429
KR_8349192446,100,False,730494,LOSE,1,2,0,2,0,5,11,0,0,97033,119998
KR_8349192446,200,True,730494,WIN,3,1,1,0,3,0,12,3,2,43696,54754
KR_8347285709,100,False,1005272,WIN,1,5,1,5,13,3,21,0,0,27338,658244
KR_8347285709,200,True,1005272,LOSE,4,5,2,6,5,4,20,3,2,51280,317089
KR_8347243113,100,False,802880,LOSE,5,3,3,6,1,4,19,3,0,69769,658244
KR_8347243113,200,True,802880,WIN,9,3,0,3,3,3,9,0,1,187931,43338
KR_8347057440,100,True,799392,WIN,4,1,0,1,4,1,11,3,1,32817,658244
KR_8347057440,200,False,799392,LOSE,2,3,0,2,0,2,11,0,1,218189,30553
KR_8346996847,100,False,908419,LOSE,5,4,1,2,1,3,5,0,1,24103,18919
KR_8346996847,200,True,908419,WIN,3,5,3,2,3,2,15,3,1,76429,658244
KR_8346485954,100,False,976612,LOSE,3,6,1,3,3,2,55,3,0,243889,81694
KR_8346485954,200,True,976612,WIN,4,3,1,2,3,2,16,0,2,172822,14980
KR_8346481849,100,False,779858,LOSE,2,4,1,6,2,5,14,0,0,4468,658244
KR_8346481849,200,True,779858,WIN,6,0,3,2,9,2,10,3,1,1184468,225881
KR_8346487461,100,True,753239,WIN,6,1,2,3,3,2,9,3,1,580580,81488
KR_8346487461,200,False,753239,LOSE,1,5,1,4,3,2,11,0,0,157723,658244
KR_8346473702,100,False,731703,LOSE,5,1,1,5,1,4,15,0,0,32126,658244
KR_8346473702,200,True,731703,WIN,2,3,1,2,8,0,8,3,1,84677,80376
KR_8345296614,100,True,757500,WIN,7,0,0,3,11,0,15,3,1,23965,658244
KR_8345296614,200,False,757500,LOSE,1,6,2,3,2,4,10,0,0,70799,210036
KR_8345288138,100,True,840419,WIN,2,0,0,3,3,4,16,0,1,339098,58220
KR_8345288138,200,False,840419,LOSE,2,0,0,2,4,0,22,3,0,34717,658244
KR_8339240446,100,True,1037176,WIN,1,1,0,0,6,0,20,2,1,117136,658244
KR_8339240446,200,False,1037176,LOSE,0,2,1,2,1,3,16,1,1,30701,63216
KR_8339218728,100,True,802765,WIN,5,1,0,2,5,1,14,3,1,217850,658244
KR_8339218728,200,False,802765,LOSE,2,5,2,6,1,3,8,0,1,69718,40643
KR_8339209152,100,True,933660,WIN,3,1,7,2,4,2,18,1,0,49973,16021
KR_8339209152,200,False,933660,LOSE,0,4,3,5,2,3,20,2,2,1661,17214
KR_8338781676,100,False,732032,WIN,4,0,0,1,1,3,11,2,0,2943292,149036
KR_8338781676,200,True,732032,LOSE,1,2,0,3,3,2,8,1,0,223686,5953
KR_8338742114,100,False,1081614,WIN,3,3,4,3,3,2,21,3,0,250023,90379
KR_8338742114,200,True,1081614,LOSE,4,5,1,4,1,3,26,0,1,46122,343110
KR_8338676836,100,False,941615,WIN,1,2,2,3,3,3,56,3,0,22442,3793359
KR_8338676836,200,True,941615,LOSE,3,2,1,2,2,1,16,0,1,184762,658244
KR_8353276450,100,False,912094,LOSE,3,6,0,4,2,3,15,0,0,58033,17849
KR_8353276450,200,True,912094,WIN,5,1,1,2,5,2,9,3,1,353726,286463
KR_8353250500,100,True,952646,WIN,2,5,6,3,3,1,17,3,0,2357013,19722
KR_8353250500,200,False,952646,LOSE,5,4,4,4,1,3,14,0,2,915061,44019
KR_8348195104,100,False,892200,WIN,3,1,3,1,2,1,9,0,0,71581,938555
KR_8348195104,200,True,892200,LOSE,0,6,3,1,3,0,14,3,2,34869,317089
KR_8348128863,100,False,910594,WIN,7,4,1,1,2,0,18,1,0,15353,5444429
KR_8348128863,200,True,910594,LOSE,3,4,2,4,1,1,15,2,1,90565,225649
KR_8348081226,100,False,952979,WIN,6,3,3,2,0,3,14,0,0,62342,234039
KR_8348081226,200,True,952979,LOSE,3,2,1,5,3,1,24,3,2,21440,2618507
KR_8351735301,100,True,848272,WIN,4,1,1,0,6,0,14,3,0,759127,357747
KR_8351735301,200,False,848272,LOSE,2,6,0,2,3,3,10,0,1,1053405,1032979
KR_8351695197,100,False,916685,WIN,1,3,2,4,6,4,12,3,0,81276,507918
KR_8351695197,200,True,916685,LOSE,3,2,1,3,8,1,11,0,1,670322,147897
KR_8351672561,100,False,860310,LOSE,3,5,0,3,2,4,7,0,1,35098,1655025
KR_8351672561,200,True,860310,WIN,4,1,2,1,5,2,21,3,0,430881,253064
KR_8351642975,100,False,932707,WIN,3,3,0,2,1,3,19,0,1,68640,926962
KR_8351642975,200,True,932707,LOSE,3,5,3,3,4,1,25,3,0,113423,253064
KR_8350742132,100,False,918410,WIN,8,2,0,4,3,2,15,2,1,120505,36646
KR_8350742132,200,True,918410,LOSE,2,6,1,3,5,7,20,1,0,40789,1995141
KR_8350676135,100,False,780596,LOSE,2,5,1,4,1,2,20,3,0,74601,80147
KR_8350676135,200,True,780596,WIN,5,1,0,5,3,1,10,0,1,1156239,488821
KR_8350623253,100,True,975502,LOSE,6,4,3,3,2,4,22,0,2,106595,7854698
KR_8350623253,200,False,975502,WIN,2,5,3,4,10,2,21,3,0,19123,11178
KR_8350564504,100,False,778516,LOSE,1,3,1,2,2,0,14,3,1,1486,71993
KR_8350564504,200,True,778516,WIN,5,2,0,1,2,1,8,0,1,6774,32464
KR_8350101078,100,True,593131,WIN,7,0,1,1,2,3,2,0,0,15670,43248
KR_8350101078,200,False,593131,LOSE,1,4,0,5,3,2,2,3,0,84559,76093
KR_8350080135,100,True,960568,LOSE,9,2,0,6,2,4,22,0,2,19538,15237
KR_8350080135,200,False,960568,WIN,4,6,4,2,3,3,18,3,0,261398,35323
KR_8337602138,100,False,812741,WIN,5,5,3,5,5,4,10,0,2,160875,73220
KR_8337602138,200,True,812741,LOSE,5,4,0,7,7,2,13,3,0,57687,42038
KR_8338589503,100,False,1180158,LOSE,2,3,1,2,3,2,32,3,1,119073,636883
KR_8338589503,200,True,1180158,WIN,3,2,1,3,2,2,19,0,1,37812,3106425
KR_8353951151,100,False,1005504,LOSE,2,1,2,5,6,3,15,0,1,398566,30871
KR_8353951151,200,True,1005504,WIN,0,2,3,4,3,1,15,3,1,327490,344272
KR_8353890921,100,True,912890,WIN,3,1,2,2,3,1,10,3,2,156619,17530
KR_8353890921,200,False,912890,LOSE,3,4,1,0,1,2,7,0,0,166800,127547
KR_8353837749,100,False,834980,LOSE,1,5,0,4,3,0,13,3,0,84158,43300
KR_8353837749,200,True,834980,WIN,4,1,3,0,2,5,13,0,0,52033,1479020
KR_8351210602,100,True,947243,WIN,5,1,0,2,6,4,50,3,0,124436,1601580
KR_8351210602,200,False,947243,LOSE,0,2,1,4,3,4,15,0,1,110243,361352
KR_8351136131,100,True,953845,LOSE,1,2,3,0,5,4,14,3,1,107490,2944708
KR_8351136131,200,False,953845,WIN,1,1,2,4,2,2,9,0,0,203946,4452
KR_8351041803,100,False,773088,LOSE,1,3,0,3,3,4,40,0,1,266382,868865
KR_8351041803,200,True,773088,WIN,4,0,5,1,1,2,7,3,0,180595,1481969
KR_8347246840,100,True,924192,WIN,5,3,1,3,7,2,14,3,1,266082,388955
KR_8347246840,200,False,924192,LOSE,3,3,0,6,6,2,13,0,0,77812,1125183
KR_8347193865,100,True,820277,WIN,3,3,2,2,3,0,9,3,0,231233,6737
KR_8347193865,200,False,820277,LOSE,2,3,0,3,2,1,11,0,1,347364,73747
KR_8345086193,100,False,800620,LOSE,2,4,2,7,3,2,8,3,0,138542,34842
KR_8345086193,200,True,800620,WIN,6,3,1,1,5,1,5,0,1,356013,8190
KR_8343337801,100,False,593457,LOSE,1,2,1,2,2,1,7,0,0,310813,83926
KR_8343337801,200,True,593457,WIN,3,0,1,1,5,0,4,3,1,26982,46708
KR_8343279151,100,True,931289,WIN,8,1,0,0,6,0,53,2,1,63375,823417
KR_8343279151,200,False,931289,LOSE,1,3,0,6,1,4,15,1,1,107422,64991
KR_8343203720,100,True,913872,WIN,3,5,4,4,4,3,11,3,1,5377,200958
KR_8343203720,200,False,913872,LOSE,5,6,2,1,7,3,15,0,0,785188,17217
KR_8343136845,100,True,832289,WIN,6,4,4,3,4,5,11,3,0,52432,200958
KR_8343136845,200,False,832289,LOSE,6,4,0,7,3,3,6,0,1,172221,153274
KR_8343071506,100,False,879122,LOSE,1,4,1,2,3,1,13,0,0,34907,113011
KR_8343071506,200,True,879122,WIN,3,3,2,1,2,0,49,3,2,129510,162355
KR_8338097211,100,True,680820,WIN,2,0,1,0,4,2,6,1,1,113659,55612
KR_8338097211,200,False,680820,LOSE,1,5,0,2,1,2,10,2,0,28441,954010
KR_8338073857,100,False,726997,WIN,3,0,1,1,1,1,15,0,0,1902,954010
KR_8338073857,200,True,726997,LOSE,0,2,1,1,1,3,10,3,0,109127,29468
KR_8338065924,100,True,1082772,WIN,1,3,2,2,5,1,15,3,1,65961,48696
KR_8338065924,200,False,1082772,LOSE,2,1,1,2,8,4,12,0,0,347279,51230
KR_8338041400,100,True,939549,LOSE,1,2,2,3,7,0,49,3,2,196164,7938
KR_8338041400,200,False,939549,WIN,5,1,0,1,1,5,13,0,0,12101,59351
KR_8338031383,100,False,938211,LOSE,6,4,3,6,1,5,10,3,0,70814,174036
KR_8338031383,200,True,938211,WIN,8,3,0,4,10,4,12,0,1,8654,79252
KR_8339550117,100,False,889535,WIN,5,1,0,1,3,2,13,0,0,101363,17628
KR_8339550117,200,True,889535,LOSE,1,3,0,3,3,0,11,3,1,47013,206784
KR_8339511717,100,False,964783,LOSE,6,4,0,5,4,3,16,3,0,655750,8449
KR_8339511717,200,True,964783,WIN,4,4,2,5,5,3,12,0,1,620366,333638
KR_8343211805,100,False,994920,LOSE,7,5,1,0,4,6,17,3,0,1275285,88331
KR_8343211805,200,True,994920,WIN,5,3,3,5,2,5,11,0,2,172080,38699
KR_8343171465,100,True,859696,WIN,8,1,1,0,3,1,10,3,2,225333,3729792
KR_8343171465,200,False,859696,LOSE,1,7,0,3,3,2,7,0,0,207978,101686
KR_8339917133,100,True,617107,LOSE,0,4,0,1,3,3,13,0,0,221257,9278
KR_8339917133,200,False,617107,WIN,3,0,2,1,4,0,13,3,1,1209585,3578
KR_8354006991,100,False,914562,LOSE,1,5,2,3,3,1,11,3,0,60232,149140
KR_8354006991,200,True,914562,WIN,6,0,0,1,3,2,9,0,2,2290857,67911
KR_8347992716,100,True,986508,WIN,7,5,1,3,3,0,17,0,1,2290857,17244
KR_8347992716,200,False,986508,LOSE,2,6,1,7,7,2,8,3,1,356747,14992
KR_8347960757,100,True,940049,WIN,2,6,2,3,3,4,19,3,0,2290857,20493
KR_8347960757,200,False,940049,LOSE,8,3,2,3,4,2,29,0,2,62461,28619
KR_8347932386,100,False,802671,LOSE,0,4,4,3,3,1,10,2,0,2290857,443788
KR_8347932386,200,True,802671,WIN,3,1,3,1,2,1,2,1,1,44507,15490
KR_8353980856,100,True,908340,WIN,2,1,0,3,6,2,47,3,0,93452,39874
KR_8353980856,200,False,908340,LOSE,2,2,3,3,2,1,16,0,2,71335,14012
KR_8344715982,100,False,815916,LOSE,2,5,0,1,4,1,14,0,0,60162,29164
KR_8344715982,200,True,815916,WIN,4,0,2,2,2,1,12,3,2,36497,1425194
KR_8343403494,100,False,1179229,LOSE,3,5,0,4,3,2,21,0,0,48573,11677
KR_8343403494,200,True,1179229,WIN,5,4,0,5,5,2,41,3,3,88155,34693
KR_8340963065,100,False,826151,LOSE,3,3,0,5,2,1,10,0,1,70722,93211
KR_8340963065,200,True,826151,WIN,4,2,2,3,2,0,9,3,1,204348,657155
KR_8340925245,100,False,822947,LOSE,2,5,1,3,8,4,46,1,0,71466,9558
KR_8340925245,200,True,822947,WIN,4,4,1,6,4,0,10,2,2,240090,10954
KR_8340888053,100,False,995005,WIN,5,3,4,2,2,1,12,3,0,60162,3026128
KR_8340888053,200,True,995005,LOSE,3,3,3,5,2,6,11,0,2,77698,829373
KR_8340852819,100,True,652637,WIN,9,1,4,5,2,0,6,3,0,98780,12190
KR_8340852819,200,False,652637,LOSE,5,6,0,6,0,4,4,0,0,236621,6148
KR_8340480784,100,False,979031,WIN,0,3,3,3,3,3,12,0,0,31429,4746393
KR_8340480784,200,True,979031,LOSE,3,4,2,1,4,0,13,3,2,15640,115697
KR_8340427779,100,True,856777,WIN,2,4,0,3,4,1,6,0,2,25457,11889
KR_8340427779,200,False,856777,LOSE,5,3,0,2,5,2,43,3,0,351710,2924
KR_8340105356,100,True,1003867,LOSE,5,2,1,4,7,4,13,3,2,38215,117912
KR_8340105356,200,False,1003867,WIN,2,2,2,6,8,5,56,0,0,49268,510979
KR_8337454098,100,False,765260,WIN,2,3,1,4,1,0,12,0,1,68076,75536
KR_8337454098,200,True,765260,LOSE,3,0,2,3,4,3,14,3,0,183480,18208
KR_8350401442,100,True,1028986,WIN,4,3,1,1,4,3,14,2,1,323531,1152345
KR_8350401442,200,False,1028986,LOSE,1,3,0,3,7,3,16,1,1,302944,74215
KR_8344296051,100,True,870544,WIN,6,4,7,0,8,2,11,3,1,2441,1228503
KR_8344296051,200,False,870544,LOSE,1,7,0,9,5,4,9,0,1,269886,76158
KR_8344099448,100,False,858523,LOSE,2,2,3,1,4,4,16,3,0,505893,553735
KR_8344099448,200,True,858523,WIN,1,5,1,3,7,1,14,0,1,167269,69321
KR_8341335742,100,False,932010,WIN,4,3,2,3,5,2,12,0,1,18717,39512
KR_8341335742,200,True,932010,LOSE,3,3,0,4,0,3,18,3,1,127341,21325
KR_8353361925,100,True,855113,WIN,3,4,3,3,3,2,7,0,0,266757,818208
KR_8353361925,200,False,855113,LOSE,5,3,0,5,3,1,13,3,1,1032722,45706
KR_8353322885,100,False,762225,LOSE,0,4,0,2,0,0,3,3,0,39373,19702
KR_8353322885,200,True,762225,WIN,5,0,1,0,1,1,9,0,2,120300,342761
KR_8353315164,100,True,825258,WIN,6,2,1,2,5,1,10,1,0,34313,146788
KR_8353315164,200,False,825258,LOSE,1,5,0,3,2,2,5,2,1,1854,13692
KR_8345569239,100,False,966882,LOSE,3,3,0,2,3,0,11,1,2,222312,297308
KR_8345569239,200,True,966882,WIN,4,1,0,4,1,1,20,2,0,29717,15142
KR_8345533584,100,False,1116102,LOSE,8,2,4,2,8,3,21,0,1,13488,19681
KR_8345533584,200,True,1116102,WIN,2,6,1,8,3,2,18,3,1,38030,63363
KR_8345419954,100,True,904858,LOSE,3,1,1,4,4,1,10,3,0,13946,40266
KR_8345419954,200,False,904858,WIN,3,3,0,2,2,3,12,0,1,177725,30747
KR_8345424423,100,True,887351,WIN,8,2,1,4,2,3,11,3,0,620227,2911
KR_8345424423,200,False,887351,LOSE,2,4,3,6,4,2,12,0,0,343565,35960
KR_8345401860,100,False,931938,LOSE,2,1,0,2,1,2,17,3,0,45564,65462
KR_8345401860,200,True,931938,WIN,4,0,3,4,1,1,10,0,2,588356,1131995
KR_8338140025,100,True,1206991,WIN,3,3,1,3,8,5,26,0,0,37692,129355
KR_8338140025,200,False,1206991,LOSE,3,4,1,5,8,3,22,3,3,24476,476305
KR_8338129571,100,True,939913,LOSE,3,5,1,1,3,2,16,0,1,16339,5011
KR_8338129571,200,False,939913,WIN,3,1,1,4,3,3,14,3,0,307048,476305
KR_8338126275,100,True,1026474,LOSE,3,3,2,4,2,2,18,3,2,186642,138048
KR_8338126275,200,False,1026474,WIN,3,5,2,6,2,3,16,0,0,464415,85993
KR_8338129014,100,False,1123697,LOSE,2,8,3,6,2,1,12,3,0,41101,2954
KR_8338129014,200,True,1123697,WIN,5,1,2,6,5,0,18,0,2,23999,202642
KR_8338104746,100,False,1064924,WIN,4,3,3,4,8,2,11,0,0,75938,95648
KR_8338104746,200,True,1064924,LOSE,1,4,2,4,8,3,22,3,1,24176,117779
KR_8337016183,100,False,1015325,LOSE,2,4,1,3,3,3,17,2,0,219448,54488
KR_8337016183,200,True,1015325,WIN,5,3,2,2,6,2,19,1,2,50662,825619
KR_8336995287,100,False,917275,LOSE,1,3,2,5,1,0,127,0,1,219448,1733713
KR_8336995287,200,True,917275,WIN,3,2,4,6,5,1,9,3,1,13938,66625
KR_8336985190,100,False,833765,LOSE,1,1,1,3,3,1,10,3,1,269479,135973
KR_8336985190,200,True,833765,WIN,2,2,1,0,5,2,10,0,0,40206,10324
KR_8347766244,100,True,873735,WIN,5,6,2,4,2,1,15,1,1,34045,85597
KR_8347766244,200,False,873735,LOSE,2,6,8,4,1,0,6,2,1,495139,3728444
KR_8339640409,100,False,886689,LOSE,0,0,0,3,6,2,13,2,1,125870,931047
KR_8339640409,200,True,886689,WIN,2,2,0,2,5,1,126,1,0,414572,10126
KR_8339342773,100,False,591418,LOSE,0,4,1,4,0,2,5,3,0,111870,127590
KR_8339342773,200,True,591418,WIN,5,0,3,1,4,1,28,0,0,495139,11591
KR_8338335400,100,True,742160,LOSE,2,2,3,2,2,0,4,3,1,106711,259078
KR_8338335400,200,False,742160,WIN,2,2,1,2,2,2,7,0,0,236957,12880
KR_8338301996,100,False,968273,LOSE,5,2,4,2,3,4,17,0,0,110195,168909
KR_8338301996,200,True,968273,WIN,0,8,3,1,6,1,23,3,2,495139,75636
KR_8336961129,100,False,978769,WIN,3,2,5,2,4,1,9,3,0,127341,437057
KR_8336961129,200,True,978769,LOSE,2,6,2,3,4,1,17,0,2,495139,73179
KR_8349283237,100,True,737302,WIN,3,2,4,0,3,1,24,0,1,49005,147302
KR_8349283237,200,False,737302,LOSE,0,4,1,3,2,2,7,3,0,513936,39242
KR_8349227698,100,False,893266,LOSE,3,4,1,4,0,4,12,0,0,197778,3268369
KR_8349227698,200,True,893266,WIN,4,5,3,0,3,1,10,3,1,54988,81603
KR_8349170545,100,False,1051163,WIN,3,3,0,3,8,1,14,3,1,2501,41645
KR_8349170545,200,True,1051163,LOSE,3,3,1,4,3,1,17,0,2,61224,1367832
KR_8345197271,100,True,768772,WIN,4,1,2,1,2,3,13,1,2,97780,2206623
KR_8345197271,200,False,768772,LOSE,2,5,1,3,0,3,6,2,0,127430,1440403
KR_8345144359,100,False,799653,LOSE,4,3,2,4,3,1,6,3,2,134258,4081
KR_8345144359,200,True,799653,WIN,6,2,0,4,2,4,9,0,0,75582,2084
KR_8354413234,100,True,808696,WIN,1,4,3,5,5,2,9,3,0,136610,40711
KR_8354413234,200,False,808696,LOSE,6,4,2,5,2,2,10,0,1,289591,23610
KR_8354376945,100,False,785483,LOSE,0,4,2,2,2,1,14,0,0,92018,57929
KR_8354376945,200,True,785483,WIN,5,1,0,3,0,2,8,3,0,9521,1353
KR_8354366502,100,False,960715,LOSE,0,6,2,5,2,4,13,0,0,144010,14397
KR_8354366502,200,True,960715,WIN,6,0,0,3,10,2,15,3,1,677809,125576
KR_8354335853,100,False,851505,WIN,5,2,0,2,5,3,11,0,0,15867,8566
KR_8354335853,200,True,851505,LOSE,3,2,3,4,3,2,13,3,2,119121,22334
KR_8354325223,100,False,1017518,WIN,0,3,1,3,7,1,21,0,1,14042,1285986
KR_8354325223,200,True,1017518,LOSE,5,3,0,3,5,4,52,3,1,210003,68746
KR_8354303184,100,True,962210,LOSE,4,3,3,4,4,0,14,3,2,6043,1481969
KR_8354303184,200,False,962210,WIN,3,6,1,4,1,2,19,0,0,17085,466727
KR_8354262877,100,True,771939,WIN,2,1,2,1,1,0,117,0,1,151337,979857
KR_8354262877,200,False,771939,LOSE,1,2,1,3,1,2,7,3,1,35390,466529
KR_8352963493,100,False,1111569,LOSE,4,4,2,6,3,7,18,0,0,188831,37366
KR_8352963493,200,True,1111569,WIN,10,5,2,5,5,3,18,3,3,26670,1654334
KR_8345910245,100,False,555616,LOSE,1,5,2,2,2,0,2,3,0,80010,8955
KR_8345910245,200,True,555616,WIN,4,1,3,1,1,2,4,0,0,210003,96980
KR_8345842871,100,True,870740,LOSE,5,3,0,4,3,1,13,1,1,59088,190302
KR_8345842871,200,False,870740,WIN,2,2,2,3,2,2,12,2,0,361235,3681
KR_8345831314,100,True,856113,WIN,4,1,0,0,4,2,12,3,2,48084,69223
KR_8345831314,200,False,856113,LOSE,3,7,0,5,4,5,8,0,0,161252,2462
KR_8345780962,100,False,966263,LOSE,3,3,0,3,3,3,10,0,0,49510,2605
KR_8345780962,200,True,966263,WIN,4,2,1,2,1,2,17,3,2,61335,8566
KR_8345710613,100,False,676852,LOSE,1,2,0,3,3,3,5,3,0,30753,544898
KR_8345710613,200,True,676852,WIN,4,1,1,0,2,0,4,0,1,111939,239174
KR_8345691564,100,True,887563,WIN,7,2,1,2,8,1,16,3,1,700660,2584
KR_8345691564,200,False,887563,LOSE,4,3,0,5,1,3,9,0,0,292988,358
KR_8347851379,100,True,912948,WIN,2,2,2,0,1,2,11,3,0,38723,676116
KR_8347851379,200,False,912948,LOSE,1,4,0,1,1,3,13,0,1,310038,55424
KR_8347806282,100,True,875559,LOSE,2,7,6,5,3,0,10,1,1,670899,498904
KR_8347806282,200,False,875559,WIN,7,4,1,4,4,4,14,2,1,77204,8913
KR_8347784322,100,True,601806,WIN,8,2,0,2,4,2,5,0,0,15132,260317
KR_8347784322,200,False,601806,LOSE,2,4,2,5,0,2,7,0,0,1241556,515
KR_8347755652,100,True,1079108,WIN,5,5,2,4,4,1,22,3,2,79812,10735
KR_8347755652,200,False,1079108,LOSE,4,5,1,3,8,2,16,0,0,709566,7075
KR_8347738475,100,True,1087310,WIN,6,2,3,3,8,2,15,0,1,414485,44456
KR_8347738475,200,False,1087310,LOSE,2,3,1,7,2,3,17,3,1,42108,7997
KR_8347719445,100,True,936332,LOSE,2,2,0,2,1,3,16,1,0,57625,73844
KR_8347719445,200,False,936332,WIN,2,3,0,2,7,2,49,2,1,78416,37703
KR_8343040220,100,True,770468,WIN,3,0,0,1,2,1,7,3,0,32856,109555
KR_8343040220,200,False,770468,LOSE,0,3,0,2,3,1,14,0,1,127620,51765
KR_8342972662,100,True,1081778,WIN,3,0,0,2,6,2,13,2,2,584367,46172
KR_8342972662,200,False,1081778,LOSE,1,2,0,3,4,1,15,1,0,187814,109555
KR_8342913493,100,False,944734,WIN,4,3,1,4,4,3,12,3,0,32519,7776
KR_8342913493,200,True,944734,LOSE,2,5,3,3,3,1,8,0,2,20026,109555
KR_8353772820,100,False,799605,LOSE,3,3,1,4,1,3,6,0,0,130467,36920
KR_8353772820,200,True,799605,WIN,3,2,1,2,3,1,11,3,2,327778,2950
KR_8343836843,100,True,759658,WIN,11,3,3,3,0,1,11,3,1,22174,15454
KR_8343836843,200,False,759658,LOSE,4,6,0,5,3,5,9,0,0,234350,450858
KR_8354722829,100,True,1003731,LOSE,3,6,3,4,4,2,19,3,1,7687,141987
KR_8354722829,200,False,1003731,WIN,6,2,2,5,3,3,19,0,1,62248,290787
KR_8349900582,100,True,680386,WIN,5,1,1,1,1,1,8,3,0,193912,988993
KR_8349900582,200,False,680386,LOSE,1,2,1,4,2,3,8,0,1,188831,60511
KR_8349880288,100,True,761693,WIN,9,1,2,1,3,2,10,2,1,22998,337270
KR_8349880288,200,False,761693,LOSE,1,6,1,5,2,5,8,1,0,188831,24776
KR_8349818217,100,False,860726,WIN,1,3,0,3,5,2,9,1,1,549650,30741
KR_8349818217,200,True,860726,LOSE,3,1,1,1,0,3,7,2,1,521605,60385
KR_8353324927,100,False,682332,LOSE,1,4,2,1,2,2,11,3,0,86641,45996
KR_8353324927,200,True,682332,WIN,4,1,0,3,4,1,8,0,1,64370,17440
KR_8353020393,100,True,934713,WIN,3,2,0,1,4,6,15,0,2,471227,270221
KR_8353020393,200,False,934713,LOSE,2,2,3,0,3,5,51,3,0,81607,28864
KR_8352894699,100,True,854631,WIN,4,2,2,2,3,2,13,0,0,25211,8223
KR_8352894699,200,False,854631,LOSE,6,2,1,5,0,4,15,3,1,38124,143101
KR_8352855419,100,False,964363,WIN,2,2,0,2,1,1,10,0,1,263134,341963
KR_8352855419,200,True,964363,LOSE,4,1,0,2,1,1,11,3,0,16916,5868
KR_8354515597,100,False,792273,LOSE,5,2,0,2,0,4,11,0,1,206512,156818
KR_8354515597,200,True,792273,WIN,2,3,2,2,4,1,9,3,1,134091,171191
KR_8340812944,100,False,923348,LOSE,1,3,2,1,0,4,16,2,0,17575,920051
KR_8340812944,200,True,923348,WIN,4,0,2,1,1,2,17,1,1,349568,480305
KR_8340462682,100,True,917267,WIN,8,0,1,1,4,1,11,0,2,32039,416354
KR_8340462682,200,False,917267,LOSE,0,5,1,3,2,5,14,3,0,38405,36350
KR_8339770559,100,True,927126,LOSE,2,1,1,1,1,0,18,3,0,333014,6169714
KR_8339770559,200,False,927126,WIN,1,1,0,1,0,2,11,0,2,4308787,354214
KR_8339596339,100,True,960915,WIN,5,5,2,2,4,1,16,3,1,25747,13712
KR_8339596339,200,False,960915,LOSE,2,3,2,4,3,4,17,0,0,104247,338797
KR_8339561226,100,False,821850,LOSE,0,2,1,3,6,0,10,0,0,485999,440940
KR_8339561226,200,True,821850,WIN,3,0,0,2,3,2,10,3,1,85877,87205
KR_8338506348,100,True,1015295,LOSE,9,5,0,7,2,4,6,0,2,357045,104614
KR_8338506348,200,False,1015295,WIN,8,6,0,3,5,2,12,3,0,277237,22053
KR_8337238954,100,True,957294,LOSE,2,2,1,5,8,3,15,3,0,545036,11327
KR_8337238954,200,False,957294,WIN,3,2,3,5,2,5,12,0,1,31216,17085
KR_8354465473,100,True,967908,LOSE,4,3,1,7,4,1,17,3,0,48436,37493
KR_8354465473,200,False,967908,WIN,6,4,3,2,3,2,13,0,1,237736,84272
KR_8354442480,100,True,788128,WIN,2,0,2,2,5,2,7,0,1,112232,74298
KR_8354442480,200,False,788128,LOSE,1,2,2,2,2,3,22,3,0,99307,6355
KR_8354423129,100,False,798441,LOSE,1,3,0,5,4,0,10,3,0,133410,25468
KR_8354423129,200,True,798441,WIN,6,2,0,1,1,0,12,0,1,91441,64129
KR_8354389706,100,True,559828,WIN,4,1,1,0,0,1,2,0,1,124603,645870
KR_8354389706,200,False,559828,LOSE,1,1,0,3,3,2,6,3,0,62653,656634
KR_8352618730,100,False,657936,LOSE,1,6,0,5,0,1,4,0,0,190278,119322
KR_8352618730,200,True,657936,WIN,8,1,2,0,4,0,10,3,1,10709,37716
KR_8352582208,100,True,674265,WIN,9,0,2,1,4,1,5,0,0,4185709,50094
KR_8352582208,200,False,674265,LOSE,2,4,0,5,0,6,8,0,0,138567,5737
KR_8352530708,100,False,764672,LOSE,3,7,2,6,2,3,9,0,0,66240,34207
KR_8352530708,200,True,764672,WIN,7,2,7,3,1,1,8,3,2,190278,170345
KR_8352457292,100,True,700094,LOSE,0,2,1,1,2,1,11,3,0,219507,2360923
KR_8352457292,200,False,700094,WIN,1,0,4,1,3,2,8,0,1,59430,29899
KR_8352398224,100,True,1132498,LOSE,3,4,1,3,3,3,41,1,1,138567,22558
KR_8352398224,200,False,1132498,WIN,4,2,1,3,2,6,22,2,0,150277,594645
KR_8352334663,100,True,831651,WIN,7,1,1,1,9,2,10,3,0,92555,3500
KR_8352334663,200,False,831651,LOSE,1,5,1,4,1,3,11,0,1,107090,35940
KR_8352266953,100,False,1042845,LOSE,3,2,1,1,11,1,13,0,2,96482,2656109
KR_8352266953,200,True,1042845,WIN,2,3,0,7,4,5,24,3,0,190278,191737
KR_8352220684,100,False,1007863,LOSE,8,5,2,5,3,3,18,3,0,2130330,5122
KR_8352220684,200,True,1007863,WIN,7,3,2,5,3,3,18,0,2,401246,149062
KR_8352164865,100,True,876454,LOSE,1,5,2,3,7,1,15,3,0,156577,14245
KR_8352164865,200,False,876454,WIN,7,0,1,2,2,4,14,0,1,38214,7683
KR_8345220288,100,False,979593,LOSE,4,4,3,3,1,3,14,0,1,71586,48388
KR_8345220288,200,True,979593,WIN,2,4,1,2,4,1,12,3,1,35940,41375
KR_8345191325,100,False,803349,LOSE,1,5,2,5,8,2,9,0,0,632517,301564
KR_8345191325,200,True,803349,WIN,4,3,3,5,4,2,9,3,2,408414,60476
KR_8347286643,100,False,1041956,WIN,1,5,5,1,1,3,17,3,0,74719,9290
KR_8347286643,200,True,1041956,LOSE,4,2,0,3,5,3,20,0,1,560865,2167018
KR_8346287612,100,False,825096,LOSE,4,1,2,3,3,4,12,2,1,13364,79173
KR_8346287612,200,True,825096,WIN,4,5,0,2,6,2,10,1,1,287767,3046
KR_8346095332,100,True,830569,LOSE,2,3,2,2,4,2,4,3,0,46532,148271
KR_8346095332,200,False,830569,WIN,4,1,0,5,2,1,7,0,1,870940,196920
KR_8344008039,100,False,935354,WIN,1,4,4,5,7,3,14,0,0,46221,604609
KR_8344008039,200,True,935354,LOSE,5,6,1,4,3,2,11,3,1,22960,148271
KR_8342823858,100,False,807336,WIN,3,0,0,2,3,1,7,3,0,559043,128255
KR_8342823858,200,True,807336,LOSE,2,2,0,2,0,1,8,0,1,256001,148271
KR_8352311133,100,False,731097,LOSE,1,3,1,3,3,1,32,3,0,115596,21498
KR_8352311133,200,True,731097,WIN,4,0,0,2,3,5,9,0,1,240062,2622
KR_8349071285,100,False,942602,LOSE,3,1,1,3,5,3,12,3,0,98100,64933
KR_8349071285,200,True,942602,WIN,4,3,1,1,2,3,10,0,1,22505,64814
KR_8348777398,100,True,1024490,LOSE,4,3,1,4,6,1,17,0,1,136536,48717
KR_8348777398,200,False,1024490,WIN,2,5,2,5,1,3,19,3,1,66823,20638
KR_8348761041,100,True,1176111,WIN,7,4,0,2,12,6,16,0,0,21165,98184
KR_8348761041,200,False,1176111,LOSE,3,5,2,4,5,7,12,3,1,98592,306708
KR_8348732782,100,False,998245,LOSE,2,3,3,5,5,3,18,0,0,1039321,102093
KR_8348732782,200,True,998245,WIN,7,4,1,5,1,5,10,3,0,5697,207900
KR_8348721346,100,False,1216943,LOSE,1,3,0,4,2,5,16,3,0,77000,48717
KR_8348721346,200,True,1216943,WIN,4,2,0,1,5,2,24,0,3,90082,46340
KR_8348700420,100,False,789261,LOSE,2,4,1,3,3,1,10,0,0,32042,180010
KR_8348700420,200,True,789261,WIN,2,2,3,2,4,1,7,3,1,160969,2429803
KR_8348681640,100,True,714312,WIN,3,1,3,0,1,0,5,0,1,18329,38332
KR_8348681640,200,False,714312,LOSE,0,5,1,3,2,0,5,3,0,1538295,180010
KR_8348680468,100,False,901943,WIN,3,3,0,3,4,3,10,0,1,17794,150969
KR_8348680468,200,True,901943,LOSE,4,3,0,3,2,1,10,3,1,409961,48717
KR_8348682185,100,False,955141,LOSE,4,3,0,1,1,3,15,1,0,37022,21353
KR_8348682185,200,True,955141,WIN,0,1,0,3,7,1,11,2,2,362670,48717
KR_8348671241,100,False,885876,LOSE,3,3,0,3,4,3,45,3,2,60191,26081
KR_8348671241,200,True,885876,WIN,0,4,3,2,7,2,11,0,0,73461,207900
KR_8348653812,100,True,641471,WIN,2,1,3,3,2,0,4,3,0,4839,12788
KR_8348653812,200,False,641471,LOSE,4,2,0,3,0,1,2,0,1,497213,153732
KR_8348648607,100,True,554384,LOSE,0,2,1,4,1,1,2,3,0,36649,362050
KR_8348648607,200,False,554384,WIN,2,1,4,1,1,0,4,0,1,37658,403348
KR_8348630738,100,True,767270,WIN,4,1,1,6,4,0,7,3,1,355417,13577
KR_8348630738,200,False,767270,LOSE,2,2,2,3,4,2,9,0,1,138212,362050
KR_8348623194,100,True,772561,WIN,1,2,1,1,4,1,5,2,1,174056,13323
KR_8348623194,200,False,772561,LOSE,2,2,0,1,2,0,21,1,0,127432,17236
KR_8346651622,100,False,1002990,LOSE,2,3,2,3,3,4,11,3,0,138878,67388
KR_8346651622,200,True,1002990,WIN,5,4,1,1,4,0,18,0,2,867410,872394
KR_8346630076,100,True,961914,LOSE,1,4,0,2,3,0,12,2,0,62462,180010
KR_8346630076,200,False,961914,WIN,4,1,2,1,1,2,14,1,2,115220,509774
KR_8346615333,100,True,905271,WIN,6,2,1,2,5,0,10,3,1,119588,48717
KR_8346615333,200,False,905271,LOSE,1,5,2,4,2,4,4,0,0,34790,358819
KR_8346586794,100,True,933122,LOSE,1,4,1,4,4,1,15,1,1,511903,616055
KR_8346586794,200,False,933122,WIN,6,1,0,1,3,1,12,2,1,55853,98184
KR_8346587022,100,False,702757,LOSE,1,4,0,4,0,0,5,3,0,108993,401314
KR_8346587022,200,True,702757,WIN,4,0,0,1,4,0,16,0,1,29556,17236
KR_8346553957,100,False,821640,LOSE,0,2,0,3,2,0,8,0,0,154131,362050
KR_8346553957,200,True,821640,WIN,1,0,0,0,4,1,11,3,1,93541,65224
KR_8346553440,100,True,1078179,WIN,1,2,0,2,4,0,16,3,0,137315,872394
KR_8346553440,200,False,1078179,LOSE,2,2,0,0,3,4,8,0,1,25400,521388
KR_8346524665,100,False,1035980,LOSE,0,2,2,4,4,1,13,1,1,33376,872394
KR_8346524665,200,True,1035980,WIN,4,1,1,4,4,5,17,2,0,89438,616055
KR_8346505969,100,True,1004471,LOSE,3,3,3,4,1,1,12,3,1,96183,2561317
KR_8346505969,200,False,1004471,WIN,4,3,1,2,6,3,14,0,0,461668,362050
KR_8352457173,100,True,836669,WIN,3,4,3,4,7,3,10,1,1,51191,7616
KR_8352457173,200,False,836669,LOSE,5,4,4,2,1,1,14,2,1,9892,9651
KR_8350585582,100,True,875996,WIN,3,1,1,2,6,0,9,2,2,272355,57286
KR_8350585582,200,False,875996,LOSE,1,5,0,3,3,2,15,1,0,41821,89952
KR_8350530651,100,False,738469,LOSE,1,6,2,5,6,1,9,3,1,152913,31248
KR_8350530651,200,True,738469,WIN,1,3,4,2,5,3,10,0,0,181687,183860
KR_8349785470,100,True,965465,LOSE,3,4,4,1,8,3,58,0,0,42871,13238
KR_8349785470,200,False,965465,WIN,2,4,1,7,7,3,9,3,1,553580,72702
KR_8349739360,100,True,936549,WIN,2,4,2,3,4,3,17,2,0,102385,72702
KR_8349739360,200,False,936549,LOSE,1,2,2,5,7,1,11,1,2,172040,199583
KR_8349676968,100,True,938615,LOSE,1,3,0,2,3,0,10,3,1,204991,10534
KR_8349676968,200,False,938615,WIN,2,1,0,2,4,4,14,0,1,51191,119894
KR_8349619070,100,True,637970,WIN,5,0,2,2,2,1,7,0,0,39670,240373
KR_8349619070,200,False,637970,LOSE,1,4,1,3,1,2,6,1,0,34839,297075
KR_8349548786,100,True,953301,WIN,1,2,0,0,7,1,15,3,0,51191,3511321
KR_8349548786,200,False,953301,LOSE,2,3,0,3,2,1,8,0,2,19063,238338
KR_8348593346,100,False,1009040,WIN,5,3,1,6,6,6,11,2,0,90021,111666
KR_8348593346,200,True,1009040,LOSE,7,2,0,6,8,3,18,1,2,51268,1387403
KR_8348562685,100,False,825506,LOSE,5,5,1,5,2,1,10,0,0,114839,550538
KR_8348562685,200,True,825506,WIN,1,3,3,2,3,1,8,3,2,51191,91428
KR_8348536691,100,True,975975,WIN,6,2,2,1,7,1,16,0,2,63926,3555
KR_8348536691,200,False,975975,LOSE,1,3,0,5,3,1,13,3,0,15098,60197
KR_8348360721,100,False,792959,LOSE,0,4,0,4,3,3,11,1,0,356656,1906
KR_8348360721,200,True,792959,WIN,3,0,2,1,4,3,9,2,1,51191,20580
KR_8348316322,100,True,889224,WIN,2,2,0,0,3,1,12,0,1,51191,1120831
KR_8348316322,200,False,889224,LOSE,2,2,0,3,0,2,12,3,0,27202,788451
KR_8348252730,100,True,825049,WIN,1,1,2,2,1,0,9,3,0,17490,81035
KR_8348252730,200,False,825049,LOSE,0,2,1,1,5,2,9,0,2,172040,60828
KR_8346498531,100,True,1002155,WIN,3,3,0,3,2,3,16,3,1,15570,88711
KR_8346498531,200,False,1002155,LOSE,2,4,5,1,5,1,14,0,1,54415,33146
KR_8346499295,100,False,886694,LOSE,0,0,2,2,0,3,7,0,0,79611,10071
KR_8346499295,200,True,886694,WIN,3,1,0,0,4,0,10,3,1,152913,17987
KR_8345330647,100,False,827070,LOSE,3,2,0,2,2,0,11,3,0,339037,13016
KR_8345330647,200,True,827070,WIN,4,1,0,2,0,0,6,0,1,37392,15827
KR_8345316498,100,False,932595,LOSE,5,3,1,3,9,2,12,1,2,47820,108936
KR_8345316498,200,True,932595,WIN,3,3,1,5,2,7,131,2,0,1537134,2296682
KR_8343798840,100,True,804745,WIN,0,0,0,0,5,1,8,3,1,51268,25079
KR_8343798840,200,False,804745,LOSE,0,2,1,2,1,1,8,0,0,54044,11020
KR_8343789770,100,False,1030600,LOSE,4,2,0,2,2,4,16,0,1,136135,39296
KR_8343789770,200,True,1030600,WIN,3,2,1,4,3,1,16,3,1,51268,12618
KR_8343785268,100,True,858096,WIN,4,1,0,4,7,0,7,3,1,33720,3416
KR_8343785268,200,False,858096,LOSE,1,5,1,5,2,4,18,0,0,83879,3023
KR_8342903297,100,True,1006496,LOSE,2,0,1,1,4,1,9,1,0,104389,140008
KR_8342903297,200,False,1006496,WIN,1,0,0,3,0,3,10,2,2,31344,1006030
KR_8342168819,100,True,1006519,WIN,2,2,0,2,6,2,63,3,2,104389,12178
KR_8342168819,200,False,1006519,LOSE,4,4,0,3,3,4,9,0,0,76614,17461
KR_8341433882,100,False,1131803,WIN,1,7,0,3,7,2,18,3,2,250709,15949
KR_8341433882,200,True,1131803,LOSE,11,2,0,3,3,4,18,0,1,108041,67236
KR_8341373688,100,False,1213135,LOSE,2,3,0,4,1,2,29,2,0,48639,323694
KR_8341373688,200,True,1213135,WIN,5,1,1,0,8,3,25,1,2,38475,410213
KR_8340874105,100,False,940921,LOSE,2,1,1,1,3,3,12,0,1,215613,1250673
KR_8340874105,200,True,940921,WIN,4,2,0,1,2,2,16,3,1,602083,138382
KR_8354672628,100,True,989291,LOSE,2,6,2,2,5,4,14,1,2,43647,144853
KR_8354672628,200,False,989291,WIN,4,4,2,2,5,4,18,2,0,553961,103192
KR_8354633510,100,True,1030347,WIN,5,1,1,0,4,0,15,3,2,1592052,107379
KR_8354633510,200,False,1030347,LOSE,0,5,0,3,2,3,15,0,0,313747,196611
KR_8345442714,100,True,863792,WIN,7,0,3,0,5,1,12,1,1,765316,103192
KR_8345442714,200,False,863792,LOSE,0,5,0,3,1,4,5,2,0,26907,39525
KR_8349031089,100,False,509413,LOSE,0,0,1,1,2,0,4,0,0,31189,13805
KR_8349031089,200,True,509413,WIN,0,1,1,0,2,1,4,0,1,26002,13326
KR_8342789107,100,True,1079576,LOSE,5,2,0,6,9,3,27,1,1,103586,71351
KR_8342789107,200,False,1079576,WIN,5,5,2,5,6,3,15,2,1,43614,1283186
KR_8342746292,100,True,798789,WIN,1,0,1,0,8,1,12,0,1,42969,204455
KR_8342746292,200,False,798789,LOSE,0,3,0,3,3,3,18,3,0,4185709,91122
KR_8348225932,100,False,988582,LOSE,5,6,5,4,5,3,19,0,0,603215,2172136
KR_8348225932,200,True,988582,WIN,8,8,1,3,5,1,16,3,2,397423,252775
KR_8348174382,100,False,772160,LOSE,2,5,1,7,6,0,5,3,0,123667,683
KR_8348174382,200,True,772160,WIN,8,3,1,2,3,1,10,0,1,397423,495846
KR_8348102915,100,False,712528,LOSE,3,5,1,3,4,0,6,2,0,93530,45954
KR_8348102915,200,True,712528,WIN,7,2,0,3,1,1,6,1,1,397423,255800
KR_8346073739,100,True,982964,LOSE,4,5,1,4,10,1,13,3,0,397423,4109
KR_8346073739,200,False,982964,WIN,3,2,2,7,9,3,12,0,2,19326,649644
KR_8346030203,100,True,765558,WIN,6,1,0,1,2,2,7,0,1,397423,1198611
KR_8346030203,200,False,765558,LOSE,1,2,0,3,5,3,11,3,0,405870,32229
KR_8345966340,100,True,800408,LOSE,1,1,0,2,1,2,6,0,1,397423,264011
KR_8345966340,200,False,800408,WIN,1,1,2,1,1,0,9,3,0,134703,18742
KR_8344296947,100,False,839210,LOSE,3,5,1,3,2,1,40,0,0,51407,33853
KR_8344296947,200,True,839210,WIN,7,3,0,2,3,1,127,3,2,397423,83995
KR_8344250551,100,True,762037,LOSE,5,6,0,1,7,1,9,1,0,397423,405936
KR_8344250551,200,False,762037,WIN,5,3,2,3,1,2,10,2,1,404349,18531
KR_8344197339,100,True,882464,WIN,5,2,2,0,5,0,16,1,0,397423,134609
KR_8344197339,200,False,882464,LOSE,1,5,1,6,1,3,17,2,2,88518,71252
KR_8344145539,100,False,769314,LOSE,0,3,0,3,1,2,15,3,0,43953,207955
KR_8344145539,200,True,769314,WIN,2,0,0,1,7,0,10,0,1,397423,501831
KR_8344102735,100,False,884382,LOSE,1,5,1,4,4,3,13,3,0,187979,82309
KR_8344102735,200,True,884382,WIN,9,1,2,4,4,1,33,0,2,397423,2660
KR_8343373298,100,False,796981,LOSE,2,4,0,3,0,1,17,2,0,397423,2613
KR_8343373298,200,True,796981,WIN,3,1,4,1,2,0,11,1,1,3467,678084
KR_8343301034,100,False,956095,LOSE,5,6,3,6,3,2,10,3,0,13551,20391
KR_8343301034,200,True,956095,WIN,6,5,2,6,4,2,6,0,1,397423,5492
KR_8343240235,100,False,735412,LOSE,3,2,1,5,0,0,32,3,1,219825,1220
KR_8343240235,200,True,735412,WIN,4,3,1,1,0,0,3,0,0,246096,21020
KR_8343180162,100,False,816782,LOSE,5,4,0,4,1,5,21,0,0,397423,126691
KR_8343180162,200,True,816782,WIN,7,2,1,3,5,1,5,3,2,87413,8271
KR_8343106365,100,True,823017,WIN,2,2,4,1,2,1,12,0,0,18019,1083025
KR_8343106365,200,False,823017,LOSE,1,3,2,3,3,1,10,3,0,397423,27830
KR_8343040127,100,True,799741,LOSE,6,7,0,5,2,3,7,3,0,397423,6811
KR_8343040127,200,False,799741,WIN,6,3,5,4,4,1,10,0,1,229811,2205274
KR_8342960123,100,True,852845,WIN,1,2,1,3,6,5,12,1,1,397423,2239246
KR_8342960123,200,False,852845,LOSE,2,2,4,2,4,1,6,2,0,52102,3585519
KR_8342881920,100,True,1005225,LOSE,4,4,1,2,5,2,12,3,1,50384,7241
KR_8342881920,200,False,1005225,WIN,6,5,1,1,4,2,15,0,1,397423,43795
KR_8340410873,100,True,805592,WIN,4,0,3,3,8,1,5,0,1,397423,7894
KR_8340410873,200,False,805592,LOSE,3,3,0,5,3,3,9,3,1,7509,879159
KR_8340358064,100,False,876827,LOSE,2,3,2,8,2,3,10,0,0,41655,39596
KR_8340358064,200,True,876827,WIN,8,2,1,4,7,1,11,3,1,397423,6812
KR_8340289722,100,False,857003,LOSE,0,7,0,5,0,0,12,0,0,35045,24111
KR_8340289722,200,True,857003,WIN,11,0,0,0,1,2,9,3,2,397423,35396
KR_8340206653,100,False,927295,LOSE,2,6,0,6,3,4,3,3,0,50306,35396
KR_8340206653,200,True,927295,WIN,7,1,1,2,8,3,10,0,2,133316,53090
KR_8340151605,100,True,816537,WIN,8,0,1,0,2,0,2,0,1,397423,35396
KR_8340151605,200,False,816537,LOSE,0,5,0,5,3,2,8,3,0,168302,1643330
KR_8352571368,100,True,882999,LOSE,3,7,2,1,4,4,12,0,0,159851,121438
KR_8352571368,200,False,882999,WIN,7,4,3,3,4,2,16,3,2,614573,5237454
KR_8352507096,100,False,898294,LOSE,1,6,1,5,0,2,7,0,0,54025,27479
KR_8352507096,200,True,898294,WIN,8,0,1,1,7,0,14,3,2,118616,116538
KR_8352452610,100,True,866579,WIN,5,3,2,5,3,0,5,3,1,3757,575847
KR_8352452610,200,False,866579,LOSE,3,6,1,3,3,1,18,0,1,77144,68908
KR_8347832160,100,False,878391,LOSE,1,2,1,2,3,2,14,3,1,1328301,61013
KR_8347832160,200,True,878391,WIN,3,3,0,0,3,2,8,0,0,2344265,34127
KR_8347796744,100,True,800761,LOSE,2,4,1,2,1,2,14,3,0,79741,19179
KR_8347796744,200,False,800761,WIN,1,1,1,2,6,2,14,0,0,45565,28968
KR_8345510010,100,False,931837,LOSE,1,3,1,4,11,1,15,3,1,44576,205630
KR_8345510010,200,True,931837,WIN,6,4,0,4,4,1,30,0,0,296047,106497
KR_8345450785,100,False,792490,WIN,1,3,1,5,9,3,6,3,0,13168,36904
KR_8345450785,200,True,792490,LOSE,3,4,6,4,2,2,7,0,1,17610,13863
KR_8340857157,100,True,737811,LOSE,1,3,0,3,1,3,14,0,0,406893,16068
KR_8340857157,200,False,737811,WIN,1,0,1,1,7,0,10,3,1,2372,1772266
KR_8340822353,100,False,925583,WIN,5,2,2,3,2,1,11,2,2,299504,168624
KR_8340822353,200,True,925583,LOSE,0,5,1,3,7,2,5,1,0,162864,1738294
KR_8339391670,100,False,1016337,LOSE,3,3,2,2,4,3,36,1,1,136221,1856939
KR_8339391670,200,True,1016337,WIN,2,4,1,3,3,0,19,2,0,37007,211431
KR_8337114718,100,True,711119,WIN,0,1,0,3,1,2,6,3,1,86555,36148
KR_8337114718,200,False,711119,LOSE,2,0,1,0,6,0,34,0,1,152006,17320
KR_8337105176,100,False,935435,WIN,4,3,1,1,2,3,21,3,1,45084,243601
KR_8337105176,200,True,935435,LOSE,5,4,0,3,0,3,15,0,0,16449,7148
KR_8353577189,100,True,920053,LOSE,0,3,1,2,1,1,8,0,0,70571,131126
KR_8353577189,200,False,920053,WIN,2,0,0,0,4,3,9,3,2,6519,12793
KR_8353521463,100,True,803768,LOSE,1,3,2,2,8,3,6,3,0,186225,102168
KR_8353521463,200,False,803768,WIN,5,2,1,3,1,2,17,0,1,381742,794
KR_8353491197,100,False,1033325,LOSE,1,4,7,4,3,2,14,0,0,13145,2503
KR_8353491197,200,True,1033325,WIN,5,4,2,4,2,2,18,3,1,116451,219237
KR_8353382827,100,False,853665,LOSE,2,3,0,3,2,2,10,3,0,1662807,8024
KR_8353382827,200,True,853665,WIN,3,2,0,2,5,2,50,0,2,26483,434195
KR_8353306828,100,True,832199,LOSE,2,3,0,3,2,1,10,0,1,37011,84163
KR_8353306828,200,False,832199,WIN,4,2,2,1,2,2,14,3,0,333649,33839
KR_8353223972,100,True,1059450,LOSE,5,0,4,0,5,0,12,2,2,369855,77721
KR_8353223972,200,False,1059450,WIN,1,5,0,3,0,3,20,1,0,24732,755715
KR_8350462779,100,True,955231,WIN,4,2,1,2,8,2,12,3,0,8151,1687677
KR_8350462779,200,False,955231,LOSE,1,4,1,4,6,3,14,0,1,47273,372059
KR_8350426080,100,True,1073807,WIN,1,2,0,4,2,2,15,3,1,40009,124415
KR_8350426080,200,False,1073807,LOSE,4,2,0,3,1,3,12,0,2,109720,142157
KR_8350352989,100,True,1212957,LOSE,3,3,0,1,1,2,20,3,1,223074,226965
KR_8350352989,200,False,1212957,WIN,1,2,1,2,1,0,10,0,1,19460,971386
KR_8350320460,100,True,953843,WIN,3,4,1,1,3,2,10,3,2,105545,1195
KR_8350320460,200,False,953843,LOSE,3,2,0,3,5,2,17,0,0,79664,3722
KR_8347253895,100,False,775996,WIN,2,5,5,1,7,1,5,3,1,13689,116071
KR_8347253895,200,True,775996,LOSE,6,4,1,4,3,3,9,0,0,189204,60511
KR_8340966617,100,False,927515,WIN,3,4,1,5,1,3,11,0,0,13858,1252467
KR_8340966617,200,True,927515,LOSE,4,3,1,2,5,3,10,3,0,55932,35551
KR_8340011946,100,False,892387,LOSE,2,4,4,3,3,2,10,3,0,71449,478616
KR_8340011946,200,True,892387,WIN,3,3,1,2,5,2,15,0,1,61219,21895
KR_8354629925,100,False,883259,LOSE,2,7,2,2,2,2,13,0,0,29072,94185
KR_8354629925,200,True,883259,WIN,6,2,1,1,0,4,8,3,1,504776,11159
KR_8354604650,100,True,1032649,WIN,4,1,4,3,8,1,18,2,1,29072,100176
KR_8354604650,200,False,1032649,LOSE,3,3,0,3,1,2,12,1,1,2566867,15592
KR_8354584528,100,True,822781,WIN,2,1,3,2,5,0,10,3,2,57737,1243666
KR_8354584528,200,False,822781,LOSE,1,4,0,5,3,3,7,0,0,212151,94847
KR_8354560092,100,False,563490,LOSE,0,2,2,2,5,0,21,0,0,45600,20583
KR_8354560092,200,True,563490,WIN,4,2,0,3,0,2,4,0,0,125042,607067
KR_8354531508,100,True,915088,WIN,6,2,1,0,4,0,12,3,1,1250998,41184
KR_8354531508,200,False,915088,LOSE,2,3,1,3,0,2,14,0,0,14421,327009
KR_8354500115,100,False,1012332,WIN,2,4,1,3,4,1,15,1,2,388732,158354
KR_8354500115,200,True,1012332,LOSE,3,1,0,4,5,1,13,2,0,10606,35684
KR_8354463238,100,True,1000523,LOSE,2,2,4,3,11,1,16,2,1,39760,4943
KR_8354463238,200,False,1000523,WIN,1,1,1,6,4,5,13,1,1,45600,56738
KR_8354446048,100,False,910546,LOSE,2,2,0,4,6,2,11,3,0,22561,64227
KR_8354446048,200,True,910546,WIN,3,5,1,3,5,0,8,0,2,241378,117446
KR_8354422006,100,True,833328,WIN,3,0,0,2,5,1,15,0,1,59021,2958
KR_8354422006,200,False,833328,LOSE,2,3,1,2,4,4,7,3,0,394164,26656
KR_8354843501,100,False,966636,LOSE,3,3,2,2,6,2,13,0,0,2240864,58335
KR_8354843501,200,True,966636,WIN,4,2,1,4,1,6,13,3,1,264605,4543
KR_8353667594,100,False,966916,WIN,3,4,1,5,2,3,15,3,0,178819,493326
KR_8353667594,200,True,966916,LOSE,6,2,1,2,8,2,16,0,2,264605,31265
KR_8353588294,100,True,882074,WIN,1,5,2,1,5,1,11,3,1,152149,20986
KR_8353588294,200,False,882074,LOSE,3,2,1,3,1,1,13,0,1,185415,55853
KR_8353521338,100,True,903378,LOSE,3,4,1,1,5,2,10,0,0,180311,184252
KR_8353521338,200,False,903378,WIN,4,4,0,2,4,2,26,3,1,133535,85974
KR_8352808129,100,True,889559,WIN,6,3,4,3,2,2,13,3,1,29842,867602
KR_8352808129,200,False,889559,LOSE,3,5,1,5,4,5,13,0,1,145309,9519
KR_8352733915,100,True,1033589,WIN,5,1,0,2,9,1,19,2,1,114542,746848
KR_8352733915,200,False,1033589,LOSE,0,3,0,4,2,3,15,1,1,169106,780461
KR_8352616820,100,False,1029540,WIN,3,0,1,0,6,2,16,0,2,82359,543037
KR_8352616820,200,True,1029540,LOSE,0,2,1,5,2,2,12,3,0,354983,196082
KR_8352542580,100,True,957509,WIN,2,1,6,4,7,3,17,2,0,28885,162335
KR_8352542580,200,False,957509,LOSE,0,3,1,1,10,6,12,1,2,173950,12460
KR_8351970296,100,True,999417,LOSE,2,4,2,3,3,4,9,2,0,169374,69247
KR_8351970296,200,False,999417,WIN,3,4,1,2,9,3,11,1,1,96442,811624
KR_8351916001,100,True,711636,LOSE,0,0,0,4,4,3,4,1,0,109083,241139
KR_8351916001,200,False,711636,WIN,1,1,4,0,0,1,12,2,1,180311,477225
KR_8351861854,100,True,960760,LOSE,3,1,2,1,6,0,54,3,1,81956,21752
KR_8351861854,200,False,960760,WIN,1,2,1,3,2,2,12,0,1,120524,55042
KR_8351715869,100,False,729245,WIN,1,0,2,2,6,0,6,1,1,40047,24299
KR_8351715869,200,True,729245,LOSE,1,3,0,2,2,1,4,2,0,22488,4190
KR_8351693690,100,True,874637,WIN,3,0,2,1,5,1,11,3,1,16042,405936
KR_8351693690,200,False,874637,LOSE,0,1,0,2,0,3,20,0,0,561876,162948
KR_8351681361,100,True,622198,LOSE,0,3,0,1,5,1,6,1,0,185415,9513
KR_8351681361,200,False,622198,WIN,5,1,0,1,1,1,6,2,1,60584,936763
KR_8350284899,100,True,858006,LOSE,2,8,2,4,3,2,13,3,1,14043,168142
KR_8350284899,200,False,858006,WIN,11,5,1,3,0,3,9,0,1,96442,473572
KR_8350245927,100,True,942889,WIN,1,4,3,4,7,1,13,3,1,32844,410061
KR_8350245927,200,False,942889,LOSE,4,3,0,4,4,2,12,0,1,371414,1771443
KR_8348158239,100,False,918285,WIN,1,1,1,0,5,5,30,0,0,257437,23529
KR_8348158239,200,True,918285,LOSE,2,2,1,2,2,2,11,3,1,114665,773468
KR_8348092340,100,True,1011329,LOSE,3,3,4,3,4,2,13,0,2,741439,30872
KR_8348092340,200,False,1011329,WIN,3,3,0,4,2,1,11,3,0,96442,23425
KR_8348057682,100,True,645942,WIN,6,1,1,2,5,1,28,3,1,17507,257275
KR_8348057682,200,False,645942,LOSE,2,5,1,5,1,2,8,0,0,145309,16721
KR_8344965387,100,True,819336,WIN,0,0,0,1,1,0,6,0,1,180311,90593
KR_8344965387,200,False,819336,LOSE,0,0,0,0,1,4,16,3,0,29040,985522
KR_8344902431,100,True,963368,LOSE,1,5,0,2,3,0,11,3,2,96442,2016446
KR_8344902431,200,False,963368,WIN,8,1,0,3,3,3,10,0,0,18763,132443
KR_8344818460,100,True,1100713,WIN,5,2,4,2,11,3,23,1,1,1411546,37660
KR_8344818460,200,False,1100713,LOSE,4,4,1,4,4,9,30,2,1,425438,353100
KR_8347387398,100,True,732027,LOSE,1,4,2,4,4,1,18,2,0,34739,53897
KR_8347387398,200,False,732027,WIN,2,1,0,4,6,2,10,1,1,103281,840226
KR_8342983099,100,True,880253,WIN,8,3,0,0,4,0,15,3,1,35703,1260425
KR_8342983099,200,False,880253,LOSE,1,6,1,3,1,4,13,0,0,7899,104137
KR_8342914018,100,True,869198,LOSE,4,2,1,2,3,1,9,0,0,847059,1712089
KR_8342914018,200,False,869198,WIN,3,2,0,2,2,1,12,3,2,109564,220237
KR_8342839794,100,False,831186,WIN,3,0,1,0,3,4,13,3,1,302121,1772266
KR_8342839794,200,True,831186,LOSE,0,2,0,1,3,2,44,0,0,7276,11435
KR_8342012927,100,False,674162,LOSE,1,0,0,2,0,0,8,2,0,456733,32463
KR_8342012927,200,True,674162,WIN,2,0,0,1,0,4,8,1,1,118152,48403
KR_8341955934,100,True,1079541,WIN,7,5,3,4,5,3,15,3,2,242699,8776
KR_8341955934,200,False,1079541,LOSE,2,8,2,6,10,0,16,0,0,134125,2947
KR_8341908404,100,False,714920,LOSE,2,5,3,3,3,4,11,1,0,3415576,205162
KR_8341908404,200,True,714920,WIN,5,4,0,5,1,3,8,2,1,4155,39038
KR_8338352688,100,True,856079,WIN,8,5,5,4,1,4,11,0,2,405323,7166
KR_8338352688,200,False,856079,LOSE,6,8,2,6,4,2,10,3,0,40688,47188
KR_8350663329,100,False,861750,WIN,5,2,5,1,8,2,11,2,1,425199,10229187
KR_8350663329,200,True,861750,LOSE,1,5,0,6,2,5,12,1,0,203587,31456
KR_8350619073,100,True,947106,LOSE,1,5,0,2,7,1,47,3,0,164813,37060
KR_8350619073,200,False,947106,WIN,5,1,2,3,0,4,16,0,2,176040,13380
KR_8350568452,100,False,777340,LOSE,0,5,1,5,4,2,7,0,0,299940,147668
KR_8350568452,200,True,777340,WIN,4,1,2,0,7,2,10,3,1,75651,53357
KR_8350516854,100,True,1042459,LOSE,1,3,1,2,5,2,11,0,2,40463,400983
KR_8350516854,200,False,1042459,WIN,2,3,2,1,1,4,13,3,0,24856,6052
KR_8350482405,100,True,859842,WIN,4,5,3,4,4,1,134,0,1,18083,463799
KR_8350482405,200,False,859842,LOSE,5,1,1,7,4,2,10,3,1,290069,42484
KR_8350420427,100,False,905426,LOSE,4,4,0,6,1,1,11,2,1,13359,30657
KR_8350420427,200,True,905426,WIN,3,2,3,1,4,2,12,1,1,159833,913025
KR_8350360156,100,False,1003085,LOSE,2,0,3,2,3,4,55,2,0,73045,7954
KR_8350360156,200,True,1003085,WIN,1,2,3,3,4,3,13,1,2,140738,7031
KR_8349662273,100,False,990668,LOSE,4,2,1,4,2,6,20,1,0,220386,147521
KR_8349662273,200,True,990668,WIN,1,2,3,5,6,4,17,2,1,116600,108405
KR_8349505566,100,True,791960,LOSE,3,2,3,6,5,2,11,0,0,22388,4928
KR_8349505566,200,False,791960,WIN,5,5,2,2,6,3,12,3,1,60297,4885
KR_8349378073,100,True,878131,WIN,7,1,1,4,0,2,12,0,0,79664,30875
KR_8349378073,200,False,878131,LOSE,1,3,3,4,1,1,9,3,2,326326,1393406
KR_8349309693,100,True,1080143,WIN,2,1,0,2,14,5,19,3,1,1043385,126332
KR_8349309693,200,False,1080143,LOSE,3,2,1,3,1,8,14,0,1,179626,551
KR_8349241630,100,False,787869,LOSE,0,1,0,3,0,3,11,0,0,299107,78589
KR_8349241630,200,True,787869,WIN,2,0,3,0,8,0,9,3,0,161584,37571
KR_8349208221,100,False,827066,WIN,0,1,2,3,2,1,14,3,1,74959,56998
KR_8349208221,200,True,827066,LOSE,1,1,1,1,4,2,39,0,0,52607,403791
KR_8344199143,100,False,1010097,WIN,3,3,1,1,7,2,18,2,1,266228,16470
KR_8344199143,200,True,1010097,LOSE,2,2,1,2,2,3,15,1,1,10678,121987
KR_8344130681,100,True,981648,WIN,0,6,2,1,3,3,17,3,1,42972,32197
KR_8344130681,200,False,981648,LOSE,4,1,1,2,4,2,13,0,0,20830,21933
KR_8344097058,100,True,769571,WIN,3,1,0,1,1,1,18,0,1,396112,77882
KR_8344097058,200,False,769571,LOSE,3,0,0,3,3,1,10,3,0,190128,51328
KR_8344025979,100,True,927899,LOSE,6,3,1,4,3,0,11,0,0,204788,46913
KR_8344025979,200,False,927899,WIN,1,3,1,6,5,2,20,3,2,180311,8946
KR_8343539607,100,True,737906,WIN,7,2,4,1,6,2,7,3,0,95496,88687
KR_8343539607,200,False,737906,LOSE,2,6,0,5,2,2,5,0,0,215446,44493
KR_8343477542,100,True,861333,WIN,1,3,1,1,7,2,15,3,2,135901,10457
KR_8343477542,200,False,861333,LOSE,4,3,1,0,2,5,14,0,0,29328,1276314
KR_8337620193,100,False,1039154,WIN,3,1,2,1,1,0,16,0,1,577510,668310
KR_8337620193,200,True,1039154,LOSE,1,3,0,2,2,2,16,3,0,25978,88175
KR_8337522370,100,False,692613,LOSE,1,3,1,4,4,1,9,3,1,1665802,295572
KR_8337522370,200,True,692613,WIN,4,2,2,2,1,1,3,0,0,408667,378855
KR_8338725488,100,False,593030,LOSE,1,3,0,4,3,2,3,3,0,98117,15943
KR_8338725488,200,True,593030,WIN,5,0,3,1,2,3,10,0,1,198620,225600
KR_8338656777,100,False,766915,LOSE,3,2,2,6,5,2,1,2,0,26949,1882
KR_8338656777,200,True,766915,WIN,3,3,0,5,5,2,14,1,1,19916,477918
KR_8339613210,100,False,917982,WIN,4,4,0,4,9,1,13,0,0,52528,59168
KR_8339613210,200,True,917982,LOSE,2,3,7,5,0,3,13,3,1,35720,5150
KR_8339570925,100,True,738790,WIN,4,4,2,1,9,0,8,0,1,54858,125976
KR_8339570925,200,False,738790,LOSE,4,8,0,6,1,2,9,3,0,701777,2163684
KR_8339544224,100,False,1254144,LOSE,6,5,3,5,1,4,46,3,2,28795,90464
KR_8339544224,200,True,1254144,WIN,4,5,4,4,6,6,27,0,0,7535,7582
KR_8348701353,100,False,981831,LOSE,1,5,3,4,3,4,51,3,0,5440,115720
KR_8348701353,200,True,981831,WIN,9,3,0,2,4,1,7,0,2,292975,60416
KR_8348683953,100,True,1133047,WIN,2,4,0,1,11,2,13,0,2,142719,66261
KR_8348683953,200,False,1133047,LOSE,6,3,1,6,3,10,17,3,1,217919,1260934
KR_8348678555,100,True,957052,WIN,5,2,1,4,7,2,14,3,1,12193,21009
KR_8348678555,200,False,957052,LOSE,4,3,1,4,5,3,10,0,0,179135,242249
KR_8346943471,100,True,798688,WIN,4,2,3,4,3,0,12,2,1,101444,3060444
KR_8346943471,200,False,798688,LOSE,3,3,2,5,1,2,16,1,0,108051,11888
KR_8346904938,100,False,830143,LOSE,0,4,0,2,2,1,10,1,0,161660,105268
KR_8346904938,200,True,830143,WIN,4,0,1,0,4,1,9,2,1,27252,86022
KR_8346886374,100,False,885061,WIN,3,3,8,3,1,1,9,3,2,29753,352001
KR_8346886374,200,True,885061,LOSE,3,4,0,5,3,2,14,0,0,5862,105268
KR_8346840719,100,False,968674,LOSE,6,4,6,2,2,3,13,0,2,172295,112047
KR_8346840719,200,True,968674,WIN,3,5,2,6,10,3,16,3,0,101714,384336
KR_8346812923,100,True,614873,WIN,6,0,1,0,3,1,5,3,1,409961,8186
KR_8346812923,200,False,614873,LOSE,0,5,1,3,0,2,5,0,0,95707,25780
KR_8345031054,100,True,692067,WIN,5,2,2,2,1,1,9,0,0,41415,17880
KR_8345031054,200,False,692067,LOSE,2,2,2,5,2,1,10,3,0,15885,7731
KR_8344939554,100,False,863119,LOSE,3,5,2,3,5,1,11,0,1,60928,1782841
KR_8344939554,200,True,863119,WIN,2,3,2,2,6,2,17,3,1,107427,22255
KR_8344855923,100,True,792625,WIN,6,6,8,2,6,2,10,3,0,354061,395931
KR_8344855923,200,False,792625,LOSE,3,7,2,8,4,3,5,0,1,60928,73594
KR_8344685845,100,True,1160730,LOSE,2,2,1,3,5,3,22,2,0,86580,472777
KR_8344685845,200,False,1160730,WIN,3,2,1,3,3,1,14,1,3,258495,85691
KR_8344596622,100,False,892118,LOSE,1,7,3,7,2,2,16,3,0,3303,9514
KR_8344596622,200,True,892118,WIN,4,3,3,3,8,2,16,0,2,1162,25158
KR_8343010640,100,True,1036794,WIN,8,0,2,2,2,2,14,3,2,142719,75170
KR_8343010640,200,False,1036794,LOSE,1,5,1,5,2,1,15,0,0,108642,41933
KR_8342950600,100,False,1083491,LOSE,1,3,4,0,5,3,19,0,0,146268,62942
KR_8342950600,200,True,1083491,WIN,1,5,3,3,2,3,13,3,1,86580,39141
KR_8341269644,100,True,836283,WIN,1,2,1,3,4,2,17,3,2,50117,24615
KR_8341269644,200,False,836283,LOSE,2,2,0,1,3,5,16,0,0,183958,38482
KR_8348122415,100,True,912798,WIN,5,4,8,1,7,1,20,3,1,71940,623174
KR_8348122415,200,False,912798,LOSE,3,6,1,8,3,4,10,0,0,47434,22699
KR_8348070171,100,True,914827,WIN,5,2,2,2,2,0,52,3,1,116508,27252
KR_8348070171,200,False,914827,LOSE,3,3,1,3,2,5,10,0,0,411100,9207
KR_8348037658,100,False,913614,LOSE,1,3,0,4,1,7,16,0,0,62288,976019
KR_8348037658,200,True,913614,WIN,4,1,3,0,7,1,55,3,2,396478,27498
KR_8348004299,100,False,855126,LOSE,3,3,2,6,3,3,11,1,1,775113,59762
KR_8348004299,200,True,855126,WIN,6,3,1,3,3,4,46,2,0,212619,8916
KR_8347966645,100,True,1030004,WIN,2,5,3,2,7,3,23,0,1,9505,352400
KR_8347966645,200,False,1030004,LOSE,5,3,0,3,6,4,16,3,1,396478,30234
KR_8347951159,100,False,791239,LOSE,1,6,0,1,5,6,20,1,0,285047,2156
KR_8347951159,200,True,791239,WIN,5,2,2,1,7,1,11,2,1,44025,35049
KR_8347910940,100,False,1233347,LOSE,6,6,1,7,4,5,73,0,1,252276,133740
KR_8347910940,200,True,1233347,WIN,10,2,1,5,3,3,20,3,2,137800,109129
KR_8347880508,100,False,1027958,LOSE,0,3,1,5,4,1,7,3,0,1383978,20459
KR_8347880508,200,True,1027958,WIN,5,1,3,0,3,1,18,0,2,64818,2086073
KR_8347863335,100,False,850313,LOSE,4,3,3,2,3,5,49,0,0,42553,27252
KR_8347863335,200,True,850313,WIN,5,4,1,4,4,3,10,3,1,156342,40717
KR_8347828446,100,True,1306465,LOSE,3,4,4,5,3,3,13,0,1,396478,242064
KR_8347828446,200,False,1306465,WIN,1,5,5,5,8,3,13,3,2,38586,118998
KR_8347814139,100,True,916635,WIN,5,0,1,2,6,3,15,1,1,396478,166210
KR_8347814139,200,False,916635,LOSE,0,3,2,6,2,3,13,2,0,313082,30894
KR_8347780429,100,False,967542,WIN,3,0,2,1,2,2,11,2,2,396478,518995
KR_8347780429,200,True,967542,LOSE,1,3,1,3,4,2,12,1,0,172474,166210
KR_8347737637,100,False,835615,LOSE,1,4,1,3,2,5,10,0,0,10366,37314
KR_8347737637,200,True,835615,WIN,3,2,3,2,4,0,13,3,2,396478,51813
KR_8347717805,100,False,855683,LOSE,1,0,0,3,4,1,35,3,0,88796,36296
KR_8347717805,200,True,855683,WIN,2,2,0,3,3,1,48,0,1,63834,27252
KR_8353561415,100,True,918793,WIN,2,1,1,0,2,1,14,2,1,148387,74410
KR_8353561415,200,False,918793,LOSE,0,1,0,2,1,2,15,1,0,314996,31381
KR_8352615648,100,True,937969,WIN,5,2,0,3,2,2,12,3,1,148387,330413
KR_8352615648,200,False,937969,LOSE,2,2,1,4,6,3,12,0,1,56873,99746
KR_8352546704,100,True,979240,WIN,6,5,1,2,3,0,15,3,1,847059,27794
KR_8352546704,200,False,979240,LOSE,3,3,0,2,6,3,18,0,1,56873,77280
KR_8351435782,100,True,494521,WIN,3,0,2,0,0,1,1,0,0,112066,142058
KR_8351435782,200,False,494521,LOSE,0,3,4,2,0,2,3,0,0,264139,603814
KR_8349482159,100,True,819916,WIN,4,0,3,0,1,1,8,3,1,228314,10717
KR_8349482159,200,False,819916,LOSE,0,3,0,2,2,4,7,0,0,62650,12076
KR_8347073683,100,False,792732,LOSE,0,1,0,2,0,1,3,3,0,112093,74864
KR_8347073683,200,True,792732,WIN,2,0,0,0,3,0,7,0,1,190288,3278
KR_8347020364,100,False,1256482,LOSE,5,2,0,1,1,5,29,0,0,228314,87233
KR_8347020364,200,True,1256482,WIN,2,2,1,3,4,3,20,3,3,135210,454955
KR_8341698968,100,True,600370,WIN,8,0,0,3,1,1,7,3,0,148387,26004
KR_8341698968,200,False,600370,LOSE,2,4,1,4,0,2,6,0,1,17299,7874
KR_8350382935,100,False,911697,LOSE,0,5,1,5,0,0,10,2,0,94165,13374
KR_8350382935,200,True,911697,WIN,5,1,0,0,8,1,15,1,2,141560,131242
KR_8345117857,100,True,938534,WIN,1,2,5,1,15,1,13,0,1,5746770,852124
KR_8345117857,200,False,938534,LOSE,1,3,2,5,2,6,18,3,1,203036,2231419
KR_8345076394,100,False,885043,WIN,4,2,0,0,4,2,16,0,1,141560,36231
KR_8345076394,200,True,885043,LOSE,1,3,0,4,3,1,12,3,0,88918,25520
KR_8345014707,100,False,679562,LOSE,2,4,1,4,0,2,7,3,0,91301,16676
KR_8345014707,200,True,679562,WIN,4,2,1,1,7,1,5,0,1,29068,48576
KR_8344973694,100,False,821332,WIN,1,3,0,4,1,1,42,1,0,166873,433547
KR_8344973694,200,True,821332,LOSE,7,1,1,2,4,0,6,2,1,37709,141072
KR_8338903268,100,True,798875,WIN,7,3,1,4,2,2,7,0,1,111542,2178660
KR_8338903268,200,False,798875,LOSE,3,10,4,3,4,3,10,3,0,7398,205040
KR_8338847718,100,True,775018,WIN,5,1,3,2,2,3,12,3,0,141560,134450
KR_8338847718,200,False,775018,LOSE,1,6,0,4,3,2,15,0,1,39124,1475265
KR_8338785478,100,False,921611,LOSE,8,7,3,4,5,2,10,3,0,492953,13996
KR_8338785478,200,True,921611,WIN,5,8,4,7,2,6,17,0,1,249304,14175
KR_8350074316,100,True,712495,WIN,3,1,0,2,3,0,4,3,0,94451,2168966
KR_8350074316,200,False,712495,LOSE,2,0,0,4,1,2,6,0,1,43982,230761
KR_8350055280,100,False,776101,LOSE,0,3,1,2,0,1,8,0,0,8124,82692
KR_8350055280,200,True,776101,WIN,4,0,1,1,1,0,10,3,2,753742,230761
KR_8350036099,100,False,814172,LOSE,2,2,0,1,0,5,7,1,0,350744,599037
KR_8350036099,200,True,814172,WIN,3,0,3,2,5,0,12,2,1,9900,230761
KR_8344366172,100,False,824606,WIN,2,2,1,1,1,2,10,0,0,72889,25326
KR_8344366172,200,True,824606,LOSE,1,1,2,3,0,0,14,3,1,521702,230761
KR_8344302121,100,True,769917,WIN,1,0,4,2,3,1,9,3,1,122830,230761
KR_8344302121,200,False,769917,LOSE,1,3,0,2,1,1,38,0,1,162032,64224
KR_8342274640,100,True,909835,WIN,1,1,3,2,2,4,17,2,2,89995,492508
KR_8342274640,200,False,909835,LOSE,1,2,2,4,5,4,18,1,0,190667,230761
KR_8342266514,100,False,707644,LOSE,2,2,0,4,3,2,10,0,0,35270,230761
KR_8342266514,200,True,707644,WIN,2,1,3,1,0,2,6,3,2,941446,10158
KR_8342249646,100,True,826089,WIN,4,1,3,5,4,2,14,3,0,59764,230761
KR_8342249646,200,False,826089,LOSE,1,3,0,4,2,2,11,0,2,130669,103100
KR_8340755810,100,True,768205,WIN,6,2,2,0,5,3,13,1,1,158054,230761
KR_8340755810,200,False,768205,LOSE,0,4,3,6,1,4,11,2,0,50424,15448
KR_8337375406,100,True,880717,WIN,8,0,0,1,12,1,21,3,2,275910,7496
KR_8337375406,200,False,880717,LOSE,1,6,0,5,4,5,9,0,0,243075,110749
KR_8340124630,100,False,810053,LOSE,0,2,0,2,1,2,3,2,0,4005,8157
KR_8340124630,200,True,810053,WIN,2,1,1,1,4,1,9,1,1,661936,42859
KR_8339172990,100,True,867758,WIN,4,0,0,3,7,1,59,3,1,435568,18224
KR_8339172990,200,False,867758,LOSE,1,4,2,5,2,4,9,0,0,1275360,49575
KR_8349127040,100,True,1016688,WIN,5,2,3,3,3,1,10,3,1,51329,62284
KR_8349127040,200,False,1016688,LOSE,1,4,1,2,5,5,12,0,0,32697,23933
KR_8348339810,100,True,781656,LOSE,1,2,1,3,4,3,11,3,0,27971,267445
KR_8348339810,200,False,781656,WIN,6,1,0,2,0,3,6,0,1,3429,56842
KR_8343607151,100,False,673399,LOSE,4,3,0,3,5,2,5,3,0,541599,100764
KR_8343607151,200,True,673399,WIN,5,3,0,3,2,2,9,0,1,4126,150961
KR_8354610773,100,True,867968,LOSE,1,3,2,5,9,1,8,3,1,32478,6920
KR_8354610773,200,False,867968,WIN,4,2,0,6,6,4,11,0,0,709,252274
KR_8341102190,100,False,862336,LOSE,2,4,0,4,3,4,8,0,1,63216,13338
KR_8341102190,200,True,862336,WIN,7,2,2,2,4,3,6,3,0,71785,4261
KR_8341060717,100,True,718477,LOSE,0,2,0,4,2,0,9,3,0,436383,9920
KR_8341060717,200,False,718477,WIN,3,0,2,0,3,1,8,0,1,145316,37998
KR_8340818881,100,True,1027272,LOSE,0,3,5,0,2,4,33,0,1,188858,297259
KR_8340818881,200,False,1027272,WIN,4,3,0,3,1,4,15,3,1,13557,3026128
KR_8340800510,100,False,705649,WIN,5,1,1,1,0,4,9,2,0,431883,161157
KR_8340800510,200,True,705649,LOSE,0,7,2,0,5,1,11,1,0,62834,76949
KR_8340689304,100,False,929894,WIN,2,6,6,6,0,3,16,3,1,4763,2198659
KR_8340689304,200,True,929894,LOSE,6,3,7,3,3,2,12,0,1,14904,38770
KR_8340659992,100,False,1085382,LOSE,3,1,0,2,3,3,18,1,0,262494,9920
KR_8340659992,200,True,1085382,WIN,2,2,0,2,2,2,17,2,2,29236,17622
KR_8340653867,100,True,768739,LOSE,1,0,1,3,6,4,15,3,1,5282,42815
KR_8340653867,200,False,768739,WIN,1,0,2,2,6,3,6,0,0,100851,2185380
KR_8340653291,100,True,651350,LOSE,2,2,0,4,6,2,4,0,0,222320,8296
KR_8340653291,200,False,651350,WIN,0,4,3,1,6,0,2,3,1,117260,35514
KR_8353503453,100,False,828637,LOSE,3,3,0,7,5,1,8,0,1,818431,135530
KR_8353503453,200,True,828637,WIN,8,4,0,4,3,0,10,3,0,6095,88986
KR_8352768449,100,True,685368,WIN,6,1,3,2,2,1,8,3,1,42676,2047297
KR_8352768449,200,False,685368,LOSE,0,4,0,6,2,2,6,0,0,74224,3537
KR_8352712297,100,False,909646,LOSE,1,3,1,5,4,1,10,1,0,60115,26082
KR_8352712297,200,True,909646,WIN,5,0,1,2,3,3,10,2,1,1808665,1345635
KR_8352679010,100,True,757845,WIN,6,0,5,1,1,0,13,0,1,532400,89741
KR_8352679010,200,False,757845,LOSE,0,7,0,5,1,5,11,3,0,520919,68076
KR_8352292501,100,True,596203,WIN,1,2,1,1,2,0,4,3,0,59901,1009568
KR_8352292501,200,False,596203,LOSE,2,2,1,0,0,1,4,0,0,281104,1687677
KR_8352201583,100,True,795190,WIN,3,0,1,2,6,1,12,3,1,47901,152803
KR_8352201583,200,False,795190,LOSE,1,2,1,3,4,2,9,0,0,223965,31129
KR_8353572104,100,False,945660,LOSE,4,1,0,5,3,6,12,3,1,66639,17950
KR_8353572104,200,True,945660,WIN,2,3,2,2,5,3,15,0,1,14962,13913
KR_8348260990,100,False,816681,LOSE,6,4,2,3,0,4,11,1,0,113245,831761
KR_8348260990,200,True,816681,WIN,1,3,3,4,6,1,7,2,2,1674350,126704
KR_8348220184,100,True,850360,LOSE,7,2,1,1,1,2,42,0,0,139466,91208
KR_8348220184,200,False,850360,WIN,1,5,1,3,2,0,14,3,2,40011,1873772
KR_8348144252,100,False,866064,WIN,1,3,0,4,5,1,16,3,0,188880,28064
KR_8348144252,200,True,866064,LOSE,4,3,2,2,1,1,15,0,2,400967,754406
KR_8348085536,100,True,804959,LOSE,5,4,5,3,3,0,6,2,1,37918,80485
KR_8348085536,200,False,804959,WIN,4,5,0,4,2,2,8,1,0,180700,32046
KR_8347925424,100,False,854464,LOSE,4,4,2,4,2,2,47,0,0,148535,4276
KR_8347925424,200,True,854464,WIN,2,3,1,2,6,4,15,3,1,198848,318318
KR_8345160260,100,False,824303,WIN,4,2,2,1,1,2,7,1,1,439646,241864
KR_8345160260,200,True,824303,LOSE,2,5,0,1,2,2,17,2,1,113245,134334
KR_8340310563,100,False,741254,LOSE,0,5,0,4,0,3,20,1,0,159368,54579
KR_8340310563,200,True,741254,WIN,5,0,2,1,7,1,11,2,1,442490,4047
KR_8352096251,100,True,729248,WIN,5,2,1,2,1,1,9,3,1,120745,1723114
KR_8352096251,200,False,729248,LOSE,2,2,2,1,1,3,22,0,0,67098,84975
KR_8354748242,100,False,1105343,LOSE,2,3,0,3,4,1,13,0,0,71922,708325
KR_8354748242,200,True,1105343,WIN,6,0,0,2,4,3,20,3,1,99151,18698
KR_8354706346,100,False,847256,LOSE,1,4,1,1,5,3,5,1,0,133954,41621
KR_8354706346,200,True,847256,WIN,4,1,0,4,6,1,8,2,2,45095,392066
KR_8354604928,100,False,855122,WIN,1,6,3,5,1,4,10,3,0,12613,475243
KR_8354604928,200,True,855122,LOSE,5,3,4,1,4,2,9,0,2,31867,425158
KR_8353285251,100,True,935418,WIN,3,6,0,5,2,2,13,3,1,16272,15472
KR_8353285251,200,False,935418,LOSE,2,2,3,2,6,2,13,0,1,6519,43109
KR_8353266263,100,True,795999,WIN,3,3,3,4,2,2,4,3,0,142232,7829
KR_8353266263,200,False,795999,LOSE,7,2,1,5,2,2,11,0,1,101921,28844
KR_8351293889,100,True,906050,LOSE,1,4,1,3,4,0,9,1,2,18066,103853
KR_8351293889,200,False,906050,WIN,2,3,2,3,5,4,12,2,0,160152,38327
KR_8351216245,100,True,779846,WIN,3,2,0,3,3,0,13,3,2,58352,28619
KR_8351216245,200,False,779846,LOSE,2,1,1,2,3,2,41,0,0,82967,56214
KR_8348672164,100,False,827500,LOSE,5,5,2,6,0,3,9,0,0,101084,164928
KR_8348672164,200,True,827500,WIN,4,5,8,2,2,0,11,3,0,93728,10023
KR_8342785283,100,False,840259,WIN,1,1,1,2,3,1,15,3,0,502969,532946
KR_8342785283,200,True,840259,LOSE,2,1,0,2,1,4,16,0,1,101129,66183
KR_8340070069,100,True,732700,WIN,8,2,1,1,6,1,11,3,0,12188,155018
KR_8340070069,200,False,732700,LOSE,3,5,0,6,1,4,12,0,0,227253,419903
KR_8339988632,100,True,869708,WIN,2,1,2,1,3,0,12,0,1,31510,337547
KR_8339988632,200,False,869708,LOSE,1,4,1,2,1,0,45,3,0,277803,27215
KR_8339836454,100,False,1007034,WIN,2,3,1,5,7,5,13,0,0,5452,458208
KR_8339836454,200,True,1007034,LOSE,6,2,2,3,3,2,22,3,2,210493,51765
KR_8348093104,100,True,864780,LOSE,2,2,1,2,3,2,15,3,0,447881,655890
KR_8348093104,200,False,864780,WIN,2,0,2,5,1,2,13,0,1,17649,13507
KR_8346623665,100,True,830405,WIN,9,1,1,1,1,3,13,0,1,3440,60676
KR_8346623665,200,False,830405,LOSE,3,5,1,3,5,2,14,3,0,860459,307668
KR_8346614252,100,True,992113,LOSE,3,4,5,3,7,2,17,3,2,166565,13507
KR_8346614252,200,False,992113,WIN,7,6,2,3,2,6,50,0,0,52497,706728
KR_8346594325,100,True,1107146,WIN,7,4,0,3,3,3,16,3,2,11767,275682
KR_8346594325,200,False,1107146,LOSE,4,4,3,4,4,3,24,0,1,178195,295424
KR_8346551157,100,True,1009322,WIN,4,2,1,2,3,3,37,1,1,9186,20425
KR_8346551157,200,False,1009322,LOSE,1,3,1,3,5,1,12,2,1,18160,65224
KR_8346536603,100,False,880628,WIN,7,5,0,5,2,5,12,1,1,17320,404697
KR_8346536603,200,True,880628,LOSE,3,5,3,6,8,2,17,2,1,45589,415196
KR_8348717412,100,False,929921,LOSE,5,5,5,3,2,2,24,2,1,6662,297259
KR_8348717412,200,True,929921,WIN,8,6,1,4,2,2,10,1,0,6434,19122
KR_8345555323,100,True,764043,WIN,8,1,1,3,3,0,10,3,1,94659,15161
KR_8345555323,200,False,764043,LOSE,1,5,0,4,2,4,4,0,0,767345,364
KR_8345533723,100,True,883643,WIN,5,4,4,3,0,2,14,3,0,35745,293590
KR_8345533723,200,False,883643,LOSE,2,4,4,4,2,2,11,0,1,128973,7152
KR_8342317858,100,False,896620,LOSE,4,3,0,1,0,3,9,0,0,1292,25896
KR_8342317858,200,True,896620,WIN,0,1,2,3,6,1,10,3,1,31704,22914
KR_8345403398,100,True,707186,WIN,4,1,1,4,0,1,7,3,0,338250,17044
KR_8345403398,200,False,707186,LOSE,1,4,2,0,1,1,10,0,1,411832,14656
KR_8341528259,100,False,976912,WIN,4,2,0,3,4,5,20,1,1,134734,1512695
KR_8341528259,200,True,976912,LOSE,4,1,0,3,6,3,19,2,1,360335,129046
KR_8340157863,100,True,963528,LOSE,2,2,2,6,2,4,10,3,0,5476,10972
KR_8340157863,200,False,963528,WIN,3,6,3,1,9,3,19,0,1,18858,670034
KR_8337707210,100,False,908041,WIN,7,1,1,3,7,3,11,0,0,44829,1030538
KR_8337707210,200,True,908041,LOSE,0,6,3,7,3,1,17,3,1,1640605,21950
KR_8339818723,100,True,913664,LOSE,6,4,2,2,3,3,14,0,1,1208896,618668
KR_8339818723,200,False,913664,WIN,3,3,4,5,2,2,15,3,1,158089,879035
KR_8339626225,100,True,820116,WIN,2,3,3,1,3,0,10,3,0,43064,2105902
KR_8339626225,200,False,820116,LOSE,2,2,2,3,1,2,9,0,1,13141,108395
KR_8354176601,100,False,1083455,LOSE,3,4,0,2,0,1,21,0,2,37844,75976
KR_8354176601,200,True,1083455,WIN,2,4,3,0,4,1,19,3,0,141610,82647
KR_8354176097,100,False,804352,LOSE,2,7,2,4,8,1,12,1,0,123867,362512
KR_8354176097,200,True,804352,WIN,7,1,3,5,2,1,13,2,1,43190,37910
KR_8354163504,100,False,984407,LOSE,3,2,2,7,1,1,12,2,0,95988,243729
KR_8354163504,200,True,984407,WIN,7,5,0,0,5,2,12,1,2,25966,35161
KR_8354158472,100,True,652217,WIN,8,1,1,4,0,0,8,3,1,812311,37910
KR_8354158472,200,False,652217,LOSE,2,4,3,3,1,2,7,0,0,120777,48147
KR_8354149373,100,True,895723,WIN,1,3,3,3,4,1,22,3,0,1838877,161230
KR_8354149373,200,False,895723,LOSE,1,2,0,4,6,2,12,0,1,316031,54667
KR_8354127578,100,False,882672,LOSE,4,3,0,0,1,4,12,0,0,222974,4911968
KR_8354127578,200,True,882672,WIN,1,3,1,2,4,0,14,3,2,154147,915741
KR_8354119334,100,False,886955,WIN,7,3,1,5,9,4,8,3,1,17141,1063234
KR_8354119334,200,True,886955,LOSE,6,7,1,4,6,3,15,0,1,137222,715049
KR_8354111041,100,True,883371,WIN,3,1,0,4,5,4,13,0,0,386144,128043
KR_8354111041,200,False,883371,LOSE,5,1,1,4,4,2,17,3,1,52967,915741
KR_8354085634,100,False,885504,WIN,2,3,1,2,2,2,15,0,0,1237,243729
KR_8354085634,200,True,885504,LOSE,1,3,3,0,4,1,18,3,2,127073,8576
KR_8354078170,100,False,708468,LOSE,2,6,0,4,0,2,9,0,0,80690,715049
KR_8354078170,200,True,708468,WIN,2,2,4,0,4,0,6,3,0,1302403,153298
KR_8354055130,100,True,865240,WIN,1,5,1,6,7,0,13,1,2,6676,915741
KR_8354055130,200,False,865240,LOSE,6,2,1,3,3,3,12,2,0,115021,25469
KR_8354017288,100,True,620473,LOSE,0,3,0,2,2,0,4,3,0,75965,51452
KR_8354017288,200,False,620473,WIN,5,0,0,0,0,1,6,0,1,123244,446489
KR_8353969673,100,True,1034218,WIN,7,8,0,3,7,1,16,0,2,85508,2225122
KR_8353969673,200,False,1034218,LOSE,8,7,0,4,1,4,23,3,0,530612,715049
KR_8349979148,100,True,822567,LOSE,4,5,0,5,8,0,8,3,0,84103,243729
KR_8349979148,200,False,822567,WIN,5,3,1,5,4,1,10,0,2,22863,19933
KR_8349956788,100,False,974780,LOSE,0,3,0,3,1,1,14,3,1,45536,243729
KR_8349956788,200,True,974780,WIN,4,0,3,1,4,2,157,0,1,28909,36728
KR_8349949817,100,True,894369,WIN,3,4,0,2,5,3,14,3,0,94851,37910
KR_8349949817,200,False,894369,LOSE,5,4,1,3,0,2,11,0,0,134937,355735
KR_8349949348,100,True,1019671,WIN,5,3,1,3,7,1,20,0,1,56944,75976
KR_8349949348,200,False,1019671,LOSE,3,4,0,5,4,0,19,3,1,39646,15832
KR_8349923950,100,True,779278,WIN,6,1,0,3,7,1,9,0,0,15837,49264
KR_8349923950,200,False,779278,LOSE,4,5,0,3,0,3,9,3,1,2484152,211074
KR_8349913801,100,False,927284,LOSE,1,6,1,4,3,2,10,3,0,124795,201501
KR_8349913801,200,True,927284,WIN,7,1,3,1,4,4,17,0,1,60431,715049
KR_8349907192,100,True,954863,WIN,5,1,0,2,8,1,11,2,1,12818,211074
KR_8349907192,200,False,954863,LOSE,2,3,0,4,3,6,12,1,0,148110,201261
KR_8349878462,100,False,920450,LOSE,4,4,0,5,5,2,8,0,1,177109,236152
KR_8349878462,200,True,920450,WIN,4,5,0,3,6,0,13,3,1,119362,715049
KR_8349842797,100,True,795589,WIN,6,1,0,2,6,2,11,0,0,31815,2872985
KR_8349842797,200,False,795589,LOSE,1,7,0,3,6,3,26,3,1,39850,190911
KR_8338659620,100,True,1008767,WIN,2,3,2,4,3,1,15,0,0,106620,43206
KR_8338659620,200,False,1008767,LOSE,2,2,1,5,6,3,19,3,1,85491,2227
KR_8350780404,100,False,1066525,WIN,2,2,1,2,4,0,19,0,0,107231,2781658
KR_8350780404,200,True,1066525,LOSE,1,2,0,0,3,3,35,3,1,296047,77504
KR_8350727257,100,True,996863,WIN,2,3,2,4,6,0,13,3,0,131059,5316
KR_8350727257,200,False,996863,LOSE,2,3,2,5,1,3,19,0,0,30776,2781658
KR_8350687735,100,True,763133,WIN,5,0,2,0,1,2,6,3,1,198689,513451
KR_8350687735,200,False,763133,LOSE,0,4,1,4,3,0,11,0,0,89374,2781658
KR_8352299624,100,False,927963,LOSE,0,2,1,4,3,5,12,2,0,61312,325838
KR_8352299624,200,True,927963,WIN,2,1,1,0,7,1,11,1,2,25358,131721
KR_8352264377,100,True,904076,LOSE,3,5,4,4,6,3,12,3,0,61312,325838
KR_8352264377,200,False,904076,WIN,1,5,6,1,1,3,16,0,1,57814,50354
KR_8352203755,100,True,946763,WIN,11,1,1,2,2,8,12,1,0,61312,325838
KR_8352203755,200,False,946763,LOSE,2,6,1,7,7,3,11,2,2,73197,21783
KR_8352178103,100,True,884719,WIN,5,0,0,6,3,2,9,3,1,61312,325838
KR_8352178103,200,False,884719,LOSE,0,5,3,2,3,4,14,0,0,102031,1677697
KR_8352106952,100,True,783918,LOSE,2,2,2,3,1,4,9,0,0,596493,95028
KR_8352106952,200,False,783918,WIN,3,1,0,2,4,1,6,3,1,61312,325838
KR_8352066404,100,False,725934,WIN,4,0,2,1,2,4,5,0,0,61312,325838
KR_8352066404,200,True,725934,LOSE,0,4,0,4,6,1,3,3,1,133984,1221
KR_8352023477,100,False,949378,LOSE,1,5,1,5,7,2,8,0,1,92469,69231
KR_8352023477,200,True,949378,WIN,8,1,0,3,3,2,9,3,1,61312,325838
KR_8351982890,100,True,779515,WIN,11,0,2,1,5,1,8,3,1,61312,325838
KR_8351982890,200,False,779515,LOSE,0,7,1,7,2,3,8,0,0,42826,42745
KR_8351939150,100,True,824020,WIN,2,0,4,1,3,0,9,2,2,61312,325838
KR_8351939150,200,False,824020,LOSE,0,5,0,1,2,3,7,1,0,3701,34161
KR_8350694357,100,False,934178,LOSE,0,9,0,2,9,4,12,3,1,165073,28360
KR_8350694357,200,True,934178,WIN,8,1,3,1,7,4,8,0,1,61312,325838
KR_8350635738,100,False,782894,LOSE,2,3,1,2,3,2,122,0,0,1511160,633406
KR_8350635738,200,True,782894,WIN,2,0,1,1,4,1,7,3,1,61312,325838
KR_8350520815,100,False,909706,LOSE,6,4,3,3,1,1,9,2,1,38555,2685312
KR_8350520815,200,True,909706,WIN,6,3,0,5,3,2,10,1,1,61312,325838
KR_8350484985,100,False,892851,LOSE,1,4,1,5,8,4,16,0,1,119316,154279
KR_8350484985,200,True,892851,WIN,10,1,2,5,3,3,10,3,1,61312,325838
KR_8350442457,100,False,793826,WIN,3,1,2,4,6,0,6,0,1,613061,52592
KR_8350442457,200,True,793826,LOSE,3,4,1,4,2,2,10,3,0,61312,325838
KR_8350385021,100,True,1008209,LOSE,3,1,0,3,1,1,10,0,1,61312,325838
KR_8350385021,200,False,1008209,WIN,3,0,0,1,2,4,15,3,1,462517,64335
KR_8349697475,100,True,958926,WIN,4,0,1,1,6,3,10,0,0,14461,31375
KR_8349697475,200,False,958926,LOSE,1,4,0,3,3,2,10,3,1,61312,325838
KR_8349636158,100,False,844382,LOSE,4,5,1,4,2,3,5,0,1,130972,314230
KR_8349636158,200,True,844382,WIN,5,3,2,2,5,0,9,3,1,61312,325838
KR_8349569828,100,True,1063219,WIN,6,4,1,3,5,2,14,0,2,61312,325838
KR_8349569828,200,False,1063219,LOSE,1,6,4,3,4,3,14,3,0,129956,154389
KR_8349508178,100,False,1064426,LOSE,6,5,0,3,4,2,13,2,0,61312,325838
KR_8349508178,200,True,1064426,WIN,4,4,3,3,3,0,14,1,2,98668,82112
KR_8349434467,100,True,1118741,LOSE,1,5,2,3,8,0,14,3,0,298636,14267
KR_8349434467,200,False,1118741,WIN,3,4,2,3,5,1,15,0,3,61312,325838
KR_8349346653,100,False,886574,WIN,7,3,2,3,0,1,10,3,2,61312,325838
KR_8349346653,200,True,886574,LOSE,0,5,4,4,2,2,12,0,0,4087002,5695
KR_8349287539,100,True,1211418,LOSE,6,0,2,1,5,2,23,0,2,61312,325838
KR_8349287539,200,False,1211418,WIN,1,4,1,4,2,5,25,3,1,158729,34094
KR_8345001362,100,True,849616,WIN,6,1,0,0,6,1,13,3,2,106616,78646
KR_8345001362,200,False,849616,LOSE,0,3,0,3,4,3,11,0,0,61312,325838
KR_8344921267,100,True,1035597,WIN,4,4,1,2,8,4,18,3,1,249231,27548
KR_8344921267,200,False,1035597,LOSE,4,2,3,2,4,5,14,0,0,61312,328603
KR_8352341373,100,True,911052,WIN,6,2,2,3,4,4,13,1,1,696923,24344
KR_8352341373,200,False,911052,LOSE,4,3,0,8,6,3,19,2,0,124522,191737
KR_8344539086,100,True,889172,WIN,7,3,2,3,2,1,10,3,0,260086,9006
KR_8344539086,200,False,889172,LOSE,2,3,1,5,7,2,13,0,1,433929,14103
KR_8352046066,100,True,771236,WIN,6,1,1,1,2,0,6,0,1,71901,24313
KR_8352046066,200,False,771236,LOSE,1,2,0,6,1,1,7,3,0,38492,721537
KR_8342627481,100,True,505938,LOSE,0,1,0,1,3,0,4,0,0,266434,1815194
KR_8342627481,200,False,505938,WIN,0,0,1,0,1,0,6,0,1,161549,1183259
KR_8345026064,100,True,971057,WIN,1,4,2,3,13,4,16,2,2,163892,235129
KR_8345026064,200,False,971057,LOSE,6,1,2,3,6,6,4,1,0,129273,28605
KR_8344937966,100,True,708491,WIN,11,0,0,0,1,5,6,0,0,6914,151115
KR_8344937966,200,False,708491,LOSE,1,8,0,2,3,2,37,3,0,22827,11552
KR_8344909373,100,False,863298,LOSE,2,8,1,5,3,3,10,0,0,1436,73281
KR_8344909373,200,True,863298,WIN,9,2,2,3,4,2,14,3,1,53760,10105
KR_8344842066,100,True,855234,WIN,1,2,1,2,7,0,13,3,1,39279,7380
KR_8344842066,200,False,855234,LOSE,2,3,1,4,1,2,17,0,0,23729,58469
KR_8344750901,100,True,905215,LOSE,1,3,0,3,4,1,51,3,0,56183,21711
KR_8344750901,200,False,905215,WIN,2,1,3,0,2,2,9,0,2,230775,2656109
KR_8344689518,100,True,860299,WIN,2,4,1,3,2,3,14,3,0,174070,2178660
KR_8344689518,200,False,860299,LOSE,2,3,3,1,5,1,8,0,1,85519,200144
KR_8339628481,100,False,868145,LOSE,0,3,0,2,4,1,10,2,0,567220,229373
KR_8339628481,200,True,868145,WIN,3,1,2,1,1,2,13,1,2,30026,11464
KR_8354030166,100,True,805568,WIN,9,2,1,3,5,1,7,1,2,226470,7644
KR_8354030166,200,False,805568,LOSE,3,6,3,6,1,2,10,2,0,23108,82285
KR_8353976682,100,True,722517,WIN,5,1,0,1,6,0,9,3,0,31177,266084
KR_8353976682,200,False,722517,LOSE,2,3,0,5,1,4,11,0,1,245515,29050
KR_8353921374,100,False,955189,LOSE,0,1,1,0,3,2,14,0,1,118645,372143
KR_8353921374,200,True,955189,WIN,1,1,0,0,4,0,12,3,1,179157,255466
KR_8353845636,100,True,995447,WIN,2,1,0,3,6,2,14,3,0,215424,52745
KR_8353845636,200,False,995447,LOSE,1,4,1,3,2,3,147,0,1,191103,39760
KR_8342464121,100,False,765022,LOSE,1,5,1,1,3,0,8,1,0,75221,424929
KR_8342464121,200,True,765022,WIN,6,2,0,2,0,0,13,2,2,25447,41715
KR_8347358216,100,True,890008,WIN,5,4,2,3,0,3,46,0,2,146953,172443
KR_8347358216,200,False,890008,LOSE,2,5,1,4,5,1,21,3,0,2226,4295
KR_8349052773,100,False,796563,WIN,2,3,3,0,1,1,11,2,0,471803,719880
KR_8349052773,200,True,796563,LOSE,2,3,1,3,3,1,4,1,0,172609,6661
KR_8349013360,100,False,743824,WIN,3,3,0,1,1,0,5,3,0,32902,2264960
KR_8349013360,200,True,743824,LOSE,1,2,1,2,1,2,9,0,1,50216,8342
KR_8347872557,100,True,825055,WIN,5,2,1,2,4,3,7,3,1,135754,3606372
KR_8347872557,200,False,825055,LOSE,1,4,1,4,6,3,10,0,0,105703,74761
KR_8347840683,100,True,992522,WIN,2,1,3,3,1,2,59,3,0,26898,73328
KR_8347840683,200,False,992522,LOSE,1,1,4,3,1,4,12,0,2,1113888,43829
KR_8347826117,100,True,698589,WIN,2,2,0,2,5,3,7,3,0,34607,197256
KR_8347826117,200,False,698589,LOSE,4,0,1,1,3,3,11,0,1,259435,44753
KR_8347811129,100,True,791712,WIN,5,2,5,2,2,0,10,3,0,156342,13920
KR_8347811129,200,False,791712,LOSE,1,3,1,4,2,1,8,0,1,403559,96294
KR_8347730104,100,False,820565,WIN,5,2,2,1,3,2,9,0,1,111079,240788
KR_8347730104,200,True,820565,LOSE,1,5,0,2,2,2,16,3,1,360919,27469
KR_8347674905,100,True,1157183,LOSE,7,2,0,7,4,3,14,3,0,169569,11183483
KR_8347674905,200,False,1157183,WIN,5,2,2,4,4,5,19,0,2,319108,77889
KR_8342853212,100,False,1035961,WIN,2,1,0,2,3,2,15,3,0,228541,526696
KR_8342853212,200,True,1035961,LOSE,0,1,0,0,4,2,16,0,2,319108,15450
KR_8342662740,100,False,1042102,LOSE,1,6,3,3,7,2,17,1,1,319108,75590
KR_8342662740,200,True,1042102,WIN,6,3,0,7,6,2,19,2,1,57439,197405
KR_8342605910,100,False,1035391,WIN,9,3,1,5,7,0,11,0,2,548176,13747
KR_8342605910,200,True,1035391,LOSE,3,5,1,6,10,1,16,3,0,139411,70217
KR_8342446411,100,False,959949,WIN,0,2,1,1,5,3,15,3,1,36680,197397
KR_8342446411,200,True,959949,LOSE,0,1,0,1,5,1,12,0,1,90803,58211
KR_8342422228,100,True,911051,LOSE,1,2,1,3,8,3,7,0,1,319108,11988
KR_8342422228,200,False,911051,WIN,3,3,2,5,6,4,12,3,0,578743,166332
KR_8342387060,100,True,954706,LOSE,0,3,3,4,2,4,13,0,0,319108,74073
KR_8342387060,200,False,954706,WIN,1,1,3,3,2,3,16,3,2,6724,616055
KR_8342334231,100,True,1103376,WIN,4,2,3,0,4,1,21,2,2,141264,16509
KR_8342334231,200,False,1103376,LOSE,0,4,1,3,1,5,20,1,0,319108,1908
KR_8345822850,100,False,769046,LOSE,0,3,2,3,2,2,7,1,0,239985,547721
KR_8345822850,200,True,769046,WIN,2,1,5,0,0,2,10,2,1,72328,132003
KR_8354951360,100,False,972271,LOSE,6,4,0,6,5,5,7,0,1,203563,13090
KR_8354951360,200,True,972271,WIN,7,3,4,6,3,2,6,3,0,114758,44345
KR_8354719284,100,True,696707,LOSE,1,1,0,2,6,2,5,0,1,7326,402239
KR_8354719284,200,False,696707,WIN,1,2,0,1,6,3,8,3,0,107948,589317
KR_8353587537,100,False,759301,WIN,14,3,2,4,1,2,9,0,1,8547,1487322
KR_8353587537,200,True,759301,LOSE,4,7,3,8,4,2,4,3,0,296776,126509
KR_8352662750,100,True,912672,WIN,1,3,0,1,4,1,23,3,1,797177,14941
KR_8352662750,200,False,912672,LOSE,4,1,0,2,4,3,11,0,1,15420,315906
KR_8346335857,100,False,833194,LOSE,0,4,2,3,3,1,11,0,0,107948,16023
KR_8346335857,200,True,833194,WIN,1,0,1,2,4,0,12,3,2,112349,3666977
KR_8346310566,100,False,939113,LOSE,1,4,0,5,0,3,12,0,0,40147,9574
KR_8346310566,200,True,939113,WIN,5,1,1,1,6,1,12,3,1,331711,11839
KR_8346268443,100,True,941372,LOSE,4,4,1,4,8,3,12,3,1,296776,26869
KR_8346268443,200,False,941372,WIN,7,4,2,3,2,4,8,0,1,180174,799370
KR_8346201856,100,False,988010,LOSE,1,3,1,6,4,3,11,2,0,31028,36987
KR_8346201856,200,True,988010,WIN,1,0,1,2,7,2,13,1,2,296776,403505
KR_8346147530,100,False,886281,LOSE,1,2,1,6,5,4,10,3,0,15333,1159810
KR_8346147530,200,True,886281,WIN,3,2,5,3,5,3,13,0,1,107948,255422
KR_8344705367,100,True,1003417,WIN,3,5,9,3,1,2,17,0,2,296776,869425
KR_8344705367,200,False,1003417,LOSE,6,6,1,6,6,0,22,3,0,36715,61067
KR_8350036485,100,False,650013,LOSE,2,3,0,5,3,1,3,0,0,135790,299952
KR_8350036485,200,True,650013,WIN,3,1,3,2,0,1,8,3,1,319270,8956
KR_8350016567,100,True,1002744,WIN,8,3,0,4,6,1,14,0,0,276630,32560
KR_8350016567,200,False,1002744,LOSE,4,5,1,6,4,2,12,3,1,294876,43479
KR_8349996744,100,True,822013,WIN,2,2,3,3,6,1,11,1,1,6772,1159425
KR_8349996744,200,False,822013,LOSE,4,3,0,3,3,3,14,2,0,153941,14239
KR_8349994386,100,True,936598,LOSE,5,1,3,3,6,1,10,3,2,35156,5796
KR_8349994386,200,False,936598,WIN,3,5,1,6,1,3,13,0,0,22625,36424
KR_8346180565,100,True,831369,WIN,1,1,0,5,9,2,14,3,0,12872,2899138
KR_8346180565,200,False,831369,LOSE,4,3,2,3,2,4,5,0,0,756637,133009
KR_8346079869,100,False,913038,LOSE,1,5,1,5,4,3,12,3,0,29897,777907
KR_8346079869,200,True,913038,WIN,8,2,1,2,2,0,10,0,2,404400,33702
KR_8339061613,100,False,1114941,WIN,0,2,0,0,9,1,35,3,0,100290,19992
KR_8339061613,200,True,1114941,LOSE,0,2,0,0,4,4,11,0,2,1587,32229
KR_8352751521,100,False,937978,WIN,0,1,0,3,2,1,15,3,0,172610,4059
KR_8352751521,200,True,937978,LOSE,3,0,1,1,2,1,16,0,1,95390,1183457
KR_8352688514,100,True,730368,LOSE,2,4,1,2,5,2,8,3,0,257823,2508562
KR_8352688514,200,False,730368,WIN,4,2,2,1,2,3,10,0,1,126043,178103
KR_8352620028,100,True,776265,WIN,5,5,3,3,2,2,10,3,1,83492,395642
KR_8352620028,200,False,776265,LOSE,6,3,1,3,1,1,6,0,0,172080,320815
KR_8352504843,100,True,1033014,LOSE,4,3,0,5,4,1,12,1,2,1025367,5701
KR_8352504843,200,False,1033014,WIN,1,3,2,1,5,2,15,2,0,57994,183409
KR_8352455216,100,False,823614,LOSE,1,3,2,4,5,5,10,0,0,11065,574445
KR_8352455216,200,True,823614,WIN,4,0,2,0,6,5,14,3,1,28372,129480
KR_8352409745,100,True,864945,WIN,1,0,3,2,5,0,14,3,2,40910,326361
KR_8352409745,200,False,864945,LOSE,2,2,0,2,0,5,30,0,0,689379,90942
KR_8348206571,100,True,822253,WIN,4,0,0,3,4,2,11,0,0,337918,19165
KR_8348206571,200,False,822253,LOSE,3,2,0,3,3,1,10,3,1,146425,1383700
KR_8348133561,100,True,779747,LOSE,1,6,2,2,1,1,11,3,1,64078,15476
KR_8348133561,200,False,779747,WIN,7,1,3,3,1,1,13,0,0,21887,456460
KR_8346071130,100,False,857475,LOSE,2,2,2,1,0,2,9,0,0,483759,1186479
KR_8346071130,200,True,857475,WIN,1,2,1,2,7,1,9,3,2,40016,25710
KR_8345981756,100,False,929997,LOSE,1,5,0,4,6,4,13,3,0,484763,211686
KR_8345981756,200,True,929997,WIN,8,3,2,2,5,1,14,0,2,8809,407754
KR_8345932983,100,True,911695,WIN,1,4,2,2,4,2,13,0,2,17195,407159
KR_8345932983,200,False,911695,LOSE,3,1,1,3,2,2,14,3,0,26311,1069176
KR_8345884405,100,False,888369,LOSE,1,7,0,7,3,2,13,3,0,16306,1515
KR_8345884405,200,True,888369,WIN,10,1,2,1,6,2,16,0,1,3689968,42157
KR_8345847038,100,False,715804,LOSE,0,0,1,3,3,2,36,1,0,420475,152622
KR_8345847038,200,True,715804,WIN,1,1,1,1,3,1,7,2,1,14257,43508
KR_8352554434,100,True,727112,WIN,3,0,1,0,3,0,11,3,1,80377,262012
KR_8352554434,200,False,727112,LOSE,0,2,0,2,0,1,4,0,0,457817,9444
KR_8352475664,100,True,933862,WIN,7,3,4,4,1,2,15,0,1,450937,448993
KR_8352475664,200,False,933862,LOSE,3,5,0,6,3,3,10,3,1,124830,29304
KR_8343116288,100,False,822256,WIN,5,2,0,3,2,2,12,0,1,29562,94588
KR_8343116288,200,True,822256,LOSE,2,3,1,1,2,2,8,3,1,79381,137091
KR_8343036714,100,False,903801,LOSE,2,1,0,0,4,1,15,0,2,4730,549814
KR_8343036714,200,True,903801,WIN,2,1,0,1,4,3,10,3,0,48964,25342
KR_8342984927,100,False,887416,LOSE,4,1,1,2,2,1,14,2,1,46785,28132
KR_8342984927,200,True,887416,WIN,4,2,1,2,3,2,136,1,1,259535,59047
KR_8342931669,100,True,855800,WIN,6,2,2,0,2,4,9,0,1,11824,85683
KR_8342931669,200,False,855800,LOSE,3,5,2,1,3,1,14,3,0,1838,470258
KR_8342796371,100,False,690593,LOSE,0,3,1,4,4,2,3,3,0,533490,17186
KR_8342796371,200,True,690593,WIN,5,0,1,2,4,1,9,0,0,65179,51843
KR_8342751115,100,False,979736,LOSE,2,5,0,5,1,1,20,0,0,36208,365238
KR_8342751115,200,True,979736,WIN,5,2,0,1,8,1,57,3,2,47648,19711
KR_8351153418,100,False,680312,LOSE,1,2,2,1,0,1,10,3,0,384362,79657
KR_8351153418,200,True,680312,WIN,2,2,1,0,1,2,3,0,0,208158,39390
KR_8351091288,100,True,792641,WIN,3,1,1,1,4,2,9,3,0,169189,32864
KR_8351091288,200,False,792641,LOSE,1,3,0,2,3,2,5,0,1,36721,32780
KR_8349863654,100,False,1084349,LOSE,3,3,4,4,3,3,16,0,0,74568,24205
KR_8349863654,200,True,1084349,WIN,2,4,1,3,3,3,55,3,1,870940,44575
KR_8339973215,100,True,995977,WIN,3,0,4,2,1,2,17,3,0,68957,52796
KR_8339973215,200,False,995977,LOSE,3,1,0,2,1,6,15,0,1,70825,195106
KR_8353599270,100,False,883590,LOSE,2,3,6,5,7,4,14,0,1,58283,92800
KR_8353599270,200,True,883590,WIN,7,3,0,8,2,2,13,3,1,43985,85484
KR_8352105014,100,True,675662,WIN,2,0,2,1,5,2,10,1,0,72383,1638911
KR_8352105014,200,False,675662,LOSE,0,2,2,4,2,2,5,0,0,21624,283225
KR_8352046206,100,True,924463,LOSE,3,1,1,1,1,2,5,1,1,203109,6958
KR_8352046206,200,False,924463,WIN,1,3,0,2,2,1,11,2,1,80150,33222
KR_8351991679,100,False,883380,WIN,4,2,3,1,1,2,8,0,0,175445,42227
KR_8351991679,200,True,883380,LOSE,2,5,1,3,2,0,12,3,2,4593,49579
KR_8351952698,100,False,804448,LOSE,1,1,0,4,4,2,12,3,0,90300,30669
KR_8351952698,200,True,804448,WIN,5,1,2,3,2,2,9,0,1,43878,10388
KR_8344464588,100,False,886870,LOSE,3,6,1,3,5,4,8,3,0,176210,79657
KR_8344464588,200,True,886870,WIN,5,3,3,5,5,0,10,0,1,653644,919206
KR_8344365525,100,False,925872,LOSE,4,1,2,4,0,4,5,0,1,27292,11581
KR_8344365525,200,True,925872,WIN,2,3,0,2,6,0,14,3,1,103977,42914
KR_8344329469,100,True,804377,WIN,6,2,2,1,1,1,9,0,0,58815,83801
KR_8344329469,200,False,804377,LOSE,3,3,0,7,2,0,7,3,2,155743,4751
KR_8341550756,100,False,937040,LOSE,4,4,1,5,5,3,13,1,0,686129,122452
KR_8341550756,200,True,937040,WIN,5,3,3,6,5,1,5,2,2,164218,109678
KR_8341481802,100,True,762389,WIN,5,2,2,0,4,3,9,2,0,15662,80216
KR_8341481802,200,False,762389,LOSE,1,5,0,4,3,2,10,1,1,79077,5964
KR_8341418848,100,False,1375239,WIN,3,5,4,6,1,5,24,2,0,383621,56068
KR_8341418848,200,True,1375239,LOSE,5,1,0,6,9,4,25,1,2,159092,5622
KR_8352340983,100,False,1364795,WIN,4,5,1,4,5,7,78,2,1,114706,16891
KR_8352340983,200,True,1364795,LOSE,2,1,1,10,15,3,36,1,2,71115,17946
KR_8347832053,100,True,810136,WIN,3,0,2,2,10,4,6,3,1,410640,329142
KR_8347832053,200,False,810136,LOSE,0,4,0,5,5,4,7,0,0,529442,1697331
KR_8346592503,100,True,804456,WIN,6,1,0,0,3,2,6,2,1,6419,32597
KR_8346592503,200,False,804456,LOSE,1,4,0,2,1,4,6,1,0,58899,26233
KR_8354180273,100,True,798163,LOSE,2,3,0,6,4,1,16,3,1,12809,25377
KR_8354180273,200,False,798163,WIN,6,2,1,0,3,4,12,0,1,49011,4911968
KR_8354171326,100,True,791674,WIN,0,2,1,2,4,3,9,2,1,126494,4266
KR_8354171326,200,False,791674,LOSE,2,0,0,0,4,4,6,1,1,160366,27801
KR_8354166265,100,True,826061,WIN,0,0,0,4,3,3,13,3,2,28908,454270
KR_8354166265,200,False,826061,LOSE,2,3,0,0,6,1,13,0,0,35839,13168
KR_8354145874,100,True,920589,WIN,1,2,0,2,2,3,10,3,2,60670,31005
KR_8354145874,200,False,920589,LOSE,2,1,3,1,3,3,9,0,0,374448,13725
KR_8343519768,100,False,1062309,LOSE,1,7,1,4,3,2,10,3,0,122178,466825
KR_8343519768,200,True,1062309,WIN,4,3,2,0,4,2,23,0,2,478271,5838
KR_8343474592,100,True,964955,WIN,3,2,2,3,4,0,20,3,1,83487,36647
KR_8343474592,200,False,964955,LOSE,3,2,0,3,3,7,10,0,0,236680,205390
KR_8340934951,100,True,910459,WIN,6,0,3,0,3,1,19,3,1,19314,937
KR_8340934951,200,False,910459,LOSE,2,4,1,5,1,5,14,0,0,29944,18688
KR_8340914044,100,True,949260,WIN,3,3,2,1,1,1,15,3,2,952985,961142
KR_8340914044,200,False,949260,LOSE,1,2,2,4,2,5,15,0,0,24626,3585519
KR_8340869716,100,True,1082398,LOSE,7,3,2,3,7,3,23,1,2,15762,626197
KR_8340869716,200,False,1082398,WIN,3,7,2,4,3,4,23,2,1,551629,72797
KR_8340834841,100,False,754879,WIN,6,0,2,3,1,2,7,0,2,35303,440275
KR_8340834841,200,True,754879,LOSE,0,5,3,2,4,3,7,3,0,88120,66260
KR_8347078555,100,False,802014,WIN,1,4,1,4,4,6,8,1,1,1857409,555365
KR_8347078555,200,True,802014,LOSE,0,4,7,1,7,3,15,2,0,99229,1074268
KR_8337800022,100,True,962331,WIN,3,6,5,2,2,2,12,0,2,553089,128298
KR_8337800022,200,False,962331,LOSE,2,3,3,4,6,3,12,3,0,103806,5796
KR_8337696976,100,True,887870,WIN,5,2,1,3,1,3,8,3,1,84994,74620
KR_8337696976,200,False,887870,LOSE,0,4,1,5,3,4,13,0,0,124206,731444
KR_8337637780,100,True,854682,LOSE,3,3,1,3,4,3,11,0,1,156039,73946
KR_8337637780,200,False,854682,WIN,3,4,0,4,5,2,8,3,0,570890,66427
KR_8341320758,100,True,821948,WIN,5,0,0,1,3,4,11,0,1,327725,21100
KR_8341320758,200,False,821948,LOSE,1,2,0,5,3,2,8,3,0,45549,49856
KR_8342494378,100,False,967791,WIN,7,4,1,4,2,5,57,1,1,5153,11166
KR_8342494378,200,True,967791,LOSE,2,5,2,4,6,2,20,2,1,165592,9686
KR_8353287273,100,True,701286,LOSE,1,1,0,3,2,3,7,0,1,69041,107058
KR_8353287273,200,False,701286,WIN,3,3,1,0,0,2,3,3,0,22236,575207
KR_8353251796,100,True,1059141,LOSE,1,4,3,5,2,2,10,3,1,6450,575207
KR_8353251796,200,False,1059141,WIN,6,2,1,2,6,2,15,0,1,96942,18624
KR_8353228939,100,False,961166,WIN,1,3,2,1,3,6,9,0,1,61591,45402
KR_8353228939,200,True,961166,LOSE,2,3,3,1,7,1,7,3,1,44778,575207
KR_8352408780,100,True,773945,WIN,9,1,0,4,1,4,11,0,1,46250,3589
KR_8352408780,200,False,773945,LOSE,4,5,2,3,2,2,4,3,0,101655,575207
KR_8352380390,100,True,676252,WIN,5,0,0,0,0,0,8,3,1,58609,1463339
KR_8352380390,200,False,676252,LOSE,0,2,0,2,1,3,5,0,0,45224,3054976
KR_8352312696,100,True,1008491,LOSE,2,4,0,5,11,4,20,3,1,239548,1215942
KR_8352312696,200,False,1008491,WIN,2,2,5,2,2,9,12,0,0,7982,575207
KR_8350344851,100,True,850586,WIN,10,1,2,3,4,1,9,2,2,176100,575207
KR_8350344851,200,False,850586,LOSE,2,5,2,5,2,4,7,1,0,584770,235201
KR_8352860130,100,True,856944,WIN,2,2,2,1,1,0,13,3,1,819958,8675
KR_8352860130,200,False,856944,LOSE,1,4,1,1,1,2,13,0,0,275151,248482
KR_8352802446,100,True,916675,LOSE,0,3,0,4,1,2,13,3,0,110183,15898
KR_8352802446,200,False,916675,WIN,6,1,1,0,4,1,12,0,2,847059,971386
KR_8352746871,100,False,761853,LOSE,1,3,0,1,3,1,8,0,0,42327,50825
KR_8352746871,200,True,761853,WIN,4,1,1,0,1,1,9,3,2,283312,35684
KR_8352689111,100,True,1138455,WIN,4,1,2,4,0,2,61,1,2,48171,3622
KR_8352689111,200,False,1138455,LOSE,2,2,1,6,1,2,16,2,1,69221,680150
KR_8352625003,100,True,677822,WIN,5,1,1,1,4,2,9,0,1,169220,80237
KR_8352625003,200,False,677822,LOSE,2,2,0,4,2,0,6,3,0,25694,40036
KR_8351771725,100,True,909265,WIN,6,3,3,1,7,3,13,3,1,46534,204372
KR_8351771725,200,False,909265,LOSE,3,4,1,5,3,4,50,0,0,51467,26411
KR_8351739741,100,True,1102453,WIN,3,0,2,2,8,3,16,0,2,256400,322571
KR_8351739741,200,False,1102453,LOSE,1,3,0,4,2,3,15,3,1,749643,18538
KR_8351710629,100,False,1076219,LOSE,2,5,2,2,4,3,11,0,0,61703,8675
KR_8351710629,200,True,1076219,WIN,2,4,0,2,2,3,13,3,2,55228,918670
KR_8351690885,100,True,852171,WIN,6,4,5,3,2,4,11,0,1,42369,8675
KR_8351690885,200,False,852171,LOSE,4,7,3,4,1,4,13,3,0,1923831,432195
KR_8351672994,100,True,886230,WIN,2,2,0,1,4,0,12,3,1,137205,1586854
KR_8351672994,200,False,886230,LOSE,2,1,1,1,0,5,8,0,0,5369,19903
KR_8343089880,100,True,885264,WIN,4,4,1,1,5,3,11,0,2,19477,94575
KR_8343089880,200,False,885264,LOSE,1,3,4,5,1,3,12,3,0,21748,37243
KR_8343026221,100,False,962327,WIN,3,2,1,3,1,4,17,0,1,399027,758849
KR_8343026221,200,True,962327,LOSE,4,3,2,3,5,1,152,3,1,79513,6560035
KR_8342969774,100,True,794571,WIN,7,4,2,4,2,6,7,1,0,23275,768419
KR_8342969774,200,False,794571,LOSE,4,5,1,5,8,2,4,2,1,115041,37067
KR_8342916509,100,True,764724,WIN,1,1,0,1,4,1,9,3,1,23294,28642
KR_8342916509,200,False,764724,LOSE,1,3,2,3,3,4,5,0,0,92403,45010
KR_8342860876,100,True,1053805,WIN,3,4,4,4,7,1,19,3,1,205018,2726446
KR_8342860876,200,False,1053805,LOSE,4,4,2,5,4,1,23,0,0,379592,913025
KR_8345593189,100,False,1002126,WIN,3,1,3,4,5,7,17,3,1,183261,521694
KR_8345593189,200,True,1002126,LOSE,4,4,2,7,3,3,18,0,1,24795,33059
KR_8342562104,100,False,934713,LOSE,2,5,1,4,2,3,53,2,1,53989,438064
KR_8342562104,200,True,934713,WIN,4,2,1,1,6,0,11,1,1,4557,400181
KR_8339636407,100,True,851745,WIN,3,2,1,2,3,1,16,0,2,20712,738181
KR_8339636407,200,False,851745,LOSE,2,5,2,1,1,0,11,3,0,141105,369452
KR_8339595822,100,False,853712,WIN,7,2,0,2,5,3,14,0,1,137226,9699
KR_8339595822,200,True,853712,LOSE,1,1,2,4,1,3,9,3,0,319127,20529
KR_8339579268,100,False,852019,WIN,5,3,3,5,0,3,8,3,0,847059,102957
KR_8339579268,200,True,852019,LOSE,9,3,1,3,2,0,8,0,2,430414,55747
KR_8348016920,100,True,818113,WIN,2,0,3,1,3,3,12,1,1,364216,78994
KR_8348016920,200,False,818113,LOSE,1,4,1,3,1,2,9,2,1,280507,29641
KR_8338945967,100,False,890618,LOSE,5,4,2,6,2,5,14,0,0,165463,1217836
KR_8338945967,200,True,890618,WIN,7,2,2,4,5,4,15,3,1,102402,212470
KR_8338856507,100,True,615923,WIN,11,3,0,2,2,1,2,3,1,2915,1058
KR_8338856507,200,False,615923,LOSE,1,7,3,4,2,1,5,0,0,6528,11906
KR_8338809318,100,True,867498,WIN,5,3,0,5,2,2,10,1,1,44171,18230
KR_8338809318,200,False,867498,LOSE,9,2,1,4,1,2,9,2,1,63920,107384
KR_8352172413,100,False,750992,LOSE,3,2,5,2,2,5,8,0,0,235386,719880
KR_8352172413,200,True,750992,WIN,1,4,1,4,7,1,99,3,1,12509,3287761
KR_8352109792,100,True,851736,WIN,9,3,0,3,0,3,45,0,1,4078,10246
KR_8352109792,200,False,851736,LOSE,2,5,2,4,5,3,9,3,0,13391,474526
KR_8352055547,100,False,1183828,WIN,4,5,0,6,8,7,22,0,1,493389,2178660
KR_8352055547,200,True,1183828,LOSE,9,2,1,5,8,7,15,3,1,93012,72629
KR_8352028211,100,False,876366,LOSE,1,4,0,3,4,5,5,1,0,328122,330126
KR_8352028211,200,True,876366,WIN,4,3,1,1,7,0,12,2,1,239854,222634
KR_8342350030,100,False,802372,LOSE,0,2,1,2,0,1,39,0,0,182757,143696
KR_8342350030,200,True,802372,WIN,3,0,1,0,4,1,7,3,1,325586,165322
KR_8342324175,100,True,781295,WIN,3,1,4,2,5,4,10,0,0,312292,620882
KR_8342324175,200,False,781295,LOSE,0,3,0,2,5,3,17,3,1,805057,2560
KR_8342293444,100,False,781726,LOSE,0,4,1,4,3,1,11,3,1,55922,19485
KR_8342293444,200,True,781726,WIN,8,1,0,2,1,4,8,0,1,139387,73974
KR_8342251924,100,False,882222,LOSE,7,5,6,4,6,5,10,2,2,1498753,200967
KR_8342251924,200,True,882222,WIN,4,4,1,6,11,7,14,1,0,11014,1367979
KR_8342255051,100,False,1024464,LOSE,3,3,1,3,5,9,16,0,0,90933,1367979
KR_8342255051,200,True,1024464,WIN,3,1,2,5,7,4,20,3,1,107905,77439
KR_8341657250,100,False,858096,WIN,6,2,1,4,5,5,12,0,0,13973,44409
KR_8341657250,200,True,858096,LOSE,5,4,1,3,7,4,13,3,1,25838,47507
KR_8341612126,100,True,598442,WIN,5,0,3,3,5,1,2,0,1,1094885,33033
KR_8341612126,200,False,598442,LOSE,0,3,3,3,1,3,5,0,0,110040,967683
KR_8341508243,100,False,472413,LOSE,0,0,2,0,1,2,0,0,0,460092,51393
KR_8341508243,200,True,472413,WIN,0,0,0,0,2,3,2,0,1,58111,165615
KR_8341436354,100,False,856314,WIN,3,6,1,4,4,5,12,3,0,313120,788074
KR_8341436354,200,True,856314,LOSE,4,1,1,3,2,1,14,0,2,42136,6840
KR_8341330456,100,True,946335,WIN,7,3,2,2,6,2,22,1,1,82611,1546
KR_8341330456,200,False,946335,LOSE,2,4,1,4,0,3,20,2,1,224729,24346
KR_8341295032,100,True,1209380,WIN,7,3,3,7,3,4,24,3,1,56976,116089
KR_8341295032,200,False,1209380,LOSE,4,5,0,5,6,9,18,0,1,45998,48642
KR_8341241110,100,False,872439,LOSE,1,3,2,2,2,7,12,0,0,238337,10784
KR_8341241110,200,True,872439,WIN,4,3,0,2,4,1,18,3,2,272506,10274
KR_8341186563,100,True,739326,WIN,5,1,0,2,3,2,8,3,1,595248,9407
KR_8341186563,200,False,739326,LOSE,1,2,0,7,3,5,7,0,0,83970,653
KR_8341212959,100,False,931666,LOSE,1,1,1,1,5,1,16,0,1,72860,31674
KR_8341212959,200,True,931666,WIN,3,4,0,1,2,3,15,3,0,2730233,58601
KR_8341179101,100,True,1009187,WIN,2,4,2,2,8,3,16,3,0,249154,37275
KR_8341179101,200,False,1009187,LOSE,3,3,0,4,2,7,14,0,0,109696,148407
KR_8341146174,100,True,893587,WIN,2,2,0,1,5,0,10,3,0,91077,346728
KR_8341146174,200,False,893587,LOSE,1,2,2,4,1,2,15,0,1,560704,93399
KR_8341082940,100,False,979300,WIN,3,5,1,4,5,4,13,3,0,161837,19107
KR_8341082940,200,True,979300,LOSE,6,3,0,2,5,2,15,0,1,497038,241238
KR_8341047044,100,False,1075002,WIN,4,0,0,2,4,2,13,0,0,15627,46966
KR_8341047044,200,True,1075002,LOSE,0,1,0,1,4,3,15,3,1,464879,18602
KR_8340984464,100,False,1053939,LOSE,2,1,0,2,1,1,24,2,0,71167,241238
KR_8340984464,200,True,1053939,WIN,1,2,2,1,4,3,10,1,2,64024,19189
KR_8340945334,100,False,804438,LOSE,0,2,1,4,3,1,6,0,1,86850,47809
KR_8340945334,200,True,804438,WIN,3,1,1,1,4,1,12,3,1,84263,37158
KR_8340920088,100,False,771117,LOSE,1,5,1,7,2,4,7,3,0,35640,108093
KR_8340920088,200,True,771117,WIN,6,4,1,0,6,0,8,0,1,3476,1083
KR_8340862983,100,False,718970,LOSE,0,4,5,3,3,5,11,0,0,538034,1044949
KR_8340862983,200,True,718970,WIN,6,1,3,0,3,4,16,0,1,317968,1340184
KR_8340837325,100,True,978205,WIN,5,1,0,2,2,4,19,2,1,35806,607717
KR_8340837325,200,False,978205,LOSE,4,5,0,1,3,3,21,1,1,38325,342381
KR_8340809405,100,True,780128,WIN,5,2,5,1,5,0,16,1,1,5550,83561
KR_8340809405,200,False,780128,LOSE,2,5,0,4,2,3,10,2,0,20857,23072
KR_8340785197,100,True,943399,LOSE,2,2,2,4,5,2,10,3,0,377469,257613
KR_8340785197,200,False,943399,WIN,4,2,0,4,6,0,18,0,2,8666,29214
KR_8340758424,100,True,679210,LOSE,2,1,0,4,3,4,4,3,0,86012,257613
KR_8340758424,200,False,679210,WIN,1,0,2,1,3,0,7,0,1,135316,2016747
KR_8340736756,100,False,893561,WIN,2,2,1,2,3,6,9,0,0,33813,50758
KR_8340736756,200,True,893561,LOSE,0,3,4,1,2,2,16,3,1,67695,462347
KR_8340728378,100,False,877208,WIN,5,2,3,2,4,3,11,2,1,29935,39209
KR_8340728378,200,True,877208,LOSE,3,6,0,5,5,1,118,1,1,90944,21120
KR_8340713441,100,False,740494,LOSE,1,5,1,3,3,2,7,2,0,1498753,47387
KR_8340713441,200,True,740494,WIN,6,0,2,1,2,2,11,1,1,13775,123371
KR_8340693930,100,False,882847,LOSE,3,6,1,5,3,1,12,0,1,1904121,2923
KR_8340693930,200,True,882847,WIN,7,3,2,1,3,0,6,3,1,144576,116730
KR_8340690566,100,True,787339,WIN,5,0,1,1,3,0,8,3,1,391466,4193
KR_8340690566,200,False,787339,LOSE,0,4,1,2,0,4,1,0,1,121993,596078
KR_8340679123,100,False,958176,LOSE,5,1,3,2,1,4,12,0,0,416522,308941
KR_8340679123,200,True,958176,WIN,1,4,1,4,5,1,12,3,1,80487,2151880
KR_8340663459,100,True,967243,LOSE,4,2,7,2,4,4,19,3,0,141583,58954
KR_8340663459,200,False,967243,WIN,1,4,1,5,6,7,13,0,1,188959,134530
KR_8340658292,100,False,730769,LOSE,2,4,1,1,4,3,40,0,0,18468,208118
KR_8340658292,200,True,730769,WIN,4,1,0,3,6,3,5,3,2,198935,139095
KR_8340647754,100,False,711545,WIN,2,1,0,2,2,2,7,3,0,89022,14083
KR_8340647754,200,True,711545,LOSE,4,0,1,3,1,1,10,0,1,34322,1301980
KR_8337043110,100,False,947024,WIN,7,2,3,4,6,1,17,3,1,321185,20617
KR_8337043110,200,True,947024,LOSE,2,3,1,7,5,3,12,0,0,89290,14930
KR_8337010942,100,False,1053228,LOSE,2,3,1,2,1,0,18,0,0,9356,184794
KR_8337010942,200,True,1053228,WIN,2,3,3,0,3,1,55,3,1,125571,29731
KR_8342918002,100,True,903964,WIN,6,4,0,4,3,2,13,2,0,73152,692534
KR_8342918002,200,False,903964,LOSE,4,4,0,4,5,1,19,1,1,250682,11307
KR_8342801588,100,False,1053360,LOSE,3,3,3,2,5,3,16,3,1,212349,345570
KR_8342801588,200,True,1053360,WIN,3,5,0,3,2,4,15,0,1,124818,385525
KR_8353429505,100,False,885431,LOSE,5,2,0,3,0,8,10,0,1,5058,958
KR_8353429505,200,True,885431,WIN,2,2,1,1,8,1,12,3,1,299478,15339
KR_8353408269,100,True,682291,WIN,5,1,1,0,2,2,6,3,0,91164,132545
KR_8353408269,200,False,682291,LOSE,0,2,0,4,2,1,9,0,1,299478,104741
KR_8353377363,100,False,559597,LOSE,0,6,3,6,1,1,2,0,0,21692,11598
KR_8353377363,200,True,559597,WIN,10,1,0,2,1,0,6,3,1,55826,29937
KR_8353352673,100,True,713137,WIN,4,2,2,1,6,1,8,3,0,150851,238050
KR_8353352673,200,False,713137,LOSE,3,4,1,4,0,3,3,0,1,299478,35236
KR_8342362651,100,False,793976,LOSE,3,4,2,3,3,4,5,2,2,1373084,911666
KR_8342362651,200,True,793976,WIN,7,3,1,5,2,0,11,1,0,97650,1987242
KR_8342324729,100,True,954195,WIN,1,6,1,6,7,4,16,3,0,31193,29267
KR_8342324729,200,False,954195,LOSE,7,1,4,3,8,5,8,0,2,65595,12915
KR_8344226331,100,False,1054325,WIN,4,7,6,5,5,3,34,0,0,64223,148051
KR_8344226331,200,True,1054325,LOSE,4,2,7,8,5,3,14,3,2,394978,645716
KR_8344158498,100,True,702676,WIN,4,1,1,3,3,1,9,2,0,394978,645716
KR_8344158498,200,False,702676,LOSE,1,4,1,2,4,2,10,1,1,14636,65916
KR_8343344743,100,False,937324,LOSE,1,4,1,4,3,3,17,3,2,107261,250529
KR_8343344743,200,True,937324,WIN,3,0,9,3,2,3,14,0,0,394978,645716
KR_8343274913,100,False,886129,WIN,8,4,0,3,1,5,12,0,0,13881,293615
KR_8343274913,200,True,886129,LOSE,3,3,2,5,3,2,12,3,1,394978,645716
KR_8343244035,100,True,857341,WIN,9,1,0,1,3,1,13,3,1,218184,98082
KR_8343244035,200,False,857341,LOSE,0,3,1,5,4,8,11,0,0,394978,13972
KR_8342966158,100,True,1017016,WIN,7,4,0,4,6,2,10,3,1,302121,3106425
KR_8342966158,200,False,1017016,LOSE,2,3,6,5,3,5,12,0,1,394978,645716
KR_8342804545,100,True,960857,WIN,5,3,5,3,3,3,14,3,1,394978,645716
KR_8342804545,200,False,960857,LOSE,3,6,0,6,5,3,25,0,1,465121,551310
KR_8341686558,100,True,885316,LOSE,5,3,3,4,2,0,11,3,0,510098,598783
KR_8341686558,200,False,885316,WIN,2,2,6,3,2,4,11,0,2,394978,645716
KR_8341590594,100,False,837802,LOSE,2,3,0,2,4,1,11,0,0,209397,10773
KR_8341590594,200,True,837802,WIN,2,0,3,2,3,0,12,3,1,394978,645716
KR_8340131733,100,False,906253,LOSE,3,5,1,6,2,1,13,1,0,52366,493465
KR_8340131733,200,True,906253,WIN,5,2,7,2,1,2,10,2,2,394978,645716
KR_8340069658,100,True,1028968,WIN,5,3,4,4,8,1,16,3,2,394978,645716
KR_8340069658,200,False,1028968,LOSE,2,6,2,4,2,6,15,0,0,7321,223935
KR_8339684128,100,True,1014755,WIN,2,2,8,3,5,1,19,3,0,394978,645716
KR_8339684128,200,False,1014755,LOSE,4,3,1,5,1,3,18,0,1,1015411,107384
KR_8339651051,100,False,957085,LOSE,3,4,5,7,5,4,15,0,0,394978,22316
KR_8339651051,200,True,957085,WIN,10,2,3,2,0,5,15,3,1,83409,7480
KR_8339595936,100,False,797640,LOSE,1,4,0,4,2,3,10,1,1,127303,52080
KR_8339595936,200,True,797640,WIN,3,0,5,1,2,2,8,2,1,394978,645716
KR_8339577032,100,False,1177247,WIN,3,3,4,4,3,5,19,3,0,230055,80956
KR_8339577032,200,True,1177247,LOSE,3,1,7,5,3,3,28,0,3,12547,11107
KR_8339527906,100,True,892737,WIN,5,3,2,3,3,4,11,3,0,22262,84108
KR_8339527906,200,False,892737,LOSE,1,2,2,4,3,5,8,0,2,394978,645716
KR_8338498528,100,False,967553,LOSE,1,4,2,6,5,2,8,3,0,10715,244407
KR_8338498528,200,True,967553,WIN,3,2,3,1,11,2,10,0,2,394978,645716
KR_8338457851,100,False,606956,LOSE,0,2,2,0,3,0,3,0,1,207288,30010
KR_8338457851,200,True,606956,WIN,0,1,2,1,0,0,3,0,0,394978,645716
KR_8338259455,100,True,1085981,WIN,4,3,4,3,2,1,14,3,3,55210,166210
KR_8338259455,200,False,1085981,LOSE,2,4,3,4,2,4,9,0,0,394978,645716
KR_8337673031,100,False,944780,WIN,1,2,3,4,1,2,19,3,2,2130793,360680
KR_8337673031,200,True,944780,LOSE,2,3,5,1,3,1,12,0,0,394978,645716
KR_8337629061,100,True,810178,WIN,4,1,3,3,4,0,12,0,2,394978,22316
KR_8337629061,200,False,810178,LOSE,2,5,3,3,2,2,11,3,0,11024,21932
KR_8350627821,100,False,1013587,LOSE,5,4,0,4,2,4,9,3,0,121702,22679
KR_8350627821,200,True,1013587,WIN,4,3,2,3,7,1,20,0,2,300381,250351
KR_8350596178,100,False,823735,LOSE,1,6,1,4,1,5,14,0,0,13504,220242
KR_8350596178,200,True,823735,WIN,10,1,1,1,3,2,14,3,1,1086874,21931
KR_8344912350,100,False,925796,LOSE,5,4,1,4,7,2,15,3,1,369327,150277
KR_8344912350,200,True,925796,WIN,4,3,1,5,5,1,44,0,1,113618,771974
KR_8340934563,100,False,1187013,WIN,5,7,1,6,1,2,17,3,0,23568,55459
KR_8340934563,200,True,1187013,LOSE,9,4,3,1,5,7,22,0,1,51926,65204
KR_8340874954,100,False,906139,WIN,6,1,0,4,5,3,10,2,1,107007,194499
KR_8340874954,200,True,906139,LOSE,3,5,2,5,3,3,52,1,1,98572,1696
KR_8340839898,100,True,935883,LOSE,3,1,0,1,3,3,14,0,2,23568,24683
KR_8340839898,200,False,935883,WIN,2,2,0,2,2,2,12,3,0,455191,242074
KR_8340829103,100,False,916882,WIN,3,5,3,2,4,2,13,3,1,39782,153447
KR_8340829103,200,True,916882,LOSE,6,0,1,7,1,1,13,0,1,23568,277634
KR_8339865392,100,False,1036200,LOSE,5,1,0,1,0,2,21,0,1,311485,29467
KR_8339865392,200,True,1036200,WIN,1,3,0,2,2,3,15,3,2,98050,10045
KR_8339690197,100,True,963674,WIN,5,2,1,2,3,4,8,2,0,767345,11421
KR_8339690197,200,False,963674,LOSE,5,3,0,7,2,3,9,1,2,6406,29475
KR_8339380620,100,False,739662,WIN,7,2,1,3,3,1,10,2,0,9832,312262
KR_8339380620,200,True,739662,LOSE,1,7,2,1,5,2,6,1,1,94323,2460080
KR_8338810298,100,True,878597,WIN,1,1,0,3,1,3,10,0,1,14779,166248
KR_8338810298,200,False,878597,LOSE,1,2,1,3,3,3,8,3,1,15645,155010
KR_8338751159,100,True,1020530,LOSE,5,4,1,1,2,3,23,0,0,16980,19036
KR_8338751159,200,False,1020530,WIN,4,4,3,3,2,2,54,3,1,66124,27279
KR_8337672112,100,True,782048,LOSE,3,2,0,6,3,2,9,2,0,155039,292516
KR_8337672112,200,False,782048,WIN,2,3,4,2,2,2,6,1,2,690771,10451
KR_8352780271,100,False,767828,WIN,0,2,1,1,1,1,11,0,0,60631,1117617
KR_8352780271,200,True,767828,LOSE,1,0,0,0,5,1,5,3,1,306813,160068
KR_8352709133,100,False,979597,LOSE,2,5,0,6,2,2,15,3,0,14739,4553
KR_8352709133,200,True,979597,WIN,9,0,0,3,6,3,10,0,2,96472,13657
KR_8352655181,100,False,938269,LOSE,2,4,0,5,1,0,15,3,0,97386,73956
KR_8352655181,200,True,938269,WIN,4,2,1,2,4,0,12,0,2,14037,1383700
KR_8352578133,100,True,926423,LOSE,3,3,0,3,2,0,10,0,0,168842,20055
KR_8352578133,200,False,926423,WIN,1,3,2,1,2,3,13,3,2,13064,51552
KR_8350560857,100,False,1080223,LOSE,2,5,1,3,3,5,15,0,0,704278,374457
KR_8350560857,200,True,1080223,WIN,4,2,4,2,4,2,18,3,3,127066,1419800
KR_8350530123,100,True,1079576,LOSE,1,7,2,2,2,1,62,3,1,249755,6590
KR_8350530123,200,False,1079576,WIN,7,3,0,3,5,2,24,0,1,81109,39242
KR_8350423709,100,False,778019,WIN,2,1,2,0,2,2,10,1,1,8209,344805
KR_8350423709,200,True,778019,LOSE,0,3,1,1,0,2,42,2,0,115072,45885
KR_8350375828,100,False,1100555,LOSE,3,2,1,4,2,2,30,1,0,57248,46200
KR_8350375828,200,True,1100555,WIN,1,4,1,2,2,2,14,2,2,86743,12758
KR_8350334234,100,True,1174918,LOSE,1,2,0,6,2,5,64,3,1,403723,18960
KR_8350334234,200,False,1174918,WIN,6,3,2,3,6,1,22,0,2,1278474,24378
KR_8350288907,100,False,700957,LOSE,1,2,1,4,1,2,15,3,0,734683,54512
KR_8350288907,200,True,700957,WIN,6,0,1,2,1,0,7,0,1,215009,6765
KR_8350262696,100,False,667231,LOSE,0,3,2,3,4,1,3,3,0,7285,16738
KR_8350262696,200,True,667231,WIN,3,1,1,2,4,2,9,0,1,969662,31755
KR_8350211857,100,True,976131,LOSE,2,5,2,1,2,3,11,3,2,56227,1153835
KR_8350211857,200,False,976131,WIN,6,2,1,2,2,1,13,0,0,37721,201020
KR_8349932372,100,False,989857,LOSE,5,1,0,2,4,3,14,2,0,655890,24681
KR_8349932372,200,True,989857,WIN,2,5,1,2,3,2,19,1,1,126105,619995
KR_8349915845,100,False,677016,LOSE,0,2,1,2,1,3,6,1,1,61036,2973383
KR_8349915845,200,True,677016,WIN,5,0,0,0,2,1,6,2,0,798982,236672
KR_8347506561,100,False,602366,LOSE,1,3,4,1,0,2,2,3,1,410791,20557
KR_8347506561,200,True,602366,WIN,3,1,0,1,5,2,5,0,0,74099,3317
KR_8347470796,100,True,994012,WIN,2,2,1,3,3,1,16,3,1,107985,75055
KR_8347470796,200,False,994012,LOSE,2,2,0,2,4,2,9,0,0,27089,37707
KR_8347451346,100,False,1325959,LOSE,2,5,1,0,2,2,20,3,1,103782,531207
KR_8347451346,200,True,1325959,WIN,3,0,0,3,5,1,30,0,2,66005,95801
KR_8347419208,100,False,1010305,LOSE,4,4,3,3,3,7,12,0,0,289384,655962
KR_8347419208,200,True,1010305,WIN,5,6,3,2,7,2,14,3,2,58903,83051
KR_8347375455,100,False,823549,LOSE,1,3,0,2,2,2,8,2,0,500739,79865
KR_8347375455,200,True,823549,WIN,1,1,0,0,5,2,6,1,1,1258450,123626
KR_8347213672,100,True,935357,WIN,3,2,0,2,4,4,8,0,0,60642,21459
KR_8347213672,200,False,935357,LOSE,0,3,1,3,1,2,13,3,1,156758,23434
KR_8347145763,100,True,617942,WIN,2,0,1,0,2,2,4,1,0,331644,25107
KR_8347145763,200,False,617942,LOSE,0,1,0,4,1,1,3,0,0,35571,13329
KR_8347106321,100,True,1058303,WIN,11,6,2,5,4,2,23,3,1,26565,434865
KR_8347106321,200,False,1058303,LOSE,6,9,3,7,4,2,10,0,0,46684,28745
KR_8347052991,100,False,853426,LOSE,3,4,1,5,2,5,5,0,0,473013,148299
KR_8347052991,200,True,853426,WIN,5,2,4,2,2,1,8,3,2,18949,618126
KR_8347013718,100,False,853268,WIN,3,6,3,5,3,3,16,3,1,2942,42331
KR_8347013718,200,True,853268,LOSE,4,5,3,0,6,3,13,0,1,31365,4237172
KR_8354299422,100,False,959889,LOSE,0,3,1,1,0,2,13,2,0,73296,119258
KR_8354299422,200,True,959889,WIN,1,1,3,1,3,1,14,1,2,153923,16309
KR_8354283596,100,True,881917,WIN,6,1,2,4,2,0,15,3,1,84909,37763
KR_8354283596,200,False,881917,LOSE,2,6,0,5,2,2,11,0,1,213336,51959
KR_8353190556,100,False,918813,WIN,6,3,1,4,5,2,12,3,0,8524,9076
KR_8353190556,200,True,918813,LOSE,8,7,0,2,5,1,11,0,2,147120,5676
KR_8353180388,100,True,735189,WIN,6,2,2,3,1,0,12,3,1,179615,34534
KR_8353180388,200,False,735189,LOSE,4,3,1,3,2,3,7,0,0,108119,554
KR_8352193128,100,False,720733,WIN,2,3,1,3,3,1,12,3,1,3977,110842
KR_8352193128,200,True,720733,LOSE,2,3,3,2,3,0,7,0,0,19627,454270
KR_8349119775,100,True,870127,WIN,10,4,2,2,0,1,6,3,0,67554,110651
KR_8349119775,200,False,870127,LOSE,2,5,2,5,4,3,6,0,0,6274,62202
KR_8348718919,100,True,580624,WIN,4,1,2,0,1,1,7,0,1,15004,240788
KR_8348718919,200,False,580624,LOSE,0,6,0,1,2,0,5,3,0,57758,48029
KR_8348711595,100,True,1072249,WIN,6,3,1,0,9,1,25,3,2,551017,403808
KR_8348711595,200,False,1072249,LOSE,2,2,3,8,0,4,13,0,1,14249,3326
KR_8348776370,100,True,954242,LOSE,0,2,0,2,2,3,14,3,0,351073,446520
KR_8348776370,200,False,954242,WIN,0,0,1,1,3,2,9,0,2,52083,311764
KR_8347896748,100,True,913961,WIN,2,3,1,0,5,0,48,3,1,7929,656237
KR_8347896748,200,False,913961,LOSE,2,2,1,3,1,7,19,0,0,394164,50302
KR_8345635084,100,False,946031,LOSE,0,2,1,5,2,5,52,3,0,102464,5675
KR_8345635084,200,True,946031,WIN,2,1,1,2,8,0,12,0,2,1843300,2344
KR_8345609096,100,False,1026514,LOSE,3,3,1,1,5,4,13,1,1,101045,503692
KR_8345609096,200,True,1026514,WIN,4,2,1,3,0,3,15,2,1,87288,70545
KR_8342782814,100,True,832395,WIN,2,1,5,2,6,0,7,2,1,24255,11940
KR_8342782814,200,False,832395,LOSE,2,4,1,6,1,3,39,1,0,256267,2913
KR_8352738124,100,False,1009891,LOSE,3,1,1,1,0,1,11,0,1,33228,7310
KR_8352738124,200,True,1009891,WIN,1,3,0,1,3,1,13,3,1,256040,1056789
KR_8352659845,100,True,701030,WIN,7,1,0,2,2,4,3,3,0,42924,89485
KR_8352659845,200,False,701030,LOSE,2,3,1,7,2,3,10,0,0,188412,84473
KR_8352629017,100,False,878424,LOSE,1,3,1,6,0,4,12,2,0,248112,4312
KR_8352629017,200,True,878424,WIN,8,0,1,2,7,0,9,1,2,108774,14360
KR_8352550445,100,False,939641,LOSE,2,2,2,4,1,2,11,0,0,162561,331852
KR_8352550445,200,True,939641,WIN,2,4,1,0,5,0,14,3,1,56244,3834
KR_8344973899,100,False,984248,LOSE,1,1,0,2,7,0,12,1,0,52561,52111
KR_8344973899,200,True,984248,WIN,0,0,1,1,2,1,16,2,2,161276,38074
KR_8354048393,100,False,1036911,LOSE,1,3,0,3,1,3,55,3,0,69995,164232
KR_8354048393,200,True,1036911,WIN,3,1,0,0,5,1,24,0,2,177545,52286
KR_8354021118,100,False,834045,LOSE,2,3,1,2,0,3,40,0,0,79913,164232
KR_8354021118,200,True,834045,WIN,4,1,0,1,2,2,14,3,1,368412,283448
KR_8352099648,100,True,1111528,WIN,2,2,1,4,13,2,155,0,2,523257,23280
KR_8352099648,200,False,1111528,LOSE,4,5,2,4,4,6,14,3,0,155625,10062
KR_8352054354,100,True,954686,WIN,7,4,1,4,4,3,12,3,1,45818,158785
KR_8352054354,200,False,954686,LOSE,5,3,2,5,5,3,8,0,1,218316,888627
KR_8354238756,100,False,708075,LOSE,1,4,0,4,2,1,7,3,0,59458,81721
KR_8354238756,200,True,708075,WIN,2,1,3,1,4,0,9,0,1,275502,11550
KR_8354236077,100,True,1011442,LOSE,2,2,1,5,3,0,17,0,0,101084,82046
KR_8354236077,200,False,1011442,WIN,2,3,4,4,2,3,15,3,2,71240,209042
KR_8345824437,100,False,1051101,LOSE,0,3,3,2,4,2,11,3,0,11556,17159
KR_8345824437,200,True,1051101,WIN,3,3,0,2,4,1,18,0,2,34709,42445
KR_8355246220,100,False,868724,LOSE,0,5,1,4,4,2,11,3,0,386596,24421
KR_8355246220,200,True,868724,WIN,5,1,2,1,5,3,13,0,1,71865,99492
KR_8355217656,100,True,457949,WIN,2,0,3,0,0,0,3,0,0,6209,30059
KR_8355217656,200,False,457949,LOSE,0,3,0,2,2,0,1,0,0,7596,160031
KR_8355195685,100,True,866414,LOSE,3,5,2,2,3,1,17,3,0,56384,3642315
KR_8355195685,200,False,866414,WIN,3,1,5,3,1,4,7,0,1,604109,19304
KR_8355175715,100,True,605526,WIN,4,3,0,4,1,2,3,0,0,139121,19304
KR_8355175715,200,False,605526,LOSE,3,3,2,1,2,1,10,3,0,42942,3642315
KR_8355146776,100,True,820592,WIN,2,3,0,4,3,1,10,3,0,28225,14994
KR_8355146776,200,False,820592,LOSE,4,2,4,3,1,2,6,0,1,277319,19304
KR_8355119685,100,False,1037501,LOSE,4,4,1,5,3,5,20,3,0,56610,827774
KR_8355119685,200,True,1037501,WIN,4,3,3,2,7,1,17,0,2,188047,30905
KR_8354991353,100,True,989028,LOSE,2,5,2,8,5,1,55,3,1,19214,470075
KR_8354991353,200,False,989028,WIN,4,1,6,5,3,1,13,0,0,6483,18383
KR_8354925947,100,False,1040849,WIN,3,2,1,2,7,1,9,1,0,26812,10395
KR_8354925947,200,True,1040849,LOSE,1,5,0,5,7,3,7,2,1,270452,32229
KR_8351653429,100,False,790087,WIN,7,3,4,2,2,1,7,0,1,6938,504536
KR_8351653429,200,True,790087,LOSE,3,7,2,4,0,1,7,3,1,29835,2854
KR_8351625865,100,False,771647,LOSE,8,7,0,6,5,3,5,3,0,76471,40325
KR_8351625865,200,True,771647,WIN,9,4,5,6,3,1,3,0,1,100703,2065
KR_8351626184,100,False,957531,LOSE,7,1,0,0,7,3,11,0,1,57813,914528
KR_8351626184,200,True,957531,WIN,1,4,0,4,1,4,7,3,1,242648,30059
KR_8351599649,100,False,828988,LOSE,5,7,0,5,1,5,7,3,0,131614,62163
KR_8351599649,200,True,828988,WIN,6,2,5,2,4,1,5,0,1,266321,44016
KR_8351584974,100,False,801065,LOSE,1,6,1,5,3,2,10,3,0,69919,496633
KR_8351584974,200,True,801065,WIN,5,1,4,3,3,1,5,0,1,412729,30865
KR_8355051334,100,True,830050,WIN,4,3,2,5,1,2,11,0,1,111841,215038
KR_8355051334,200,False,830050,LOSE,3,2,0,2,6,4,10,3,0,186881,1837644
KR_8355022241,100,True,736391,WIN,7,3,0,1,4,0,13,2,1,9040,9959
KR_8355022241,200,False,736391,LOSE,2,5,2,2,0,2,19,1,0,119531,135674
KR_8354973212,100,True,987346,WIN,4,2,2,0,2,1,15,3,1,86327,12476
KR_8354973212,200,False,987346,LOSE,1,4,0,3,0,4,13,0,0,113486,127417
KR_8354909856,100,True,1132311,WIN,6,3,1,8,4,4,16,3,1,99407,58488
KR_8354909856,200,False,1132311,LOSE,5,4,3,4,7,3,10,0,2,130111,71978
KR_8354843742,100,True,1033001,WIN,2,3,2,2,5,0,24,3,1,141694,75347
KR_8354843742,200,False,1033001,LOSE,3,4,1,2,1,3,12,0,1,3139,102777
KR_8354800210,100,True,768302,WIN,0,1,3,3,4,0,10,3,1,2770,31328
KR_8354800210,200,False,768302,LOSE,0,2,2,2,1,2,11,0,0,56321,1729950
KR_8354730754,100,False,728859,LOSE,1,5,0,5,0,1,9,3,1,26143,10595
KR_8354730754,200,True,728859,WIN,11,0,0,0,1,1,11,0,1,151501,454983
KR_8351454232,100,True,855124,LOSE,3,1,2,9,1,2,10,3,1,223041,1855
KR_8351454232,200,False,855124,WIN,4,1,0,3,6,6,20,0,1,123337,138501
KR_8351384865,100,True,988423,WIN,2,2,0,2,5,1,10,1,0,201495,10229
KR_8351384865,200,False,988423,LOSE,2,2,1,2,2,0,13,2,1,475175,35281
KR_8347538215,100,False,886778,LOSE,5,4,1,5,2,5,41,0,0,168756,5729
KR_8347538215,200,True,886778,WIN,1,3,7,4,4,2,9,3,2,258683,47807
KR_8354902016,100,False,826296,LOSE,0,3,0,0,2,1,41,0,0,38602,70226
KR_8354902016,200,True,826296,WIN,2,1,1,0,1,1,8,3,1,15810,204576
KR_8354824821,100,False,561462,LOSE,0,4,0,1,2,1,3,3,0,791839,8127
KR_8354824821,200,True,561462,WIN,3,0,0,1,0,2,4,0,1,37752,311074
KR_8354786469,100,True,950904,WIN,5,3,1,3,7,2,9,1,2,317862,197715
KR_8354786469,200,False,950904,LOSE,4,3,0,5,3,5,13,2,0,6816,939681
KR_8353700709,100,True,801280,WIN,3,3,2,4,3,0,5,3,1,79265,46298
KR_8353700709,200,False,801280,LOSE,2,2,0,3,5,3,10,0,1,4269,10661
KR_8352737371,100,True,764558,LOSE,3,4,1,3,6,2,9,3,0,56120,205427
KR_8352737371,200,False,764558,WIN,5,1,2,6,2,2,9,0,1,127731,41058
KR_8350314991,100,True,939221,WIN,5,0,2,2,5,3,12,3,1,172838,19832
KR_8350314991,200,False,939221,LOSE,1,5,0,3,4,7,8,0,0,338020,12971
KR_8350270629,100,True,962029,WIN,8,2,0,3,1,2,14,0,1,184077,30080
KR_8350270629,200,False,962029,LOSE,5,5,0,3,1,1,9,3,0,125846,156499
KR_8350103528,100,True,960540,LOSE,1,4,1,2,4,5,6,3,0,43078,27063
KR_8350103528,200,False,960540,WIN,5,1,0,1,6,1,19,0,1,69091,8079
KR_8350086317,100,True,736819,LOSE,3,4,0,4,5,1,9,3,0,35175,346932
KR_8350086317,200,False,736819,WIN,1,2,2,4,3,2,8,0,1,2315245,2630
KR_8350059547,100,False,764759,WIN,6,3,2,1,3,2,7,3,0,2315245,120477
KR_8350059547,200,True,764759,LOSE,0,5,2,3,3,4,6,0,1,257109,125091
KR_8349386794,100,True,885661,WIN,3,5,4,8,1,1,12,3,0,98203,16788
KR_8349386794,200,False,885661,LOSE,7,3,4,4,7,1,8,0,1,11053,124542
KR_8349316199,100,False,676880,LOSE,0,2,1,2,4,1,7,0,0,598618,1239715
KR_8349316199,200,True,676880,WIN,4,1,0,2,1,2,10,3,1,42282,522713
KR_8348313851,100,True,957852,WIN,10,2,2,4,6,4,17,3,1,2716534,56522
KR_8348313851,200,False,957852,LOSE,5,6,2,6,4,4,11,0,1,263560,255292
KR_8348268604,100,True,865277,WIN,6,3,0,2,4,1,7,0,2,42530,7019
KR_8348268604,200,False,865277,LOSE,1,2,1,5,2,3,7,3,0,762893,977303
KR_8348180518,100,True,818526,LOSE,2,1,0,5,2,0,41,0,1,315918,58736
KR_8348180518,200,False,818526,WIN,1,1,3,1,1,1,12,3,0,24731,2278
KR_8347931820,100,True,652538,WIN,3,1,1,0,2,1,6,1,1,225266,435049
KR_8347931820,200,False,652538,LOSE,0,2,0,3,1,0,5,2,0,3418,15457
KR_8347269747,100,True,957849,LOSE,3,3,0,2,3,1,13,3,0,232644,207680
KR_8347269747,200,False,957849,WIN,5,3,0,2,0,4,13,0,1,490752,32892
KR_8351595724,100,True,822116,WIN,3,2,1,2,5,0,38,3,2,346580,540254
KR_8351595724,200,False,822116,LOSE,3,3,0,1,4,4,7,0,0,3678779,9964
KR_8351578947,100,True,931910,WIN,1,2,2,1,5,1,48,3,1,45969,540254
KR_8351578947,200,False,931910,LOSE,2,5,1,1,0,2,8,0,0,33256,21312
KR_8351585167,100,True,648133,WIN,7,2,3,1,2,1,4,3,0,229136,25844
KR_8351585167,200,False,648133,LOSE,2,5,0,6,0,2,1,0,0,863175,26994
KR_8351577187,100,True,671902,LOSE,0,4,2,4,3,2,4,0,0,77416,132735
KR_8351577187,200,False,671902,WIN,4,2,1,0,7,2,5,3,2,346580,79463
KR_8351554948,100,True,1031257,LOSE,2,2,1,6,3,3,18,2,0,13583,350350
KR_8351554948,200,False,1031257,WIN,7,2,0,2,4,3,16,1,2,40898,80501
KR_8351559213,100,False,912305,WIN,1,3,0,3,3,5,13,0,0,304776,1707432
KR_8351559213,200,True,912305,LOSE,2,1,1,1,7,1,18,3,2,67736,1323554
KR_8346999189,100,False,932622,WIN,2,3,1,6,3,2,18,1,0,510709,157691
KR_8346999189,200,True,932622,LOSE,6,3,1,4,3,0,8,2,1,261150,4808
KR_8346959199,100,False,905171,WIN,5,4,1,3,3,2,25,1,0,237663,43151
KR_8346959199,200,True,905171,LOSE,1,7,1,1,9,0,6,2,2,55470,564279
KR_8346938257,100,True,761462,WIN,3,2,1,1,8,0,5,3,0,124090,50034
KR_8346938257,200,False,761462,LOSE,0,4,1,6,4,3,5,0,1,95534,1090
KR_8339573973,100,True,874142,WIN,3,1,2,1,4,3,12,0,1,44783,98316
KR_8339573973,200,False,874142,LOSE,1,4,1,2,1,1,13,3,1,78192,577618
KR_8338121203,100,False,704366,LOSE,1,5,1,4,2,1,7,0,0,66521,21813
KR_8338121203,200,True,704366,WIN,6,2,3,0,3,1,5,3,2,67413,67398
KR_8338102892,100,True,770640,WIN,1,1,5,5,4,2,6,3,1,26864,15711
KR_8338102892,200,False,770640,LOSE,4,1,1,2,2,6,8,0,0,54388,79220
KR_8338103521,100,True,859362,WIN,7,0,0,0,3,1,11,0,0,49176,40881
KR_8338103521,200,False,859362,LOSE,0,4,0,4,1,3,8,3,1,22476,1869
KR_8338108003,100,False,933897,LOSE,0,5,8,6,3,4,7,2,1,1691,36848
KR_8338108003,200,True,933897,WIN,7,1,1,6,11,3,11,1,1,36581,51369
KR_8337875727,100,True,832767,WIN,3,1,0,1,3,3,11,2,1,22438,59933
KR_8337875727,200,False,832767,LOSE,0,2,0,3,5,2,7,1,0,518043,7831
KR_8339272971,100,True,1029177,LOSE,7,8,4,9,1,3,27,3,0,111739,819668
KR_8339272971,200,False,1029177,WIN,3,7,7,5,6,0,12,0,2,19703,1393092
KR_8339263999,100,False,705215,WIN,4,1,0,1,5,2,6,3,0,316450,22620
KR_8339263999,200,True,705215,LOSE,3,2,0,3,3,2,0,0,0,3694294,3655
KR_8339242682,100,False,857862,LOSE,1,3,3,3,2,0,12,3,0,73783,33139
KR_8339242682,200,True,857862,WIN,3,2,1,3,2,1,12,0,1,109376,1776
KR_8339226494,100,True,936693,LOSE,2,5,1,6,5,3,8,0,0,43176,7080
KR_8339226494,200,False,936693,WIN,7,3,2,2,1,1,16,3,1,170040,15303
KR_8337958523,100,True,913101,LOSE,1,5,2,2,2,0,34,3,0,959152,7513
KR_8337958523,200,False,913101,WIN,6,2,1,1,2,2,9,0,2,11685,95335
KR_8347223952,100,True,870449,LOSE,1,5,0,5,7,3,11,0,0,13545,1740870
KR_8347223952,200,False,870449,WIN,5,2,2,3,3,3,12,3,1,67618,50180
KR_8348382627,100,True,1007386,WIN,7,4,0,1,6,2,15,3,0,391791,147089
KR_8348382627,200,False,1007386,LOSE,3,5,0,3,3,6,10,0,1,119272,137216
KR_8347536448,100,False,829961,WIN,2,1,2,3,8,6,9,3,1,23253,13572
KR_8347536448,200,True,829961,LOSE,0,5,4,5,3,3,6,0,0,220500,35371
KR_8346420070,100,False,902993,LOSE,3,5,0,5,3,2,12,3,0,13318,428670
KR_8346420070,200,True,902993,WIN,6,5,2,0,3,2,15,0,1,87199,674748
KR_8353849292,100,False,858909,LOSE,4,4,5,3,4,4,8,0,0,656350,1194331
KR_8353849292,200,True,858909,WIN,2,6,2,5,3,1,9,3,1,37794,31164
KR_8353774589,100,False,987869,LOSE,4,2,2,3,7,6,17,0,0,118034,36875
KR_8353774589,200,True,987869,WIN,5,3,1,3,9,4,13,3,2,141064,52065
KR_8344912812,100,True,832350,LOSE,4,6,1,3,3,0,5,0,0,785806,221378
KR_8344912812,200,False,832350,WIN,4,3,0,2,6,1,11,3,1,88107,136059
KR_8344402031,100,True,927790,WIN,4,2,2,0,2,1,14,0,1,370100,171674
KR_8344402031,200,False,927790,LOSE,1,2,1,4,1,2,14,3,1,56000,104577
KR_8355065137,100,False,769232,WIN,6,2,5,2,3,3,11,2,0,225982,552528
KR_8355065137,200,True,769232,LOSE,1,6,1,6,5,0,13,1,1,41956,669920
KR_8354996055,100,False,830154,LOSE,1,4,4,7,6,2,9,0,1,203496,53686
KR_8354996055,200,True,830154,WIN,5,2,1,1,3,4,18,3,0,33559,3082
KR_8354926062,100,True,1133971,LOSE,8,5,1,6,3,1,18,0,0,95628,16517
KR_8354926062,200,False,1133971,WIN,8,3,1,2,5,4,12,3,2,316591,16711
KR_8354860487,100,False,764289,LOSE,1,4,0,4,1,1,4,0,0,138287,215243
KR_8354860487,200,True,764289,WIN,8,0,0,3,1,0,11,3,1,20491,1781543
KR_8354096715,100,False,979601,WIN,6,3,1,1,2,2,15,0,1,58115,89711
KR_8354096715,200,True,979601,LOSE,5,3,0,5,2,5,12,3,0,576623,188340
KR_8354074377,100,False,805573,WIN,1,5,1,4,2,1,5,3,1,99159,151527
KR_8354074377,200,True,805573,LOSE,7,2,1,2,3,1,6,0,0,158407,4804
KR_8354033957,100,True,924496,LOSE,3,2,0,3,7,4,9,3,1,45103,6099
KR_8354033957,200,False,924496,WIN,2,4,1,2,5,3,10,0,1,31259,24905
KR_8354003756,100,False,957817,LOSE,1,3,2,4,4,5,7,0,0,316591,270983
KR_8354003756,200,True,957817,WIN,2,3,1,1,12,1,11,3,2,21322,105309
KR_8345831037,100,False,930643,LOSE,2,7,1,4,7,1,8,2,1,316591,5965
KR_8345831037,200,True,930643,WIN,1,4,8,6,5,0,9,1,0,104627,339620
KR_8345794003,100,False,961623,LOSE,2,2,4,5,3,0,11,3,2,918702,19193
KR_8345794003,200,True,961623,WIN,5,5,1,4,3,2,13,0,0,10575,314756
KR_8345754070,100,True,819105,WIN,4,2,2,1,3,3,10,0,0,624061,120725
KR_8345754070,200,False,819105,LOSE,0,2,1,6,5,1,13,3,1,181456,174493
KR_8345704814,100,True,880612,LOSE,3,2,2,3,5,3,11,3,1,22620,16198
KR_8345704814,200,False,880612,WIN,5,3,0,2,1,2,10,0,0,35100,517169
KR_8345664998,100,True,596740,LOSE,0,3,2,4,3,1,25,0,0,7271,15556
KR_8345664998,200,False,596740,WIN,5,0,0,2,2,1,8,3,1,42049,2653
KR_8345637588,100,True,707372,LOSE,2,5,1,6,1,2,10,3,0,240573,28143
KR_8345637588,200,False,707372,WIN,6,1,4,1,2,2,5,0,1,101460,31495
KR_8353526050,100,False,859943,WIN,4,1,0,2,4,3,11,1,1,727145,3223
KR_8353526050,200,True,859943,LOSE,3,2,0,2,2,4,12,2,1,52907,221456
KR_8341816984,100,False,940909,LOSE,5,2,0,2,0,2,14,3,0,8987,22737
KR_8341816984,200,True,940909,WIN,3,3,0,2,2,1,48,0,2,64920,37330
KR_8338186897,100,False,934874,LOSE,7,6,1,1,1,3,11,0,1,355147,15732
KR_8338186897,200,True,934874,WIN,3,5,4,3,2,1,14,3,1,46960,1252144
KR_8338171865,100,False,821850,WIN,0,1,3,3,1,3,11,2,0,125785,362333
KR_8338171865,200,True,821850,LOSE,4,0,0,1,3,1,12,1,1,7158,280070
KR_8337987761,100,False,714699,LOSE,2,3,0,2,0,1,8,0,0,243781,276910
KR_8337987761,200,True,714699,WIN,4,0,0,1,1,2,9,3,0,1111611,20493
KR_8337086980,100,False,823678,LOSE,4,3,1,2,2,3,13,0,1,954290,37066
KR_8337086980,200,True,823678,WIN,2,1,1,5,5,1,8,3,0,264261,860335
KR_8352434785,100,True,1066262,WIN,9,3,5,3,6,0,20,1,2,52843,277235
KR_8352434785,200,False,1066262,LOSE,1,5,3,8,2,6,14,2,0,212924,23267
KR_8352374154,100,True,1022282,WIN,0,4,0,2,5,2,14,3,1,4130409,311973
KR_8352374154,200,False,1022282,LOSE,3,1,2,1,2,4,13,0,1,293188,371753
KR_8355129856,100,False,650838,LOSE,0,3,0,2,0,2,4,1,0,107000,36615
KR_8355129856,200,True,650838,WIN,6,0,0,0,3,0,11,2,0,70958,44390
KR_8355109466,100,False,1019002,LOSE,4,5,1,2,1,4,20,0,0,341678,52013
KR_8355109466,200,True,1019002,WIN,2,3,2,5,6,0,151,3,2,252070,167590
KR_8355078258,100,False,1000427,LOSE,5,5,2,5,0,4,14,0,0,49769,51414
KR_8355078258,200,True,1000427,WIN,6,4,1,3,8,2,25,3,1,269481,45761
KR_8355039340,100,False,1090811,WIN,2,1,0,0,5,4,9,1,1,443172,28172
KR_8355039340,200,True,1090811,LOSE,1,2,0,1,6,3,31,2,2,511074,41851
KR_8354895720,100,False,858311,WIN,2,3,1,2,1,3,14,3,1,13325,27592
KR_8354895720,200,True,858311,LOSE,2,2,2,3,4,2,134,0,1,670376,167590
KR_8354827862,100,False,914219,WIN,2,1,5,1,5,1,138,1,1,127484,167590
KR_8354827862,200,True,914219,LOSE,0,2,0,5,0,4,17,2,0,12722,28046
KR_8352835398,100,True,959767,WIN,5,2,1,2,0,2,9,0,0,176296,40169
KR_8352835398,200,False,959767,LOSE,4,2,0,2,2,2,17,3,2,75819,71764
KR_8350946694,100,False,973585,LOSE,3,4,0,4,5,2,51,3,0,399362,548
KR_8350946694,200,True,973585,WIN,5,1,2,4,3,4,8,0,2,7725,5999
KR_8342620516,100,True,708968,WIN,2,1,1,0,0,1,98,3,0,107562,189802
KR_8342620516,200,False,708968,LOSE,0,2,1,1,2,0,12,0,1,271900,1440899
KR_8340463251,100,False,1006196,LOSE,0,3,0,0,0,3,15,3,0,80957,8834
KR_8340463251,200,True,1006196,WIN,1,0,3,0,2,0,18,0,2,83141,2259502
KR_8340392633,100,True,1115251,WIN,1,2,1,6,7,3,15,3,0,383239,37577
KR_8340392633,200,False,1115251,LOSE,1,4,0,3,10,1,67,0,2,148415,139619
KR_8340299029,100,False,829084,LOSE,4,4,0,7,4,2,12,3,1,12074,7079
KR_8340299029,200,True,829084,WIN,5,2,5,1,2,4,10,0,0,15607,59939
KR_8340211213,100,False,1179078,WIN,2,1,3,5,1,6,24,3,1,216241,138803
KR_8340211213,200,True,1179078,LOSE,6,2,0,2,9,1,21,0,2,103912,64830
KR_8352009322,100,True,955570,WIN,2,2,1,0,3,0,19,3,2,326149,26006
KR_8352009322,200,False,955570,LOSE,1,4,1,4,0,4,18,0,0,74457,764892
KR_8351944725,100,True,815271,LOSE,1,6,0,4,4,2,10,3,1,45323,30542
KR_8351944725,200,False,815271,WIN,5,0,2,3,5,2,13,0,1,44317,563579
KR_8351903672,100,True,594672,WIN,2,0,2,1,3,2,6,3,0,223010,379949
KR_8351903672,200,False,594672,LOSE,1,1,1,4,3,1,3,0,0,164222,69563
KR_8351884026,100,True,865377,WIN,5,2,5,2,3,0,15,3,1,125944,26429
KR_8351884026,200,False,865377,LOSE,3,2,0,6,2,5,16,0,0,60278,3608011
KR_8351830778,100,False,768893,LOSE,0,4,1,4,2,2,13,0,0,214639,53592
KR_8351830778,200,True,768893,WIN,7,1,0,0,4,0,9,3,2,60142,537977
KR_8351795998,100,True,671517,WIN,1,1,0,1,4,1,7,0,1,55514,123828
KR_8351795998,200,False,671517,LOSE,1,4,0,0,4,2,14,3,0,45002,11550
KR_8349373591,100,True,847848,LOSE,2,2,1,2,2,0,51,3,0,227272,50019
KR_8349373591,200,False,847848,WIN,4,2,0,2,0,3,6,0,1,3192,1313
KR_8342027216,100,False,1012078,LOSE,3,4,4,6,4,0,21,3,0,55137,103886
KR_8342027216,200,True,1012078,WIN,2,2,4,6,6,1,14,0,1,80333,50624
KR_8341982293,100,True,791332,WIN,5,2,0,3,3,1,6,3,0,161526,86321
KR_8341982293,200,False,791332,LOSE,3,2,2,2,1,2,10,0,1,49241,506423
KR_8341842476,100,False,1024873,LOSE,3,1,1,5,3,3,13,2,0,565403,80952
KR_8341842476,200,True,1024873,WIN,4,2,0,2,5,3,20,1,2,54186,708325
KR_8337199534,100,False,804877,LOSE,1,3,1,5,2,4,9,2,0,63528,58774
KR_8337199534,200,True,804877,WIN,6,0,1,1,5,2,12,1,0,31757,643831
KR_8352616903,100,False,1113214,LOSE,5,1,1,0,1,1,18,3,0,227910,266777
KR_8352616903,200,True,1113214,WIN,0,3,0,2,3,1,19,0,2,270970,332563
KR_8352539851,100,False,913816,WIN,5,2,1,1,7,3,9,0,0,60971,327070
KR_8352539851,200,True,913816,LOSE,1,5,2,1,6,6,8,3,1,585541,105857
KR_8352483353,100,False,854290,LOSE,3,2,0,1,0,0,17,0,0,200943,63525
KR_8352483353,200,True,854290,WIN,1,1,0,1,5,1,9,3,2,11606,155479
KR_8352409610,100,True,769604,LOSE,2,2,3,2,5,3,36,2,0,696886,1904
KR_8352409610,200,False,769604,WIN,2,2,4,2,2,3,28,1,1,85122,80943
KR_8352346449,100,True,969523,WIN,2,4,4,4,5,1,16,3,0,51852,31822
KR_8352346449,200,False,969523,LOSE,5,4,1,3,0,3,14,0,1,44367,2298
KR_8352281590,100,True,1092231,WIN,2,3,1,1,1,2,15,3,1,36047,369298
KR_8352281590,200,False,1092231,LOSE,1,2,0,2,5,2,17,0,1,18783,20638
KR_8352244364,100,False,804117,LOSE,1,5,1,5,1,4,6,0,0,548019,328624
KR_8352244364,200,True,804117,WIN,3,1,3,3,10,0,12,3,1,47444,2514
KR_8352205146,100,False,849379,LOSE,3,3,1,3,2,4,10,2,0,78057,10812
KR_8352205146,200,True,849379,WIN,4,2,1,2,5,0,11,1,2,164150,1710722
KR_8352122688,100,True,957178,LOSE,6,3,1,1,3,0,13,3,2,6190013,1341102
KR_8352122688,200,False,957178,WIN,4,3,0,5,4,2,15,0,0,14515,18741
KR_8352128555,100,False,706899,LOSE,0,3,0,3,0,3,33,0,0,990716,50533
KR_8352128555,200,True,706899,WIN,5,0,0,0,3,0,11,3,2,161170,157603
KR_8352067825,100,True,884518,WIN,3,2,0,0,2,2,26,2,0,397190,251651
KR_8352067825,200,False,884518,LOSE,1,1,0,3,1,3,9,1,1,52887,105760
KR_8350137959,100,True,908126,WIN,3,2,2,2,3,2,12,3,1,130653,44752
KR_8350137959,200,False,908126,LOSE,1,3,2,4,2,5,10,0,0,165035,40952
KR_8347904101,100,True,738056,WIN,5,2,1,1,7,3,11,3,0,53878,881353
KR_8347904101,200,False,738056,LOSE,3,4,3,5,1,2,12,0,1,78857,87388
KR_8347863809,100,True,600500,WIN,5,0,5,0,0,0,5,0,1,214295,19791
KR_8347863809,200,False,600500,LOSE,0,5,0,2,0,2,4,3,0,127305,888627
KR_8345493557,100,False,968839,LOSE,1,1,4,2,1,1,16,1,1,18176,159669
KR_8345493557,200,True,968839,WIN,2,2,0,2,3,1,12,2,0,2856,147250
KR_8345480459,100,False,798875,LOSE,5,4,1,5,4,4,6,0,0,9310,98885
KR_8345480459,200,True,798875,WIN,4,3,0,4,1,2,12,3,0,2992,66782
KR_8345454924,100,False,888542,LOSE,0,2,2,1,2,1,12,3,1,141378,208103
KR_8345454924,200,True,888542,WIN,3,2,0,0,1,2,17,0,0,174231,5432
KR_8345202290,100,False,791089,WIN,5,2,2,2,6,1,9,3,0,365372,59553
KR_8345202290,200,True,791089,LOSE,3,3,1,3,2,3,12,0,1,486479,2550
KR_8345146492,100,True,1161064,WIN,0,1,0,2,3,2,20,3,0,84110,3132
KR_8345146492,200,False,1161064,LOSE,3,2,0,2,5,2,39,0,2,173957,90099
KR_8344037849,100,False,737191,LOSE,0,7,1,5,1,0,9,3,0,611079,152052
KR_8344037849,200,True,737191,WIN,9,0,1,0,0,1,10,0,1,445197,573462
KR_8344006866,100,True,1039523,LOSE,3,2,1,1,7,0,14,0,1,454596,664910
KR_8344006866,200,False,1039523,WIN,2,5,0,3,3,2,10,3,0,803828,1124881
KR_8342762484,100,False,867974,LOSE,3,4,2,5,1,0,11,0,0,9065,19712
KR_8342762484,200,True,867974,WIN,5,2,2,3,2,2,14,3,1,30305,54110
KR_8342736004,100,True,895169,LOSE,5,7,3,6,3,1,11,3,0,215021,26615
KR_8342736004,200,False,895169,WIN,6,6,6,5,4,0,14,0,1,126409,2785055
KR_8342280541,100,True,889984,WIN,4,3,1,3,4,2,11,3,2,85552,45873
KR_8342280541,200,False,889984,LOSE,3,6,2,2,3,3,9,0,0,13325,1491348
KR_8342258639,100,False,646566,LOSE,1,4,2,3,2,2,8,1,1,58311,7501
KR_8342258639,200,True,646566,WIN,5,0,1,3,5,1,9,2,0,105756,12919
KR_8342248640,100,False,878369,LOSE,3,3,0,5,1,3,9,3,0,85021,19744
KR_8342248640,200,True,878369,WIN,7,3,0,2,3,2,9,0,1,68392,32412
KR_8342246140,100,False,804304,WIN,3,2,1,4,2,2,11,0,0,74140,167375
KR_8342246140,200,True,804304,LOSE,5,2,1,2,6,2,6,3,1,603158,1123865
KR_8342234222,100,True,918180,WIN,4,2,1,3,5,2,11,3,1,75978,1123865
KR_8342234222,200,False,918180,LOSE,3,3,1,6,2,1,10,0,1,165341,14373
KR_8342214720,100,True,860779,WIN,0,1,0,0,4,1,9,0,0,534393,328527
KR_8342214720,200,False,860779,LOSE,2,2,1,1,2,1,16,3,1,32370,213625
KR_8342219025,100,False,977577,WIN,2,3,1,5,0,4,11,3,2,70892,78148
KR_8342219025,200,True,977577,LOSE,2,3,2,2,7,1,29,0,0,88260,39604
KR_8341166111,100,True,763238,WIN,2,1,1,2,2,1,6,0,1,139973,101267
KR_8341166111,200,False,763238,LOSE,2,3,2,2,2,1,10,3,0,47605,35529
KR_8340877085,100,True,867512,WIN,3,3,3,0,4,0,18,3,2,703108,1560585
KR_8340877085,200,False,867512,LOSE,0,5,3,3,0,1,18,0,0,12030,3383
KR_8340831943,100,True,833499,WIN,3,0,0,2,4,1,9,3,1,184838,99311
KR_8340831943,200,False,833499,LOSE,2,3,0,3,1,1,11,0,0,113310,1560585
KR_8340731764,100,True,859572,WIN,2,1,3,1,6,1,14,0,1,37806,96459
KR_8340731764,200,False,859572,LOSE,1,4,0,5,4,1,13,3,0,8329,2842324
KR_8352743928,100,True,938086,WIN,5,3,3,4,10,0,49,3,2,109945,8426
KR_8352743928,200,False,938086,LOSE,4,8,1,6,5,4,10,0,0,59382,59051
KR_8344329613,100,False,1022167,WIN,2,2,1,5,2,2,14,2,0,678,38613
KR_8344329613,200,True,1022167,LOSE,5,3,3,2,2,0,15,1,2,378637,220101
KR_8344259342,100,True,1029912,LOSE,2,0,0,0,8,1,16,0,1,405360,405288
KR_8344259342,200,False,1029912,WIN,0,2,0,2,2,3,53,3,0,112192,111596
KR_8338827507,100,True,905077,WIN,3,1,4,1,8,0,13,3,2,101947,169540
KR_8338827507,200,False,905077,LOSE,2,3,0,7,0,3,14,0,0,9213,88942
KR_8354816987,100,True,823179,WIN,6,1,0,1,2,2,7,0,0,23441,74396
KR_8354816987,200,False,823179,LOSE,0,4,1,3,2,1,15,3,1,232948,136250
KR_8354781128,100,True,915173,WIN,5,2,0,1,7,1,51,3,1,65101,18714
KR_8354781128,200,False,915173,LOSE,1,3,2,4,1,4,8,0,0,82671,322053
KR_8354676685,100,False,1266530,LOSE,1,2,0,4,1,3,15,2,0,175724,26631
KR_8354676685,200,True,1266530,WIN,2,0,0,1,7,0,23,1,2,15303,36507
KR_8354617740,100,True,1166408,LOSE,6,6,0,3,7,4,21,3,0,368592,38805
KR_8354617740,200,False,1166408,WIN,2,4,1,3,7,1,16,0,2,82671,253430
KR_8354583530,100,False,592087,LOSE,0,2,3,2,4,2,3,0,1,10835,1636981
KR_8354583530,200,True,592087,WIN,2,2,1,0,1,3,6,3,0,467549,33729
KR_8353062393,100,True,936167,WIN,5,1,1,2,7,4,14,0,0,2797,32196
KR_8353062393,200,False,936167,LOSE,3,4,0,4,0,4,12,3,2,431812,52129
KR_8353042983,100,True,929572,WIN,1,2,1,0,5,2,10,3,0,10835,174306
KR_8353042983,200,False,929572,LOSE,2,2,2,2,2,0,4,0,1,120723,142729
KR_8349760682,100,True,858602,WIN,5,4,0,1,7,1,36,0,1,32041,18088
KR_8349760682,200,False,858602,LOSE,3,6,3,6,2,5,9,3,1,27580,1173237
KR_8349722490,100,True,735904,WIN,6,0,1,2,1,1,10,0,0,33571,20333
KR_8349722490,200,False,735904,LOSE,2,2,0,4,0,3,6,0,0,225739,15543
KR_8349655436,100,False,809260,WIN,4,3,0,2,8,3,11,0,1,1178425,349037
KR_8349655436,200,True,809260,LOSE,2,3,1,4,5,1,11,3,0,33895,490078
KR_8349580564,100,True,792240,WIN,6,1,2,0,3,1,12,0,0,38194,195036
KR_8349580564,200,False,792240,LOSE,1,4,1,6,0,1,7,3,2,71412,36456
KR_8349509888,100,False,977076,LOSE,6,4,0,3,5,2,22,0,0,234095,323776
KR_8349509888,200,True,977076,WIN,5,3,4,4,1,2,11,3,2,5555,73399
KR_8349443413,100,False,1011250,LOSE,2,6,4,4,4,2,13,3,2,492984,717
KR_8349443413,200,True,1011250,WIN,8,4,1,3,5,3,18,0,0,193217,9632
KR_8349391167,100,False,952343,LOSE,1,1,0,6,2,3,14,1,0,6095,25264
KR_8349391167,200,True,952343,WIN,4,1,1,0,5,1,10,2,1,173701,416272
KR_8349325245,100,False,863318,LOSE,0,6,4,6,2,4,11,3,0,296966,159048
KR_8349325245,200,True,863318,WIN,7,4,3,1,6,0,7,0,1,7449,7530
KR_8349272017,100,True,767041,WIN,4,1,4,1,5,1,8,3,1,293687,521742
KR_8349272017,200,False,767041,LOSE,1,3,0,3,2,5,7,0,0,220342,167363
KR_8349205740,100,False,1103617,LOSE,2,5,4,6,6,3,9,3,0,29902,706
KR_8349205740,200,True,1103617,WIN,6,3,2,5,4,4,17,0,2,32089,28230
KR_8350617046,100,False,823366,WIN,4,1,1,0,0,3,13,1,1,11934,18834
KR_8350617046,200,True,823366,LOSE,2,3,1,3,1,1,8,2,0,5484,67412
KR_8350573104,100,False,896087,WIN,3,0,0,1,3,3,7,0,0,49684,72139
KR_8350573104,200,True,896087,LOSE,0,3,1,2,4,2,7,3,1,58568,5548
KR_8350518943,100,False,640984,WIN,5,0,2,2,1,1,8,0,0,90915,1227
KR_8350518943,200,True,640984,LOSE,1,3,1,3,3,1,5,3,1,39342,47330
KR_8350473222,100,False,865790,LOSE,1,8,2,5,4,1,12,3,0,645342,46726
KR_8350473222,200,True,865790,WIN,12,2,2,2,2,1,5,0,2,2240250,5176
KR_8350426612,100,True,775710,WIN,5,0,1,0,4,1,13,0,2,578631,2469243
KR_8350426612,200,False,775710,LOSE,0,2,0,3,1,4,5,3,0,72177,302871
KR_8350371960,100,False,839282,LOSE,2,1,1,1,1,2,11,0,0,220413,25894
KR_8350371960,200,True,839282,WIN,3,0,1,3,2,1,11,3,1,140508,69801
KR_8349011729,100,True,952843,LOSE,6,3,2,7,5,1,18,3,1,46814,10354
KR_8349011729,200,False,952843,WIN,4,3,3,5,4,2,13,0,1,441102,1227
KR_8347577247,100,False,959728,LOSE,1,2,1,0,3,4,9,3,1,125758,715328
KR_8347577247,200,True,959728,WIN,0,2,2,1,7,0,15,0,1,55425,36312
KR_8353954786,100,False,1138512,WIN,7,6,7,1,2,1,12,3,0,2959,45472
KR_8353954786,200,True,1138512,LOSE,3,6,1,5,5,5,17,0,1,228877,5703
KR_8353915231,100,True,982910,WIN,4,2,4,0,1,6,10,1,2,12386,23004
KR_8353915231,200,False,982910,LOSE,0,3,3,3,4,5,15,2,0,56817,94876
KR_8353835405,100,False,706622,LOSE,0,3,0,4,3,1,4,3,0,10299,112059
KR_8353835405,200,True,706622,WIN,6,1,1,0,1,0,6,0,1,30402,72440
KR_8344573072,100,False,1106545,WIN,8,5,3,4,3,1,16,0,0,147111,561219
KR_8344573072,200,True,1106545,LOSE,5,7,0,6,3,2,22,3,1,113600,31509
KR_8344502252,100,False,903910,WIN,1,2,0,1,5,0,5,0,2,384291,1070400
KR_8344502252,200,True,903910,LOSE,0,4,2,3,5,3,14,3,0,133316,723173
KR_8344437626,100,True,872800,WIN,5,0,3,5,4,3,11,3,1,256469,52940
KR_8344437626,200,False,872800,LOSE,0,3,2,4,3,3,13,0,1,55601,67937
KR_8339970703,100,True,1264617,WIN,4,0,0,0,7,3,27,0,3,112391,456879
KR_8339970703,200,False,1264617,LOSE,0,3,0,3,3,3,23,3,0,91011,405936
KR_8347153589,100,True,1059981,LOSE,3,1,0,4,5,1,18,3,1,507788,114766
KR_8347153589,200,False,1059981,WIN,5,4,0,5,1,5,17,0,0,493548,87740
KR_8347088628,100,True,833532,LOSE,1,4,0,2,0,2,11,0,0,10620,19911
KR_8347088628,200,False,833532,WIN,5,1,0,0,6,1,42,3,1,8701,4468
KR_8347054150,100,False,1014062,WIN,4,2,1,6,7,3,15,0,0,314180,438185
KR_8347054150,200,True,1014062,LOSE,3,6,2,3,4,1,19,3,2,129553,129027
KR_8346983609,100,False,1053881,LOSE,2,3,5,3,6,2,13,3,1,15641,438185
KR_8346983609,200,True,1053881,WIN,0,2,0,3,7,5,16,0,1,6974,11223
KR_8344887632,100,True,817918,WIN,3,2,1,3,6,2,14,3,0,105820,57124
KR_8344887632,200,False,817918,LOSE,0,4,3,4,4,0,11,0,1,31905,1080821
KR_8344817430,100,False,1010723,WIN,2,2,0,2,0,3,11,1,0,320983,411235
KR_8344817430,200,True,1010723,LOSE,2,1,0,1,6,1,11,2,2,115209,72390
KR_8344704609,100,True,806639,WIN,2,0,0,0,7,5,7,1,1,17891,264616
KR_8344704609,200,False,806639,LOSE,2,2,0,2,8,3,9,2,0,354770,307995
KR_8347373509,100,True,794486,LOSE,1,6,2,8,7,5,11,3,0,86446,56681
KR_8347373509,200,False,794486,WIN,3,3,5,1,7,3,7,0,1,160548,4811881
KR_8347337878,100,True,858027,WIN,3,3,0,1,4,1,17,3,0,191053,2223547
KR_8347337878,200,False,858027,LOSE,2,3,2,0,4,2,8,0,1,11989,69673
KR_8352589027,100,False,1015574,LOSE,1,3,2,4,3,4,17,0,0,82709,22249
KR_8352589027,200,True,1015574,WIN,5,2,3,2,1,2,12,3,2,33413,87263
KR_8352506874,100,False,721057,LOSE,4,2,1,3,1,3,6,2,0,20868,44952
KR_8352506874,200,True,721057,WIN,4,0,3,1,0,4,10,1,0,42973,45803
KR_8352199240,100,True,796539,WIN,4,2,1,2,2,1,9,1,0,17381,203200
KR_8352199240,200,False,796539,LOSE,1,5,2,1,1,1,8,2,1,21812,45803
KR_8352140516,100,True,1202633,WIN,6,4,1,5,2,2,18,1,1,69228,98622
KR_8352140516,200,False,1202633,LOSE,5,4,4,3,1,1,19,2,2,102268,1689671
KR_8352052770,100,False,977077,WIN,0,1,0,0,1,0,9,1,1,38928,2031367
KR_8352052770,200,True,977077,LOSE,0,0,0,0,1,2,25,2,0,168277,3869
KR_8339646610,100,False,936539,WIN,2,1,1,3,3,2,9,0,0,90391,261163
KR_8339646610,200,True,936539,LOSE,2,2,0,2,4,1,11,3,2,37494,45974
KR_8339051842,100,False,894396,LOSE,1,3,2,1,3,3,49,0,0,156524,2256
KR_8339051842,200,True,894396,WIN,4,2,1,2,2,0,12,3,2,3321,56455
KR_8338988920,100,False,1061861,LOSE,1,3,1,2,8,4,12,3,1,28148,53750
KR_8338988920,200,True,1061861,WIN,7,1,0,1,3,3,13,0,1,11712,45974
KR_8338887884,100,True,1084491,LOSE,0,3,4,2,2,2,15,2,2,21773,56455
KR_8338887884,200,False,1084491,WIN,4,1,3,2,1,7,17,1,1,243956,353597
KR_8354600236,100,True,963388,WIN,3,2,1,2,4,2,13,0,2,496177,186208
KR_8354600236,200,False,963388,LOSE,5,5,1,3,2,3,11,3,0,45757,10705
KR_8354551861,100,False,1054648,LOSE,2,3,1,0,3,2,22,3,0,314582,59657
KR_8354551861,200,True,1054648,WIN,3,2,0,1,5,2,11,0,2,239065,28374
KR_8354519931,100,True,1132058,WIN,7,3,3,2,2,2,21,1,3,33383,8175
KR_8354519931,200,False,1132058,LOSE,1,5,2,1,5,3,16,2,0,107231,47229
KR_8354250800,100,True,957650,WIN,4,2,1,1,3,1,10,3,2,38052,19827
KR_8354250800,200,False,957650,LOSE,3,2,0,2,3,4,9,0,0,11869,124902
KR_8354238761,100,True,1104145,LOSE,1,4,1,7,10,2,20,3,1,61651,12127
KR_8354238761,200,False,1104145,WIN,4,5,3,5,10,2,15,0,1,93501,1119812
KR_8353544171,100,False,917214,WIN,2,1,1,1,1,1,124,3,1,29835,248175
KR_8353544171,200,True,917214,LOSE,0,1,0,2,2,1,10,0,1,130675,54862
KR_8352082092,100,True,778450,WIN,1,2,5,1,11,1,5,3,2,88563,87942
KR_8352082092,200,False,778450,LOSE,3,5,0,4,1,4,6,0,0,1915235,495614
KR_8352011859,100,True,1056510,WIN,3,3,4,2,8,3,17,3,0,142025,592141
KR_8352011859,200,False,1056510,LOSE,0,6,9,9,4,1,18,0,2,173782,3255879
KR_8351737150,100,True,755430,WIN,11,1,0,4,1,1,11,3,1,173926,57480
KR_8351737150,200,False,755430,LOSE,3,6,2,5,2,2,8,0,0,37326,89081
KR_8351710587,100,False,558427,LOSE,1,2,0,0,0,1,5,0,0,61249,157084
KR_8351710587,200,True,558427,WIN,2,1,0,0,2,0,6,3,1,286141,10375
KR_8351680903,100,True,792281,WIN,7,1,1,0,3,1,8,0,0,8331,140016
KR_8351680903,200,False,792281,LOSE,2,6,0,3,0,2,40,3,1,33313,876405
KR_8351548590,100,True,801891,WIN,6,4,7,4,3,2,6,3,1,44605,46531
KR_8351548590,200,False,801891,LOSE,6,6,1,8,2,1,6,0,1,2671,224691
KR_8351334186,100,True,1060533,WIN,9,2,4,7,6,2,21,3,1,328611,1681217
KR_8351334186,200,False,1060533,LOSE,4,5,1,7,3,4,14,0,1,91611,228887
KR_8349343028,100,True,981720,LOSE,3,2,4,6,2,1,34,3,2,343060,211305
KR_8349343028,200,False,981720,WIN,0,4,2,5,7,0,16,0,0,55073,99547
KR_8349242001,100,False,1011042,WIN,3,2,1,3,5,0,7,0,1,73439,14064
KR_8349242001,200,True,1011042,LOSE,3,3,0,4,6,0,17,3,0,245763,45743
KR_8349155269,100,False,798724,LOSE,0,6,1,6,1,1,9,3,0,340308,1166269
KR_8349155269,200,True,798724,WIN,10,0,1,1,4,1,7,0,1,102745,6800
KR_8342358858,100,False,849346,LOSE,2,1,1,2,4,1,11,0,1,206641,23564
KR_8342358858,200,True,849346,WIN,1,4,2,3,1,0,57,3,0,27742,13901
KR_8344284379,100,True,888081,LOSE,6,2,0,5,3,2,46,3,1,190940,2713292
KR_8344284379,200,False,888081,WIN,3,2,2,3,2,2,6,0,1,63997,45187
KR_8347703974,100,True,763675,WIN,0,1,1,0,4,5,4,0,1,145733,141687
KR_8347703974,200,False,763675,LOSE,0,1,2,1,4,2,5,3,0,89296,95997
KR_8353059701,100,False,887137,WIN,4,3,1,2,4,1,16,1,1,30857,11393
KR_8353059701,200,True,887137,LOSE,1,4,2,1,4,4,8,2,1,169090,50593
KR_8353033004,100,False,861457,WIN,6,1,0,3,6,2,10,3,1,152019,37962
KR_8353033004,200,True,861457,LOSE,2,4,3,4,1,3,11,0,1,88658,366768
KR_8352965690,100,False,1182562,LOSE,0,3,1,1,4,1,17,0,1,22773,74552
KR_8352965690,200,True,1182562,WIN,2,0,0,3,2,2,70,3,1,1598078,43611
KR_8352940631,100,True,971481,WIN,8,3,1,1,1,3,8,0,2,131601,70818
KR_8352940631,200,False,971481,LOSE,4,6,0,5,4,2,9,3,0,2986,42839
KR_8350958376,100,True,889120,WIN,3,0,0,0,9,2,14,2,0,17739,76301
KR_8350958376,200,False,889120,LOSE,0,4,0,3,1,4,12,1,1,132221,2001735
KR_8350833989,100,False,681321,WIN,5,1,2,0,0,1,5,1,0,10702,245876
KR_8350833989,200,True,681321,LOSE,1,4,0,3,0,1,9,2,0,29412,394508
KR_8339296317,100,False,731111,LOSE,3,5,2,5,5,3,8,3,0,338096,1498
KR_8339296317,200,True,731111,WIN,8,4,6,2,0,2,10,0,1,152019,49460
KR_8339278872,100,True,963761,WIN,8,1,1,2,4,0,14,3,1,131601,14920
KR_8339278872,200,False,963761,LOSE,3,5,0,4,1,3,10,0,0,162244,1943
KR_8339275727,100,False,881028,WIN,6,2,3,5,4,4,7,2,0,70794,51520
KR_8339275727,200,True,881028,LOSE,3,5,2,5,6,2,13,1,1,41605,52026
KR_8342921607,100,True,1085837,LOSE,4,7,4,5,5,4,19,1,0,136295,59502
KR_8342921607,200,False,1085837,WIN,8,5,3,5,7,3,24,2,2,435256,4746554
KR_8348629618,100,False,985049,WIN,2,1,4,1,3,1,17,1,0,68110,36866
KR_8348629618,200,True,985049,LOSE,2,3,0,3,3,1,11,2,1,1697,5889
KR_8348606265,100,False,1000122,LOSE,0,1,0,1,3,4,13,0,1,64212,158068
KR_8348606265,200,True,1000122,WIN,1,1,2,0,2,0,10,3,1,209995,54607
KR_8348444831,100,False,802677,LOSE,4,4,3,5,5,2,6,0,0,94741,156050
KR_8348444831,200,True,802677,WIN,4,5,3,3,5,4,9,3,2,22820,33610
KR_8344737820,100,True,896376,WIN,7,2,1,4,4,1,15,1,1,143369,80378
KR_8344737820,200,False,896376,LOSE,4,4,4,6,0,4,15,2,0,13588,36775
KR_8344683645,100,False,1279798,WIN,7,5,0,6,10,6,23,3,2,25439,452727
KR_8344683645,200,True,1279798,LOSE,8,7,2,6,2,6,20,0,1,259788,93706
KR_8344621368,100,True,717765,WIN,4,2,2,2,0,4,5,1,0,39183,15461
KR_8344621368,200,False,717765,LOSE,4,3,0,3,6,0,11,2,1,143369,80378
KR_8350830478,100,False,818983,WIN,4,0,3,1,2,1,9,3,1,55719,232892
KR_8350830478,200,True,818983,LOSE,0,3,0,4,2,0,10,0,1,2948,33681
KR_8350781574,100,False,854354,LOSE,0,4,1,2,2,1,10,2,0,12146,18436
KR_8350781574,200,True,854354,WIN,2,1,4,1,2,0,11,1,2,125420,98115
KR_8350727613,100,False,1063278,LOSE,5,5,0,5,3,3,18,3,3,50697,3929
KR_8350727613,200,True,1063278,WIN,7,4,1,3,4,1,15,0,0,308234,453372
KR_8349749084,100,True,943451,WIN,6,4,2,2,6,0,17,3,1,179420,21073
KR_8349749084,200,False,943451,LOSE,5,4,2,6,0,3,10,0,1,1539030,60530
KR_8349704403,100,True,875656,WIN,2,2,3,2,7,1,20,3,1,107976,191601
KR_8349704403,200,False,875656,LOSE,4,4,1,5,1,3,8,0,0,2973,21935
KR_8349651214,100,True,835778,WIN,5,1,0,1,4,1,10,2,1,243375,2134498
KR_8349651214,200,False,835778,LOSE,0,4,1,2,1,3,12,1,0,21910,361732
KR_8349584174,100,True,1033077,WIN,3,3,5,2,5,1,14,0,2,73605,62469
KR_8349584174,200,False,1033077,LOSE,3,5,2,3,2,3,18,3,0,1004165,8008
KR_8349495824,100,False,1151774,LOSE,5,3,4,4,5,2,32,1,0,169842,98172
KR_8349495824,200,True,1151774,WIN,1,5,0,6,6,6,20,2,2,5530,191601
KR_8349399609,100,True,845885,WIN,9,3,2,1,1,3,10,0,0,556778,1069172
KR_8349399609,200,False,845885,LOSE,2,6,3,3,4,3,10,3,2,57197,70222
KR_8349353968,100,True,837543,WIN,9,0,1,1,1,1,7,2,2,22662,8379
KR_8349353968,200,False,837543,LOSE,1,6,0,4,5,3,9,1,0,556778,1069172
KR_8349316039,100,True,969970,LOSE,3,2,2,6,6,3,10,3,0,24117,2458
KR_8349316039,200,False,969970,WIN,5,4,3,3,3,3,12,0,1,19099,66876
KR_8349239472,100,True,698075,WIN,1,1,3,1,3,2,8,3,1,38094,1062540
KR_8349239472,200,False,698075,LOSE,1,3,0,3,1,1,1,0,0,88428,270118
KR_8349208536,100,True,819569,WIN,7,3,1,2,3,1,7,3,1,19008,110393
KR_8349208536,200,False,819569,LOSE,3,5,3,4,0,0,11,0,0,5342801,2211283
KR_8347912163,100,True,797997,WIN,2,2,1,1,4,2,9,2,0,103450,30801
KR_8347912163,200,False,797997,LOSE,0,1,2,3,4,2,17,1,1,3181,49049
KR_8341868288,100,True,928963,LOSE,1,2,0,2,2,3,8,3,1,1138097,3616
KR_8341868288,200,False,928963,WIN,2,3,2,2,2,1,19,0,1,1962,191601
KR_8353909532,100,True,699819,WIN,0,1,1,2,6,1,10,0,1,211426,40910
KR_8353909532,200,False,699819,LOSE,1,2,3,2,0,2,13,3,0,59011,741773
KR_8353848759,100,True,979156,WIN,9,6,2,2,2,3,12,0,1,1736249,194474
KR_8353848759,200,False,979156,LOSE,3,9,6,1,3,2,10,3,1,16612,12731
KR_8352451203,100,False,906156,LOSE,5,3,0,3,2,1,9,0,0,60930,31795
KR_8352451203,200,True,906156,WIN,5,3,0,5,2,1,10,3,2,35254,10562
KR_8352365262,100,False,1077869,LOSE,4,2,2,3,1,1,19,0,2,359709,105565
KR_8352365262,200,True,1077869,WIN,2,2,1,4,6,1,17,3,0,250841,169035
KR_8352308455,100,True,765656,WIN,6,0,2,4,3,3,11,0,1,140419,5302
KR_8352308455,200,False,765656,LOSE,1,5,1,3,4,5,8,3,0,36360,63995
KR_8352252787,100,False,766892,LOSE,0,1,1,3,2,1,13,3,0,670529,20320
KR_8352252787,200,True,766892,WIN,3,0,1,1,3,1,10,0,1,130919,15449
KR_8352188397,100,False,941232,WIN,2,4,6,2,6,5,9,3,0,128753,3769
KR_8352188397,200,True,941232,LOSE,5,5,0,6,2,4,12,0,0,25486,32990
KR_8352142274,100,False,891770,LOSE,3,3,1,2,6,2,11,3,0,106608,23294
KR_8352142274,200,True,891770,WIN,2,2,2,2,3,2,11,0,1,156260,9050
KR_8352094626,100,False,612212,LOSE,2,5,2,7,1,0,3,3,0,223360,1099978
KR_8352094626,200,True,612212,WIN,9,2,3,2,1,2,6,0,0,143984,378855
KR_8352045869,100,False,953674,WIN,4,6,2,7,5,5,15,2,1,222877,375394
KR_8352045869,200,True,953674,LOSE,6,7,5,1,7,3,10,1,0,62435,72361
KR_8352019422,100,False,740968,LOSE,1,4,1,7,0,5,6,0,1,33460,72820
KR_8352019422,200,True,740968,WIN,8,0,1,1,7,0,6,3,1,121572,504228
KR_8351972574,100,False,828167,WIN,4,1,0,2,1,4,11,3,1,34401,20462
KR_8351972574,200,True,828167,LOSE,2,1,0,2,4,2,6,0,1,104506,76833
KR_8351922211,100,False,988243,LOSE,4,3,2,3,5,1,14,0,1,68586,53445
KR_8351922211,200,True,988243,WIN,2,7,1,3,6,2,53,3,1,41759,25963
KR_8351846118,100,False,1011158,LOSE,2,5,1,5,1,2,13,3,0,3107,37470
KR_8351846118,200,True,1011158,WIN,5,3,1,3,5,0,11,0,2,1216953,67405
KR_8351773894,100,True,1033891,LOSE,3,1,0,1,4,4,20,0,2,17144,68421
KR_8351773894,200,False,1033891,WIN,0,4,0,3,7,3,18,3,0,69795,8861
KR_8351543660,100,False,915121,LOSE,1,3,2,4,3,5,13,3,1,13079,3665852
KR_8351543660,200,True,915121,WIN,1,2,3,0,7,4,52,0,0,10641,26376
KR_8351517943,100,True,886000,WIN,5,3,1,2,1,5,9,3,0,77942,828821
KR_8351517943,200,False,886000,LOSE,3,4,5,2,4,4,10,0,0,247901,36057
KR_8351487873,100,True,881794,WIN,4,0,0,5,4,0,8,2,0,740565,132735
KR_8351487873,200,False,881794,LOSE,2,2,2,5,1,1,7,1,1,124458,1074963
KR_8351460713,100,False,957227,WIN,4,4,0,5,6,2,17,3,1,21984,2711
KR_8351460713,200,True,957227,LOSE,7,3,1,4,4,3,16,0,1,178874,8447
KR_8351423245,100,True,1132040,LOSE,4,4,1,6,4,5,11,3,0,70452,14613
KR_8351423245,200,False,1132040,WIN,5,1,1,1,12,5,19,0,3,15808,1290653
KR_8350979078,100,True,912088,LOSE,3,3,1,4,4,2,11,0,0,290178,8467
KR_8350979078,200,False,912088,WIN,1,3,1,2,6,1,16,3,1,4819,70323
KR_8350892774,100,True,851330,LOSE,2,3,2,4,2,1,7,0,0,342428,615745
KR_8350892774,200,False,851330,WIN,5,4,2,3,1,4,8,3,1,65458,54257
KR_8350845329,100,True,789292,WIN,5,0,1,2,4,0,3,2,1,187095,1383861
KR_8350845329,200,False,789292,LOSE,0,3,0,6,0,1,13,1,1,34804,143338
KR_8350756276,100,True,911949,WIN,2,0,2,1,4,1,13,0,0,79678,44773
KR_8350756276,200,False,911949,LOSE,1,2,0,3,2,2,12,3,2,7200,124488
KR_8350702773,100,False,1080780,WIN,1,5,0,3,1,3,18,3,0,61561,536608
KR_8350702773,200,True,1080780,LOSE,1,0,0,1,9,0,16,0,2,35416,11059
KR_8350670308,100,False,569076,LOSE,0,3,1,4,0,1,4,0,1,1281315,8531
KR_8350670308,200,True,569076,WIN,8,1,0,0,1,2,4,3,0,125870,46242
KR_8350607538,100,False,1118997,LOSE,5,2,6,7,3,1,10,0,1,123547,227995
KR_8350607538,200,True,1118997,WIN,2,3,4,6,6,4,15,3,1,152456,1033915
KR_8350571442,100,True,832111,WIN,5,2,5,2,6,0,8,3,1,615235,39399
KR_8350571442,200,False,832111,LOSE,2,3,2,5,0,4,10,0,1,693316,147790
KR_8350513912,100,False,862974,LOSE,1,5,0,4,4,4,48,3,0,129350,2285
KR_8350513912,200,True,862974,WIN,6,3,1,3,4,0,10,0,1,111323,10052
KR_8350475141,100,False,961856,WIN,8,3,3,5,1,5,12,3,1,40093,79183
KR_8350475141,200,True,961856,LOSE,4,4,2,5,8,6,12,0,1,113555,718252
KR_8346448369,100,False,861065,WIN,4,4,1,2,2,5,8,2,0,17462,2555
KR_8346448369,200,True,861065,LOSE,4,4,0,2,3,1,12,1,1,66158,14276
KR_8346421217,100,True,1081418,WIN,5,5,1,3,7,1,14,3,1,770573,12968
KR_8346421217,200,False,1081418,LOSE,3,5,0,3,9,3,32,0,1,156191,24412
KR_8346396427,100,True,889214,WIN,1,4,1,1,3,1,11,3,1,167536,15218
KR_8346396427,200,False,889214,LOSE,5,4,0,2,1,3,14,0,0,92670,5537
KR_8346354779,100,False,959756,LOSE,4,6,2,3,3,1,14,3,0,65922,50725
KR_8346354779,200,True,959756,WIN,7,3,3,4,0,1,13,0,2,148375,507745
KR_8346333053,100,False,850539,LOSE,1,2,0,2,3,2,8,0,0,15127,5609
KR_8346333053,200,True,850539,WIN,3,2,1,1,4,3,14,3,2,218713,138726
KR_8345279411,100,True,653855,WIN,5,0,1,1,2,1,16,0,1,86529,23621
KR_8345279411,200,False,653855,LOSE,0,3,1,4,3,1,7,3,0,298577,30436
KR_8345259170,100,True,881183,WIN,5,3,4,2,5,2,12,0,2,46013,12035
KR_8345259170,200,False,881183,LOSE,1,4,2,5,2,2,12,3,0,39073,321017
KR_8345196060,100,True,1035268,WIN,3,4,3,5,4,1,19,3,2,228065,9970
KR_8345196060,200,False,1035268,LOSE,3,3,2,5,3,0,19,0,0,79424,15218
KR_8345155183,100,True,828692,WIN,6,2,3,2,6,1,12,0,2,157089,141039
KR_8345155183,200,False,828692,LOSE,2,5,2,6,0,2,8,3,0,146076,349979
KR_8345083693,100,False,939115,LOSE,6,6,2,2,0,6,5,0,1,17537,99717
KR_8345083693,200,True,939115,WIN,4,2,1,3,8,1,13,3,1,342790,14747
KR_8345027038,100,True,959933,WIN,0,2,3,3,8,4,15,2,1,815340,6460
KR_8345027038,200,False,959933,LOSE,5,0,0,5,3,1,11,1,1,21007,18737
KR_8341408260,100,True,824515,LOSE,2,3,2,2,5,2,10,3,0,55467,370414
KR_8341408260,200,False,824515,WIN,1,2,0,0,5,6,9,0,2,25910,247803
KR_8341356498,100,True,860110,WIN,3,4,2,2,6,1,13,3,1,232713,508464
KR_8341356498,200,False,860110,LOSE,5,3,0,3,0,3,8,0,1,93041,2783
KR_8341302787,100,False,914655,LOSE,5,0,2,5,4,3,13,0,1,45341,2217
KR_8341302787,200,True,914655,WIN,3,2,1,3,4,2,16,3,0,670529,40688
KR_8341258761,100,True,1058067,WIN,5,4,3,2,5,4,62,3,3,132856,1145105
KR_8341258761,200,False,1058067,LOSE,5,1,1,4,2,4,13,0,0,48082,289860
KR_8341164763,100,False,1010390,WIN,2,1,1,2,4,4,17,3,0,271158,31100
KR_8341164763,200,True,1010390,LOSE,1,1,1,3,9,1,12,0,2,187759,19435
KR_8341052299,100,True,797699,WIN,10,1,2,0,6,0,9,3,2,35466,108726
KR_8341052299,200,False,797699,LOSE,0,4,1,9,1,3,8,0,0,99877,9442
KR_8341013249,100,True,1010898,LOSE,2,3,2,4,3,1,5,0,1,5088,26334
KR_8341013249,200,False,1010898,WIN,4,3,3,2,2,4,10,3,0,34813,24773
KR_8339516707,100,True,733101,WIN,2,3,2,1,4,1,9,3,1,952985,68750
KR_8339516707,200,False,733101,LOSE,2,2,2,2,1,3,5,0,0,67357,1107248
KR_8339509308,100,False,880737,WIN,3,4,0,2,1,5,9,3,0,262066,822146
KR_8339509308,200,True,880737,LOSE,4,1,3,3,5,0,10,0,2,184006,26434
KR_8339221525,100,True,974618,WIN,1,1,1,0,3,1,15,3,1,231089,67853
KR_8339221525,200,False,974618,LOSE,0,3,0,1,2,3,10,0,1,46083,285034
KR_8339215078,100,False,892246,LOSE,3,4,0,2,2,4,11,0,0,32263,700176
KR_8339215078,200,True,892246,WIN,2,3,0,1,5,1,9,3,2,169476,99717
KR_8339178459,100,True,959011,WIN,2,4,1,5,2,2,16,3,0,215061,16354
KR_8339178459,200,False,959011,LOSE,4,3,0,2,8,0,13,0,2,105957,1242
KR_8339148321,100,False,1131610,WIN,3,6,2,6,4,4,24,3,1,96625,18769
KR_8339148321,200,True,1131610,LOSE,8,4,1,2,3,4,19,0,2,651573,99717
KR_8339079861,100,False,1110376,LOSE,3,5,1,3,4,5,21,0,1,24538,96940
KR_8339079861,200,True,1110376,WIN,6,2,3,4,6,2,9,3,2,2422630,142614
KR_8354465996,100,True,886858,WIN,10,3,2,2,3,0,12,3,1,687162,38569
KR_8354465996,200,False,886858,LOSE,3,9,2,7,2,4,7,0,0,90278,11892
KR_8354433972,100,True,939046,LOSE,5,9,5,8,4,2,10,3,1,90278,43689
KR_8354433972,200,False,939046,WIN,10,8,4,5,5,1,9,0,0,387023,1308
KR_8354417441,100,False,664459,LOSE,2,7,0,4,0,1,7,3,0,8438,19793
KR_8354417441,200,True,664459,WIN,9,1,1,1,2,1,8,0,1,542866,143810
KR_8354388859,100,True,909457,LOSE,3,6,1,4,4,1,15,3,0,27941,3993
KR_8354388859,200,False,909457,WIN,8,5,0,1,5,1,7,0,1,552876,1395
KR_8354370351,100,True,730206,WIN,3,2,4,1,2,1,10,3,1,47469,485045
KR_8354370351,200,False,730206,LOSE,1,3,3,4,0,1,5,0,0,76064,2915
KR_8353704396,100,True,1040088,WIN,1,1,2,3,4,3,20,3,0,127445,130346
KR_8353704396,200,False,1040088,LOSE,2,3,0,0,3,2,17,0,2,151548,12231
KR_8353644679,100,False,897322,LOSE,2,5,0,5,8,5,13,1,0,34912,24444
KR_8353644679,200,True,897322,WIN,4,3,4,3,3,4,13,2,2,151548,6130
KR_8353599729,100,False,889069,LOSE,6,5,2,2,4,2,14,0,0,36727,1707432
KR_8353599729,200,True,889069,WIN,5,5,1,4,2,1,11,3,2,151548,205246
KR_8353426014,100,True,929869,WIN,2,0,0,0,8,2,15,1,1,150673,21865
KR_8353426014,200,False,929869,LOSE,0,1,0,2,3,2,8,2,0,807426,2794
KR_8353369473,100,False,611049,LOSE,3,4,1,4,4,2,3,0,0,3607,244488
KR_8353369473,200,True,611049,WIN,7,2,3,3,2,3,4,1,0,86019,177196
KR_8353333640,100,True,936994,LOSE,6,6,3,3,4,3,14,1,1,2290543,271980
KR_8353333640,200,False,936994,WIN,3,5,4,4,5,4,12,2,1,319107,33741
KR_8353301672,100,True,856199,WIN,2,2,3,0,1,2,10,3,2,95079,40855
KR_8353301672,200,False,856199,LOSE,0,0,2,4,2,5,9,0,0,72106,275189
KR_8353272412,100,False,831474,LOSE,0,2,1,4,6,5,5,0,0,51425,34931
KR_8353272412,200,True,831474,WIN,2,2,1,3,4,1,38,3,1,23540,14459
KR_8353246194,100,False,811427,WIN,4,2,1,1,3,4,9,3,1,126007,25254
KR_8353246194,200,True,811427,LOSE,2,4,1,4,4,3,30,0,0,143855,159522
KR_8352475962,100,True,1007173,WIN,1,4,2,3,7,3,34,3,2,71015,49387
KR_8352475962,200,False,1007173,LOSE,2,3,7,3,2,7,12,0,0,41402,1092447
KR_8352407840,100,True,916377,WIN,6,1,1,2,2,0,12,3,1,54644,42647
KR_8352407840,200,False,916377,LOSE,1,3,1,4,1,2,10,0,0,11048,22928
KR_8352354265,100,False,1012166,LOSE,1,4,1,3,9,2,22,0,0,57278,38844
KR_8352354265,200,True,1012166,WIN,3,3,1,4,7,2,11,3,2,18699,51115
KR_8349741101,100,True,940281,LOSE,5,3,4,2,7,3,15,3,0,7071,21767
KR_8349741101,200,False,940281,WIN,3,4,1,5,4,2,15,0,1,44288,8139
KR_8349101238,100,True,915973,LOSE,1,2,4,5,3,1,11,1,0,484351,2155001
KR_8349101238,200,False,915973,WIN,1,1,8,2,1,3,17,2,0,244262,19202
KR_8348776481,100,True,926716,WIN,9,3,1,2,3,3,9,3,1,140554,1552
KR_8348776481,200,False,926716,LOSE,3,5,2,4,4,4,15,0,0,57140,2176
KR_8348636931,100,False,796276,WIN,7,7,1,5,3,2,5,3,1,218756,106818
KR_8348636931,200,True,796276,LOSE,7,3,4,5,3,4,4,0,1,201219,43689
KR_8348628795,100,False,994371,LOSE,3,2,0,0,2,2,14,1,1,128359,112424
KR_8348628795,200,True,994371,WIN,2,3,2,1,4,0,13,2,1,2141,40312
KR_8348616737,100,False,767617,LOSE,2,2,0,1,6,1,12,3,0,276792,38344
KR_8348616737,200,True,767617,WIN,0,0,2,3,2,3,9,0,1,139693,414786
KR_8348602522,100,True,942980,LOSE,5,5,2,2,3,3,16,3,0,9391,41151
KR_8348602522,200,False,942980,WIN,1,5,4,3,4,1,15,0,2,90221,1804
KR_8348579784,100,True,910631,LOSE,1,5,5,2,2,2,12,3,0,64227,192338
KR_8348579784,200,False,910631,WIN,6,0,1,2,3,6,17,0,1,12960,13065
KR_8348554981,100,False,1091754,WIN,4,4,5,4,4,2,18,1,0,25385,36285
KR_8348554981,200,True,1091754,LOSE,3,7,0,8,5,0,20,2,3,14140,37048
KR_8348530698,100,True,1128762,LOSE,5,2,1,2,2,5,17,0,2,184015,97368
KR_8348530698,200,False,1128762,WIN,2,2,1,3,6,1,11,3,0,91528,209429
KR_8348492995,100,True,909724,LOSE,3,1,5,8,2,2,16,1,0,1183312,267147
KR_8348492995,200,False,909724,WIN,1,3,4,3,6,1,9,2,2,22423,410277
KR_8348469482,100,False,834971,LOSE,2,3,0,4,7,3,9,1,0,158816,643618
KR_8348469482,200,True,834971,WIN,5,2,2,1,2,4,11,2,1,25586,18625
KR_8348412753,100,True,1111701,WIN,3,1,4,3,8,2,13,3,0,351902,14422
KR_8348412753,200,False,1111701,LOSE,2,4,3,1,0,7,11,0,2,47981,90360
KR_8348357561,100,False,879513,LOSE,4,3,1,2,1,4,11,1,1,311294,11687
KR_8348357561,200,True,879513,WIN,2,3,0,2,5,1,13,2,0,40896,12805
KR_8344652729,100,True,930698,WIN,2,1,0,3,1,1,10,3,1,9172,105978
KR_8344652729,200,False,930698,LOSE,3,1,3,3,1,4,13,0,1,570004,42595
KR_8344616150,100,True,856252,WIN,7,0,2,3,3,1,9,0,1,32820,11436
KR_8344616150,200,False,856252,LOSE,0,5,2,3,1,2,8,3,0,95726,11279
KR_8344526349,100,True,914882,WIN,4,1,4,3,7,1,13,3,1,11016,19662
KR_8344526349,200,False,914882,LOSE,1,5,1,5,3,4,12,0,0,123426,61259
KR_8344488759,100,False,771078,LOSE,2,1,0,3,2,2,7,0,0,1304,19555
KR_8344488759,200,True,771078,WIN,2,1,1,1,6,0,11,3,2,118195,1188176
KR_8344425409,100,True,1003255,LOSE,3,3,0,3,2,1,13,0,0,212564,762507
KR_8344425409,200,False,1003255,WIN,6,3,0,1,1,3,15,3,2,3802,1429746
KR_8344353899,100,False,960828,WIN,8,2,1,4,0,2,13,0,1,707425,380323
KR_8344353899,200,True,960828,LOSE,0,3,2,5,9,0,12,3,1,103954,23489
KR_8344297414,100,True,867361,WIN,3,1,1,4,1,2,14,0,1,103501,164576
KR_8344297414,200,False,867361,LOSE,3,4,1,1,5,0,11,3,1,544078,17472
KR_8344238191,100,False,675715,LOSE,0,4,6,2,5,1,6,0,1,59565,75427
KR_8344238191,200,True,675715,WIN,2,2,0,3,3,3,8,3,0,14134,806630
KR_8343481323,100,False,764301,LOSE,0,1,0,0,1,2,17,0,1,250712,16448
KR_8343481323,200,True,764301,WIN,1,1,0,0,2,2,9,3,0,147477,101674
KR_8343413182,100,True,908656,WIN,10,4,0,3,2,1,9,3,1,18010,29646
KR_8343413182,200,False,908656,LOSE,4,5,3,5,1,2,10,0,0,236754,99429
KR_8343071600,100,True,1026952,LOSE,4,5,0,3,3,3,11,2,0,43262,5325
KR_8343071600,200,False,1026952,WIN,3,3,4,3,2,1,14,1,1,58322,5010243
KR_8342983478,100,True,1035330,WIN,3,3,1,3,7,1,17,0,0,85059,184471
KR_8342983478,200,False,1035330,LOSE,2,6,2,2,4,5,13,3,2,132940,380951
KR_8342935125,100,False,961120,LOSE,2,1,0,3,2,3,56,0,0,22906,39564
KR_8342935125,200,True,961120,WIN,2,2,1,0,6,1,18,3,2,142062,28753
KR_8342867778,100,True,853063,WIN,5,4,0,3,4,3,13,3,1,9082,928507
KR_8342867778,200,False,853063,LOSE,4,3,2,3,5,5,14,0,1,9155,151318
KR_8342665169,100,True,1054887,LOSE,4,2,1,2,1,1,15,0,0,31752,43689
KR_8342665169,200,False,1054887,WIN,0,0,1,6,4,1,15,3,1,180297,43984
KR_8342609496,100,True,821937,WIN,5,0,3,3,8,0,10,3,2,74394,2847
KR_8342609496,200,False,821937,LOSE,2,6,0,7,3,6,8,0,0,119220,64917
KR_8342543935,100,False,730831,LOSE,3,3,1,4,4,1,8,0,0,2357,125566
KR_8342543935,200,True,730831,WIN,4,2,0,5,5,0,10,3,1,51880,12424
KR_8342512456,100,True,770609,WIN,7,0,1,1,5,1,6,3,0,207103,18353
KR_8342512456,200,False,770609,LOSE,0,3,0,3,5,4,9,0,0,1203207,4770
KR_8342428520,100,False,689467,LOSE,0,1,0,3,0,0,8,3,0,71149,17817
KR_8342428520,200,True,689467,WIN,1,0,1,0,1,0,6,0,1,97776,28696
KR_8342379553,100,False,1388370,WIN,2,4,2,6,9,2,197,3,2,95159,1425529
KR_8342379553,200,True,1388370,LOSE,7,5,2,3,6,6,18,0,1,94338,249772
KR_8342353718,100,True,800778,WIN,5,2,3,0,1,2,12,1,2,8987,43675
KR_8342353718,200,False,800778,LOSE,0,2,2,3,3,4,5,2,0,134098,10712
KR_8342340034,100,True,908956,WIN,3,4,0,2,8,2,8,1,1,23510,7217
KR_8342340034,200,False,908956,LOSE,4,3,0,4,6,5,6,2,0,72740,21561
KR_8341726258,100,False,852457,LOSE,1,6,4,4,1,4,7,3,0,22893,136191
KR_8341726258,200,True,852457,WIN,6,3,3,1,3,2,7,0,0,69388,26573
KR_8341672275,100,False,816394,LOSE,5,7,0,8,2,0,6,0,0,262138,22139
KR_8341672275,200,True,816394,WIN,13,5,1,2,2,1,7,3,1,69388,45897
KR_8341586954,100,False,986436,WIN,1,4,1,3,4,2,13,3,0,264533,519592
KR_8341586954,200,True,986436,LOSE,9,2,0,0,1,4,45,0,2,69388,182894
KR_8341527666,100,True,667678,WIN,10,1,2,0,1,1,5,0,0,69388,102375
KR_8341527666,200,False,667678,LOSE,1,5,0,6,1,1,6,3,1,275808,5595
KR_8341476273,100,True,540600,WIN,6,2,5,0,6,1,2,0,0,18710,43689
KR_8341476273,200,False,540600,LOSE,1,5,1,7,0,6,1,0,0,271416,3788
KR_8341381889,100,False,795310,LOSE,0,4,1,3,1,0,10,3,0,121027,1553867
KR_8341381889,200,True,795310,WIN,5,2,2,0,0,1,9,0,1,69388,5085
KR_8341336609,100,True,859415,WIN,10,3,2,1,2,1,11,0,1,69388,78986
KR_8341336609,200,False,859415,LOSE,3,8,1,7,1,2,9,3,0,27509,913961
KR_8341276827,100,False,854293,WIN,7,0,2,3,5,4,10,3,1,223344,15452
KR_8341276827,200,True,854293,LOSE,0,4,2,3,3,3,40,0,1,70521,5086
KR_8340916925,100,True,869721,WIN,3,1,11,1,3,3,7,0,1,64446,30315
KR_8340916925,200,False,869721,LOSE,1,7,1,6,1,5,10,3,1,63973,26268
KR_8340890720,100,True,824059,WIN,7,2,2,2,4,0,6,0,2,363985,19995
KR_8340890720,200,False,824059,LOSE,2,2,2,9,1,3,4,3,0,306586,2904
KR_8340862013,100,True,961184,LOSE,3,5,3,2,6,0,9,0,1,247900,88419
KR_8340862013,200,False,961184,WIN,1,4,1,4,9,1,14,3,0,71186,121203
KR_8340695487,100,False,1175674,WIN,4,4,4,3,2,2,18,0,2,220293,2494
KR_8340695487,200,True,1175674,LOSE,1,5,5,4,3,0,12,3,1,86858,121098
KR_8339385856,100,True,795476,LOSE,3,3,2,4,3,2,9,0,1,49268,37521
KR_8339385856,200,False,795476,WIN,3,4,2,4,2,2,10,3,0,78481,39160
KR_8339374456,100,True,1013458,WIN,3,1,2,2,8,3,18,0,1,301963,76415
KR_8339374456,200,False,1013458,LOSE,2,3,2,1,1,2,18,3,0,13143,3851
KR_8339363145,100,True,836292,WIN,6,4,6,4,1,5,7,2,1,51317,795836
KR_8339363145,200,False,836292,LOSE,6,7,0,7,9,3,4,1,1,38949,9640
KR_8339337752,100,True,861170,WIN,5,3,0,3,2,3,31,2,2,46049,1007
KR_8339337752,200,False,861170,LOSE,3,3,2,3,4,0,9,1,0,7807,249913
KR_8339328815,100,False,858160,LOSE,2,4,0,3,10,1,8,3,0,11666,104714
KR_8339328815,200,True,858160,WIN,5,2,2,2,2,3,10,0,1,442322,183942
KR_8339319412,100,True,900070,WIN,1,9,2,0,3,2,13,0,0,5644,62240
KR_8339319412,200,False,900070,LOSE,8,4,1,3,2,0,7,3,0,418349,19681
KR_8339300893,100,True,765492,WIN,2,2,0,1,7,0,10,3,0,60085,29075
KR_8339300893,200,False,765492,LOSE,0,2,1,2,4,1,7,0,1,1704996,114729
KR_8338576619,100,True,1104949,WIN,3,5,2,2,9,2,58,2,1,474142,41043
KR_8338576619,200,False,1104949,LOSE,5,2,2,6,2,5,17,1,0,191028,27859
KR_8338550707,100,False,928617,LOSE,3,8,8,6,4,4,10,1,0,27536,2348625
KR_8338550707,200,True,928617,WIN,12,7,2,3,3,3,9,2,1,13622,31461
KR_8338516625,100,False,918933,LOSE,1,7,0,4,3,3,7,0,0,363811,24601
KR_8338516625,200,True,918933,WIN,8,1,1,1,4,0,9,3,1,54787,146827
KR_8338495073,100,True,941188,LOSE,1,4,2,5,4,2,7,0,0,162605,18766
KR_8338495073,200,False,941188,WIN,5,2,2,4,6,2,49,3,1,5137,5289
KR_8338469705,100,True,795116,WIN,2,0,1,2,6,1,8,3,0,72494,7437
KR_8338469705,200,False,795116,LOSE,0,3,0,2,2,3,3,0,1,1731,18803
KR_8337071819,100,True,650404,LOSE,0,2,0,2,2,0,7,3,1,339403,1842221
KR_8337071819,200,False,650404,WIN,2,0,0,0,3,2,6,0,0,141566,1531399
KR_8337047996,100,True,831435,WIN,1,1,2,5,7,4,12,3,1,15082,1241073
KR_8337047996,200,False,831435,LOSE,5,2,3,3,5,6,36,0,0,26058,45464
KR_8354782103,100,True,912316,WIN,2,0,2,3,5,3,49,3,1,48271,125726
KR_8354782103,200,False,912316,LOSE,0,1,0,3,3,3,14,0,1,24998,333269
KR_8351741989,100,True,855378,WIN,8,2,1,2,0,2,7,3,1,453559,23124
KR_8351741989,200,False,855378,LOSE,1,4,1,3,1,2,10,0,0,213878,11920
KR_8351729101,100,True,654860,LOSE,5,6,4,7,4,1,8,1,1,69112,78401
KR_8351729101,200,False,654860,WIN,4,7,5,1,3,6,6,2,0,218595,22711
KR_8351142067,100,False,886619,LOSE,1,4,1,4,0,3,9,3,2,130569,17119
KR_8351142067,200,True,886619,WIN,2,2,3,0,8,1,14,0,0,154538,26498
KR_8350950244,100,False,824751,WIN,6,0,2,4,1,1,13,0,0,13187,18386
KR_8350950244,200,True,824751,LOSE,1,3,3,5,3,0,5,3,1,105978,13622
KR_8350783746,100,False,1123164,LOSE,5,4,3,7,4,0,19,2,2,131926,74591
KR_8350783746,200,True,1123164,WIN,3,4,2,5,10,3,29,1,1,55037,91470
KR_8350667748,100,False,941371,WIN,3,1,0,2,7,0,12,3,0,112318,51090
KR_8350667748,200,True,941371,LOSE,2,2,1,3,0,2,12,0,1,113446,72436
KR_8350619433,100,False,712181,LOSE,0,4,0,4,2,3,6,0,0,28309,15824
KR_8350619433,200,True,712181,WIN,6,1,1,0,4,0,4,3,1,12507,358754
KR_8350209383,100,False,831066,LOSE,2,4,0,5,2,2,13,3,1,596350,13010
KR_8350209383,200,True,831066,WIN,4,1,1,2,6,0,9,0,1,171595,149879
KR_8350152928,100,False,1236582,WIN,2,5,5,4,4,3,21,3,1,66999,162141
KR_8350152928,200,True,1236582,LOSE,1,2,0,2,6,2,23,0,2,26165,47487
KR_8350125907,100,False,978600,LOSE,2,3,3,0,6,3,6,1,1,3281,37351
KR_8350125907,200,True,978600,WIN,2,4,3,3,2,3,12,2,1,91150,12967
KR_8349687262,100,True,915934,LOSE,4,5,6,0,3,5,9,0,2,94260,187437
KR_8349687262,200,False,915934,WIN,4,5,3,5,3,5,11,3,0,62028,75855
KR_8343309233,100,False,894938,LOSE,1,2,0,3,2,3,12,3,0,15313,18310
KR_8343309233,200,True,894938,WIN,2,1,0,4,4,3,13,0,1,89953,1905
KR_8343213985,100,True,855466,WIN,0,2,1,0,6,1,12,3,0,449743,9329
KR_8343213985,200,False,855466,LOSE,2,2,0,1,1,2,8,0,0,27899,260845
KR_8342719741,100,True,963797,WIN,9,3,2,3,7,3,9,3,1,19285,11935
KR_8342719741,200,False,963797,LOSE,1,7,1,5,5,2,15,0,1,18486,3336
KR_8342652895,100,False,1031777,WIN,1,4,1,3,4,1,17,3,2,40265,185706
KR_8342652895,200,True,1031777,LOSE,4,2,0,0,4,5,12,0,0,17968,64269
KR_8350674592,100,False,834356,WIN,2,2,1,2,0,6,10,3,0,446826,27972
KR_8350674592,200,True,834356,LOSE,2,2,1,1,5,2,16,0,2,207551,130824
KR_8350620534,100,False,1037964,WIN,2,2,1,2,6,1,15,3,0,84664,161464
KR_8350620534,200,True,1037964,LOSE,2,2,1,2,2,3,11,0,2,30936,1038887
KR_8349290171,100,False,826758,WIN,2,2,1,1,4,1,11,3,1,202510,6095
KR_8349290171,200,True,826758,LOSE,1,1,0,4,4,0,5,0,1,30496,19239
KR_8351872859,100,True,804355,LOSE,3,2,3,4,1,3,6,3,0,344435,110923
KR_8351872859,200,False,804355,WIN,2,2,2,2,5,2,8,0,1,135015,238979
KR_8346527145,100,False,726802,LOSE,1,3,0,3,0,1,31,3,0,210145,246738
KR_8346527145,200,True,726802,WIN,5,1,2,2,1,1,9,0,0,82523,126278
KR_8346518469,100,True,837542,LOSE,2,3,0,3,5,2,7,3,0,114411,55723
KR_8346518469,200,False,837542,WIN,2,3,1,3,3,3,9,0,1,74651,105899
KR_8346510340,100,False,624201,LOSE,2,4,1,4,1,3,3,3,1,496221,46469
KR_8346510340,200,True,624201,WIN,8,1,1,2,4,3,7,0,0,259341,2253920
KR_8346498817,100,True,975093,LOSE,6,6,2,4,0,0,19,0,0,63780,1744952
KR_8346498817,200,False,975093,WIN,6,5,2,2,4,2,13,3,2,62574,1119557
KR_8346497537,100,True,805221,WIN,3,2,3,0,1,0,9,3,1,974064,16084
KR_8346497537,200,False,805221,LOSE,2,4,0,4,3,1,5,0,0,36597,45344
KR_8343905550,100,True,712400,WIN,2,1,3,0,1,0,10,3,1,55208,40652
KR_8343905550,200,False,712400,LOSE,0,3,0,1,2,2,8,0,0,28812,804830
KR_8343886771,100,False,838471,LOSE,1,2,1,5,3,5,11,0,1,119172,40207
KR_8343886771,200,True,838471,WIN,3,3,5,3,5,2,4,3,1,37970,8859
KR_8343891079,100,False,937294,LOSE,2,2,1,2,2,5,13,0,1,65942,27722
KR_8343891079,200,True,937294,WIN,7,1,0,0,3,2,8,3,0,45648,21622
KR_8343863590,100,True,831082,WIN,7,4,0,3,5,2,10,3,1,179937,344726
KR_8343863590,200,False,831082,LOSE,7,4,1,4,3,5,10,0,0,1601,5240
KR_8343870007,100,True,728053,WIN,7,0,2,1,2,1,8,3,0,25383,108841
KR_8343870007,200,False,728053,LOSE,0,6,1,4,2,3,11,0,0,415,84485
KR_8343852655,100,False,612795,LOSE,0,6,0,2,1,1,2,2,0,62557,2056
KR_8343852655,200,True,612795,WIN,8,0,0,0,1,0,3,0,1,6324,62081
KR_8338800210,100,False,1279252,WIN,5,2,3,1,1,3,21,0,1,24437,32364
KR_8338800210,200,True,1279252,LOSE,1,4,1,4,3,2,18,3,2,50156,74134
KR_8338767255,100,True,706506,WIN,6,1,2,0,5,1,8,3,1,80419,82674
KR_8338767255,200,False,706506,LOSE,0,3,0,4,1,4,10,0,0,103624,229342
KR_8338108920,100,False,896554,LOSE,4,4,3,3,3,1,10,2,2,902460,274001
KR_8338108920,200,True,896554,WIN,3,1,1,5,4,1,13,1,0,398497,120865
KR_8338105740,100,True,855955,WIN,8,0,4,3,6,2,12,3,1,323959,2131162
KR_8338105740,200,False,855955,LOSE,0,4,2,7,1,4,7,0,1,976,45646
KR_8338097438,100,True,533188,WIN,3,1,3,2,1,0,4,0,0,59000,330651
KR_8338097438,200,False,533188,LOSE,1,4,1,2,3,0,2,3,0,12968,12039
KR_8338106083,100,True,914348,WIN,1,3,0,3,6,0,11,2,1,8812,157047
KR_8338106083,200,False,914348,LOSE,4,3,1,0,4,3,5,1,0,31994,28010
KR_8354963329,100,True,717844,LOSE,7,3,3,2,2,2,4,0,0,74447,74729
KR_8354963329,200,False,717844,WIN,5,4,0,6,1,1,6,3,1,355481,151849
KR_8354891207,100,False,1034761,LOSE,5,3,1,6,3,4,17,0,0,23447,810618
KR_8354891207,200,True,1034761,WIN,7,2,2,3,4,1,17,3,1,93501,657541
KR_8354812719,100,True,857640,LOSE,3,3,1,4,4,1,11,0,1,35953,294141
KR_8354812719,200,False,857640,WIN,4,2,2,2,2,3,11,3,1,36890,21189
KR_8354764193,100,False,1059735,LOSE,4,3,0,4,4,4,15,3,0,6222,69877
KR_8354764193,200,True,1059735,WIN,3,1,1,4,3,5,23,0,1,9509,44443
KR_8354660892,100,False,963251,LOSE,0,6,1,3,2,2,11,2,0,66329,95520
KR_8354660892,200,True,963251,WIN,1,3,6,0,5,2,9,1,2,177238,285403
KR_8354618695,100,False,761525,LOSE,0,6,4,6,7,3,10,0,0,48262,399284
KR_8354618695,200,True,761525,WIN,3,2,4,4,8,2,9,3,1,23082,18649
KR_8354603091,100,False,641622,LOSE,2,3,0,3,1,1,6,0,0,222206,99954
KR_8354603091,200,True,641622,WIN,2,2,2,2,1,0,3,3,0,83067,116758
KR_8353928347,100,False,1053184,LOSE,5,1,2,4,3,5,11,0,0,85999,251431
KR_8353928347,200,True,1053184,WIN,2,4,2,2,2,1,14,3,1,70058,38053
KR_8353885327,100,True,1009714,WIN,2,2,5,3,5,4,17,2,0,442816,222080
KR_8353885327,200,False,1009714,LOSE,2,4,1,6,4,1,11,1,1,60586,160838
KR_8353816313,100,False,796720,WIN,1,4,1,4,2,3,96,3,0,95512,70737
KR_8353816313,200,True,796720,LOSE,5,3,2,3,6,3,8,0,1,140004,29164
KR_8353749962,100,False,733720,LOSE,1,4,0,4,3,1,18,3,0,181829,45846
KR_8353749962,200,True,733720,WIN,8,0,1,1,0,1,8,0,1,79636,119689
KR_8353694146,100,False,762884,LOSE,0,2,2,5,3,5,12,0,0,1050878,1352997
KR_8353694146,200,True,762884,WIN,7,1,0,2,4,2,10,3,1,328512,456437
KR_8353614757,100,True,817918,LOSE,0,2,1,3,5,1,9,0,0,132973,37094
KR_8353614757,200,False,817918,WIN,4,3,0,2,3,2,7,3,1,32679,105837
KR_8353575085,100,False,1236331,WIN,5,4,3,2,3,3,19,0,2,459686,45669
KR_8353575085,200,True,1236331,LOSE,3,4,0,3,9,4,13,3,1,54705,45099
KR_8353521257,100,False,765144,LOSE,3,2,1,5,1,2,4,3,1,34463,7759
KR_8353521257,200,True,765144,WIN,3,0,2,1,1,2,6,0,0,85650,3035
KR_8352778654,100,True,718536,WIN,5,0,1,0,4,1,7,0,1,308933,624099
KR_8352778654,200,False,718536,LOSE,0,3,0,6,2,1,5,3,0,1211184,61486
KR_8352705621,100,True,981776,LOSE,1,1,0,1,7,2,12,3,1,66091,768315
KR_8352705621,200,False,981776,WIN,1,2,0,1,3,2,12,0,1,160514,85675
KR_8352635635,100,False,961126,WIN,3,3,0,3,9,4,16,0,2,15335,17543
KR_8352635635,200,True,961126,LOSE,5,3,0,4,5,3,14,3,0,49696,62702
KR_8352601235,100,True,857973,WIN,2,0,0,0,4,2,9,3,1,26932,162891
KR_8352601235,200,False,857973,LOSE,0,3,0,1,2,3,13,0,0,31874,308032
KR_8352510415,100,False,1063696,LOSE,1,4,1,4,7,2,31,0,0,4481,14956
KR_8352510415,200,True,1063696,WIN,2,3,7,6,2,3,7,3,2,59391,20257
KR_8352438206,100,False,760712,WIN,1,1,2,0,0,1,7,0,1,130465,283868
KR_8352438206,200,True,760712,LOSE,0,2,1,1,3,0,10,3,0,6679,135229
KR_8352377285,100,False,1105683,LOSE,5,3,0,2,2,4,7,0,0,243851,69951
KR_8352377285,200,True,1105683,WIN,4,5,0,3,7,1,18,3,3,30651,128877
KR_8352322063,100,True,803737,WIN,4,0,1,0,3,1,12,3,1,10193,355129
KR_8352322063,200,False,803737,LOSE,1,3,0,4,3,0,8,0,1,5362143,45130
KR_8352237732,100,False,1014154,WIN,2,3,1,4,4,1,7,0,0,257557,40859
KR_8352237732,200,True,1014154,LOSE,0,4,1,1,9,1,17,3,2,54237,133559
KR_8352180568,100,True,944892,LOSE,4,3,0,3,10,2,21,3,0,317598,91309
KR_8352180568,200,False,944892,WIN,0,2,1,3,7,1,7,0,1,90739,98215
KR_8352089780,100,True,1013997,LOSE,3,3,2,2,0,3,10,2,1,83343,110364
KR_8352089780,200,False,1013997,WIN,1,2,2,1,6,3,12,1,0,50635,207384
KR_8352069129,100,True,885136,WIN,7,0,1,4,3,3,8,3,1,322577,11188
KR_8352069129,200,False,885136,LOSE,3,3,1,4,2,3,12,0,1,151425,11513
KR_8352015383,100,False,717809,LOSE,0,4,1,5,0,1,5,3,0,289185,29354
KR_8352015383,200,True,717809,WIN,7,1,0,0,4,0,8,0,1,40290,67692
KR_8351622029,100,True,778422,LOSE,3,4,0,5,5,3,9,0,0,7844,2706890
KR_8351622029,200,False,778422,WIN,4,4,6,3,6,1,5,3,1,114874,761
KR_8351607126,100,True,979876,WIN,8,4,0,3,3,2,13,3,2,113434,4435049
KR_8351607126,200,False,979876,LOSE,3,4,4,5,4,3,4,0,0,68274,117661
KR_8351590627,100,True,1037003,LOSE,4,5,1,4,0,3,11,3,0,3299744,54789
KR_8351590627,200,False,1037003,WIN,2,5,2,2,3,3,14,0,2,193849,57944
KR_8351594011,100,True,833063,WIN,4,2,0,2,1,1,11,0,1,9603,512255
KR_8351594011,200,False,833063,LOSE,1,3,2,1,1,1,16,3,1,1171,5351
KR_8350757322,100,False,863949,WIN,4,3,1,5,4,1,10,3,1,54488,539993
KR_8350757322,200,True,863949,LOSE,1,5,0,3,6,0,8,0,1,1362020,146978
KR_8350699460,100,True,1007046,LOSE,3,4,1,4,7,1,12,3,0,22686,90551
KR_8350699460,200,False,1007046,WIN,4,5,2,3,0,2,13,0,1,279244,213605
KR_8350637921,100,True,982865,WIN,5,4,6,5,2,6,12,3,1,386412,31868
KR_8350637921,200,False,982865,LOSE,5,5,1,5,10,4,13,0,1,123384,7333
KR_8350602178,100,False,765217,WIN,2,2,2,1,2,2,8,0,0,91220,235814
KR_8350602178,200,True,765217,LOSE,0,4,2,3,4,1,6,3,1,58442,1008635
KR_8350555138,100,False,799514,LOSE,1,4,1,5,3,4,8,0,1,16996,613
KR_8350555138,200,True,799514,WIN,3,2,4,3,5,1,10,3,0,46311,201858
KR_8350504459,100,True,696799,WIN,6,0,3,0,1,2,8,3,0,84216,166589
KR_8350504459,200,False,696799,LOSE,0,5,0,1,1,3,6,0,1,14871,71862
KR_8350464345,100,False,897549,LOSE,2,5,1,2,4,4,7,0,0,86718,5999
KR_8350464345,200,True,897549,WIN,2,1,4,3,3,2,9,3,1,41116,110677
KR_8350318011,100,True,962941,LOSE,17,6,1,0,3,6,10,1,1,7925,21217
KR_8350318011,200,False,962941,WIN,1,11,5,9,12,3,11,2,0,95937,797
KR_8350257871,100,False,1030178,WIN,2,3,0,5,5,3,17,0,2,1052144,1074346
KR_8350257871,200,True,1030178,LOSE,2,4,4,2,2,3,9,3,1,342028,74172
KR_8350205692,100,False,963648,LOSE,4,5,2,3,2,2,10,3,0,416500,1331704
KR_8350205692,200,True,963648,WIN,2,4,1,3,7,2,9,0,1,244310,42179
KR_8350158544,100,True,1214634,LOSE,4,1,5,3,7,0,17,3,1,225104,90868
KR_8350158544,200,False,1214634,WIN,1,3,1,7,3,5,12,0,1,59630,20645
KR_8350139007,100,True,832644,WIN,8,2,1,2,8,2,14,1,0,89719,233381
KR_8350139007,200,False,832644,LOSE,1,7,2,6,2,4,7,2,2,13471,5703
KR_8350095744,100,True,961168,WIN,8,1,1,1,2,2,13,3,0,12842,195261
KR_8350095744,200,False,961168,LOSE,0,4,1,4,2,1,6,0,1,5226,54011
KR_8349669438,100,True,989520,WIN,5,3,5,2,4,2,9,2,1,46355,134530
KR_8349669438,200,False,989520,LOSE,4,6,2,3,1,3,8,1,0,5350,39181
KR_8349604442,100,True,960420,WIN,1,3,1,3,6,4,55,2,0,8623,13421
KR_8349604442,200,False,960420,LOSE,5,1,0,2,7,3,16,1,2,16913,167300
KR_8349558310,100,False,713176,LOSE,0,0,0,4,0,0,5,0,0,113636,47786
KR_8349558310,200,True,713176,WIN,0,0,0,0,3,0,7,3,1,31146,225817
KR_8349457111,100,False,788027,WIN,8,1,3,1,2,2,9,1,1,222355,45805
KR_8349457111,200,True,788027,LOSE,1,4,1,7,5,2,5,2,0,94271,17055
KR_8352366365,100,False,736135,LOSE,0,1,0,4,0,1,11,3,0,289302,748730
KR_8352366365,200,True,736135,WIN,2,0,1,0,3,1,23,0,1,30496,17711
KR_8352292090,100,True,800512,WIN,4,3,3,4,2,2,8,3,0,175295,211754
KR_8352292090,200,False,800512,LOSE,3,3,1,4,5,2,7,0,1,518043,6847
KR_8352223352,100,True,863809,LOSE,1,3,4,4,3,5,7,0,0,518043,18034
KR_8352223352,200,False,863809,WIN,6,3,2,1,2,3,8,3,1,40548,38887
KR_8352162949,100,False,797847,LOSE,0,4,0,2,2,1,9,3,0,281650,39127
KR_8352162949,200,True,797847,WIN,3,1,1,0,3,2,14,0,2,518043,33103
KR_8352095395,100,False,908253,WIN,1,1,1,1,2,3,11,0,0,168116,386255
KR_8352095395,200,True,908253,LOSE,2,2,0,1,1,1,13,3,2,518043,10236
KR_8352013642,100,False,989307,LOSE,3,5,0,5,1,3,15,0,1,518043,9646
KR_8352013642,200,True,989307,WIN,2,1,0,0,4,2,11,3,1,97552,103363
KR_8354918212,100,False,890723,LOSE,1,2,0,2,2,2,11,0,1,100998,10886
KR_8354918212,200,True,890723,WIN,1,1,0,2,3,0,18,3,0,527014,123376
KR_8337756027,100,False,854596,WIN,8,3,0,5,0,3,15,2,0,2486584,37926
KR_8337756027,200,True,854596,LOSE,4,3,5,5,5,1,8,1,1,34925,75546
KR_8344180263,100,True,850702,LOSE,1,2,1,0,10,1,5,2,1,171767,12422
KR_8344180263,200,False,850702,WIN,1,2,1,3,2,4,8,1,0,33701,104373
KR_8354073706,100,False,880781,LOSE,0,2,1,5,2,2,6,0,0,193691,8541
KR_8354073706,200,True,880781,WIN,3,0,4,1,3,1,11,3,2,58862,52483
KR_8352965243,100,True,861807,WIN,2,4,0,4,8,2,12,0,1,9288,289129
KR_8352965243,200,False,861807,LOSE,5,5,2,4,3,5,5,3,0,357511,607
KR_8352933546,100,True,674405,WIN,2,2,3,1,1,2,7,1,0,563083,4753
KR_8352933546,200,False,674405,LOSE,1,3,2,1,3,2,9,2,1,12981,9637
KR_8352912115,100,True,923173,LOSE,4,1,2,3,2,2,10,2,1,131546,872122
KR_8352912115,200,False,923173,WIN,2,4,0,3,6,1,12,1,0,40740,530300
KR_8352864226,100,True,871022,LOSE,5,3,1,3,6,2,10,3,1,30675,53066
KR_8352864226,200,False,871022,WIN,6,4,0,5,3,2,8,0,1,31441,675073
KR_8352817104,100,False,987804,WIN,1,4,1,3,3,4,15,3,0,2432,19782
KR_8352817104,200,True,987804,LOSE,2,4,0,1,6,1,15,0,2,240578,2886
KR_8352759060,100,True,855968,LOSE,3,3,6,4,4,0,8,0,1,46014,224575
KR_8352759060,200,False,855968,WIN,1,5,4,2,4,1,6,3,0,100654,76909
KR_8352663698,100,False,814239,WIN,1,3,0,3,4,3,12,3,0,252461,528130
KR_8352663698,200,True,814239,LOSE,2,2,3,1,5,1,6,0,2,310685,540294
KR_8352612253,100,True,1062056,LOSE,0,2,1,3,3,3,17,2,1,97633,458996
KR_8352612253,200,False,1062056,WIN,0,1,0,2,12,3,15,1,1,329628,727374
KR_8352515974,100,False,992532,WIN,0,5,6,5,4,0,7,2,1,116915,753860
KR_8352515974,200,True,992532,LOSE,7,4,3,3,1,3,9,1,1,320638,23379
KR_8352453302,100,False,829386,LOSE,9,2,0,2,1,3,15,0,0,486939,630169
KR_8352453302,200,True,829386,WIN,1,3,2,5,3,1,16,3,1,112907,198358
KR_8349712409,100,True,773684,WIN,2,1,1,4,3,0,10,3,1,161155,280491
KR_8349712409,200,False,773684,LOSE,2,3,1,3,3,4,8,0,0,1349824,1240447
KR_8349651343,100,False,1080079,LOSE,4,4,0,5,1,2,18,3,1,84306,131419
KR_8349651343,200,True,1080079,WIN,2,3,3,1,8,0,11,0,2,116915,65210
KR_8349566110,100,False,883997,WIN,1,2,0,4,3,1,10,1,0,36988,246956
KR_8349566110,200,True,883997,LOSE,4,1,0,1,2,1,9,2,2,104107,15160
KR_8349519008,100,True,655876,WIN,8,3,5,0,3,1,6,0,1,310685,742855
KR_8349519008,200,False,655876,LOSE,2,6,1,7,0,5,7,3,0,41968,33855
KR_8349445260,100,False,1012123,WIN,4,1,1,1,1,5,10,0,0,50762,2042
KR_8349445260,200,True,1012123,LOSE,1,3,1,5,3,2,12,3,1,54371,33602
KR_8349356148,100,True,1112904,WIN,3,3,1,2,5,2,21,0,2,271564,3920619
KR_8349356148,200,False,1112904,LOSE,3,2,1,4,2,0,18,3,0,895160,52845
KR_8349293451,100,True,801695,WIN,5,2,2,1,3,2,8,3,1,27563,6304
KR_8349293451,200,False,801695,LOSE,2,4,0,3,4,4,11,0,0,287316,721758
KR_8348155981,100,True,536870,LOSE,0,1,0,2,1,1,7,0,0,98502,4520
KR_8348155981,200,False,536870,WIN,2,0,0,0,1,0,5,0,1,310685,27716
KR_8348122429,100,True,553195,WIN,1,0,0,0,1,0,7,0,1,70595,964568
KR_8348122429,200,False,553195,LOSE,0,0,0,0,0,1,2,0,0,116915,30592
KR_8348083103,100,True,801735,WIN,3,3,2,5,0,3,7,3,0,73145,4484
KR_8348083103,200,False,801735,LOSE,4,3,5,2,1,2,5,0,2,97633,225563
KR_8348022615,100,True,864043,WIN,5,0,0,1,1,2,8,3,2,283438,148231
KR_8348022615,200,False,864043,LOSE,1,2,0,4,0,4,9,0,0,14747,20129
KR_8347561634,100,False,911904,WIN,4,2,1,2,0,1,12,0,2,105563,117147
KR_8347561634,200,True,911904,LOSE,0,4,1,1,2,2,13,3,0,154382,463316
KR_8347545849,100,True,868561,WIN,5,0,0,0,1,1,10,0,2,1353556,417195
KR_8347545849,200,False,868561,LOSE,0,2,2,3,3,0,46,3,0,220278,4172
KR_8347531628,100,False,1280310,LOSE,1,3,0,1,7,4,41,0,1,195556,1112189
KR_8347531628,200,True,1280310,WIN,5,2,0,1,5,2,23,3,2,392260,491520
KR_8347510375,100,False,647417,WIN,6,2,2,4,1,3,8,2,0,27365,20709
KR_8347510375,200,True,647417,LOSE,6,3,1,5,3,2,9,1,1,185694,253363
KR_8347498254,100,True,716541,WIN,5,1,3,3,1,0,9,3,1,189531,263636
KR_8347498254,200,False,716541,LOSE,4,4,0,4,1,2,7,0,0,69393,6425
KR_8347443450,100,False,1038257,LOSE,0,3,0,3,2,2,14,3,1,7720,89891
KR_8347443450,200,True,1038257,WIN,4,0,0,1,4,0,12,0,2,117282,390524
KR_8347385994,100,True,1103038,WIN,5,1,3,4,5,1,8,0,1,168486,34515
KR_8347385994,200,False,1103038,LOSE,3,2,2,4,0,4,19,3,1,170865,8364
KR_8347330260,100,False,789719,LOSE,2,5,0,3,0,1,8,1,0,58353,560565
KR_8347330260,200,True,789719,WIN,6,1,0,1,5,0,10,2,2,62718,45754
KR_8347273085,100,False,998438,LOSE,10,2,0,3,3,3,16,0,2,347349,98418
KR_8347273085,200,True,998438,WIN,2,4,0,8,8,0,137,3,0,131644,2745559
KR_8347196862,100,True,678110,WIN,4,0,3,2,3,1,6,2,1,116915,132555
KR_8347196862,200,False,678110,LOSE,0,4,2,2,1,3,8,1,0,387378,34774
KR_8347110968,100,False,931094,WIN,7,2,5,3,2,2,13,3,1,97633,49441
KR_8347110968,200,True,931094,LOSE,1,7,1,5,5,1,13,0,0,41552,202608
KR_8347071080,100,False,765029,LOSE,1,4,1,1,0,2,10,0,0,152434,406336
KR_8347071080,200,True,765029,WIN,4,1,1,1,4,1,7,3,1,26921,86845
KR_8345370161,100,False,890338,WIN,4,2,8,3,2,2,9,0,1,57215,15769
KR_8345370161,200,True,890338,LOSE,0,7,2,3,5,2,2,3,0,21921,5264
KR_8345362141,100,True,1043582,LOSE,4,3,1,6,5,2,16,2,1,104301,187279
KR_8345362141,200,False,1043582,WIN,1,1,5,4,4,4,14,1,1,77401,28993
KR_8345338767,100,False,709512,LOSE,1,3,1,1,4,2,9,0,0,982561,1489120
KR_8345338767,200,True,709512,WIN,0,2,3,1,2,0,5,3,1,515174,39185
KR_8345342202,100,False,986561,WIN,0,7,0,2,1,2,6,2,1,118260,56332
KR_8345342202,200,True,986561,LOSE,5,3,2,1,2,1,9,1,1,17637,11053
KR_8345321675,100,False,881272,WIN,1,1,0,2,3,1,23,0,0,341505,16543
KR_8345321675,200,True,881272,LOSE,2,1,0,1,3,1,13,3,2,982561,741090
KR_8345314347,100,False,787307,LOSE,1,2,3,2,1,2,17,3,0,137911,14513
KR_8345314347,200,True,787307,WIN,2,1,4,2,0,2,14,0,1,72562,82722
KR_8345288616,100,True,973984,LOSE,5,4,1,5,0,3,13,0,0,23411,21595
KR_8345288616,200,False,973984,WIN,4,3,2,3,3,2,15,3,2,2041,16710
KR_8345260904,100,True,861251,WIN,1,2,4,0,0,3,12,3,1,11287,72310
KR_8345260904,200,False,861251,LOSE,1,2,0,2,5,1,8,0,1,105489,2232116
KR_8345216932,100,False,883844,LOSE,5,3,0,5,4,3,7,0,0,200829,12608
KR_8345216932,200,True,883844,WIN,7,2,0,4,4,1,10,3,2,69433,65356
KR_8345176152,100,False,902137,WIN,3,4,1,1,1,1,13,3,0,94404,5109
KR_8345176152,200,True,902137,LOSE,4,1,0,2,1,2,8,0,2,467414,4848
KR_8345085936,100,False,1012590,LOSE,4,3,3,3,5,3,9,2,1,827916,33036
KR_8345085936,200,True,1012590,WIN,3,5,1,3,4,1,12,1,1,215848,1073922
KR_8345043121,100,True,940383,WIN,3,1,2,3,4,0,17,0,2,183000,63059
KR_8345043121,200,False,940383,LOSE,1,2,2,6,4,1,15,3,0,1614448,22900
KR_8344938431,100,True,596960,WIN,6,1,1,1,2,1,5,0,1,26072,894753
KR_8344938431,200,False,596960,LOSE,1,4,0,3,1,2,4,0,0,3783,42790
KR_8344863007,100,False,832572,LOSE,0,5,1,2,4,2,8,3,0,10975,68338
KR_8344863007,200,True,832572,WIN,3,1,4,0,2,2,8,0,1,116915,54483
KR_8344767055,100,False,771886,WIN,0,0,1,0,2,2,8,0,1,24417,48319
KR_8344767055,200,True,771886,LOSE,0,1,1,2,1,0,39,3,0,49743,7448
KR_8344688634,100,True,916588,WIN,5,5,2,2,4,3,6,3,0,166662,70138
KR_8344688634,200,False,916588,LOSE,2,6,0,3,5,5,9,0,1,32827,18636
KR_8344632141,100,True,805805,WIN,5,2,4,2,5,0,11,0,1,310685,38439
KR_8344632141,200,False,805805,LOSE,3,4,0,4,2,4,13,3,0,50743,970686
KR_8344557466,100,False,1054061,WIN,2,1,4,3,10,2,20,3,1,498596,30967
KR_8344557466,200,True,1054061,LOSE,3,3,1,6,2,5,16,0,1,24792,28365
KR_8343785217,100,False,921817,LOSE,2,3,0,4,2,2,11,1,0,435776,257634
KR_8343785217,200,True,921817,WIN,2,2,5,0,6,0,11,2,2,131644,73270
KR_8343758537,100,False,833418,LOSE,0,5,3,2,2,3,10,3,0,15837,35199
KR_8343758537,200,True,833418,WIN,4,2,1,1,3,2,7,0,1,116915,166438
KR_8343725581,100,True,879450,WIN,6,2,2,3,3,0,6,3,1,81780,52984
KR_8343725581,200,False,879450,LOSE,1,5,2,4,4,1,9,0,0,104107,20142
KR_8343689329,100,False,1077442,LOSE,4,4,2,1,1,3,12,3,1,271300,699602
KR_8343689329,200,True,1077442,WIN,3,2,1,4,6,1,12,0,1,3506754,59155
KR_8343634601,100,False,940062,WIN,3,4,1,2,4,4,15,0,0,21338,11364
KR_8343634601,200,True,940062,LOSE,5,5,0,4,6,2,7,0,2,152434,143686
KR_8343566576,100,False,866326,LOSE,0,2,1,3,2,2,6,0,0,210068,104785
KR_8343566576,200,True,866326,WIN,2,0,2,0,6,0,14,3,2,77058,8256
KR_8343499583,100,True,1157573,WIN,4,2,0,3,8,1,21,3,1,138186,27275
KR_8343499583,200,False,1157573,LOSE,6,4,0,6,1,3,13,0,2,32827,196602
KR_8352213564,100,True,826707,WIN,3,0,0,1,2,1,11,1,0,33940,1201873
KR_8352213564,200,False,826707,LOSE,1,3,0,4,1,3,5,2,1,204963,2759879
KR_8352183417,100,True,496001,WIN,1,0,0,0,1,2,3,0,0,29222,1201873
KR_8352183417,200,False,496001,LOSE,0,1,0,2,0,0,2,0,0,23461,65064
KR_8352146264,100,True,768118,WIN,1,1,0,0,3,1,118,3,2,210351,172456
KR_8352146264,200,False,768118,LOSE,1,1,0,1,1,2,4,0,0,167565,1201873
KR_8352011918,100,False,908467,WIN,1,6,1,2,4,2,134,0,0,7946,11938
KR_8352011918,200,True,908467,LOSE,10,4,0,2,2,1,12,3,0,214743,1201873
KR_8351958182,100,False,759548,LOSE,1,6,0,3,4,0,4,1,1,117464,1124973
KR_8351958182,200,True,759548,WIN,6,1,3,1,2,3,7,2,1,89321,1201873
KR_8351885332,100,False,982327,WIN,3,2,2,2,6,3,14,3,0,526579,5236
KR_8351885332,200,True,982327,LOSE,2,2,2,4,1,6,10,0,2,13581,1201873
KR_8351817808,100,False,889414,LOSE,3,2,0,3,4,2,11,0,1,1151328,1201873
KR_8351817808,200,True,889414,WIN,0,1,2,3,3,3,10,3,0,62918,448279
KR_8344604026,100,False,1044555,WIN,5,4,2,3,3,3,15,2,2,19872,132854
KR_8344604026,200,True,1044555,LOSE,4,6,1,6,2,1,16,1,0,92979,1201873
KR_8344541323,100,False,856603,WIN,2,2,1,1,3,3,110,0,0,36474,118827
KR_8344541323,200,True,856603,LOSE,1,1,1,2,3,2,9,3,1,80777,1201873
KR_8344499731,100,True,907620,WIN,2,2,2,2,4,2,10,2,0,41732,1201873
KR_8344499731,200,False,907620,LOSE,0,2,1,5,6,4,6,1,0,106661,102727
KR_8339585618,100,False,1031740,LOSE,2,4,3,2,2,2,141,3,1,201768,287893
KR_8339585618,200,True,1031740,WIN,2,5,2,0,4,2,50,0,1,29975,3987963
KR_8339483434,100,False,854332,WIN,4,3,0,2,3,1,15,3,1,215884,183526
KR_8339483434,200,True,854332,LOSE,3,3,1,2,2,2,10,0,1,1214996,74165
KR_8339447847,100,True,728243,LOSE,1,3,0,5,4,2,3,2,0,879850,16190
KR_8339447847,200,False,728243,WIN,5,1,1,2,4,4,9,1,1,17602,131202
KR_8339404332,100,True,977448,LOSE,2,1,3,1,3,1,13,3,0,183649,45596
KR_8339404332,200,False,977448,WIN,1,2,2,2,2,3,12,0,0,488161,10642
KR_8339226238,100,False,809290,LOSE,1,6,0,4,3,1,8,3,0,208013,259325
KR_8339226238,200,True,809290,WIN,6,0,2,0,1,2,7,0,1,177000,35821
KR_8339186726,100,True,1032139,WIN,9,1,3,4,7,3,22,1,1,64587,17819
KR_8339186726,200,False,1032139,LOSE,4,5,0,8,3,4,16,2,1,38198,67554
KR_8339163333,100,True,972698,WIN,6,1,1,6,6,3,14,0,0,62256,5371
KR_8339163333,200,False,972698,LOSE,6,4,0,6,3,2,18,3,2,520368,4641
KR_8339122616,100,False,1033553,WIN,2,2,1,1,2,3,14,3,1,379717,1179004
KR_8339122616,200,True,1033553,LOSE,1,3,0,1,5,2,14,0,2,236502,3063466
KR_8338720424,100,True,687683,WIN,2,1,3,0,2,0,8,3,1,32800,879051
KR_8338720424,200,False,687683,LOSE,1,0,1,3,0,0,34,0,0,679023,41043
KR_8338458101,100,False,685188,WIN,3,1,0,2,4,1,3,0,0,32867,424472
KR_8338458101,200,True,685188,LOSE,3,1,0,3,0,1,7,3,1,34386,7535
KR_8338231149,100,False,1182475,LOSE,0,1,1,6,3,3,25,3,1,17777,1762152
KR_8338231149,200,True,1182475,WIN,5,3,0,1,8,0,23,0,2,48657,28883
KR_8337930946,100,True,862370,WIN,9,2,2,0,2,0,17,0,0,149255,20940
KR_8337930946,200,False,862370,LOSE,0,6,1,6,1,0,11,3,2,242563,4469
KR_8337892506,100,False,886518,LOSE,1,6,1,4,5,2,12,3,1,5460,25577
KR_8337892506,200,True,886518,WIN,2,3,4,2,1,2,5,0,1,60374,93921
KR_8337638667,100,True,857409,WIN,2,1,2,8,1,5,6,0,0,45459,6346
KR_8337638667,200,False,857409,LOSE,3,3,1,2,5,2,7,3,1,24681,76276
KR_8337598226,100,True,728695,WIN,5,0,1,0,0,1,6,3,1,14944,106223
KR_8337598226,200,False,728695,LOSE,0,3,0,4,1,1,8,0,1,52584,70983
KR_8337490759,100,False,803126,LOSE,0,3,0,2,2,2,9,2,0,6658,2369
KR_8337490759,200,True,803126,WIN,3,0,1,1,3,0,4,1,1,218034,13930
KR_8343692231,100,True,930560,WIN,5,6,0,6,6,0,12,0,2,24221,18685
KR_8343692231,200,False,930560,LOSE,4,6,5,3,7,4,14,3,0,3168,138362
KR_8343620947,100,True,1011824,LOSE,3,3,1,4,2,5,14,3,0,43871,445723
KR_8343620947,200,False,1011824,WIN,1,4,4,1,7,1,16,0,1,118330,86977
KR_8343570356,100,False,1078974,WIN,2,1,1,5,1,7,9,1,0,107402,69661
KR_8343570356,200,True,1078974,LOSE,3,2,1,2,3,1,23,2,1,89480,75233
KR_8337060488,100,False,826350,LOSE,1,3,1,4,0,2,7,0,0,143443,13674
KR_8337060488,200,True,826350,WIN,6,0,0,2,1,0,11,3,1,50548,5319
KR_8355069737,100,True,965855,LOSE,4,4,0,5,7,3,16,2,0,80809,85814
KR_8355069737,200,False,965855,WIN,6,2,0,0,6,4,15,1,1,78789,29947
KR_8355018470,100,True,1058249,WIN,4,1,0,1,1,1,12,0,2,83230,64024
KR_8355018470,200,False,1058249,LOSE,0,5,0,1,2,1,54,3,0,128320,62703
KR_8352363803,100,False,919149,WIN,4,3,3,5,3,1,13,3,0,318732,209805
KR_8352363803,200,True,919149,LOSE,2,3,5,4,3,2,10,0,1,48103,30465
KR_8352209691,100,True,856076,LOSE,0,2,1,1,7,0,9,0,1,152491,48774
KR_8352209691,200,False,856076,WIN,2,2,1,3,0,2,11,3,0,99449,6260
KR_8352136774,100,True,987799,WIN,3,4,7,4,4,4,16,3,1,159396,49199
KR_8352136774,200,False,987799,LOSE,5,6,4,7,4,3,6,0,0,16211,23831
KR_8348450538,100,True,762489,WIN,5,0,0,1,2,0,12,3,2,23848,160240
KR_8348450538,200,False,762489,LOSE,1,4,0,5,2,5,6,0,0,118626,229797
KR_8348391644,100,True,1065045,LOSE,0,0,0,5,3,1,8,0,1,12196,48400
KR_8348391644,200,False,1065045,WIN,4,1,0,1,1,0,21,3,2,1399,1038225
KR_8347009242,100,False,911588,LOSE,3,3,2,5,3,3,12,0,0,16062,12865
KR_8347009242,200,True,911588,WIN,3,3,5,2,4,1,11,3,2,64071,49199
KR_8346972029,100,False,1133495,WIN,2,3,2,3,6,1,13,0,1,8937,2765
KR_8346972029,200,True,1133495,LOSE,6,2,0,5,6,1,12,3,2,33874,13915
KR_8346920285,100,True,856069,LOSE,1,5,0,4,6,0,8,3,0,257015,11756
KR_8346920285,200,False,856069,WIN,6,0,0,3,5,3,9,0,2,66951,47294
KR_8346788788,100,True,965440,WIN,3,2,0,2,2,0,15,0,1,19427,13428
KR_8346788788,200,False,965440,LOSE,0,2,2,2,4,3,17,3,0,144433,24527
KR_8346762290,100,False,886202,LOSE,1,3,0,5,6,1,8,2,0,470870,4766
KR_8346762290,200,True,886202,WIN,1,1,5,2,3,2,11,1,0,630500,3155
KR_8346640969,100,True,995788,LOSE,4,2,2,0,4,0,13,3,1,33958,120000
KR_8346640969,200,False,995788,WIN,1,3,0,4,1,2,7,0,1,25323,687
KR_8346631606,100,False,808036,WIN,6,4,2,2,3,1,9,2,0,89472,37125
KR_8346631606,200,True,808036,LOSE,4,4,0,3,2,5,10,1,1,51426,478872
KR_8346091855,100,False,701122,LOSE,3,2,3,2,2,0,7,0,0,318155,74656
KR_8346091855,200,True,701122,WIN,1,1,1,2,1,2,8,3,0,310784,959919
KR_8346035192,100,False,1010194,LOSE,9,2,0,2,1,4,15,0,2,12966,20648
KR_8346035192,200,True,1010194,WIN,3,3,2,5,5,2,152,3,0,71132,403147
KR_8345964740,100,True,1011563,LOSE,1,4,0,2,2,5,52,0,0,259557,952591
KR_8345964740,200,False,1011563,WIN,4,0,2,1,4,3,13,3,2,83031,262214
KR_8344923607,100,False,788004,LOSE,3,1,4,3,1,3,8,0,0,1960257,19362
KR_8344923607,200,True,788004,WIN,2,3,0,2,7,4,13,3,1,46936,492203
KR_8354189400,100,True,921043,WIN,4,0,1,7,8,2,10,3,1,101066,56201
KR_8354189400,200,False,921043,LOSE,4,4,1,3,3,6,13,0,0,184724,5870
KR_8351531276,100,False,905725,LOSE,5,4,2,3,1,4,9,1,0,5286,1794
KR_8351531276,200,True,905725,WIN,5,4,1,2,2,1,15,2,2,86301,309399
KR_8351490847,100,False,797225,LOSE,4,3,4,1,1,0,12,0,0,3338,32100
KR_8351490847,200,True,797225,WIN,4,3,0,5,1,0,8,3,1,88535,110490
KR_8351448775,100,True,670597,WIN,3,2,2,2,0,0,4,3,0,29360,10879
KR_8351448775,200,False,670597,LOSE,2,2,1,2,1,3,6,0,0,543181,13566
KR_8347625122,100,True,834271,LOSE,1,5,1,4,4,1,11,3,0,72269,14797
KR_8347625122,200,False,834271,WIN,5,2,3,1,3,4,7,0,1,199820,475163
KR_8347612261,100,True,677135,WIN,5,0,3,1,3,0,101,3,0,293296,9033
KR_8347612261,200,False,677135,LOSE,0,4,0,5,1,0,8,0,1,4807,96315
KR_8347599576,100,False,831893,WIN,3,3,1,1,3,3,12,3,0,5055,1331480
KR_8347599576,200,True,831893,LOSE,3,1,0,2,3,1,12,0,1,186792,360277
KR_8352238224,100,False,893434,LOSE,2,5,0,6,5,2,8,3,0,66059,5229
KR_8352238224,200,True,893434,WIN,7,4,2,2,7,2,10,0,2,52014,19203
KR_8352170833,100,True,971053,WIN,5,0,2,0,6,0,5,0,2,17032,3860
KR_8352170833,200,False,971053,LOSE,0,3,0,6,2,5,24,3,0,55084,2596
KR_8352095064,100,False,830575,WIN,1,1,0,3,4,2,7,3,0,41657,346816
KR_8352095064,200,True,830575,LOSE,0,1,0,1,6,2,9,0,1,201667,567077
KR_8351990805,100,True,795580,WIN,4,2,2,1,5,0,5,2,2,175678,6243
KR_8351990805,200,False,795580,LOSE,1,6,0,3,7,3,7,1,0,1588,4932
KR_8351929733,100,False,826904,WIN,3,2,1,1,1,1,8,3,1,34211,335883
KR_8351929733,200,True,826904,LOSE,1,4,0,2,8,3,7,0,1,41657,2708453
KR_8351839243,100,False,594760,LOSE,0,4,0,4,2,2,24,1,0,170096,1559391
KR_8351839243,200,True,594760,WIN,5,0,3,0,4,1,6,2,1,1393096,19560
KR_8351641171,100,True,674954,WIN,7,2,2,0,3,1,9,3,1,1231824,419244
KR_8351641171,200,False,674954,LOSE,1,4,1,5,2,2,8,0,0,72068,41059
KR_8350450962,100,False,1053565,WIN,1,4,0,4,2,3,13,0,1,72068,13078
KR_8350450962,200,True,1053565,LOSE,2,2,2,0,9,1,17,3,0,353770,34815
KR_8350395738,100,True,833642,WIN,4,1,1,2,13,1,13,3,2,71022,16862
KR_8350395738,200,False,833642,LOSE,1,4,0,5,5,7,8,0,0,1511992,19415
KR_8350326462,100,True,715196,LOSE,3,1,5,0,0,1,5,0,1,116061,65897
KR_8350326462,200,False,715196,WIN,1,3,0,3,1,2,5,3,0,190428,66736
KR_8344493110,100,True,962686,LOSE,2,3,0,4,2,2,14,0,0,69453,86975
KR_8344493110,200,False,962686,WIN,0,1,1,2,5,1,10,3,2,98033,84134
KR_8344383985,100,True,702444,WIN,2,2,1,1,1,0,9,3,0,973955,85759
KR_8344383985,200,False,702444,LOSE,2,2,0,2,1,0,6,0,1,2677,232324
KR_8344329993,100,False,1029871,WIN,2,2,1,7,5,1,13,0,0,13554,43938
KR_8344329993,200,True,1029871,LOSE,5,2,4,3,1,2,18,3,2,72068,44851
KR_8344265334,100,False,772265,WIN,5,1,0,1,11,3,8,3,0,71022,440334
KR_8344265334,200,True,772265,LOSE,1,3,0,5,3,4,4,0,1,991777,25110
KR_8344118857,100,True,935477,LOSE,1,1,0,6,4,0,8,3,0,71022,196080
KR_8344118857,200,False,935477,WIN,1,1,3,2,2,1,56,0,1,5814,358501
KR_8344067894,100,False,669730,LOSE,0,1,1,1,2,0,8,3,1,418937,2132
KR_8344067894,200,True,669730,WIN,0,1,1,2,2,0,4,0,1,72068,3773
KR_8343984736,100,True,1110735,WIN,2,2,2,1,6,2,11,3,1,136958,182017
KR_8343984736,200,False,1110735,LOSE,1,4,0,3,5,4,15,0,1,68716,54493
KR_8343920724,100,False,938211,LOSE,2,0,0,1,1,3,7,2,1,122812,44494
KR_8343920724,200,True,938211,WIN,1,1,0,0,3,2,9,1,0,72068,254425
KR_8343906426,100,False,855816,LOSE,3,2,0,3,3,7,11,0,0,170096,1251692
KR_8343906426,200,True,855816,WIN,2,2,2,4,6,1,10,3,1,862101,256861
KR_8341723803,100,True,794662,WIN,5,1,3,2,1,1,9,3,1,45265,1849
KR_8341723803,200,False,794662,LOSE,0,2,0,4,5,1,7,0,0,10340,8113
KR_8352965566,100,True,1178455,LOSE,1,4,2,3,6,3,17,1,1,96251,218849
KR_8352965566,200,False,1178455,WIN,5,3,0,1,8,2,23,2,1,70280,1495153
KR_8352953062,100,True,853875,WIN,4,0,0,1,2,0,11,3,1,79252,63805
KR_8352953062,200,False,853875,LOSE,1,3,0,3,0,2,14,0,0,149314,160137
KR_8352908946,100,True,855263,WIN,5,1,0,2,5,3,12,3,0,119782,184932
KR_8352908946,200,False,855263,LOSE,1,3,0,4,6,2,7,0,1,392299,194365
KR_8352888068,100,False,851480,LOSE,0,5,0,2,4,2,5,3,0,455527,11719
KR_8352888068,200,True,851480,WIN,3,1,1,1,3,3,11,0,1,12918,46400
KR_8352706328,100,False,1132815,LOSE,4,4,0,3,4,3,15,3,0,9069,1259474
KR_8352706328,200,True,1132815,WIN,1,3,3,5,10,1,18,0,2,115469,57312
KR_8349787453,100,True,919805,LOSE,3,5,3,2,3,2,6,3,0,94767,36436
KR_8349787453,200,False,919805,WIN,4,3,0,2,5,4,14,0,0,176171,6562
KR_8349746694,100,False,706726,LOSE,0,3,0,4,0,3,10,2,0,188132,536110
KR_8349746694,200,True,706726,WIN,3,0,2,0,4,0,7,1,1,119782,395978
KR_8349634902,100,True,912718,LOSE,5,7,4,6,3,2,16,0,1,42881,9859
KR_8349634902,200,False,912718,WIN,4,6,2,3,8,3,9,3,0,27336,4240
KR_8349555589,100,True,855791,LOSE,8,5,3,1,6,2,12,0,1,95703,34054
KR_8349555589,200,False,855791,WIN,5,6,0,5,2,1,15,3,0,149314,9637
KR_8349468368,100,False,1060644,WIN,4,4,2,1,5,5,15,0,0,45941,78714
KR_8349468368,200,True,1060644,LOSE,3,4,2,2,2,4,17,3,1,28256,137650
KR_8349079467,100,False,857444,WIN,3,2,2,2,2,2,12,3,1,208224,17024
KR_8349079467,200,True,857444,LOSE,5,3,0,2,3,2,8,0,0,316630,30424
KR_8349045170,100,False,670346,LOSE,2,2,2,3,2,0,6,3,0,60117,11473
KR_8349045170,200,True,670346,WIN,3,1,2,3,1,2,7,0,1,50993,518228
KR_8349000906,100,False,780225,WIN,2,2,1,4,2,4,13,0,1,121282,2832743
KR_8349000906,200,True,780225,LOSE,3,2,3,1,3,1,6,3,0,119782,7534
KR_8348255099,100,False,1062727,WIN,2,5,6,1,3,1,13,3,1,4971,94899
KR_8348255099,200,True,1062727,LOSE,3,2,3,5,2,4,5,0,1,9857,2092732
KR_8348189287,100,True,1160582,WIN,8,7,2,2,5,3,11,3,1,70280,3386
KR_8348189287,200,False,1160582,LOSE,5,4,2,6,5,5,12,0,1,814734,127697
KR_8346380957,100,False,835170,WIN,4,4,5,1,4,4,11,0,2,149314,10790
KR_8346380957,200,True,835170,LOSE,2,6,2,4,1,2,12,3,0,130592,311113
KR_8346357847,100,False,653842,WIN,2,0,1,0,3,1,11,1,0,64001,2196473
KR_8346357847,200,True,653842,LOSE,1,3,0,4,2,3,7,1,1,29956,66162
KR_8346332972,100,True,823584,WIN,1,4,3,1,2,2,11,3,2,12918,1842221
KR_8346332972,200,False,823584,LOSE,6,3,1,5,2,3,9,0,0,101926,6712
KR_8346311448,100,True,833159,LOSE,0,5,0,4,2,1,8,1,0,91461,24673
KR_8346311448,200,False,833159,WIN,7,0,1,0,4,2,8,2,1,70280,1842221
KR_8346028604,100,False,728890,LOSE,0,3,2,1,1,2,8,3,0,176171,11592
KR_8346028604,200,True,728890,WIN,2,2,3,0,1,1,10,0,1,31340,45551
KR_8345985598,100,True,795897,WIN,11,2,0,0,7,0,6,3,1,6207,11336
KR_8345985598,200,False,795897,LOSE,2,6,0,7,0,4,6,0,0,61819,2657
KR_8345943020,100,False,712278,WIN,5,1,1,4,2,4,4,0,0,218597,45530
KR_8345943020,200,True,712278,LOSE,1,4,3,3,5,0,6,3,1,70280,209130
KR_8341641480,100,False,982595,WIN,5,3,1,3,3,3,15,2,1,42881,165810
KR_8341641480,200,True,982595,LOSE,7,4,0,4,2,2,15,1,0,142328,90931
KR_8338802972,100,False,906176,WIN,0,3,2,2,4,3,9,0,0,9069,83840
KR_8338802972,200,True,906176,LOSE,2,0,4,1,5,3,6,3,2,47433,2092732
KR_8354471191,100,False,819052,LOSE,1,3,0,2,4,2,10,0,0,70229,204236
KR_8354471191,200,True,819052,WIN,4,1,0,0,2,0,8,3,1,2739803,191093
KR_8354158327,100,True,862017,WIN,5,2,2,6,6,0,12,3,1,2739803,35430
KR_8354158327,200,False,862017,LOSE,2,4,2,2,5,5,5,0,0,26650,13162
KR_8353050116,100,True,693741,WIN,10,1,3,2,1,4,8,3,1,26953,5725
KR_8353050116,200,False,693741,LOSE,1,7,1,4,3,2,9,0,0,152884,46637
KR_8353041079,100,False,949234,WIN,5,3,2,7,3,2,8,3,0,2739803,22408
KR_8353041079,200,True,949234,LOSE,3,1,4,6,5,0,11,0,2,11401,3891
KR_8353015603,100,False,705827,LOSE,1,0,0,4,2,3,6,0,0,649089,91117
KR_8353015603,200,True,705827,WIN,4,1,0,1,5,2,8,3,1,334306,9275
KR_8352992485,100,False,865453,WIN,5,0,2,2,2,4,12,3,0,429910,125067
KR_8352992485,200,True,865453,LOSE,2,4,0,3,6,2,13,0,1,677729,183636
KR_8349531443,100,False,789711,LOSE,2,3,0,1,3,2,5,3,0,94308,121939
KR_8349531443,200,True,789711,WIN,2,1,2,1,1,2,8,0,1,2739803,21735
KR_8349449189,100,False,709676,WIN,1,0,2,1,6,2,8,1,1,2739803,335914
KR_8349449189,200,True,709676,LOSE,1,5,0,3,6,2,8,2,0,20774,17752
KR_8349394707,100,False,930663,LOSE,2,2,0,4,1,2,17,3,1,115485,24343
KR_8349394707,200,True,930663,WIN,5,1,0,1,3,0,13,0,1,2739803,22861
KR_8349329370,100,True,791113,WIN,5,1,0,2,5,1,11,3,0,62070,246396
KR_8349329370,200,False,791113,LOSE,2,3,0,5,4,3,11,0,1,42422,270904
KR_8349278837,100,True,777861,WIN,1,1,2,2,1,0,11,3,1,21191,1669905
KR_8349278837,200,False,777861,LOSE,2,1,0,2,1,5,10,0,0,2739803,73048
KR_8349215857,100,True,882664,WIN,6,0,0,0,4,1,10,2,1,2739803,25982
KR_8349215857,200,False,882664,LOSE,0,0,1,6,4,3,11,1,0,96527,42105
KR_8349187192,100,True,728039,WIN,3,0,1,0,0,1,15,3,1,251547,9972
KR_8349187192,200,False,728039,LOSE,0,4,0,0,1,2,10,0,0,44896,137655
KR_8348657026,100,False,887616,WIN,1,3,1,3,2,5,13,0,0,612363,17225
KR_8348657026,200,True,887616,LOSE,2,1,1,1,9,2,9,3,1,2739803,4270
KR_8348630660,100,True,821520,LOSE,3,3,0,7,2,2,3,3,0,44015,35445
KR_8348630660,200,False,821520,WIN,5,1,2,3,4,1,7,0,1,2739803,1809825
KR_8348622595,100,True,889633,WIN,7,4,1,5,7,0,8,3,1,6734,29176
KR_8348622595,200,False,889633,LOSE,5,6,3,4,1,5,7,0,0,2739803,74896
KR_8347373529,100,False,849747,LOSE,0,3,1,1,1,2,16,0,0,124579,1090322
KR_8347373529,200,True,849747,WIN,2,0,1,0,1,0,9,3,2,2739803,83077
KR_8347335135,100,True,905772,LOSE,0,1,7,2,5,0,12,3,2,2739803,23426
KR_8347335135,200,False,905772,WIN,1,2,0,2,4,5,7,0,0,16271,152792
KR_8347243329,100,True,1006606,WIN,4,2,0,3,9,5,20,0,0,15853,137655
KR_8347243329,200,False,1006606,LOSE,3,6,4,3,4,2,15,3,1,86697,152869
KR_8346583811,100,True,987864,LOSE,3,0,1,4,4,1,54,3,1,2739803,130486
KR_8346583811,200,False,987864,WIN,2,2,0,2,3,7,10,0,0,107860,91525
KR_8346562467,100,False,761833,LOSE,0,2,1,4,2,2,6,3,0,2739803,33344
KR_8346562467,200,True,761833,WIN,5,0,0,2,3,0,11,0,0,176463,11108
KR_8346555310,100,False,913105,LOSE,2,1,0,1,2,1,12,3,0,2739803,172205
KR_8346555310,200,True,913105,WIN,1,0,2,4,6,1,13,0,1,120039,411799
KR_8346540094,100,False,718330,LOSE,1,1,1,1,5,2,7,3,0,9655,151345
KR_8346540094,200,True,718330,WIN,0,3,0,3,1,1,7,0,1,115670,212633
KR_8346527441,100,False,931027,LOSE,2,3,1,8,4,3,7,3,1,2739803,167429
KR_8346527441,200,True,931027,WIN,3,3,0,2,10,4,11,0,1,39931,34797
KR_8346511890,100,False,980520,WIN,4,2,1,0,4,2,10,2,1,137670,378279
KR_8346511890,200,True,980520,LOSE,2,4,0,3,3,1,14,1,0,2739803,1608627
KR_8346519045,100,False,866886,WIN,1,2,2,3,5,0,15,1,0,2739803,28630
KR_8346519045,200,True,866886,LOSE,3,2,2,2,2,1,10,2,1,116548,64966
KR_8346493802,100,True,1076168,WIN,1,1,1,4,3,5,64,3,0,649089,60311
KR_8346493802,200,False,1076168,LOSE,5,2,0,3,3,3,13,0,2,79224,1991957
KR_8346230590,100,True,934268,WIN,5,1,2,2,4,2,9,0,1,2739803,10515
KR_8346230590,200,False,934268,LOSE,3,4,1,2,0,4,9,3,0,10886,173528
KR_8346165600,100,False,1034467,WIN,2,1,0,4,4,5,13,0,0,2739803,322755
KR_8346165600,200,True,1034467,LOSE,4,1,0,3,3,4,14,3,2,229981,24924
KR_8346093635,100,False,708187,LOSE,1,3,2,3,2,0,8,0,1,2739803,13698
KR_8346093635,200,True,708187,WIN,5,3,1,3,1,0,11,3,0,979710,20229
KR_8345786218,100,True,849359,LOSE,1,4,2,3,6,0,45,0,1,2739803,157430
KR_8345786218,200,False,849359,WIN,4,3,4,2,1,2,9,3,1,26571,967120
KR_8345742697,100,True,987303,LOSE,1,1,3,6,3,5,14,0,0,2316983,110560
KR_8345742697,200,False,987303,WIN,1,1,4,1,6,4,10,3,1,2739803,11011
KR_8345708760,100,True,866283,LOSE,2,6,1,1,2,2,7,3,0,156531,19527
KR_8345708760,200,False,866283,WIN,3,2,9,3,1,1,9,0,2,682803,3255
KR_8345385280,100,False,1072325,LOSE,5,6,2,7,2,9,13,0,0,74170,1080297
KR_8345385280,200,True,1072325,WIN,7,2,3,4,11,1,11,3,3,2739803,9534
KR_8345382210,100,False,922466,LOSE,5,3,1,5,2,6,8,1,0,2739803,46985
KR_8345382210,200,True,922466,WIN,7,4,2,3,7,1,17,2,1,109886,1685824
KR_8342229099,100,True,787310,WIN,3,0,1,2,3,3,2,0,0,2739803,3410
KR_8342229099,200,False,787310,LOSE,2,4,0,3,2,0,4,3,2,132980,100935
KR_8341306395,100,False,794259,LOSE,0,2,0,1,3,1,39,3,0,261640,3808
KR_8341306395,200,True,794259,WIN,1,0,0,0,4,3,9,0,2,129182,284801
KR_8341252989,100,False,879193,WIN,6,1,3,2,4,4,9,3,0,2739803,232456
KR_8341252989,200,True,879193,LOSE,0,4,2,5,1,1,7,0,1,96124,11470
KR_8341192956,100,False,742719,WIN,2,0,2,0,2,3,8,3,0,82139,5804
KR_8341192956,200,True,742719,LOSE,1,3,2,2,1,3,8,0,1,2739803,46806
KR_8341155457,100,False,735304,WIN,1,1,2,3,1,0,8,3,0,649089,110946
KR_8341155457,200,True,735304,LOSE,3,2,0,2,1,0,35,0,1,127015,80380
KR_8339657031,100,False,986303,LOSE,2,1,3,4,1,3,15,3,0,2739803,2840
KR_8339657031,200,True,986303,WIN,2,1,0,2,5,2,129,0,2,80398,5399
KR_8339632053,100,True,969062,WIN,2,0,1,2,2,0,11,3,2,2739803,293999
KR_8339632053,200,False,969062,LOSE,2,2,0,1,1,1,13,0,0,13166,6357
KR_8338852984,100,False,1003112,WIN,5,3,5,6,3,3,12,0,1,2739803,167835
KR_8338852984,200,True,1003112,LOSE,8,5,1,5,6,1,14,3,1,40016,328458
KR_8338818756,100,True,684446,WIN,7,2,5,1,2,2,5,2,1,21084,5337686
KR_8338818756,200,False,684446,LOSE,1,8,1,4,1,2,6,1,0,682803,616674
KR_8338760841,100,True,857300,WIN,2,0,2,0,4,3,8,3,1,53152,353738
KR_8338760841,200,False,857300,LOSE,0,3,1,3,4,1,8,0,1,366851,27828
KR_8338661111,100,False,904291,LOSE,2,5,2,5,6,3,13,1,0,26311,247263
KR_8338661111,200,True,904291,WIN,7,4,4,4,1,2,12,2,2,2739803,72728
KR_8338441081,100,True,775480,WIN,3,0,0,1,5,1,21,0,0,682803,343137
KR_8338441081,200,False,775480,LOSE,0,1,0,3,2,3,7,3,0,18441,655932
KR_8337538381,100,True,1394655,LOSE,7,1,1,4,1,2,24,3,0,2739803,213784
KR_8337538381,200,False,1394655,WIN,4,4,0,3,6,0,23,0,2,102086,5921
KR_8337506218,100,False,901955,LOSE,3,2,0,3,5,2,9,2,0,63245,152760
KR_8337506218,200,True,901955,WIN,4,1,0,4,1,1,122,1,2,2739803,149504
KR_8337361402,100,False,989952,LOSE,2,1,0,6,3,10,8,1,0,2739803,31389
KR_8337361402,200,True,989952,WIN,2,1,0,3,5,4,16,2,2,70172,18258
KR_8337220891,100,False,961082,WIN,4,2,1,3,3,0,14,0,1,44009,36969
KR_8337220891,200,True,961082,LOSE,2,2,2,3,2,2,11,3,0,2739803,17040
KR_8353977262,100,True,1078150,WIN,3,3,0,1,5,4,18,3,2,711690,16046
KR_8353977262,200,False,1078150,LOSE,0,1,2,2,3,3,16,0,0,1009239,37712
KR_8353915574,100,True,1031099,LOSE,1,5,0,1,6,1,13,3,1,73086,8404
KR_8353915574,200,False,1031099,WIN,5,0,0,2,2,5,10,0,0,60569,160853
KR_8353855078,100,True,977463,WIN,3,0,0,2,2,3,14,1,1,149636,27945
KR_8353855078,200,False,977463,LOSE,1,1,1,3,3,1,16,2,1,125002,30045
KR_8350270709,100,True,962112,WIN,6,2,3,3,2,1,9,3,1,107482,83177
KR_8350270709,200,False,962112,LOSE,0,4,1,2,1,5,16,0,0,125002,427439
KR_8350245089,100,True,941740,WIN,7,3,2,3,4,2,12,3,1,160495,285145
KR_8350245089,200,False,941740,LOSE,3,5,1,7,2,2,13,0,0,125002,345415
KR_8350196323,100,True,895332,WIN,3,3,4,3,3,0,13,0,0,125002,13131
KR_8350196323,200,False,895332,LOSE,4,5,0,5,1,2,5,3,2,23996,163526
KR_8350158555,100,False,987333,LOSE,4,3,2,2,4,3,12,0,0,12368,57522
KR_8350158555,200,True,987333,WIN,3,2,2,5,2,3,13,3,1,11210,73133
KR_8348251697,100,False,908928,LOSE,5,3,1,1,3,3,33,0,0,392267,11232
KR_8348251697,200,True,908928,WIN,3,3,1,2,5,3,10,3,2,41918,2207934
KR_8348214252,100,True,801165,WIN,4,2,0,3,3,1,8,3,1,125002,7465
KR_8348214252,200,False,801165,LOSE,2,5,0,3,4,1,7,0,1,283438,152395
KR_8348178327,100,True,877309,WIN,7,0,1,2,4,1,15,0,1,128585,70252
KR_8348178327,200,False,877309,LOSE,0,4,0,3,1,3,10,3,0,125002,16341
KR_8348121601,100,False,801902,LOSE,1,3,0,2,0,1,19,0,0,1807397,24200
KR_8348121601,200,True,801902,WIN,3,0,0,0,3,0,38,3,2,17255,33362
KR_8342831615,100,False,929930,LOSE,3,2,0,1,0,2,11,3,1,107199,9810
KR_8342831615,200,True,929930,WIN,2,1,0,2,4,1,14,0,1,40375,64212
KR_8342782786,100,False,744089,LOSE,2,7,0,2,3,0,8,2,0,283736,30744
KR_8342782786,200,True,744089,WIN,3,1,5,1,4,1,13,1,1,285170,121727
KR_8354556243,100,True,962698,LOSE,0,3,0,3,2,4,5,3,0,75877,105745
KR_8354556243,200,False,962698,WIN,3,2,0,1,6,2,22,0,2,50335,14281
KR_8354515835,100,True,1003813,LOSE,6,1,2,5,8,4,13,0,1,240562,7965
KR_8354515835,200,False,1003813,WIN,2,4,3,8,3,4,9,3,0,110879,40258
KR_8354496157,100,True,1163432,WIN,7,3,0,3,7,2,16,3,0,227863,11426
KR_8354496157,200,False,1163432,LOSE,7,2,0,5,2,5,23,0,2,194522,109834
KR_8353975260,100,False,789756,LOSE,3,6,1,5,2,2,4,2,0,62345,210890
KR_8353975260,200,True,789756,WIN,9,2,2,3,5,1,4,1,2,50335,20061
KR_8353877404,100,False,870726,LOSE,2,4,6,3,4,1,9,3,0,53695,18486
KR_8353877404,200,True,870726,WIN,5,3,1,0,3,4,24,0,1,168099,14281
KR_8353822331,100,False,1058788,WIN,4,6,1,2,4,3,12,2,0,200377,23924
KR_8353822331,200,True,1058788,LOSE,2,4,1,2,5,5,16,1,2,25439,824692
KR_8353762126,100,True,960927,WIN,5,4,1,5,3,2,24,0,1,25652,1801337
KR_8353762126,200,False,960927,LOSE,7,4,3,2,1,0,11,3,0,86883,32656
KR_8353681805,100,False,867662,WIN,6,4,0,1,2,0,12,0,2,41096,147214
KR_8353681805,200,True,867662,LOSE,2,4,2,3,3,0,14,3,0,227863,33888
KR_8342508416,100,False,1179296,WIN,4,1,2,1,4,1,7,0,0,1779984,471458
KR_8342508416,200,True,1179296,LOSE,1,4,0,2,6,3,16,3,2,82351,116410
KR_8342472547,100,True,955252,WIN,4,2,2,5,2,1,13,3,2,44087,544219
KR_8342472547,200,False,955252,LOSE,4,4,2,3,3,3,23,0,0,50335,53887
KR_8342411293,100,False,678698,WIN,2,2,1,3,1,1,7,0,0,86706,83005
KR_8342411293,200,True,678698,LOSE,2,1,1,2,4,0,6,3,0,21914,21950
KR_8342366890,100,True,974571,LOSE,6,2,3,7,3,4,11,2,1,33791,95122
KR_8342366890,200,False,974571,WIN,4,5,4,4,2,6,14,1,0,134069,865256
KR_8342342800,100,False,868851,LOSE,3,7,3,5,4,2,8,3,0,65061,45747
KR_8342342800,200,True,868851,WIN,6,4,2,2,4,2,16,0,1,134069,22816
KR_8342313942,100,False,927155,LOSE,2,6,2,4,2,0,8,3,1,200377,29248
KR_8342313942,200,True,927155,WIN,7,1,1,4,5,1,11,0,1,97302,152340
KR_8342302072,100,False,931241,WIN,6,2,0,4,4,4,10,0,0,168099,140873
KR_8342302072,200,True,931241,LOSE,2,4,3,4,6,2,13,3,2,33766,181718
KR_8342277179,100,True,699266,LOSE,4,2,2,5,5,1,5,0,1,227863,45827
KR_8342277179,200,False,699266,WIN,4,3,2,3,2,3,8,3,0,44732,16458
KR_8342245960,100,False,1017073,WIN,5,3,0,5,5,2,21,2,1,93332,9256
KR_8342245960,200,True,1017073,LOSE,8,4,0,3,2,3,21,1,1,186634,16279
KR_8342244567,100,True,649962,WIN,6,1,3,0,5,2,7,3,0,227863,83135
KR_8342244567,200,False,649962,LOSE,0,5,2,5,2,3,8,0,0,23315,1797544
KR_8341516105,100,False,802978,WIN,2,3,2,1,4,0,9,0,1,2872383,152898
KR_8341516105,200,True,802978,LOSE,3,4,0,2,1,1,7,3,0,227863,118668
KR_8341464595,100,False,824543,LOSE,0,1,0,2,0,2,11,0,1,95931,167201
KR_8341464595,200,True,824543,WIN,1,0,2,0,4,0,9,3,1,110879,221289
KR_8341407096,100,False,589634,LOSE,1,1,0,4,0,0,3,0,0,400524,3188274
KR_8341407096,200,True,589634,WIN,3,0,2,1,0,0,5,3,1,66770,1105651
KR_8341344461,100,True,759858,WIN,2,1,1,2,2,1,9,2,0,120511,11894
KR_8341344461,200,False,759858,LOSE,2,2,1,2,1,0,4,1,1,179911,13461
KR_8341296095,100,False,942930,LOSE,2,7,1,7,6,2,18,3,2,35357,452164
KR_8341296095,200,True,942930,WIN,8,3,4,2,5,2,11,0,0,134069,189467
KR_8341251160,100,False,957092,WIN,6,3,3,3,8,1,7,1,1,11894,8690
KR_8341251160,200,True,957092,LOSE,0,4,3,3,6,5,11,2,1,287306,78820
KR_8341201056,100,False,651118,LOSE,2,5,0,5,0,1,6,3,0,39804,25409
KR_8341201056,200,True,651118,WIN,9,2,1,0,2,1,7,0,1,168099,18746
KR_8341156521,100,False,967445,LOSE,1,2,0,4,4,3,10,3,0,52370,362632
KR_8341156521,200,True,967445,WIN,8,1,1,1,0,2,9,0,2,227863,332352
KR_8355248201,100,True,936301,LOSE,3,4,0,3,6,3,10,3,2,68487,843422
KR_8355248201,200,False,936301,WIN,6,5,1,3,2,3,19,0,0,15824,195352
KR_8355241066,100,False,744261,LOSE,0,1,0,4,1,2,7,3,1,42213,4050
KR_8355241066,200,True,744261,WIN,1,0,4,0,2,1,9,0,0,455698,44311
KR_8355222110,100,False,908843,LOSE,2,6,4,7,3,4,12,1,1,64728,49962
KR_8355222110,200,True,908843,WIN,8,5,4,3,3,2,9,2,1,132034,18116
KR_8355189508,100,False,914228,WIN,2,2,0,2,4,0,9,0,0,43222,9450
KR_8355189508,200,True,914228,LOSE,3,3,0,4,2,2,6,3,2,132181,31411
KR_8355165405,100,True,1089476,WIN,5,5,1,4,2,3,13,0,1,623601,10057
KR_8355165405,200,False,1089476,LOSE,4,5,1,5,4,2,14,3,1,8626,1402167
KR_8355125542,100,False,922902,LOSE,1,4,0,5,6,1,9,0,0,69196,787911
KR_8355125542,200,True,922902,WIN,5,1,0,3,4,2,8,3,1,127543,16432
KR_8355091131,100,True,704668,WIN,3,1,3,1,3,2,6,0,1,9330,44478
KR_8355091131,200,False,704668,LOSE,0,6,0,2,4,3,5,3,0,168200,22371
KR_8354165245,100,False,1036869,LOSE,4,4,1,5,5,4,7,3,0,26956,11420
KR_8354165245,200,True,1036869,WIN,5,3,0,2,6,3,14,0,2,539074,67245
KR_8354140869,100,False,542855,LOSE,1,5,0,4,0,2,4,0,0,15406,4424
KR_8354140869,200,True,542855,WIN,6,1,2,0,5,0,7,3,1,202328,3441230
KR_8354141110,100,False,810735,LOSE,0,4,1,3,0,3,6,3,0,53588,50581
KR_8354141110,200,True,810735,WIN,2,0,0,0,7,2,13,0,1,19257,3027
KR_8354128218,100,False,1038739,LOSE,3,7,0,9,4,3,6,3,0,64172,3398
KR_8354128218,200,True,1038739,WIN,9,3,5,1,6,5,11,0,2,79851,46690
KR_8354099708,100,True,1067924,WIN,8,4,0,0,4,1,19,1,0,60568,155554
KR_8354099708,200,False,1067924,LOSE,5,1,1,7,2,4,18,2,1,11466,36864
KR_8354077632,100,True,934641,LOSE,3,4,4,5,6,2,14,3,1,220874,238959
KR_8354077632,200,False,934641,WIN,4,4,3,4,4,5,16,0,1,1128,35419
KR_8353608447,100,True,934474,LOSE,4,5,5,5,7,4,15,0,1,863077,614592
KR_8353608447,200,False,934474,WIN,3,5,3,5,8,3,13,3,0,210289,27617
KR_8353562242,100,True,867998,WIN,5,2,0,1,8,3,11,0,2,29143,55237
KR_8353562242,200,False,867998,LOSE,1,4,2,3,4,4,7,3,0,8143,27218
KR_8353516148,100,False,1063701,LOSE,7,4,0,6,3,2,12,3,1,211420,22741
KR_8353516148,200,True,1063701,WIN,7,4,2,3,1,3,11,0,1,176437,6363
KR_8352628283,100,False,860490,LOSE,3,8,4,5,2,4,10,0,1,7337,1299470
KR_8352628283,200,True,860490,WIN,8,5,5,3,1,2,12,3,0,30609,368259
KR_8352572247,100,True,820265,WIN,2,0,1,0,1,2,13,3,0,9730,181349
KR_8352572247,200,False,820265,LOSE,0,2,0,1,1,2,12,0,1,105093,275048
KR_8352492490,100,True,963085,LOSE,2,5,3,4,9,0,17,0,1,27963,124876
KR_8352492490,200,False,963085,WIN,5,2,3,3,0,2,13,3,1,11466,34700
KR_8352423369,100,True,925414,WIN,3,3,1,3,2,2,6,3,1,809146,136088
KR_8352423369,200,False,925414,LOSE,2,1,1,2,3,2,7,0,1,135450,93594
KR_8352344627,100,False,1280864,WIN,5,0,0,2,0,2,21,3,0,41217,19770
KR_8352344627,200,True,1280864,LOSE,0,2,1,4,2,2,23,0,2,19444,14277
KR_8352283818,100,False,1003951,WIN,3,4,1,9,6,3,16,3,0,671724,68141
KR_8352283818,200,True,1003951,LOSE,7,2,0,4,7,3,10,0,1,8160,14548
KR_8352234690,100,True,1128700,LOSE,5,6,1,4,4,0,19,3,1,167518,247573
KR_8352234690,200,False,1128700,WIN,6,2,3,3,4,4,16,0,0,426084,496946
KR_8352187387,100,False,878085,LOSE,1,7,5,0,4,2,6,1,0,305692,484948
KR_8352187387,200,True,878085,WIN,7,4,0,4,0,8,12,2,0,58107,9000
KR_8352131547,100,True,804285,WIN,7,2,2,1,1,0,10,3,0,833847,81331
KR_8352131547,200,False,804285,LOSE,0,4,0,4,3,2,9,0,1,22949,702721
KR_8352068194,100,False,958233,LOSE,3,3,1,2,3,2,12,0,0,11466,29569
KR_8352068194,200,True,958233,WIN,2,1,1,2,3,3,10,3,2,30591,47042
KR_8351990414,100,True,913966,WIN,7,2,7,2,1,0,9,0,2,1917,51949
KR_8351990414,200,False,913966,LOSE,1,6,0,6,1,1,14,3,0,27070,8189
KR_8351942940,100,False,887704,LOSE,0,8,3,6,1,3,7,0,1,8181,87722
KR_8351942940,200,True,887704,WIN,10,2,1,2,2,2,5,3,1,51657,22812
KR_8351902029,100,False,1112371,LOSE,3,4,2,8,1,1,13,0,1,282169,206355
KR_8351902029,200,True,1112371,WIN,4,1,4,5,7,1,22,3,1,485669,77434
KR_8350463938,100,True,963212,LOSE,1,0,0,0,3,0,12,0,2,331669,35008
KR_8350463938,200,False,963212,WIN,0,1,0,1,0,2,9,3,0,34881,168048
KR_8350419722,100,True,1063996,WIN,6,1,2,3,4,1,17,3,2,230996,621540
KR_8350419722,200,False,1063996,LOSE,2,4,0,5,4,5,17,0,0,4786,159777
KR_8350359105,100,True,1028748,WIN,3,3,2,4,2,1,32,0,1,251639,353461
KR_8350359105,200,False,1028748,LOSE,3,3,4,2,2,2,10,3,1,639216,324671
KR_8350334128,100,False,682504,WIN,1,1,1,1,2,1,104,0,0,7325,1212034
KR_8350334128,200,True,682504,LOSE,0,3,0,1,3,1,9,3,1,99786,287449
KR_8350273555,100,True,1058608,LOSE,5,4,3,4,4,5,13,3,1,28478,12920
KR_8350273555,200,False,1058608,WIN,5,3,3,5,1,4,8,0,0,12398,28445
KR_8350231953,100,False,802557,LOSE,0,4,2,6,3,0,5,0,1,27766,2331
KR_8350231953,200,True,802557,WIN,7,2,1,2,2,0,10,3,0,198431,7920
KR_8350191678,100,True,1014994,LOSE,3,5,1,2,5,3,51,3,2,1262447,23753
KR_8350191678,200,False,1014994,WIN,8,3,0,1,2,5,12,0,0,11466,4887
KR_8350129898,100,False,936316,LOSE,0,7,0,3,8,0,2,3,0,7314,927831
KR_8350129898,200,True,936316,WIN,10,1,1,1,1,2,8,0,2,3960,31928
KR_8350102999,100,True,737077,WIN,9,1,1,1,0,1,8,1,1,11466,30837
KR_8350102999,200,False,737077,LOSE,0,6,2,4,2,1,4,2,0,4770,592
KR_8350076458,100,False,1169513,LOSE,6,2,5,4,4,2,21,0,0,1409180,23286
KR_8350076458,200,True,1169513,WIN,1,5,5,6,3,2,7,3,0,516228,79614
KR_8350056414,100,False,793782,LOSE,2,3,0,4,1,1,6,0,1,41963,10920
KR_8350056414,200,True,793782,WIN,4,0,1,0,4,2,9,3,0,3663,1795230
KR_8354851367,100,False,1106197,WIN,4,4,1,4,4,5,19,3,0,95063,1091786
KR_8354851367,200,True,1106197,LOSE,2,3,2,3,6,3,18,0,2,235401,191481
KR_8354788340,100,False,981531,LOSE,4,4,6,3,0,1,42,2,1,1584182,23108
KR_8354788340,200,True,981531,WIN,3,1,0,3,7,6,15,1,0,69915,79627
KR_8353549642,100,True,1163928,WIN,2,2,0,3,6,0,28,3,1,237772,20407
KR_8353549642,200,False,1163928,LOSE,2,3,3,3,2,1,18,0,1,630897,11916
KR_8353510399,100,True,960991,WIN,6,6,3,5,8,3,14,3,0,87598,5288
KR_8353510399,200,False,960991,LOSE,7,5,1,9,5,5,16,0,1,143577,17844
KR_8352561364,100,True,909839,WIN,5,1,2,3,8,1,11,0,1,247295,8085
KR_8352561364,200,False,909839,LOSE,3,4,1,3,4,5,9,3,0,390,5720
KR_8352487072,100,False,791831,LOSE,1,3,0,6,2,2,8,0,0,23210,224288
KR_8352487072,200,True,791831,WIN,6,0,2,2,4,0,7,3,1,35440,151553
KR_8352956156,100,False,772469,WIN,7,4,2,3,1,4,5,3,0,70178,60867
KR_8352956156,200,True,772469,LOSE,4,3,0,4,4,2,9,0,1,9473,76913
KR_8352903963,100,False,934636,LOSE,6,2,2,1,3,2,15,0,0,1037184,7146
KR_8352903963,200,True,934636,WIN,2,2,1,6,3,2,13,3,2,4954,1430
KR_8352599190,100,True,934085,WIN,4,2,1,2,9,6,23,0,1,32438,70868
KR_8352599190,200,False,934085,LOSE,4,2,0,5,6,3,9,3,1,402153,31541
KR_8352498993,100,True,1096293,WIN,4,2,2,6,7,0,11,0,1,21542,69266
KR_8352498993,200,False,1096293,LOSE,3,5,2,5,5,0,21,3,1,8424,18886
KR_8352427628,100,True,1107358,WIN,4,5,1,1,10,4,16,3,0,284737,39340
KR_8352427628,200,False,1107358,LOSE,4,3,0,3,4,3,12,0,2,42905,8430
KR_8352375845,100,False,879583,LOSE,1,2,0,1,3,1,41,1,0,567239,462207
KR_8352375845,200,True,879583,WIN,3,1,0,1,0,2,8,2,0,52074,49325
KR_8352328203,100,False,1070910,LOSE,6,2,1,2,5,3,16,0,2,39299,12633
KR_8352328203,200,True,1070910,WIN,3,6,0,3,4,0,22,3,0,16314,787770
KR_8352234018,100,True,907245,WIN,1,5,1,3,8,1,15,3,1,381026,25799
KR_8352234018,200,False,907245,LOSE,0,3,0,2,3,2,9,0,1,33775,267044
KR_8352182198,100,False,1055034,WIN,1,4,2,3,4,2,20,0,1,33775,7705
KR_8352182198,200,True,1055034,LOSE,3,5,2,2,4,1,21,3,1,6961,61058
KR_8352094990,100,True,1107727,WIN,4,0,2,5,5,1,68,2,2,8314,66161
KR_8352094990,200,False,1107727,LOSE,3,5,0,4,4,3,20,1,1,5945,62736
KR_8352024829,100,True,1009823,WIN,2,2,6,2,6,1,10,3,0,42905,16673
KR_8352024829,200,False,1009823,LOSE,3,3,2,4,3,3,13,0,2,95585,7783
KR_8348351050,100,False,912899,WIN,1,2,0,3,2,1,6,2,0,13909,232911
KR_8348351050,200,True,912899,LOSE,0,1,1,1,3,1,9,1,1,17570,56367
KR_8348252975,100,False,1331748,WIN,3,2,1,3,4,1,17,0,2,16393,21430
KR_8348252975,200,True,1331748,LOSE,0,1,1,5,2,3,11,3,1,12423,2722
KR_8348196878,100,True,675073,WIN,3,0,1,0,2,0,12,3,1,33775,1801337
KR_8348196878,200,False,675073,LOSE,0,2,0,1,2,1,7,0,0,4581,112154
KR_8348143754,100,False,796675,LOSE,4,4,0,5,2,3,7,3,1,43592,1523
KR_8348143754,200,True,796675,WIN,7,3,4,2,5,4,10,0,0,375967,29363
KR_8348111742,100,False,621540,LOSE,1,1,1,4,0,2,5,0,0,17362,111774
KR_8348111742,200,True,621540,WIN,1,0,1,0,2,1,4,3,1,14964,137637
KR_8348066467,100,False,818307,WIN,6,5,1,7,3,1,7,0,0,66531,153429
KR_8348066467,200,True,818307,LOSE,9,6,1,3,3,2,8,3,2,322688,1483
KR_8348005497,100,False,887137,LOSE,1,5,0,5,3,0,11,1,0,1822919,43207
KR_8348005497,200,True,887137,WIN,4,1,2,0,5,0,12,2,2,182057,6443
KR_8347978239,100,True,1062817,LOSE,3,2,9,3,6,3,17,0,1,42905,66537
KR_8347978239,200,False,1062817,WIN,4,3,0,8,3,5,26,3,1,22329,19961
KR_8354763287,100,True,696959,WIN,7,1,2,1,5,1,8,2,1,117947,168090
KR_8354763287,200,False,696959,LOSE,2,6,0,4,0,3,2,1,0,11378,25845
KR_8354711400,100,False,779769,LOSE,1,3,0,2,0,3,5,0,0,66443,22386
KR_8354711400,200,True,779769,WIN,1,0,4,1,3,0,6,3,1,313415,50742
KR_8348016363,100,True,790758,WIN,4,2,4,0,0,4,7,0,1,76005,8489
KR_8348016363,200,False,790758,LOSE,2,4,1,4,5,4,3,3,0,70345,104171
KR_8347962952,100,True,964684,LOSE,1,5,0,3,6,5,7,0,1,54632,200833
KR_8347962952,200,False,964684,WIN,6,2,3,2,4,2,7,3,0,135869,47205
KR_8346983696,100,False,945818,WIN,5,4,2,4,6,2,13,1,0,22065,1070
KR_8346983696,200,True,945818,LOSE,4,4,1,5,4,2,49,2,2,1002962,5059
KR_8344053546,100,True,784077,LOSE,4,4,0,2,3,3,2,2,0,80116,261780
KR_8344053546,200,False,784077,WIN,5,0,1,3,1,4,6,1,0,41610,25888
KR_8343111579,100,False,885519,LOSE,6,3,3,2,3,4,21,0,0,169981,1363
KR_8343111579,200,True,885519,WIN,2,5,2,4,6,4,13,3,0,20590,6999
KR_8346839856,100,True,984813,WIN,3,1,1,4,2,2,14,1,1,61694,30820
KR_8346839856,200,False,984813,LOSE,4,3,0,2,5,2,16,2,1,31449,113440
KR_8346802966,100,True,709819,WIN,5,2,2,2,1,2,8,2,1,435962,292595
KR_8346802966,200,False,709819,LOSE,3,3,0,4,1,3,7,1,0,20455,437313
KR_8346795240,100,False,817953,WIN,5,2,7,4,0,1,13,0,1,61317,2371
KR_8346795240,200,True,817953,LOSE,5,6,1,3,3,2,10,3,1,23167,8934
KR_8346760024,100,False,825346,LOSE,3,6,3,2,1,1,8,2,1,14239,61448
KR_8346760024,200,True,825346,WIN,6,5,0,1,4,3,11,1,0,107403,249032
KR_8344968859,100,True,700001,WIN,5,4,1,2,0,1,4,2,0,15760,40827
KR_8344968859,200,False,700001,LOSE,4,4,4,1,2,2,6,1,0,59937,450235
KR_8344890660,100,False,708815,LOSE,1,3,3,2,1,2,6,1,0,637644,12985
KR_8344890660,200,True,708815,WIN,4,0,0,2,0,0,7,2,1,27347,70624
KR_8344802453,100,False,975344,WIN,3,4,0,2,9,3,8,3,1,5089,276653
KR_8344802453,200,True,975344,LOSE,5,3,2,4,2,4,12,0,1,50009,34532
KR_8344734441,100,True,857371,WIN,5,3,2,1,6,1,8,3,1,57925,260824
KR_8344734441,200,False,857371,LOSE,1,4,2,5,5,4,7,0,0,132712,806837
KR_8344644591,100,False,859872,LOSE,3,6,1,5,9,3,11,2,0,1958,1530
KR_8344644591,200,True,859872,WIN,6,4,3,5,4,3,7,1,1,34261,14239
KR_8337062337,100,False,1056027,LOSE,1,5,2,4,7,2,12,0,1,900,7213
KR_8337062337,200,True,1056027,WIN,8,3,1,5,2,5,18,3,1,21867,17189
KR_8352226186,100,True,902294,LOSE,3,5,1,5,6,2,11,1,1,9005,125963
KR_8352226186,200,False,902294,WIN,6,3,1,2,2,3,10,2,0,236609,56333
KR_8352112393,100,False,657696,LOSE,0,3,0,3,4,2,1,3,0,103791,12062
KR_8352112393,200,True,657696,WIN,5,0,0,2,1,2,8,0,1,148505,7613
KR_8352056602,100,False,1005793,WIN,3,4,3,4,1,4,14,3,0,80046,27144
KR_8352056602,200,True,1005793,LOSE,3,2,3,3,1,1,20,0,2,37786,116940
KR_8351927864,100,True,801729,WIN,7,1,5,2,1,3,8,3,1,17320,44039
KR_8351927864,200,False,801729,LOSE,0,5,3,6,5,4,6,0,0,59499,167115
KR_8344019847,100,True,717018,WIN,5,1,1,1,3,1,4,3,1,256804,10115
KR_8344019847,200,False,717018,LOSE,0,4,1,3,3,2,4,0,0,85196,4927
KR_8343057472,100,False,906612,LOSE,1,3,2,5,0,3,8,0,1,169702,553276
KR_8343057472,200,True,906612,WIN,1,1,4,2,6,0,12,3,1,147333,482859
KR_8343017008,100,False,1158316,LOSE,5,3,2,6,3,6,18,1,0,8530,14784
KR_8343017008,200,True,1158316,WIN,6,4,0,3,6,3,12,2,2,87251,20578
KR_8342940958,100,False,1097903,LOSE,6,3,0,4,0,2,16,0,0,129984,125944
KR_8342940958,200,True,1097903,WIN,0,4,2,2,10,0,12,3,1,31816,28685
KR_8340367439,100,True,629024,WIN,3,1,0,0,1,1,8,0,1,93553,157926
KR_8340367439,200,False,629024,LOSE,1,2,0,1,1,2,3,3,0,6247,26886
KR_8340285545,100,False,1010276,LOSE,3,5,0,7,11,1,22,3,0,2002,6718
KR_8340285545,200,True,1010276,WIN,9,5,3,1,0,4,19,0,1,511516,181031
KR_8349066094,100,False,818298,LOSE,2,7,2,5,3,2,7,0,2,92251,145138
KR_8349066094,200,True,818298,WIN,9,2,1,3,3,2,10,3,0,521458,7100
KR_8349019814,100,False,940680,LOSE,6,3,1,6,3,5,14,1,0,9250,418
KR_8349019814,200,True,940680,WIN,6,4,1,4,6,1,13,2,2,2165,165471
KR_8348997788,100,False,764842,LOSE,0,4,0,1,0,1,10,0,1,7752,249617
KR_8348997788,200,True,764842,WIN,3,1,0,0,4,1,15,3,0,9701,7100
KR_8348970016,100,False,929619,WIN,3,1,0,2,0,2,12,1,0,506252,4185
KR_8348970016,200,True,929619,LOSE,3,3,1,1,4,2,12,2,1,90937,41565
KR_8354298334,100,True,1063231,WIN,3,2,2,10,6,2,11,3,0,32537,5115
KR_8354298334,200,False,1063231,LOSE,8,4,3,2,2,1,15,0,2,3048,142249
KR_8354275451,100,False,675053,LOSE,1,2,1,3,1,1,7,3,1,147855,30602
KR_8354275451,200,True,675053,WIN,2,1,4,1,1,1,7,0,0,47331,1205282
KR_8346623444,100,True,853785,WIN,2,1,0,4,7,1,10,3,2,39919,3059
KR_8346623444,200,False,853785,LOSE,3,1,3,2,0,3,12,0,0,33767,142249
KR_8339170497,100,True,1024752,LOSE,8,5,0,6,2,7,13,1,1,62492,48537
KR_8339170497,200,False,1024752,WIN,4,5,4,5,9,2,13,2,1,36887,30602
KR_8339134018,100,True,473459,LOSE,0,0,2,1,0,1,3,0,1,496333,30602
KR_8339134018,200,False,473459,WIN,1,1,1,0,1,1,2,0,0,39251,22638
KR_8339100320,100,False,703131,LOSE,1,4,0,1,1,2,6,1,0,47576,403
KR_8339100320,200,True,703131,WIN,7,1,0,0,1,2,15,1,1,33167,159659
KR_8339047154,100,True,1013760,WIN,7,4,1,2,2,1,33,1,1,90840,215690
KR_8339047154,200,False,1013760,LOSE,2,7,1,2,7,4,20,2,1,170016,142249
KR_8338977138,100,False,911914,LOSE,0,4,1,2,3,2,52,0,0,17161,72163
KR_8338977138,200,True,911914,WIN,5,2,1,1,4,2,129,3,1,11284,367754
KR_8354745714,100,False,1062096,WIN,8,2,2,3,3,5,6,0,0,5346,8568
KR_8354745714,200,True,1062096,LOSE,3,5,0,6,10,2,12,3,2,39063,16971
KR_8351349455,100,False,853140,LOSE,0,5,1,4,3,3,6,0,0,704173,782560
KR_8351349455,200,True,853140,WIN,7,2,2,2,4,2,6,3,1,6320,22460
KR_8351295179,100,False,949055,LOSE,1,3,5,3,1,2,8,0,1,31067,616
KR_8351295179,200,True,949055,WIN,4,3,5,3,1,0,11,3,1,801803,36632
KR_8351229134,100,True,1118262,LOSE,5,5,3,2,7,5,15,3,1,458822,600784
KR_8351229134,200,False,1118262,WIN,1,7,4,5,4,4,171,0,0,36367,2454084
KR_8351119892,100,True,1081838,WIN,3,5,2,3,4,2,18,3,2,216322,264388
KR_8351119892,200,False,1081838,LOSE,9,3,0,3,1,5,15,0,0,105636,244850
KR_8345791385,100,True,1128027,WIN,3,4,9,3,6,3,18,0,0,45442,5135
KR_8345791385,200,False,1128027,LOSE,4,6,5,7,5,3,19,3,2,230354,66419
KR_8345738534,100,True,902690,LOSE,1,2,1,3,1,1,10,0,0,115964,35666
KR_8345738534,200,False,902690,WIN,2,0,3,0,3,2,13,3,0,492338,168800
KR_8344809470,100,False,1044999,LOSE,1,3,0,3,5,3,18,0,1,1447623,49388
KR_8344809470,200,True,1044999,WIN,5,0,2,4,3,0,2,3,1,19759,15752
KR_8344731272,100,False,1060370,LOSE,4,5,1,4,6,6,15,0,1,47328,45307
KR_8344731272,200,True,1060370,WIN,2,4,2,6,7,3,24,3,0,211722,2262
KR_8340101041,100,True,911049,LOSE,0,0,1,5,6,3,13,3,0,23481,69373
KR_8340101041,200,False,911049,WIN,4,1,2,1,3,3,10,0,2,199611,95985
KR_8340028147,100,False,822357,LOSE,2,7,0,5,3,2,10,3,0,91183,34218
KR_8340028147,200,True,822357,WIN,6,3,6,2,4,3,12,0,2,77070,71763
KR_8339945617,100,True,914237,WIN,3,0,2,3,2,3,15,0,1,119724,8358
KR_8339945617,200,False,914237,LOSE,1,5,1,2,5,0,14,3,0,457183,1111175
KR_8339873909,100,True,887864,LOSE,6,4,0,6,5,3,10,2,1,16936,37325
KR_8339873909,200,False,887864,WIN,9,3,3,4,4,3,6,1,0,12631,2245
KR_8339820783,100,True,1093444,WIN,1,1,2,2,11,0,13,3,0,9573,140195
KR_8339820783,200,False,1093444,LOSE,3,4,0,3,0,3,31,0,2,214757,297816
KR_8352198012,100,False,766980,WIN,2,3,4,3,5,1,10,3,0,10372,2394
KR_8352198012,200,True,766980,LOSE,1,3,4,5,6,2,6,0,1,3103,1887
KR_8352135330,100,True,846218,LOSE,3,5,2,5,5,1,9,0,1,10773,605396
KR_8352135330,200,False,846218,WIN,10,3,0,4,1,2,9,3,0,108280,37587
KR_8352084041,100,True,961935,LOSE,2,2,1,3,3,3,13,0,0,403016,28515
KR_8352084041,200,False,961935,WIN,4,2,0,3,6,1,11,3,2,568,84454
KR_8352006420,100,False,823842,LOSE,1,4,1,3,3,3,7,0,0,32516,297390
KR_8352006420,200,True,823842,WIN,7,2,0,1,4,1,9,3,1,95341,2753318
KR_8349380238,100,True,674462,WIN,4,2,3,1,3,0,6,0,0,53696,15827
KR_8349380238,200,False,674462,LOSE,0,5,0,1,1,1,5,3,0,299706,1889
KR_8347666340,100,False,819357,LOSE,1,3,1,4,3,2,4,0,0,167835,113339
KR_8347666340,200,True,819357,WIN,3,2,5,1,1,1,8,3,2,34237,9855
KR_8347655095,100,False,917246,LOSE,7,6,1,1,2,4,13,0,1,258643,8045
KR_8347655095,200,True,917246,WIN,2,4,3,4,6,0,11,3,1,17427,1415872
KR_8344668810,100,True,860724,LOSE,1,4,1,0,0,1,8,0,1,158201,162515
KR_8344668810,200,False,860724,WIN,4,0,1,1,1,1,8,3,0,677209,56336
KR_8344214405,100,False,767698,WIN,5,2,2,3,1,1,7,1,1,209784,2735
KR_8344214405,200,True,767698,LOSE,0,3,4,2,2,2,4,2,0,66188,8997
KR_8344168136,100,False,1011139,LOSE,3,3,1,4,2,1,17,0,2,17568,91649
KR_8344168136,200,True,1011139,WIN,3,1,1,4,5,0,11,3,0,4919,163417
KR_8344108988,100,True,874506,WIN,2,2,1,3,3,2,13,1,0,68862,349102
KR_8344108988,200,False,874506,LOSE,5,2,0,4,2,4,9,2,1,182867,88727
KR_8344062887,100,True,1075577,WIN,8,4,7,4,7,2,24,0,1,66655,27658
KR_8344062887,200,False,1075577,LOSE,3,7,2,5,2,5,12,3,1,63979,92265
KR_8342631882,100,False,864317,LOSE,0,6,1,6,5,2,8,2,0,11889,157141
KR_8342631882,200,True,864317,WIN,7,2,2,1,4,2,10,1,2,334471,11520
KR_8342603103,100,False,699349,LOSE,0,2,3,3,1,0,5,0,1,21643,30773
KR_8342603103,200,True,699349,WIN,4,1,0,1,3,1,9,3,0,106809,196753
KR_8342544293,100,False,835824,LOSE,2,2,1,4,2,2,4,2,0,10703,54175
KR_8342544293,200,True,835824,WIN,0,2,3,3,3,1,8,1,1,121093,77324
KR_8342470915,100,True,1057550,WIN,0,4,4,3,1,5,13,1,0,11368,57149
KR_8342470915,200,False,1057550,LOSE,6,1,5,2,4,2,9,2,1,4754,96432
KR_8342449237,100,True,710383,WIN,4,0,0,1,1,0,9,3,0,209652,76579
KR_8342449237,200,False,710383,LOSE,0,2,1,2,2,0,7,0,0,152431,24059
KR_8341179735,100,False,1081419,WIN,5,4,3,4,2,1,17,3,0,65083,116076
KR_8341179735,200,True,1081419,LOSE,4,2,0,5,5,3,13,0,2,4371,124217
KR_8341135188,100,True,1036754,WIN,7,4,3,5,1,2,13,3,0,11978,7887
KR_8341135188,200,False,1036754,LOSE,4,5,1,4,6,2,6,0,2,44128,15001
KR_8341092525,100,False,887231,LOSE,1,4,1,3,3,1,11,3,0,564278,11901
KR_8341092525,200,True,887231,WIN,1,2,4,1,3,0,9,0,2,310589,1412
KR_8341040484,100,False,433405,LOSE,0,2,0,1,4,2,1,0,0,212678,66074
KR_8341040484,200,True,433405,WIN,1,0,2,0,3,2,2,0,0,178312,34865
KR_8340996375,100,False,793965,LOSE,2,4,2,2,3,2,8,0,1,28758,68118
KR_8340996375,200,True,793965,WIN,1,3,4,1,1,2,4,3,1,378455,56812
KR_8338950199,100,True,825417,LOSE,4,3,1,2,2,3,9,0,2,444979,249703
KR_8338950199,200,False,825417,WIN,1,3,3,3,6,2,17,3,0,173917,106449
KR_8338881792,100,True,821659,WIN,3,2,2,7,5,3,10,3,1,97824,89506
KR_8338881792,200,False,821659,LOSE,9,3,1,4,2,3,7,0,0,64197,13786
KR_8338797319,100,True,1109122,LOSE,2,3,1,5,3,2,36,3,1,59625,147999
KR_8338797319,200,False,1109122,WIN,3,1,7,5,2,1,11,0,1,49488,64166
KR_8338732413,100,False,927642,LOSE,4,1,1,6,1,4,13,3,0,76560,119521
KR_8338732413,200,True,927642,WIN,2,5,2,3,7,0,11,0,2,4151,1512133
KR_8338683810,100,False,962368,LOSE,1,6,2,3,1,3,9,0,0,75803,29659
KR_8338683810,200,True,962368,WIN,4,3,3,1,4,1,8,3,2,71877,211264
KR_8338552656,100,True,1200691,WIN,4,3,2,5,3,4,18,3,0,1039775,284363
KR_8338552656,200,False,1200691,LOSE,6,4,4,5,8,3,15,0,1,120201,213692
KR_8338523499,100,False,734346,LOSE,0,5,0,2,4,1,2,3,1,90735,539322
KR_8338523499,200,True,734346,WIN,7,0,1,2,2,1,5,0,0,87451,2869
KR_8338492154,100,False,800459,WIN,1,1,3,1,3,3,10,0,0,111403,160628
KR_8338492154,200,True,800459,LOSE,1,2,0,2,1,3,6,3,1,34322,200087
KR_8338452758,100,True,739451,WIN,5,1,0,4,2,2,7,0,0,185584,67443
KR_8338452758,200,False,739451,LOSE,6,3,0,2,1,1,1,3,1,15225,56940
KR_8338426585,100,False,993763,WIN,3,4,3,4,1,2,16,3,1,251016,1326
KR_8338426585,200,True,993763,LOSE,5,6,3,3,2,2,19,0,1,62197,8518
KR_8337648562,100,False,758750,WIN,9,3,3,2,0,2,9,0,1,57439,821207
KR_8337648562,200,True,758750,LOSE,1,5,2,6,3,2,5,3,0,17059,267026
KR_8337562874,100,True,963494,WIN,1,2,1,0,11,3,12,3,1,1655,22765
KR_8337562874,200,False,963494,LOSE,3,2,1,1,2,6,12,0,1,24945,22816
KR_8337525483,100,False,859185,LOSE,2,4,3,2,1,1,9,0,0,12370,22555
KR_8337525483,200,True,859185,WIN,5,3,0,2,2,0,13,3,0,183315,168892
KR_8337436543,100,True,979979,LOSE,1,3,0,3,4,0,17,3,2,753822,124357
KR_8337436543,200,False,979979,WIN,1,3,5,2,1,2,11,0,0,18511,147339
KR_8352427391,100,False,1007703,WIN,0,4,0,5,5,2,18,0,0,98451,118656
KR_8352427391,200,True,1007703,LOSE,7,2,1,2,3,2,9,3,2,18311,31677
KR_8352354573,100,True,736001,WIN,7,2,3,0,2,0,5,2,0,54791,4573
KR_8352354573,200,False,736001,LOSE,1,6,0,5,2,0,8,1,0,212481,14224
KR_8351042363,100,True,772797,WIN,4,1,0,2,1,2,7,2,0,44728,133833
KR_8351042363,200,False,772797,LOSE,0,3,3,2,2,1,8,1,1,482408,14532
KR_8350962444,100,True,1057028,WIN,5,1,0,3,2,4,32,2,1,1811893,142894
KR_8350962444,200,False,1057028,LOSE,4,3,2,2,2,2,13,1,0,90833,150517
KR_8350890648,100,True,609915,WIN,5,2,0,0,2,2,4,3,1,19500,236346
KR_8350890648,200,False,609915,LOSE,0,2,1,4,1,2,3,0,0,25258,18883
KR_8350821980,100,False,524752,LOSE,1,0,0,1,0,0,3,0,0,96337,531
KR_8350821980,200,True,524752,WIN,0,0,0,1,0,0,3,1,0,65099,154879
KR_8350798204,100,False,781287,LOSE,1,3,1,7,1,0,7,3,0,30920,46304
KR_8350798204,200,True,781287,WIN,6,0,1,2,4,0,9,0,2,83316,34008
KR_8350734850,100,True,1061526,WIN,10,1,0,1,4,0,13,0,2,154271,31361
KR_8350734850,200,False,1061526,LOSE,0,2,1,8,1,5,25,3,0,13037,12168
KR_8341673344,100,False,681930,WIN,0,1,2,1,5,0,4,3,0,67899,22264
KR_8341673344,200,True,681930,LOSE,0,3,0,3,2,0,16,0,1,156413,169494
KR_8341616062,100,False,928228,LOSE,5,3,2,4,4,3,15,1,0,206174,27329
KR_8341616062,200,True,928228,WIN,3,2,2,5,4,2,13,2,1,319304,368684
KR_8341511875,100,False,861939,WIN,4,4,2,5,4,1,11,1,1,15501,153116
KR_8341511875,200,True,861939,LOSE,3,4,3,4,3,3,8,2,1,205926,82479
KR_8341142015,100,False,973590,LOSE,2,2,1,4,3,4,13,0,0,15019,82651
KR_8341142015,200,True,973590,WIN,2,3,3,2,6,0,8,3,2,67924,42700
KR_8341071317,100,True,966772,WIN,3,3,1,3,2,1,18,0,1,44728,49096
KR_8341071317,200,False,966772,LOSE,1,4,2,1,6,0,12,3,0,19574,175261
KR_8340281084,100,True,931172,LOSE,3,5,0,7,2,3,15,2,2,68942,78464
KR_8340281084,200,False,931172,WIN,9,2,2,0,5,3,14,1,0,83247,1392917
KR_8340225743,100,False,655329,LOSE,0,3,1,2,1,0,3,0,0,35677,1374491
KR_8340225743,200,True,655329,WIN,4,1,0,0,0,1,7,0,1,121991,1241780
KR_8338893283,100,True,959077,LOSE,2,3,1,2,2,3,8,0,1,62669,1778
KR_8338893283,200,False,959077,WIN,1,2,0,3,4,1,18,3,1,26170,13284
KR_8338849096,100,False,932136,LOSE,2,1,1,2,2,3,5,3,0,6873,82843
KR_8338849096,200,True,932136,WIN,3,4,1,1,2,1,18,0,1,197373,106344
KR_8347285146,100,False,909114,LOSE,8,3,1,5,1,5,11,0,1,12183,246849
KR_8347285146,200,True,909114,WIN,3,3,0,6,12,1,10,3,0,35180,39150
KR_8347222674,100,False,966358,WIN,1,2,0,1,3,2,15,3,0,28370,45486
KR_8347222674,200,True,966358,LOSE,1,1,0,0,5,2,11,0,2,154507,31406
KR_8347198343,100,False,882186,LOSE,3,3,3,8,8,1,11,3,2,45251,79431
KR_8347198343,200,True,882186,WIN,5,6,0,4,12,2,12,0,0,49534,11009
KR_8347148292,100,False,885509,LOSE,3,2,0,3,1,2,9,0,1,174325,86922
KR_8347148292,200,True,885509,WIN,1,1,1,4,8,1,11,3,0,123105,14266
KR_8347067889,100,True,972620,WIN,7,1,1,2,3,3,13,0,1,43823,16851
KR_8347067889,200,False,972620,LOSE,2,4,0,5,2,1,12,3,1,1026718,83700
KR_8347010897,100,False,801974,LOSE,1,2,1,3,3,2,10,2,0,154797,259473
KR_8347010897,200,True,801974,WIN,4,1,1,3,1,1,11,1,2,38463,53664
KR_8346988371,100,True,717190,WIN,8,0,3,3,7,0,5,3,1,85038,10855
KR_8346988371,200,False,717190,LOSE,1,6,3,8,0,3,3,0,0,69710,58872
KR_8346943257,100,True,873443,LOSE,4,4,2,4,8,1,10,0,1,28214,38396
KR_8346943257,200,False,873443,WIN,3,5,3,4,3,1,8,3,0,106532,80083
KR_8346917325,100,True,792055,WIN,7,0,2,0,1,1,10,0,1,43823,530181
KR_8346917325,200,False,792055,LOSE,0,3,0,6,2,2,7,3,0,61723,388316
KR_8346879915,100,False,798091,LOSE,3,3,0,4,6,3,9,0,0,9455,26803
KR_8346879915,200,True,798091,WIN,5,3,2,4,2,1,12,3,1,43823,33654
KR_8346827820,100,True,769188,LOSE,0,3,0,4,2,2,7,3,0,9848,9017
KR_8346827820,200,False,769188,WIN,5,0,2,1,1,1,8,0,1,41616,10297
KR_8346815404,100,True,1003555,WIN,7,4,3,3,3,6,13,0,1,56277,60016
KR_8346815404,200,False,1003555,LOSE,1,5,0,4,10,7,6,3,0,50253,31077
KR_8346330564,100,False,882959,LOSE,1,0,0,6,1,4,10,1,0,13345,164516
KR_8346330564,200,True,882959,WIN,3,1,1,1,2,0,11,2,1,542588,24945
KR_8346284902,100,False,1181004,LOSE,0,2,2,3,5,5,17,0,0,153836,26233
KR_8346284902,200,True,1181004,WIN,1,2,1,1,5,3,16,3,2,81847,77484
KR_8346263402,100,True,866488,WIN,6,4,5,2,4,2,9,3,1,162899,359201
KR_8346263402,200,False,866488,LOSE,3,4,2,6,3,5,12,0,0,184028,2548
KR_8346224331,100,True,709367,WIN,3,3,3,0,3,1,9,3,0,544513,2472533
KR_8346224331,200,False,709367,LOSE,1,4,1,3,1,2,3,0,1,15908,9630
KR_8346146448,100,True,944842,LOSE,2,2,0,3,4,2,7,2,1,206545,161673
KR_8346146448,200,False,944842,WIN,1,2,2,2,4,1,11,1,1,15583,51825
KR_8346089154,100,False,888988,WIN,2,2,1,7,1,5,13,3,0,36776,147452
KR_8346089154,200,True,888988,LOSE,5,2,4,1,4,0,9,0,1,802428,114742
KR_8346007298,100,False,864051,WIN,7,2,0,4,4,2,14,3,2,345187,189647
KR_8346007298,200,True,864051,LOSE,0,3,2,7,7,1,13,0,0,64895,29872
KR_8345937733,100,True,1066435,WIN,4,0,0,1,6,1,25,0,1,119366,17856
KR_8345937733,200,False,1066435,LOSE,0,1,1,4,5,4,10,3,0,1110645,9620
KR_8345896205,100,False,982652,WIN,4,3,4,5,3,2,15,0,0,25473,109326
KR_8345896205,200,True,982652,LOSE,4,6,3,1,2,4,12,3,2,876500,81025
KR_8345856372,100,False,866690,LOSE,2,0,0,2,3,3,12,1,1,139521,41035
KR_8345856372,200,True,866690,WIN,2,2,0,1,2,1,10,2,0,42512,199881
KR_8340487781,100,False,1007273,LOSE,4,5,2,5,3,4,13,3,0,27373,21613
KR_8340487781,200,True,1007273,WIN,9,3,0,4,4,1,7,0,1,13104,10236
KR_8340434478,100,False,999342,LOSE,4,4,1,3,1,3,12,0,1,99289,7098
KR_8340434478,200,True,999342,WIN,4,2,3,4,2,2,17,3,1,42065,58776
KR_8340379594,100,False,631596,LOSE,3,1,0,4,3,1,29,3,0,445730,3600
KR_8340379594,200,True,631596,WIN,4,2,1,3,2,2,4,0,1,36007,16851
KR_8340323097,100,False,1031657,LOSE,1,3,0,6,6,4,51,3,1,190641,3922
KR_8340323097,200,True,1031657,WIN,2,1,3,1,4,3,15,0,1,127988,16644
KR_8351998478,100,True,977358,WIN,4,3,3,3,3,1,13,1,0,253789,150150
KR_8351998478,200,False,977358,LOSE,2,5,1,5,4,2,9,2,1,136441,1975211
KR_8351940715,100,True,905746,WIN,3,0,1,1,4,5,11,3,1,11976,2708
KR_8351940715,200,False,905746,LOSE,1,2,0,1,5,3,8,0,1,34811,266423
KR_8351891158,100,True,821954,LOSE,1,0,5,3,4,2,6,3,1,58082,9591
KR_8351891158,200,False,821954,WIN,0,4,2,4,0,3,3,0,0,136441,21812
KR_8351817668,100,True,1029696,WIN,6,6,4,1,5,2,17,0,2,92940,10313
KR_8351817668,200,False,1029696,LOSE,4,6,2,5,7,3,16,3,0,77478,5098
KR_8352509367,100,False,685041,WIN,6,2,4,2,0,2,6,0,1,23813,30635
KR_8352509367,200,True,685041,LOSE,3,5,2,5,4,0,2,3,0,2088,14510
KR_8352421877,100,True,736192,LOSE,3,4,1,2,3,2,8,0,1,142144,87118
KR_8352421877,200,False,736192,WIN,3,1,0,2,5,0,38,3,0,360156,59730
KR_8352352993,100,True,958865,LOSE,3,8,2,4,6,2,9,3,0,1362020,14395
KR_8352352993,200,False,958865,WIN,5,4,8,2,0,3,10,0,1,340788,16848
KR_8350112817,100,True,830178,WIN,1,4,4,0,1,0,8,3,1,688115,74524
KR_8350112817,200,False,830178,LOSE,2,4,1,2,3,1,12,0,0,41570,18451
KR_8345505276,100,False,691277,LOSE,1,4,0,3,1,1,6,2,0,23813,14251
KR_8345505276,200,True,691277,WIN,8,0,1,1,0,1,7,1,0,144981,10019
KR_8345130971,100,False,890086,LOSE,5,2,7,8,3,6,7,2,0,23813,908597
KR_8345130971,200,True,890086,WIN,7,6,0,5,3,2,14,1,2,86035,38604
KR_8345071311,100,True,980496,LOSE,3,5,1,4,7,1,15,3,1,23813,220458
KR_8345071311,200,False,980496,WIN,6,3,1,2,3,3,10,0,0,501752,290247
KR_8342421233,100,True,934345,WIN,5,4,1,6,7,5,10,2,0,20308,74945
KR_8342421233,200,False,934345,LOSE,6,4,2,4,4,5,9,1,1,252534,653496
KR_8342376156,100,True,866541,LOSE,5,5,1,3,1,1,13,3,0,515301,62749
KR_8342376156,200,False,866541,WIN,3,4,5,3,2,1,7,0,1,518826,5824
KR_8342350079,100,True,871697,WIN,2,4,0,3,1,4,9,3,0,76876,394974
KR_8342350079,200,False,871697,LOSE,4,1,2,0,5,0,9,0,0,36482,32232
KR_8342049293,100,False,876239,LOSE,3,1,0,2,3,1,21,1,1,144037,57704
KR_8342049293,200,True,876239,WIN,1,0,0,0,4,3,11,2,0,49166,252470
KR_8341950459,100,False,883367,LOSE,2,4,3,5,3,4,12,0,0,26581,558092
KR_8341950459,200,True,883367,WIN,9,2,0,1,7,4,20,3,1,63066,288643
KR_8341789486,100,True,803795,LOSE,3,3,0,2,8,3,6,3,0,46669,260633
KR_8341789486,200,False,803795,WIN,4,4,3,3,2,4,6,0,0,64841,112336
KR_8340894177,100,True,977717,LOSE,3,4,3,2,1,1,9,3,0,23813,11904
KR_8340894177,200,False,977717,WIN,3,1,3,7,2,0,15,0,2,99007,41293
KR_8340855380,100,True,1154556,WIN,6,4,1,4,3,2,21,3,3,6861,9262
KR_8340855380,200,False,1154556,LOSE,3,3,2,6,3,4,17,0,0,4589,21491
KR_8340791546,100,False,644377,WIN,3,2,0,2,2,1,2,0,0,19751,18025
KR_8340791546,200,True,644377,LOSE,1,2,1,2,3,0,4,3,0,57622,93651
KR_8340779040,100,False,818627,LOSE,0,3,0,4,1,1,3,0,0,203857,296535
KR_8340779040,200,True,818627,WIN,5,0,2,0,0,0,12,3,2,23813,24141
KR_8338203249,100,True,726390,WIN,3,0,1,2,3,1,10,0,1,91458,189364
KR_8338203249,200,False,726390,LOSE,1,3,0,1,2,1,6,0,0,5920,15193
KR_8338182282,100,True,880040,WIN,8,2,2,2,6,2,15,3,1,13971,11364
KR_8338182282,200,False,880040,LOSE,1,6,3,4,1,3,9,0,0,195770,385942
KR_8337023096,100,False,1105220,LOSE,6,4,0,7,7,6,20,3,0,11922,2724
KR_8337023096,200,True,1105220,WIN,5,6,6,4,8,3,18,0,1,421932,59274
KR_8352679944,100,True,1015097,WIN,1,3,3,3,7,2,17,3,0,153983,73959
KR_8352679944,200,False,1015097,LOSE,1,3,5,4,2,4,10,0,1,50195,12055
KR_8352572966,100,False,962576,LOSE,1,2,0,4,2,6,28,0,0,33523,172247
KR_8352572966,200,True,962576,WIN,4,2,2,0,8,2,14,0,1,110583,15707
KR_8352522411,100,False,916079,WIN,5,4,3,6,3,4,8,0,0,32346,30144
KR_8352522411,200,True,916079,LOSE,3,3,8,5,5,1,10,3,1,79572,18288
KR_8352448788,100,False,986022,LOSE,6,3,0,5,1,3,4,3,0,40131,18950
KR_8352448788,200,True,986022,WIN,6,5,0,2,2,2,16,0,2,689870,574236
KR_8351324910,100,False,977129,WIN,3,5,1,0,2,1,14,3,1,63153,699284
KR_8351324910,200,True,977129,LOSE,6,3,2,3,1,0,174,0,0,5342020,936949
KR_8351292279,100,True,892525,WIN,8,3,3,1,3,2,10,3,1,23319,42344
KR_8351292279,200,False,892525,LOSE,3,3,0,5,4,4,14,0,1,492186,361559
KR_8351230570,100,False,958255,LOSE,1,1,4,5,1,4,10,0,0,231124,30144
KR_8351230570,200,True,958255,WIN,1,3,5,1,9,1,8,3,2,25730,1291
KR_8351105468,100,False,833943,LOSE,2,8,1,4,3,3,0,0,1,85749,14826
KR_8351105468,200,True,833943,WIN,11,1,2,3,1,2,11,3,1,57223,42448
KR_8348467545,100,True,1006257,LOSE,4,3,1,4,4,3,11,0,1,17000,123154
KR_8348467545,200,False,1006257,WIN,2,3,2,4,4,0,12,3,1,729,300301
KR_8348390111,100,True,914065,LOSE,8,5,0,7,1,5,16,0,0,2239,2823
KR_8348390111,200,False,914065,WIN,5,6,4,4,9,0,16,3,2,379779,200648
KR_8346297211,100,True,976351,LOSE,7,4,5,6,1,4,13,0,1,135015,461089
KR_8346297211,200,False,976351,WIN,6,6,1,4,1,3,12,3,1,7197,25624
KR_8346222712,100,True,1009349,LOSE,3,3,0,2,1,7,9,3,2,149826,58733
KR_8346222712,200,False,1009349,WIN,3,2,1,0,5,3,12,0,0,366222,194690
KR_8346189013,100,False,884395,WIN,7,1,2,3,8,5,17,0,1,153631,1389830
KR_8346189013,200,True,884395,LOSE,2,6,1,6,3,4,7,3,1,355230,114175
KR_8343272022,100,False,847518,LOSE,3,5,1,4,1,4,13,0,0,44400,315510
KR_8343272022,200,True,847518,WIN,7,3,0,1,2,0,12,3,2,10300,34839
KR_8339867892,100,False,890179,LOSE,1,6,0,3,3,0,13,3,0,35751,198203
KR_8339867892,200,True,890179,WIN,6,2,1,0,1,1,13,0,1,5607,1699
KR_8339174969,100,True,863931,LOSE,1,4,0,5,1,2,5,3,0,8327,3039
KR_8339174969,200,False,863931,WIN,6,1,2,0,5,1,5,0,2,39311,68954
KR_8337976692,100,False,826201,WIN,2,2,5,4,0,4,11,1,0,45726,120708
KR_8337976692,200,True,826201,LOSE,1,4,2,3,9,1,7,2,1,712223,17281
KR_8337946767,100,True,925986,WIN,3,3,1,1,1,3,8,2,0,92589,17281
KR_8337946767,200,False,925986,LOSE,3,2,0,4,3,1,12,1,2,94849,2326130
KR_8337910819,100,True,1071010,WIN,4,5,2,4,4,3,13,2,1,964058,17281
KR_8337910819,200,False,1071010,LOSE,7,2,1,7,4,8,11,1,1,106708,14264
KR_8337858498,100,True,1052277,WIN,1,2,0,4,7,2,14,3,1,42663,10011
KR_8337858498,200,False,1052277,LOSE,3,2,2,0,1,6,13,0,1,59812,16463
KR_8337331479,100,False,961312,WIN,4,3,2,3,2,7,10,3,0,43814,278731
KR_8337331479,200,True,961312,LOSE,3,4,3,4,4,1,55,0,1,660743,44848
KR_8337217706,100,False,906458,WIN,6,1,0,4,1,0,14,2,1,10551,447448
KR_8337217706,200,True,906458,LOSE,1,4,1,1,3,2,9,1,0,21934,86317
KR_8337197188,100,True,930042,WIN,2,0,2,1,1,0,14,0,1,33568,400448
KR_8337197188,200,False,930042,LOSE,1,1,0,3,3,2,4,3,0,328249,420805
KR_8343395468,100,False,955098,LOSE,6,3,1,8,4,3,7,3,0,31673,227530
KR_8343395468,200,True,955098,WIN,6,3,0,3,6,6,11,0,1,225666,34823
KR_8343335053,100,True,826179,LOSE,2,3,1,1,2,1,9,3,2,94190,227530
KR_8343335053,200,False,826179,WIN,3,2,0,3,2,1,13,0,0,27863,7131
KR_8338630759,100,True,1053455,WIN,4,2,5,6,4,4,22,3,1,102563,80458
KR_8338630759,200,False,1053455,LOSE,3,3,3,6,8,2,12,0,0,46065,696921
KR_8338583212,100,False,882906,LOSE,0,5,1,5,6,2,7,3,2,23479,144384
KR_8338583212,200,True,882906,WIN,9,1,1,1,5,4,10,0,0,35186,63346
KR_8352104307,100,True,758605,LOSE,1,6,2,4,3,0,7,0,0,2081,434804
KR_8352104307,200,False,758605,WIN,8,3,0,3,3,0,11,3,1,8901,27980
KR_8352056259,100,False,844966,LOSE,1,5,0,3,1,3,2,0,0,263227,41882
KR_8352056259,200,True,844966,WIN,8,0,1,2,1,0,6,3,2,650837,251159
KR_8352010755,100,True,618292,WIN,2,0,1,1,2,0,5,2,0,81128,537103
KR_8352010755,200,False,618292,LOSE,0,0,0,4,1,1,3,1,1,92920,30641
KR_8351926115,100,True,619036,WIN,1,1,0,1,5,0,31,3,1,150501,24515
KR_8351926115,200,False,619036,LOSE,1,1,0,1,1,2,4,0,0,77197,55113
KR_8351875277,100,True,767618,WIN,2,1,4,1,1,0,5,0,1,142581,526035
KR_8351875277,200,False,767618,LOSE,0,4,0,3,3,0,7,3,1,15666,25291
KR_8349901630,100,False,744463,LOSE,0,6,0,4,2,4,7,0,1,80862,133311
KR_8349901630,200,True,744463,WIN,9,0,3,1,8,1,9,3,0,450612,18065
KR_8349880687,100,True,911378,WIN,2,1,0,5,4,1,49,3,1,102081,7058
KR_8349880687,200,False,911378,LOSE,3,1,1,4,2,5,9,0,0,41287,10544
KR_8349852690,100,True,1033225,LOSE,4,5,1,2,0,2,15,0,0,82369,3871
KR_8349852690,200,False,1033225,WIN,4,2,2,2,2,5,15,3,2,127555,174127
KR_8349818180,100,True,709216,WIN,1,2,5,1,0,2,5,3,0,242432,28973
KR_8349818180,200,False,709216,LOSE,2,3,1,4,4,2,1,0,0,63663,2566
KR_8349774319,100,True,903347,WIN,6,1,0,2,5,0,8,3,2,84912,34773
KR_8349774319,200,False,903347,LOSE,2,3,1,4,2,2,11,0,0,414343,75090
KR_8349720656,100,True,620966,LOSE,1,4,1,1,6,0,6,3,0,133049,66396
KR_8349720656,200,False,620966,WIN,1,1,0,2,3,2,6,0,1,23592,482173
KR_8349650270,100,False,905047,LOSE,4,5,4,3,1,4,7,0,1,59245,29830
KR_8349650270,200,True,905047,WIN,8,5,0,3,4,0,12,3,1,105716,101165
KR_8340085643,100,True,1006663,WIN,7,2,6,5,1,5,16,0,0,439251,379706
KR_8340085643,200,False,1006663,LOSE,2,4,4,4,3,5,13,3,1,52574,53065
KR_8348452595,100,False,943814,LOSE,0,4,0,3,2,3,8,3,1,73727,13027
KR_8348452595,200,True,943814,WIN,3,0,3,0,4,2,36,0,1,27573,27241
KR_8348390969,100,True,727837,LOSE,1,3,1,2,4,3,5,0,0,198791,10310
KR_8348390969,200,False,727837,WIN,2,0,2,1,2,2,10,0,1,24679,6979
KR_8348248231,100,True,775890,LOSE,5,1,1,5,4,2,11,3,1,472266,37002
KR_8348248231,200,False,775890,WIN,4,2,1,4,1,4,9,0,0,41431,198219
KR_8348114954,100,True,732063,WIN,1,0,1,0,3,1,10,3,2,19390,369604
KR_8348114954,200,False,732063,LOSE,0,1,1,1,2,2,5,0,0,591,9791
KR_8348058833,100,True,892246,WIN,6,4,2,3,1,2,11,3,1,103054,5719
KR_8348058833,200,False,892246,LOSE,1,6,3,2,7,1,13,0,0,12750,42378
KR_8348022437,100,True,1033826,WIN,5,0,1,5,3,1,13,3,0,42566,9647
KR_8348022437,200,False,1033826,LOSE,1,3,2,3,1,2,18,0,2,19688,23672
KR_8343811624,100,True,1139495,WIN,3,3,2,2,7,0,11,3,2,108897,12956
KR_8343811624,200,False,1139495,LOSE,4,3,5,6,0,4,11,0,1,361925,64065
KR_8355236992,100,False,621046,LOSE,1,2,1,4,1,2,4,3,1,116827,56754
KR_8355236992,200,True,621046,WIN,4,1,1,0,4,3,6,0,0,34824,731868
KR_8355236467,100,True,1069020,WIN,4,4,2,1,8,3,14,0,0,67063,115178
KR_8355236467,200,False,1069020,LOSE,1,3,4,6,3,2,10,3,1,67232,771777
KR_8355233068,100,True,734397,WIN,1,1,4,0,8,0,6,3,2,166787,37898
KR_8355233068,200,False,734397,LOSE,0,3,0,4,2,4,8,0,0,34465,142798
KR_8355212080,100,False,873328,LOSE,0,6,1,5,1,6,3,0,0,120868,124635
KR_8355212080,200,True,873328,WIN,9,1,3,0,3,0,9,3,1,24343,92825
KR_8348867466,100,False,1003786,LOSE,0,4,2,2,4,2,7,0,0,4975,218204
KR_8348867466,200,True,1003786,WIN,3,2,2,0,7,4,161,3,2,57856,23805
KR_8345674119,100,False,761217,WIN,7,3,1,3,4,0,10,3,0,409153,4222
KR_8345674119,200,True,761217,LOSE,2,4,1,5,4,2,18,0,1,21368,426132
KR_8345639010,100,False,1134235,WIN,2,1,1,3,6,0,12,1,1,16425,6688
KR_8345639010,200,True,1134235,LOSE,1,3,1,5,1,1,15,2,2,36344,329493
KR_8345440501,100,True,817639,WIN,6,3,0,2,6,2,9,1,2,141322,35051
KR_8345440501,200,False,817639,LOSE,1,3,0,3,6,2,8,2,0,40780,4309
KR_8345430598,100,True,962238,WIN,3,2,2,3,5,2,9,3,1,45322,31346
KR_8345430598,200,False,962238,LOSE,1,5,2,3,5,5,5,0,0,7191,22021
KR_8337973749,100,True,869676,WIN,6,0,2,1,0,1,15,3,2,36664,10122
KR_8337973749,200,False,869676,LOSE,2,4,0,2,2,1,10,0,0,7316,3052
KR_8337958149,100,True,882643,WIN,3,1,0,1,3,2,11,0,1,81931,2045
KR_8337958149,200,False,882643,LOSE,1,3,0,2,4,1,9,3,1,445907,8319
KR_8337921499,100,False,833241,LOSE,6,3,1,2,2,7,13,0,0,91005,8785
KR_8337921499,200,True,833241,WIN,3,4,1,4,6,2,4,3,1,370762,9990
KR_8337882117,100,False,1119552,WIN,1,4,4,7,1,5,21,2,1,58215,736
KR_8337882117,200,True,1119552,LOSE,13,3,1,4,3,3,18,1,2,15572,10122
KR_8355150067,100,False,1103382,LOSE,5,4,2,3,10,2,18,0,1,125168,638496
KR_8355150067,200,True,1103382,WIN,6,4,0,9,3,5,12,3,1,29736,27338
KR_8355102645,100,False,883171,WIN,4,4,0,5,3,4,16,3,0,4501,184739
KR_8355102645,200,True,883171,LOSE,7,4,0,2,7,1,9,0,1,107458,13210
KR_8355066504,100,True,952595,WIN,5,3,4,2,0,3,11,1,2,24353,93902
KR_8355066504,200,False,952595,LOSE,6,5,0,5,4,2,10,2,0,59543,659326
KR_8354073649,100,False,981484,LOSE,2,3,1,4,3,6,10,0,1,28795,73838
KR_8354073649,200,True,981484,WIN,4,1,0,2,11,0,10,3,1,6381,15056
KR_8354051323,100,True,868993,LOSE,0,3,0,1,7,1,33,3,0,187806,62033
KR_8354051323,200,False,868993,WIN,2,1,2,2,0,3,12,0,1,44182,156693
KR_8354004862,100,True,766676,WIN,1,4,1,4,4,3,4,0,0,22556,275157
KR_8354004862,200,False,766676,LOSE,4,1,1,0,6,2,8,3,1,8334,528396
KR_8353975701,100,True,687610,WIN,4,2,0,0,5,1,34,0,1,15984,1440891
KR_8353975701,200,False,687610,LOSE,1,3,0,2,2,2,6,3,0,64992,2008702
KR_8353004036,100,True,880896,WIN,2,1,1,2,2,5,12,0,1,63394,197729
KR_8353004036,200,False,880896,LOSE,2,2,2,3,5,3,15,3,1,4936,19205
KR_8352968118,100,False,967729,LOSE,4,2,2,0,5,3,13,0,1,99738,930937
KR_8352968118,200,True,967729,WIN,2,2,1,5,3,4,10,3,1,24716,859043
KR_8352924991,100,False,719451,LOSE,5,5,0,3,1,4,8,0,0,322619,10105
KR_8352924991,200,True,719451,WIN,6,3,2,2,1,1,6,3,1,3704,70771
KR_8352890783,100,False,857189,LOSE,6,2,0,4,5,1,13,3,0,54073,826777
KR_8352890783,200,True,857189,WIN,2,4,0,3,6,2,11,0,1,280043,274224
KR_8352863193,100,False,986606,LOSE,1,2,0,2,4,1,16,2,2,58362,19606
KR_8352863193,200,True,986606,WIN,3,1,0,1,1,2,15,1,0,528856,182222
KR_8352806217,100,True,835007,WIN,4,1,2,4,3,4,9,1,0,16727,14456
KR_8352806217,200,False,835007,LOSE,4,4,3,0,2,4,12,0,0,72019,31817
KR_8352758774,100,True,824571,WIN,4,1,1,1,2,0,9,1,1,28806,154630
KR_8352758774,200,False,824571,LOSE,0,4,1,3,2,4,7,2,1,14428,19177
KR_8352704393,100,True,730627,WIN,4,2,0,2,3,4,9,0,1,80906,10558
KR_8352704393,200,False,730627,LOSE,0,3,3,1,4,2,6,3,0,26934,62485
KR_8352645363,100,False,884363,LOSE,2,3,0,3,6,2,5,0,1,161228,152488
KR_8352645363,200,True,884363,WIN,3,4,3,2,2,1,6,3,1,296097,9166
KR_8352555386,100,True,932454,WIN,7,3,0,6,1,1,9,3,1,51588,129353
KR_8352555386,200,False,932454,LOSE,6,2,3,4,5,4,12,0,0,19738,187719
KR_8352476364,100,False,851128,LOSE,1,2,0,3,4,3,18,0,0,79999,1584393
KR_8352476364,200,True,851128,WIN,1,1,2,2,4,0,8,3,0,65810,227723
KR_8352348516,100,True,769197,LOSE,1,6,2,4,9,1,13,2,1,4740,10374
KR_8352348516,200,False,769197,WIN,7,1,1,4,2,3,4,1,0,55110,10723
KR_8352305989,100,False,915383,LOSE,0,6,0,4,3,4,7,0,0,68390,20069
KR_8352305989,200,True,915383,WIN,6,1,6,2,4,3,4,3,1,75265,1680
KR_8352281121,100,False,553745,LOSE,0,1,0,3,0,0,6,0,0,187648,109871
KR_8352281121,200,True,553745,WIN,0,0,1,0,3,0,8,0,0,936309,330436
KR_8351572386,100,False,1014655,LOSE,3,3,2,2,2,4,11,0,0,624636,24157
KR_8351572386,200,True,1014655,WIN,1,3,2,2,1,1,13,3,0,35139,72126
KR_8351560474,100,True,919705,WIN,0,3,2,1,1,7,11,2,1,1306586,10670
KR_8351560474,200,False,919705,LOSE,2,2,2,2,5,3,15,1,0,2442647,18102
KR_8351537934,100,False,765870,LOSE,0,3,1,3,1,2,10,0,0,19071,429739
KR_8351537934,200,True,765870,WIN,5,1,0,0,0,1,11,3,1,18289,581194
KR_8351530790,100,False,958741,LOSE,8,8,3,4,4,0,14,3,0,2392,11169
KR_8351530790,200,True,958741,WIN,4,7,7,6,4,3,14,0,1,5503,58665
KR_8351519264,100,True,933559,WIN,5,4,2,3,8,0,7,2,2,3721,105488
KR_8351519264,200,False,933559,LOSE,2,6,2,2,2,4,12,1,0,373861,847544
KR_8351376062,100,False,824136,WIN,7,1,2,1,4,2,11,0,0,33944,4165
KR_8351376062,200,True,824136,LOSE,0,4,1,6,4,1,41,3,0,3998,1585945
KR_8351310160,100,False,675637,WIN,1,0,1,0,1,3,8,0,0,324678,875555
KR_8351310160,200,True,675637,LOSE,0,1,1,0,2,1,5,0,0,376615,35905
KR_8351234443,100,True,677593,WIN,5,2,3,1,0,2,5,1,1,95099,137773
KR_8351234443,200,False,677593,LOSE,2,3,1,3,1,2,5,2,0,408063,585262
KR_8351150214,100,True,705501,LOSE,0,4,2,4,2,1,11,3,1,269492,43817
KR_8351150214,200,False,705501,WIN,6,1,1,0,1,2,5,0,0,183550,541103
KR_8351090126,100,True,1007597,WIN,4,4,1,0,5,1,9,0,1,34429,160866
KR_8351090126,200,False,1007597,LOSE,4,4,1,3,1,3,21,3,1,66564,324197
KR_8350990329,100,True,958729,LOSE,1,3,0,3,2,4,14,0,0,118124,1296241
KR_8350990329,200,False,958729,WIN,3,1,3,3,3,1,14,3,2,384936,143261
KR_8350896587,100,False,821573,WIN,1,2,2,2,2,3,12,0,0,255209,115576
KR_8350896587,200,True,821573,LOSE,2,3,0,0,4,1,7,3,1,304883,32116
KR_8350745714,100,True,775439,WIN,2,0,1,0,1,1,9,2,0,547872,25226
KR_8350745714,200,False,775439,LOSE,0,2,0,1,0,3,10,1,1,985888,23674
KR_8350614670,100,True,1015105,WIN,4,0,1,4,7,1,8,3,1,53617,164261
KR_8350614670,200,False,1015105,LOSE,1,3,1,4,7,5,5,0,1,13593,667681
KR_8350583365,100,False,738284,LOSE,2,3,0,5,3,5,7,0,0,497087,466388
KR_8350583365,200,True,738284,WIN,6,3,3,2,1,1,8,3,0,219796,16892
KR_8350530321,100,True,1063735,WIN,1,5,0,5,5,4,21,0,0,9139,16747
KR_8350530321,200,False,1063735,LOSE,3,2,1,2,9,1,10,3,2,20542,46076
KR_8350472436,100,True,888658,WIN,0,3,2,6,3,3,10,3,0,5752,46695
KR_8350472436,200,False,888658,LOSE,8,2,2,1,2,2,9,0,2,111036,347826
KR_8350400999,100,False,1095276,LOSE,2,3,1,3,2,2,17,2,1,413407,80166
KR_8350400999,200,True,1095276,WIN,3,0,3,2,2,2,25,1,0,290215,1008778
KR_8350250367,100,False,864691,LOSE,2,1,1,5,2,2,7,0,1,1634800,285491
KR_8350250367,200,True,864691,WIN,2,1,1,3,7,2,40,3,0,171343,129751
KR_8350214026,100,False,875758,WIN,1,4,3,5,5,3,13,0,2,35640,5565
KR_8350214026,200,True,875758,LOSE,1,5,3,2,6,2,10,3,0,37163,14947
KR_8349902065,100,False,1020728,LOSE,3,2,2,3,3,2,13,0,2,9055,1217254
KR_8349902065,200,True,1020728,WIN,5,4,1,4,0,3,15,3,0,87166,29812
KR_8349869608,100,False,980246,LOSE,1,3,0,4,1,2,12,0,1,4596602,1270560
KR_8349869608,200,True,980246,WIN,8,0,0,1,0,0,13,3,1,101500,5886
KR_8349826261,100,False,791929,LOSE,3,5,1,2,2,4,8,0,0,9491,34391
KR_8349826261,200,True,791929,WIN,6,3,0,3,5,0,9,3,0,24559,18503
KR_8349685696,100,True,703648,LOSE,1,3,0,4,1,2,6,0,1,1397240,36181
KR_8349685696,200,False,703648,WIN,6,1,1,0,3,0,6,3,0,499142,68933
KR_8349607622,100,True,681063,WIN,4,4,0,1,7,5,6,2,1,23382,396016
KR_8349607622,200,False,681063,LOSE,1,3,3,0,7,3,6,1,0,1310972,1170406
KR_8345184908,100,False,737745,WIN,1,0,3,0,3,4,8,0,0,50371,3995813
KR_8345184908,200,True,737745,LOSE,0,2,2,2,2,4,9,3,1,437719,3072
KR_8345145271,100,False,835501,WIN,5,0,0,1,1,4,12,2,1,114899,3076
KR_8345145271,200,True,835501,LOSE,1,3,0,2,2,3,12,1,1,4970,63102
KR_8345109261,100,False,712052,LOSE,0,3,0,3,1,1,14,0,0,32263,320794
KR_8345109261,200,True,712052,WIN,5,0,0,0,1,0,9,3,1,52810,116623
KR_8344993940,100,True,1053647,WIN,11,2,5,7,4,3,10,2,1,77645,39672
KR_8344993940,200,False,1053647,LOSE,4,5,4,9,4,6,12,1,1,53413,37413
KR_8344535150,100,False,797330,WIN,2,1,3,4,4,1,13,3,0,327284,29008
KR_8344535150,200,True,797330,LOSE,3,6,5,4,0,1,10,0,1,255953,3045
KR_8344463651,100,True,970966,WIN,0,1,0,0,8,1,14,3,1,29785,296975
KR_8344463651,200,False,970966,LOSE,2,0,1,2,4,6,14,0,0,69552,26594
KR_8344409945,100,False,865075,LOSE,2,5,6,5,1,1,9,3,0,140784,237893
KR_8344409945,200,True,865075,WIN,5,3,5,2,5,3,47,0,1,153113,8357
KR_8344312539,100,False,1107152,LOSE,1,1,0,1,8,1,14,0,2,86584,41354
KR_8344312539,200,True,1107152,WIN,0,0,0,1,5,3,12,3,0,347984,10655
KR_8344254916,100,True,879777,LOSE,2,3,2,1,4,2,7,3,1,654699,7485
KR_8344254916,200,False,879777,WIN,3,1,1,3,6,5,8,0,0,18418,9158
KR_8344186812,100,True,878629,WIN,5,2,0,3,2,2,14,1,2,122306,47878
KR_8344186812,200,False,878629,LOSE,4,1,2,3,0,2,12,2,0,9242,10775
KR_8344133547,100,True,979910,LOSE,2,4,0,4,3,3,19,3,1,79250,1590
KR_8344133547,200,False,979910,WIN,3,1,2,3,7,1,16,0,1,147455,223784
KR_8343826436,100,False,1148658,LOSE,3,4,1,3,4,6,16,1,2,223400,233144
KR_8343826436,200,True,1148658,WIN,8,1,1,3,1,2,23,2,0,71542,99206
KR_8343800938,100,True,1002949,WIN,7,4,3,2,2,3,15,2,1,210509,42461
KR_8343800938,200,False,1002949,LOSE,6,6,1,5,3,1,13,1,1,610909,1120482
KR_8343790418,100,True,1053850,WIN,6,3,1,4,8,1,15,2,1,14896,196749
KR_8343790418,200,False,1053850,LOSE,4,4,2,6,4,3,14,1,0,416707,94999
KR_8343726789,100,True,770740,WIN,4,2,2,1,5,1,9,3,1,103283,2416
KR_8343726789,200,False,770740,LOSE,1,3,0,2,4,4,10,0,0,81080,54798
KR_8343682387,100,True,768202,WIN,3,2,2,3,0,1,12,3,0,315984,614906
KR_8343682387,200,False,768202,LOSE,3,3,0,4,2,1,8,0,1,61058,6891
KR_8343636428,100,True,853494,WIN,2,1,2,4,3,1,9,0,0,62253,14193
KR_8343636428,200,False,853494,LOSE,4,3,2,3,1,0,12,3,1,197221,189785
KR_8343585687,100,False,868447,LOSE,6,3,1,3,2,2,21,2,0,13706,34849
KR_8343585687,200,True,868447,WIN,2,5,2,2,5,2,7,1,1,135992,1059328
KR_8343520581,100,True,768129,WIN,3,2,2,1,1,2,10,0,0,87142,14323
KR_8343520581,200,False,768129,LOSE,2,2,1,3,1,2,6,3,1,375119,29991
KR_8343351695,100,False,1080427,LOSE,4,6,3,6,7,6,20,1,1,14692,193587
KR_8343351695,200,True,1080427,WIN,10,5,3,2,10,4,18,2,1,84936,3567939
KR_8343272771,100,False,1003541,WIN,1,0,1,3,5,2,22,0,0,14692,248894
KR_8343272771,200,True,1003541,LOSE,5,3,0,3,2,1,17,3,1,240178,4655
KR_8343203120,100,True,965620,WIN,5,2,1,0,8,2,14,1,1,19075,28922
KR_8343203120,200,False,965620,LOSE,1,4,1,3,3,4,13,2,0,86536,158677
KR_8343120327,100,True,1020906,WIN,3,0,0,2,4,3,10,0,2,11470,27635
KR_8343120327,200,False,1020906,LOSE,1,2,2,2,2,5,11,3,0,4806,1381099
KR_8342373411,100,True,826824,WIN,4,1,5,2,6,2,10,0,1,706818,529268
KR_8342373411,200,False,826824,LOSE,1,5,3,5,0,2,11,3,1,21936,166008
KR_8342111306,100,True,738662,WIN,5,1,2,5,3,1,4,3,1,23555,65088
KR_8342111306,200,False,738662,LOSE,3,6,5,2,0,3,7,0,0,133962,1817
KR_8342054934,100,True,771653,WIN,2,1,6,4,5,2,9,3,1,1345676,63695
KR_8342054934,200,False,771653,LOSE,3,4,2,5,2,5,7,0,0,50964,58163
KR_8342019653,100,True,960733,WIN,3,4,2,4,3,4,12,3,1,5876,206469
KR_8342019653,200,False,960733,LOSE,5,3,1,4,7,4,14,0,0,89770,11067
KR_8341873544,100,True,878671,WIN,2,3,1,1,11,0,14,3,2,186476,20562
KR_8341873544,200,False,878671,LOSE,1,4,0,4,2,2,7,0,0,14692,2336947
KR_8341792571,100,False,496120,WIN,2,1,0,0,0,2,3,0,0,613636,7259
KR_8341792571,200,True,496120,LOSE,1,0,0,1,3,1,2,0,0,14692,19073
KR_8341738103,100,True,786133,WIN,4,0,1,4,3,1,10,3,1,14692,607964
KR_8341738103,200,False,786133,LOSE,0,3,2,2,3,3,6,0,0,37895,24285
KR_8341650669,100,True,1229318,LOSE,4,2,2,4,2,2,15,0,1,14692,13715
KR_8341650669,200,False,1229318,WIN,5,2,0,4,6,1,12,3,1,380306,14462
KR_8341613027,100,False,863628,WIN,3,4,2,1,1,4,11,0,0,121711,20269
KR_8341613027,200,True,863628,LOSE,1,3,1,4,8,1,9,3,1,63755,1280
KR_8341379578,100,True,985692,LOSE,4,6,0,7,3,0,14,3,1,19987,194605
KR_8341379578,200,False,985692,WIN,6,3,4,3,1,2,5,0,1,63755,36072
KR_8341317923,100,True,1032717,WIN,4,2,4,4,4,2,11,0,2,13047,6052
KR_8341317923,200,False,1032717,LOSE,3,4,0,3,3,4,18,3,0,77424,4607
KR_8341269346,100,False,904612,WIN,3,0,2,1,3,1,10,2,0,244349,12160
KR_8341269346,200,True,904612,LOSE,1,3,0,2,1,1,9,1,2,35397,139757
KR_8341019874,100,True,691166,WIN,2,0,0,1,4,1,6,3,1,40052,39831
KR_8341019874,200,False,691166,LOSE,0,3,0,0,2,1,9,0,0,2585369,749189
KR_8340984280,100,True,987032,LOSE,2,3,0,4,5,0,9,0,2,599546,32959
KR_8340984280,200,False,987032,WIN,4,3,1,1,2,3,9,3,0,113573,206552
KR_8340934778,100,False,1332120,LOSE,0,2,2,7,8,4,22,3,1,33873,2609
KR_8340934778,200,True,1332120,WIN,6,3,1,2,3,4,18,0,1,188209,862185
KR_8340894768,100,True,828251,WIN,3,1,1,0,0,0,10,3,1,255020,499632
KR_8340894768,200,False,828251,LOSE,0,2,0,2,4,0,10,0,0,40052,21604
KR_8340864811,100,True,959189,WIN,7,0,0,1,0,1,9,2,1,492392,8305
KR_8340864811,200,False,959189,LOSE,0,3,1,4,2,2,11,1,1,119258,53504
KR_8340845016,100,True,1111993,LOSE,2,4,1,6,1,4,16,3,1,457129,15631
KR_8340845016,200,False,1111993,WIN,5,4,6,3,3,3,14,0,2,229880,3881
KR_8340359747,100,True,1021618,LOSE,1,1,0,0,1,3,11,1,0,302333,36720
KR_8340359747,200,False,1021618,WIN,0,0,0,2,3,0,14,2,1,65213,277936
KR_8354779364,100,False,1116804,WIN,2,4,4,3,8,2,13,3,1,74505,2523441
KR_8354779364,200,True,1116804,LOSE,1,5,7,6,6,2,16,0,1,57072,25948
KR_8353855485,100,True,1056334,WIN,9,6,3,2,5,1,16,2,2,76946,87452
KR_8353855485,200,False,1056334,LOSE,5,2,6,10,3,5,15,1,0,245837,116653
KR_8353774511,100,True,804775,LOSE,1,4,8,5,0,5,6,2,0,169564,356655
KR_8353774511,200,False,804775,WIN,6,4,1,2,4,2,21,1,1,263546,116661
KR_8353675733,100,False,1084666,LOSE,1,3,5,1,2,2,15,2,2,19924,279344
KR_8353675733,200,True,1084666,WIN,5,0,0,5,2,3,13,1,0,40538,116653
KR_8353621797,100,False,1015723,WIN,8,1,1,3,6,1,9,0,0,88280,1531
KR_8353621797,200,True,1015723,LOSE,1,6,4,5,3,1,14,3,1,63513,356655
KR_8352393499,100,False,1155987,WIN,3,2,2,5,1,2,17,3,0,430569,116653
KR_8352393499,200,True,1155987,LOSE,4,1,3,2,1,2,19,0,2,46826,247010
KR_8349311879,100,False,990198,LOSE,3,2,1,6,1,1,12,0,2,1428348,38014
KR_8349311879,200,True,990198,WIN,8,0,1,2,0,3,19,3,0,101537,302978
KR_8355069677,100,False,766476,WIN,8,0,2,3,0,2,8,1,0,1805865,3740806
KR_8355069677,200,True,766476,LOSE,2,5,3,5,2,2,2,2,0,104495,888032
KR_8355008996,100,False,929773,WIN,1,1,1,2,1,3,8,3,0,59749,705
KR_8355008996,200,True,929773,LOSE,1,1,1,1,6,2,13,0,1,1805865,7339
KR_8354940866,100,True,1205499,WIN,4,0,1,0,4,2,17,0,1,276341,6857
KR_8354940866,200,False,1205499,LOSE,0,2,0,6,3,3,35,3,1,1300551,2668283
KR_8354911350,100,True,765328,WIN,5,1,3,2,2,0,8,3,0,1805865,23524
KR_8354911350,200,False,765328,LOSE,1,3,1,4,0,6,9,0,0,871971,8902
KR_8354523644,100,False,774596,LOSE,0,4,2,2,0,2,5,0,0,100715,1075739
KR_8354523644,200,True,774596,WIN,6,2,0,0,3,0,5,3,0,1805865,88904
KR_8354487597,100,True,1057052,LOSE,5,1,1,2,7,4,9,3,1,1300551,374449
KR_8354487597,200,False,1057052,WIN,2,0,1,5,6,5,13,0,0,214189,339460
KR_8354443990,100,True,862023,WIN,3,0,2,0,0,0,10,2,2,98510,204696
KR_8354443990,200,False,862023,LOSE,0,3,0,4,1,1,4,1,0,99695,59069
KR_8353844421,100,True,880249,WIN,4,1,0,2,5,0,11,3,0,1805865,602978
KR_8353844421,200,False,880249,LOSE,0,3,2,4,1,1,14,0,1,1310680,172844
KR_8353757727,100,False,1044072,LOSE,3,1,3,6,1,4,13,0,0,7256,91313
KR_8353757727,200,True,1044072,WIN,4,3,0,3,4,2,15,3,2,1300551,412684
KR_8348463165,100,True,1056290,WIN,4,3,1,2,7,4,18,2,1,237328,55182
KR_8348463165,200,False,1056290,LOSE,4,6,1,3,3,2,13,1,1,99695,35244
KR_8348402995,100,True,1021993,WIN,4,5,0,5,4,3,12,3,0,81552,6125
KR_8348402995,200,False,1021993,LOSE,7,3,0,2,2,2,12,0,2,99695,77816
KR_8348366184,100,False,737051,LOSE,1,2,0,3,0,2,5,3,0,1300551,4086
KR_8348366184,200,True,737051,WIN,5,0,1,1,1,1,6,0,1,75652,369731
KR_8348284935,100,True,769669,WIN,3,2,1,2,4,2,7,3,1,1805865,939274
KR_8348284935,200,False,769669,LOSE,5,3,1,2,1,2,7,0,0,293195,9057
KR_8348232110,100,False,864789,WIN,5,4,3,5,2,3,6,1,0,1300551,428508
KR_8348232110,200,True,864789,LOSE,4,2,1,6,7,1,12,2,2,143337,176472
KR_8346292327,100,True,1215441,WIN,2,2,1,3,0,0,17,1,1,30780,6880490
KR_8346292327,200,False,1215441,LOSE,5,2,0,1,1,5,20,2,1,59303,80258
KR_8346225537,100,True,1212420,WIN,9,3,2,3,7,3,21,0,1,229119,54003
KR_8346225537,200,False,1212420,LOSE,1,5,3,7,7,2,22,3,2,1300551,192766
KR_8346152782,100,False,1132014,WIN,1,4,2,3,3,3,15,3,0,67643,50604
KR_8346152782,200,True,1132014,LOSE,3,5,3,1,3,2,21,0,2,99695,38126
KR_8346096426,100,False,1040266,WIN,6,3,2,4,3,3,12,1,0,1300551,95981
KR_8346096426,200,True,1040266,LOSE,4,5,2,4,3,2,157,2,2,1000492,417328
KR_8345698116,100,True,1061769,LOSE,7,5,2,2,3,3,8,3,1,1128892,5336
KR_8345698116,200,False,1061769,WIN,3,6,1,4,5,2,16,0,0,1300551,14669
KR_8345652689,100,False,942739,WIN,2,1,1,2,6,1,13,3,1,55222,120905
KR_8345652689,200,True,942739,LOSE,1,2,0,1,4,3,14,0,0,1300551,780350
KR_8345620645,100,True,912477,WIN,2,2,3,0,3,2,13,3,1,13835,81518
KR_8345620645,200,False,912477,LOSE,2,4,1,1,2,3,5,0,1,9849,57228
KR_8345585879,100,True,779867,WIN,6,2,3,1,3,2,5,1,1,1805865,45774
KR_8345585879,200,False,779867,LOSE,1,5,1,3,3,4,6,2,0,18329,552080
KR_8345561731,100,False,1189330,LOSE,7,5,0,6,7,3,15,1,2,50574,749367
KR_8345561731,200,True,1189330,WIN,7,4,4,4,5,4,14,2,0,1300551,184646
KR_8340535090,100,True,849778,LOSE,1,2,0,1,3,1,10,2,2,64189,850672
KR_8340535090,200,False,849778,WIN,1,0,3,1,2,2,8,1,0,1300551,387620
KR_8340492814,100,False,735893,LOSE,3,3,0,2,0,1,8,0,0,99695,46704
KR_8340492814,200,True,735893,WIN,5,1,0,2,3,0,2,3,1,53156,194947
KR_8338034574,100,True,956843,WIN,6,3,0,4,2,0,15,2,2,315205,4311
KR_8338034574,200,False,956843,LOSE,2,3,2,4,6,4,14,1,0,1805865,122838
KR_8355181736,100,True,833653,WIN,4,3,0,3,0,5,123,0,0,442630,2383
KR_8355181736,200,False,833653,LOSE,1,2,5,2,0,3,9,3,1,31932,7360
KR_8355160206,100,False,801936,WIN,5,2,1,4,4,3,14,2,1,218914,13886
KR_8355160206,200,True,801936,LOSE,3,5,5,4,2,4,12,1,1,1971,900320
KR_8355111942,100,True,880686,LOSE,4,4,1,3,3,2,12,3,1,177617,420478
KR_8355111942,200,False,880686,WIN,4,3,1,5,8,2,14,0,1,66740,17151
KR_8354916575,100,True,889225,LOSE,2,5,4,1,5,1,10,2,2,140672,2556
KR_8354916575,200,False,889225,WIN,6,3,0,3,0,4,15,1,0,82430,46039
KR_8353801776,100,True,857806,WIN,8,2,1,3,3,2,10,3,0,59187,23023
KR_8353801776,200,False,857806,LOSE,1,6,2,2,4,1,9,0,1,552859,303435
KR_8352826824,100,True,934307,WIN,6,2,1,5,8,3,12,1,1,46122,754991
KR_8352826824,200,False,934307,LOSE,7,5,2,3,4,4,15,2,0,442630,723
KR_8352775814,100,False,772195,WIN,4,2,2,2,2,3,8,3,1,50091,394474
KR_8352775814,200,True,772195,LOSE,0,5,0,1,6,2,18,0,0,59187,134165
KR_8352665633,100,True,980285,LOSE,0,2,0,3,3,1,10,0,2,218218,19375
KR_8352665633,200,False,980285,WIN,6,0,0,0,0,3,11,3,0,108664,772241
KR_8350666518,100,False,764609,LOSE,1,4,2,4,3,3,9,1,0,5939,45918
KR_8350666518,200,True,764609,WIN,1,4,5,0,4,2,7,2,1,23604,118295
KR_8350622401,100,True,914457,WIN,6,4,2,2,5,4,8,3,0,16205,218215
KR_8350622401,200,False,914457,LOSE,1,5,1,5,6,2,8,0,2,7758,65066
KR_8350543619,100,True,837449,WIN,9,0,2,4,2,8,12,0,1,442630,5206
KR_8350543619,200,False,837449,LOSE,2,5,2,4,6,3,13,3,1,186073,121702
KR_8350497400,100,True,859383,WIN,6,0,1,1,3,1,8,0,1,18395,26829
KR_8350497400,200,False,859383,LOSE,0,4,0,4,1,2,12,3,1,345309,23089
KR_8350459281,100,True,819918,WIN,9,3,4,3,3,1,11,0,1,66740,8143
KR_8350459281,200,False,819918,LOSE,2,7,2,7,2,2,10,3,0,19433,4558
KR_8350390931,100,True,946584,WIN,10,2,3,4,5,7,10,3,1,75382,23023
KR_8350390931,200,False,946584,LOSE,2,6,2,6,7,6,10,0,1,58991,374765
KR_8348186947,100,False,873558,LOSE,3,1,2,5,0,1,10,0,2,442630,751487
KR_8348186947,200,True,873558,WIN,5,3,1,1,3,3,11,3,0,1447259,464965
KR_8344277464,100,True,1003169,LOSE,2,5,2,3,4,4,12,2,2,165447,116512
KR_8344277464,200,False,1003169,WIN,12,0,2,5,0,5,16,1,0,218914,23023
KR_8344222021,100,True,926263,LOSE,4,7,2,3,2,2,14,0,2,26985,301912
KR_8344222021,200,False,926263,WIN,6,2,2,3,4,5,12,3,0,442630,26829
KR_8343646418,100,False,888704,WIN,8,1,1,1,3,2,11,0,0,442630,125472
KR_8343646418,200,True,888704,LOSE,1,2,2,6,1,1,10,3,2,346709,130876
KR_8355147440,100,True,1226588,WIN,7,3,5,3,5,4,23,3,1,492221,262514
KR_8355147440,200,False,1226588,LOSE,4,6,1,6,0,8,21,0,1,111462,98239
KR_8355109027,100,True,795842,WIN,12,1,2,3,7,2,12,3,0,145243,210425
KR_8355109027,200,False,795842,LOSE,3,6,1,7,1,5,10,0,2,14416,1021760
KR_8355048684,100,True,1038372,LOSE,2,2,5,3,4,2,16,3,2,214987,7669
KR_8355048684,200,False,1038372,WIN,1,3,0,3,8,2,12,0,0,253937,26994
KR_8354996203,100,False,890326,WIN,5,2,0,1,3,5,131,0,0,15898,220919
KR_8354996203,200,True,890326,LOSE,2,3,0,4,1,3,13,3,2,32412,1488830
KR_8354913297,100,True,854923,LOSE,6,3,2,3,0,2,5,3,1,9615,2275035
KR_8354913297,200,False,854923,WIN,5,3,2,2,0,2,9,0,0,190231,511972
KR_8354848123,100,False,984060,LOSE,6,2,1,1,1,3,16,0,2,105294,225488
KR_8354848123,200,True,984060,WIN,1,2,1,5,6,1,18,3,0,119658,477716
KR_8354641722,100,True,988931,WIN,5,1,3,3,6,2,7,2,1,37250,75913
KR_8354641722,200,False,988931,LOSE,1,4,3,3,0,6,13,1,0,44025,970559
KR_8354031648,100,False,861028,LOSE,1,3,0,2,1,5,6,0,0,160006,105086
KR_8354031648,200,True,861028,WIN,5,2,1,0,3,0,24,3,1,214154,77978
KR_8353989788,100,False,797240,WIN,1,1,1,0,1,2,9,0,1,111462,261883
KR_8353989788,200,True,797240,LOSE,0,0,1,0,0,2,8,3,1,76667,143029
KR_8353934972,100,True,890038,WIN,4,1,1,0,5,1,12,0,1,40166,16399
KR_8353934972,200,False,890038,LOSE,1,4,1,5,0,1,40,3,0,309783,13034
KR_8353274229,100,False,890668,LOSE,1,4,2,6,1,1,5,0,0,12298,23538
KR_8353274229,200,True,890668,WIN,6,2,2,1,4,1,8,3,2,1194116,156326
KR_8352675031,100,False,1149873,LOSE,3,4,1,4,3,4,13,3,0,107706,4915
KR_8352675031,200,True,1149873,WIN,5,4,1,2,5,2,16,0,2,2918,157380
KR_8351978126,100,True,889782,WIN,6,2,0,2,2,3,11,0,1,40575,231767
KR_8351978126,200,False,889782,LOSE,0,4,1,2,3,2,14,3,0,53137,113133
KR_8351887960,100,False,987950,LOSE,4,4,0,5,3,1,10,3,0,1022,90924
KR_8351887960,200,True,987950,WIN,5,4,3,2,4,1,9,0,1,38646,15638
KR_8351850553,100,False,868069,LOSE,2,3,0,4,4,3,12,0,0,81322,17273
KR_8351850553,200,True,868069,WIN,5,1,1,2,1,1,5,3,2,242134,39958
KR_8350355645,100,False,956951,WIN,4,2,1,3,3,2,11,2,1,33447,614219
KR_8350355645,200,True,956951,LOSE,1,3,4,3,6,0,14,1,0,456701,2885
KR_8349637906,100,True,1039664,LOSE,2,5,8,1,7,1,158,3,0,295148,33862
KR_8349637906,200,False,1039664,WIN,4,5,0,2,2,7,8,0,2,114951,88014
KR_8349034225,100,True,911033,WIN,1,1,4,0,7,2,12,3,2,456701,30468
KR_8349034225,200,False,911033,LOSE,1,2,1,1,2,3,7,0,0,1282095,22783
KR_8348923166,100,True,955918,WIN,5,2,0,5,9,1,10,0,1,456701,18371
KR_8348923166,200,False,955918,LOSE,2,4,3,1,2,3,11,3,1,24077,19602
KR_8344364784,100,False,1129825,LOSE,3,3,3,3,5,6,20,3,1,456701,444059
KR_8344364784,200,True,1129825,WIN,4,4,2,3,1,3,15,0,1,15953,33961
KR_8344315474,100,True,979438,WIN,5,3,3,1,2,2,9,0,2,14336,90035
KR_8344315474,200,False,979438,LOSE,4,4,0,5,2,2,15,3,0,456701,216309
KR_8344270649,100,False,852108,LOSE,0,3,0,2,1,4,8,2,0,96512,157380
KR_8344270649,200,True,852108,WIN,4,0,0,0,2,1,10,1,2,558627,19335
KR_8344232169,100,True,1344060,WIN,1,6,5,6,7,4,25,3,2,64498,39750
KR_8344232169,200,False,1344060,LOSE,7,6,1,4,5,5,17,0,1,283536,19067
KR_8344171954,100,True,687305,WIN,5,0,3,3,1,2,11,3,0,64498,107752
KR_8344171954,200,False,687305,LOSE,2,3,2,4,4,1,5,0,1,259626,10634
KR_8341826960,100,True,1036332,LOSE,3,2,0,3,5,1,11,1,0,255698,40234
KR_8341826960,200,False,1036332,WIN,1,2,0,3,0,2,12,2,2,456701,1591234
KR_8341761092,100,False,760907,LOSE,2,3,1,5,2,0,1,2,0,23751,2180
KR_8341761092,200,True,760907,WIN,6,0,1,4,1,0,6,1,1,54531,27003
KR_8341692748,100,False,694638,LOSE,0,3,0,3,1,2,5,3,0,35324,13061
KR_8341692748,200,True,694638,WIN,6,0,0,0,3,0,4,0,1,2838,19565
KR_8341661132,100,True,863324,WIN,3,1,1,1,5,0,11,2,0,887682,157380
KR_8341661132,200,False,863324,LOSE,1,2,1,2,0,4,14,1,0,119167,4240
KR_8352001960,100,False,742922,WIN,2,1,0,2,4,0,7,3,0,40611,15081
KR_8352001960,200,True,742922,LOSE,3,1,0,1,4,4,6,0,1,74487,538143
KR_8351336318,100,True,852447,LOSE,6,0,0,2,3,1,16,2,1,139651,89209
KR_8351336318,200,False,852447,WIN,0,1,0,4,6,3,7,1,1,248765,24207
KR_8353100856,100,True,763652,WIN,9,2,0,2,3,0,10,0,1,42713,1330182
KR_8353100856,200,False,763652,LOSE,1,5,0,4,3,2,17,3,0,28159,6959
KR_8353093418,100,True,956058,WIN,2,1,1,2,6,1,8,3,0,196513,745759
KR_8353093418,200,False,956058,LOSE,2,2,1,4,1,4,13,0,1,280010,27262
KR_8353088271,100,False,825425,LOSE,2,3,1,3,0,4,10,2,0,7395,947296
KR_8353088271,200,True,825425,WIN,3,0,1,2,3,1,10,1,0,190659,277494
KR_8353071455,100,False,915029,LOSE,2,7,5,2,5,2,11,3,0,91281,334181
KR_8353071455,200,True,915029,WIN,8,5,1,3,6,2,13,0,2,173951,6804675
KR_8353068330,100,True,853898,WIN,5,2,4,2,4,2,8,1,1,39900,934875
KR_8353068330,200,False,853898,LOSE,3,5,2,7,3,4,42,2,0,22297,3119
KR_8351637916,100,True,739517,WIN,2,1,1,2,2,2,11,2,1,8080,12100
KR_8351637916,200,False,739517,LOSE,0,1,1,2,1,3,7,1,0,59099,268887
KR_8351561349,100,True,962757,WIN,5,1,1,0,5,3,12,3,1,20945,19380
KR_8351561349,200,False,962757,LOSE,0,4,0,3,4,5,14,0,0,226154,21460
KR_8351537957,100,False,1041668,LOSE,5,4,0,5,3,4,14,3,0,7186,1881700
KR_8351537957,200,True,1041668,WIN,5,4,2,2,11,2,12,0,2,876276,9744
KR_8351520763,100,False,641755,LOSE,0,5,3,6,1,2,1,3,1,63600,1678
KR_8351520763,200,True,641755,WIN,11,1,0,2,1,2,5,0,0,9837,140491
KR_8351503871,100,True,760978,WIN,6,1,0,1,5,0,8,0,1,9072,171630
KR_8351503871,200,False,760978,LOSE,0,3,2,4,0,1,6,3,0,453179,490
KR_8351414131,100,True,807650,LOSE,3,1,1,2,2,0,15,3,1,3558,11325
KR_8351414131,200,False,807650,WIN,0,5,0,3,4,2,11,0,0,4204,18074
KR_8350031755,100,True,1123618,LOSE,10,3,1,7,3,3,12,3,1,38670,9502
KR_8350031755,200,False,1123618,WIN,3,7,3,4,4,4,16,0,1,56988,465176
KR_8349926094,100,False,820212,LOSE,3,3,1,5,3,1,3,3,0,16599,788
KR_8349926094,200,True,820212,WIN,8,2,0,3,1,3,5,0,1,78925,59878
KR_8349894639,100,False,791750,LOSE,3,2,0,2,1,3,12,3,0,282806,9070
KR_8349894639,200,True,791750,WIN,1,2,0,1,3,1,9,0,1,89524,665483
KR_8349869967,100,True,815724,WIN,0,1,3,1,1,0,5,3,1,72024,65206
KR_8349869967,200,False,815724,LOSE,2,2,0,3,2,1,8,0,0,114392,1337
KR_8349850302,100,True,829542,WIN,9,4,3,1,2,1,4,0,1,12773,252991
KR_8349850302,200,False,829542,LOSE,1,10,5,3,0,1,19,3,0,46419,459259
KR_8349812144,100,False,931621,LOSE,2,3,0,2,2,5,14,0,0,3691,196953
KR_8349812144,200,True,931621,WIN,1,2,5,1,5,4,138,3,2,10766,24651
KR_8346608750,100,True,610941,WIN,8,0,1,0,2,1,4,0,0,26732,28361
KR_8346608750,200,False,610941,LOSE,0,5,0,4,0,1,5,3,1,283547,92105
KR_8346598655,100,False,1083862,WIN,8,6,3,9,4,2,10,3,0,15683,10610
KR_8346598655,200,True,1083862,LOSE,8,7,4,4,2,3,15,0,1,111401,47360
KR_8354118591,100,False,628969,WIN,1,1,2,3,4,1,5,3,0,23754,60171
KR_8354118591,200,True,628969,LOSE,2,2,1,5,3,1,4,0,0,59749,43527
KR_8352998141,100,True,848362,WIN,5,2,2,3,6,3,13,1,2,20130,9307
KR_8352998141,200,False,848362,LOSE,1,4,0,5,7,1,4,2,0,37862,576
KR_8351798019,100,False,878369,LOSE,3,5,0,5,0,6,11,1,0,22654,7143
KR_8351798019,200,True,878369,WIN,5,1,6,1,6,1,10,2,1,167040,4009
KR_8351919097,100,False,989119,WIN,1,2,3,2,2,2,9,2,1,4982,39283
KR_8351919097,200,True,989119,LOSE,0,2,2,4,5,1,13,1,1,5611,49825
KR_8351867430,100,False,821675,LOSE,0,2,0,4,1,4,9,0,1,4532,63899
KR_8351867430,200,True,821675,WIN,5,0,0,0,6,1,10,3,0,17712,2213
KR_8350714971,100,True,933335,WIN,4,2,2,2,1,1,12,3,2,63897,54086
KR_8350714971,200,False,933335,LOSE,4,1,0,5,3,2,11,0,0,15688,36369
KR_8352134466,100,True,987270,WIN,2,1,0,4,6,2,10,0,1,156917,40408
KR_8352134466,200,False,987270,LOSE,3,3,0,2,1,3,15,3,1,147931,553538
KR_8352071532,100,False,1014471,WIN,2,5,1,5,5,6,10,2,0,138413,2942
KR_8352071532,200,True,1014471,LOSE,6,2,4,1,10,3,13,1,0,147931,46466
KR_8355088956,100,False,740339,WIN,4,3,1,3,1,0,2,0,1,5168,5319
KR_8355088956,200,True,740339,LOSE,4,5,2,0,2,0,9,3,0,422471,57568
KR_8355047364,100,True,799268,LOSE,2,4,1,4,6,3,5,0,0,264444,16684
KR_8355047364,200,False,799268,WIN,8,2,1,4,2,2,9,3,0,66220,1817073
KR_8347850377,100,False,970837,WIN,11,2,3,3,4,1,5,0,2,108934,30926
KR_8347850377,200,True,970837,LOSE,3,9,1,8,6,4,28,3,0,35125,65158
KR_8347835352,100,True,877227,WIN,1,0,0,0,9,0,26,0,1,4449,136247
KR_8347835352,200,False,877227,LOSE,0,0,0,3,1,6,6,3,0,129223,42733
KR_8347805621,100,True,822777,WIN,3,1,1,1,7,2,9,3,0,27094,30961
KR_8347805621,200,False,822777,LOSE,2,2,1,6,1,4,5,0,0,106443,4487
KR_8347786388,100,True,738206,WIN,2,1,1,2,1,0,6,3,1,116468,5800
KR_8347786388,200,False,738206,LOSE,0,2,1,2,3,3,2,0,0,380721,13875
KR_8347763000,100,True,681261,WIN,1,1,1,0,3,1,5,3,0,116468,22124
KR_8347763000,200,False,681261,LOSE,3,2,0,2,0,3,7,0,0,19067,87143
KR_8347753241,100,True,757042,WIN,8,3,2,1,3,1,6,0,1,241767,533142
KR_8347753241,200,False,757042,LOSE,2,4,2,6,0,2,5,3,0,269576,60034
KR_8347727246,100,False,947095,WIN,1,7,2,5,2,1,15,3,0,27632,18433
KR_8347727246,200,True,947095,LOSE,8,2,2,1,5,2,15,0,2,1458855,43041
KR_8347714051,100,False,642060,LOSE,1,2,0,3,1,1,2,0,0,35761,10532
KR_8347714051,200,True,642060,WIN,2,2,2,1,3,1,7,0,1,4211,724712
KR_8346615490,100,False,888496,LOSE,1,5,3,4,2,1,15,0,0,708586,13590
KR_8346615490,200,True,888496,WIN,4,1,1,3,5,0,14,3,1,23258,11161
KR_8346588863,100,False,1070597,LOSE,6,2,3,2,2,4,12,0,0,36438,7719
KR_8346588863,200,True,1070597,WIN,2,2,3,6,6,3,14,3,1,79007,650547
KR_8340965665,100,True,987351,WIN,8,1,3,0,3,3,9,3,2,57173,527167
KR_8340965665,200,False,987351,LOSE,0,4,1,5,2,3,13,0,0,480,7785
KR_8340900835,100,True,993522,WIN,3,2,1,2,5,0,17,3,0,52129,55521
KR_8340900835,200,False,993522,LOSE,1,2,2,2,1,2,12,0,1,181953,56923
KR_8339574477,100,True,962693,LOSE,1,4,1,5,10,2,15,0,2,3843,88965
KR_8339574477,200,False,962693,WIN,6,2,2,2,2,2,10,3,0,55251,79474
KR_8339541745,100,True,855888,WIN,2,1,2,1,6,0,7,0,2,13613,409867
KR_8339541745,200,False,855888,LOSE,0,5,0,2,2,7,9,3,0,224356,197001
KR_8336961835,100,True,673903,LOSE,1,2,6,2,2,0,6,3,0,146939,8320
KR_8336961835,200,False,673903,WIN,2,0,0,1,1,7,5,0,1,39326,11742
KR_8336966299,100,False,791373,WIN,2,3,3,2,2,1,9,0,1,26666,770573
KR_8336966299,200,True,791373,LOSE,0,2,2,1,4,0,13,3,0,200710,108531
KR_8336935836,100,False,1062946,WIN,5,5,2,4,3,6,17,0,0,22126,770573
KR_8336935836,200,True,1062946,LOSE,3,4,4,2,7,2,12,3,1,149947,199906
KR_8353086307,100,True,852166,WIN,7,2,1,2,6,1,8,0,1,97632,367868
KR_8353086307,200,False,852166,LOSE,1,4,0,5,6,2,23,3,1,15751,2349
KR_8340163605,100,False,930922,WIN,2,5,4,4,5,1,17,0,2,1057841,292027
KR_8340163605,200,True,930922,LOSE,12,3,0,4,2,4,15,3,0,48322,39781
KR_8340071957,100,False,984070,WIN,4,4,0,3,1,1,16,3,1,85077,299028
KR_8340071957,200,True,984070,LOSE,0,3,0,2,5,1,12,0,1,329424,471523
KR_8339020497,100,True,906130,WIN,2,3,2,3,5,2,10,0,1,2598,29842
KR_8339020497,200,False,906130,LOSE,4,2,2,2,3,6,10,3,1,23931,89058
KR_8338963026,100,True,856428,LOSE,3,3,0,3,3,5,13,2,1,67234,72829
KR_8338963026,200,False,856428,WIN,3,3,1,2,5,1,8,1,1,48322,35637
KR_8338897197,100,False,959733,LOSE,4,4,4,8,1,5,6,3,0,36178,8376
KR_8338897197,200,True,959733,WIN,4,3,0,5,5,2,11,0,1,85077,15762
KR_8338336550,100,True,1056705,WIN,7,4,2,1,4,0,14,0,2,85077,1458817
KR_8338336550,200,False,1056705,LOSE,1,7,1,3,2,3,17,3,0,14361,1361852
KR_8338312729,100,False,866144,LOSE,1,4,0,1,2,2,8,0,0,48322,38102
KR_8338312729,200,True,866144,WIN,1,1,2,1,2,1,9,3,2,49945,115935
KR_8355118222,100,True,1181500,WIN,5,1,4,4,3,4,21,3,1,294439,3080
KR_8355118222,200,False,1181500,LOSE,5,2,0,5,4,5,15,0,1,22988,7691
KR_8355076884,100,True,930793,WIN,10,3,0,1,4,2,9,1,0,66643,139807
KR_8355076884,200,False,930793,LOSE,2,6,1,5,6,2,16,2,2,18542,328198
KR_8355054638,100,True,861125,WIN,7,3,4,0,1,3,10,1,2,17019,177546
KR_8355054638,200,False,861125,LOSE,1,5,1,6,6,3,16,2,0,28661,41339
KR_8354161234,100,True,890824,WIN,3,2,2,2,1,3,10,1,0,153507,349934
KR_8354161234,200,False,890824,LOSE,3,3,1,2,5,0,15,2,1,61241,140464
KR_8354150278,100,False,1012502,LOSE,4,5,3,5,4,3,14,0,1,129675,443795
KR_8354150278,200,True,1012502,WIN,11,7,0,3,3,1,6,3,1,1891,110582
KR_8352989968,100,False,868966,WIN,6,2,1,1,1,2,15,0,0,50199,4373
KR_8352989968,200,True,868966,LOSE,0,4,1,3,4,3,10,3,0,194591,57017
KR_8351523927,100,True,1088912,LOSE,3,1,1,2,2,5,15,3,0,78062,323639
KR_8351523927,200,False,1088912,WIN,2,1,1,2,7,2,14,0,3,168999,716973
KR_8351520555,100,True,796533,WIN,5,1,0,0,0,0,9,3,1,252881,273498
KR_8351520555,200,False,796533,LOSE,3,3,0,3,1,3,7,0,0,131163,1484
KR_8346992436,100,True,857328,WIN,3,3,0,3,2,2,5,3,1,25002,32116
KR_8346992436,200,False,857328,LOSE,5,4,1,1,0,3,11,0,0,56551,38904
KR_8346940414,100,True,731632,LOSE,1,4,1,1,0,0,6,0,0,7269,16621
KR_8346940414,200,False,731632,WIN,2,0,2,1,0,0,8,3,2,173103,501259
KR_8346890809,100,True,1111867,LOSE,0,3,3,1,4,4,14,2,0,1471536,77406
KR_8346890809,200,False,1111867,WIN,0,3,1,1,4,3,4,1,2,44119,133593
KR_8345405747,100,False,926157,LOSE,1,6,3,5,7,3,8,0,0,36103,7556
KR_8345405747,200,True,926157,WIN,12,3,0,4,3,4,10,3,1,35945,141707
KR_8345393976,100,True,888801,WIN,1,4,3,2,6,0,9,2,2,6982,5116
KR_8345393976,200,False,888801,LOSE,3,2,0,2,2,4,6,1,0,203263,8003
KR_8342144271,100,True,439133,LOSE,0,0,0,0,0,0,2,0,0,71119,104770
KR_8342144271,200,False,439133,WIN,0,0,0,0,1,0,4,0,0,22480,1623023
KR_8342119212,100,True,859875,LOSE,2,3,0,2,4,0,2,3,0,14096,601439
KR_8342119212,200,False,859875,WIN,2,1,1,1,5,3,7,0,1,3105,14698
KR_8340766186,100,False,766203,LOSE,2,7,0,2,5,2,0,3,0,140956,1573
KR_8340766186,200,True,766203,WIN,4,1,2,1,6,1,5,0,1,42967,42185
KR_8340659531,100,False,869920,LOSE,4,4,0,4,6,4,42,0,1,223067,35036
KR_8340659531,200,True,869920,WIN,5,2,2,4,4,3,11,3,1,62920,31331
KR_8340646541,100,False,842672,WIN,4,1,1,2,2,4,11,3,0,107654,870120
KR_8340646541,200,True,842672,LOSE,1,4,2,1,3,2,10,0,1,94491,48024
KR_8351817975,100,True,1292135,LOSE,1,2,3,1,5,5,10,0,1,185208,40495
KR_8351817975,200,False,1292135,WIN,3,6,1,2,2,0,12,3,1,50956,3705
KR_8350395919,100,True,1013609,WIN,0,1,0,2,2,2,14,0,2,19194,11482
KR_8350395919,200,False,1013609,LOSE,3,0,1,2,2,2,10,3,0,64636,8707
KR_8350331758,100,True,699018,WIN,5,0,1,2,0,1,9,0,1,12705,94135
KR_8350331758,200,False,699018,LOSE,1,1,0,4,4,2,6,3,0,6795,14508
KR_8350259750,100,False,929598,LOSE,2,3,2,3,7,4,11,3,1,26225,212520
KR_8350259750,200,True,929598,WIN,4,2,1,4,3,4,11,0,1,801040,18994
KR_8350178808,100,False,740516,LOSE,3,2,0,4,2,3,5,3,0,32393,0
KR_8350178808,200,True,740516,WIN,4,2,2,2,1,0,7,0,1,75655,37204
KR_8350120054,100,True,1011301,LOSE,8,5,4,5,8,1,10,3,2,35487,85944
KR_8350120054,200,False,1011301,WIN,7,6,1,8,7,4,12,0,0,16953,175524
KR_8352867336,100,True,1004539,WIN,4,5,3,0,5,2,11,3,2,23281,165137
KR_8352867336,200,False,1004539,LOSE,2,4,2,5,4,2,12,0,0,62181,8037
KR_8352804870,100,True,1211141,WIN,2,2,0,4,7,2,20,0,3,26255,348807
KR_8352804870,200,False,1211141,LOSE,1,3,0,2,7,4,13,3,0,23610,44963
KR_8349846616,100,True,676637,WIN,9,1,3,3,2,2,6,3,1,40205,210525
KR_8349846616,200,False,676637,LOSE,1,5,1,6,4,2,7,0,0,516,54851
KR_8349774904,100,False,1152089,LOSE,3,5,0,7,9,1,19,0,1,118496,256012
KR_8349774904,200,True,1152089,WIN,9,3,4,4,3,3,15,3,1,19017,489140
KR_8349688996,100,False,1002254,LOSE,0,5,2,1,5,2,12,3,0,19441,1640108
KR_8349688996,200,True,1002254,WIN,2,0,3,1,3,5,7,0,1,586320,47049
KR_8351128184,100,True,1001965,WIN,5,6,3,4,8,0,12,3,2,12634,35862
KR_8351128184,200,False,1001965,LOSE,7,4,0,6,4,4,13,0,0,18178,20371
KR_8355189875,100,False,1025090,WIN,2,6,5,5,0,3,12,3,2,14875,383185
KR_8355189875,200,True,1025090,LOSE,3,3,5,4,2,4,11,0,0,75975,3068
KR_8354769661,100,True,900169,LOSE,1,3,0,3,4,3,6,1,0,95436,798375
KR_8354769661,200,False,900169,WIN,2,2,1,2,5,1,22,2,2,70298,22247
KR_8354696974,100,True,872594,WIN,4,1,1,3,3,1,12,0,0,151193,16743
KR_8354696974,200,False,872594,LOSE,3,4,2,5,1,1,10,3,1,1401,52351
KR_8354654261,100,False,1158196,WIN,5,4,1,5,5,4,22,0,0,58021,9766
KR_8354654261,200,True,1158196,LOSE,4,4,1,4,2,1,27,3,2,168009,773010
KR_8348657577,100,False,1012071,LOSE,7,6,1,2,5,2,15,3,0,37288,111222
KR_8348657577,200,True,1012071,WIN,1,7,5,3,5,0,12,0,2,36429,34193
KR_8347809804,100,False,884598,LOSE,4,4,2,7,7,4,10,3,1,1444,12392
KR_8347809804,200,True,884598,WIN,7,5,0,5,8,2,7,0,1,10221,20711
KR_8347565879,100,False,1009760,WIN,1,5,3,5,3,1,10,3,1,11649,90165
KR_8347565879,200,True,1009760,LOSE,7,2,2,4,4,4,8,0,0,61741,11666
KR_8346565380,100,True,667630,WIN,5,0,0,1,2,1,8,3,0,12097,141383
KR_8346565380,200,False,667630,LOSE,0,3,0,2,1,2,8,0,0,109441,14406
KR_8354025308,100,True,907560,WIN,6,3,1,1,4,1,13,3,1,514011,44755
KR_8354025308,200,False,907560,LOSE,4,5,0,5,1,1,13,0,0,58646,21346
KR_8354422866,100,True,837202,WIN,7,1,3,1,4,1,11,0,1,387882,14306
KR_8354422866,200,False,837202,LOSE,1,7,0,6,2,1,7,3,0,1752614,76597
KR_8354409324,100,False,621007,LOSE,0,4,0,1,1,3,5,3,0,17723,279631
KR_8354409324,200,True,621007,WIN,5,0,1,1,2,1,5,0,0,28134,74924
KR_8354388196,100,True,680970,WIN,7,1,1,0,0,4,6,2,0,13235,148838
KR_8354388196,200,False,680970,LOSE,1,4,1,4,1,0,7,1,0,30163,48547
KR_8354356494,100,True,1085758,WIN,10,4,0,8,3,2,11,3,2,9283,12994
KR_8354356494,200,False,1085758,LOSE,11,3,1,4,3,6,15,0,0,13235,65466
KR_8354321843,100,False,966822,WIN,6,6,1,3,7,2,16,3,1,480750,76041
KR_8354321843,200,True,966822,LOSE,2,5,4,4,4,4,8,0,1,31887,387882
KR_8353314603,100,False,888683,LOSE,4,7,0,5,3,2,8,2,0,30163,48547
KR_8353314603,200,True,888683,WIN,8,3,4,1,3,3,6,1,0,61534,18554
KR_8353285312,100,False,865393,LOSE,5,4,1,5,3,0,13,3,0,206229,11238
KR_8353285312,200,True,865393,WIN,4,4,0,4,6,3,10,0,1,28134,48547
KR_8353259454,100,False,652881,WIN,4,1,2,1,3,1,7,1,1,49272,137970
KR_8353259454,200,True,652881,LOSE,1,5,0,4,2,0,5,2,0,35290,387882
KR_8353238293,100,True,1006382,LOSE,11,4,2,3,3,3,12,0,1,14229,50584
KR_8353238293,200,False,1006382,WIN,6,6,2,4,3,2,11,3,1,16286,47921
KR_8353223202,100,True,829657,WIN,2,2,0,2,3,2,10,3,1,64665,336455
KR_8353223202,200,False,829657,LOSE,2,2,2,2,4,0,6,0,0,20781,48547
KR_8347800871,100,True,782228,LOSE,1,5,1,1,2,3,6,0,1,7719,74924
KR_8347800871,200,False,782228,WIN,5,2,2,2,2,1,8,3,0,40751,6872
KR_8347790077,100,True,1057479,LOSE,3,3,3,4,7,1,7,3,1,319385,1390127
KR_8347790077,200,False,1057479,WIN,3,6,4,2,2,2,9,0,0,1752614,387882
KR_8347758872,100,True,583990,WIN,1,0,2,2,0,2,3,2,0,72616,182754
KR_8347758872,200,False,583990,LOSE,0,3,2,0,2,1,2,1,1,32635,14890
KR_8347739681,100,True,877628,WIN,1,5,4,2,3,1,5,3,2,4364,387882
KR_8347739681,200,False,877628,LOSE,2,6,2,2,5,3,9,0,0,134386,648567
KR_8347722670,100,False,853558,LOSE,1,4,0,2,3,1,6,0,0,105312,74924
KR_8347722670,200,True,853558,WIN,3,0,1,1,2,2,11,3,1,36353,139216
KR_8346745855,100,False,902404,WIN,1,1,0,1,4,2,7,3,1,883109,74924
KR_8346745855,200,True,902404,LOSE,0,2,1,1,5,3,8,0,0,613334,56718
KR_8346725444,100,False,993027,WIN,3,5,2,4,2,3,8,3,0,32191,387882
KR_8346725444,200,True,993027,LOSE,1,4,4,2,7,1,11,0,2,31701,430666
KR_8346661520,100,True,892613,WIN,3,3,1,3,2,1,13,1,2,32035,13357
KR_8346661520,200,False,892613,LOSE,7,2,0,3,2,1,10,2,0,9283,50584
KR_8343479305,100,False,685658,WIN,4,2,3,4,7,3,19,0,0,39215,66437
KR_8343479305,200,True,685658,LOSE,1,4,3,3,2,4,10,3,1,11735,383532
KR_8343386874,100,True,1037034,WIN,2,3,0,3,6,3,14,3,2,55569,51849
KR_8343386874,200,False,1037034,LOSE,3,3,0,1,4,4,16,0,0,25839,325607
KR_8343280504,100,True,1008644,WIN,0,2,0,5,3,2,18,3,0,34701,189231
KR_8343280504,200,False,1008644,LOSE,7,1,2,1,2,2,14,0,2,39142,19465
KR_8343201648,100,True,986248,WIN,7,5,3,3,6,2,10,2,1,416379,315441
KR_8343201648,200,False,986248,LOSE,3,5,0,9,9,2,13,1,0,228114,666897
KR_8343115387,100,False,830413,LOSE,2,4,1,5,7,0,14,0,1,16155,113257
KR_8343115387,200,True,830413,WIN,6,3,5,3,2,4,7,3,1,114688,262539
KR_8343030529,100,True,764642,LOSE,2,2,1,3,2,1,8,3,1,32042,87591
KR_8343030529,200,False,764642,WIN,4,1,0,2,2,5,9,0,0,182101,23833
KR_8342819260,100,False,736758,LOSE,2,6,0,2,2,3,34,0,0,57297,134856
KR_8342819260,200,True,736758,WIN,5,2,4,1,3,0,7,3,1,38980,387882
KR_8342749740,100,True,761059,LOSE,2,0,1,1,2,3,9,3,0,1896282,178150
KR_8342749740,200,False,761059,WIN,1,2,2,1,0,1,4,0,1,31887,387882
KR_8342700354,100,True,700474,WIN,5,3,2,1,3,2,8,3,0,3013,258141
KR_8342700354,200,False,700474,LOSE,4,6,0,4,7,1,4,0,1,192415,48547
KR_8339557005,100,False,956733,LOSE,1,2,3,1,4,2,4,1,0,118957,387882
KR_8339557005,200,True,956733,WIN,1,3,3,0,3,3,17,2,2,14618,148924
KR_8339513773,100,True,865458,WIN,1,4,0,3,5,1,9,3,2,358058,74924
KR_8339513773,200,False,865458,LOSE,7,1,1,2,1,4,3,0,0,155504,102341
KR_8339482854,100,False,960066,WIN,2,6,2,1,4,1,8,3,1,118341,387882
KR_8339482854,200,True,960066,LOSE,6,3,0,3,2,0,13,0,1,81152,1956947
KR_8339449974,100,False,956271,WIN,2,2,1,1,2,1,6,2,0,39688,74924
KR_8339449974,200,True,956271,LOSE,2,1,0,3,3,1,15,0,1,211062,293280
KR_8339425643,100,False,1062286,WIN,1,5,4,3,6,1,9,3,0,25098,387882
KR_8339425643,200,True,1062286,LOSE,6,3,1,3,5,0,10,0,1,38182,403914
KR_8338401949,100,False,1013558,LOSE,4,2,3,3,1,2,13,3,1,778458,79639
KR_8338401949,200,True,1013558,WIN,0,5,2,2,6,2,8,0,0,29382,74924
KR_8338387366,100,True,934009,WIN,3,3,7,6,0,1,5,3,2,536855,3448
KR_8338387366,200,False,934009,LOSE,5,3,2,5,5,3,8,0,0,18204,387882
KR_8338342897,100,False,821469,LOSE,2,3,2,6,4,1,10,0,0,32666,115299
KR_8338342897,200,True,821469,WIN,6,2,3,2,1,4,7,3,1,365186,387882
KR_8338319034,100,False,1030715,LOSE,3,7,6,1,1,4,15,3,0,81918,345219
KR_8338319034,200,True,1030715,WIN,5,4,4,4,3,5,11,0,2,2244,48547
KR_8337189549,100,True,799392,WIN,5,2,2,0,5,3,10,3,1,99591,64670
KR_8337189549,200,False,799392,LOSE,1,4,2,5,0,3,5,0,0,20614,341376
KR_8337138910,100,False,937046,WIN,2,2,1,4,5,5,8,1,0,99248,31773
KR_8337138910,200,True,937046,LOSE,2,4,2,3,6,1,11,2,0,28074,2737871
KR_8337122336,100,False,1011230,LOSE,4,4,1,5,3,3,18,3,0,32191,2015
KR_8337122336,200,True,1011230,WIN,2,5,5,2,2,2,7,0,0,44926,3090
KR_8340226251,100,False,826414,WIN,4,2,1,3,2,1,10,3,0,172794,2754350
KR_8340226251,200,True,826414,LOSE,1,2,0,2,2,2,11,0,2,37277,2008818
KR_8339753041,100,False,854583,LOSE,2,3,2,2,2,1,5,0,0,155915,82788
KR_8339753041,200,True,854583,WIN,2,2,3,1,2,1,6,3,0,9454,54816
KR_8339091298,100,False,877806,LOSE,2,8,1,6,1,5,26,2,0,238995,408238
KR_8339091298,200,True,877806,WIN,9,1,2,4,9,3,10,1,1,71180,41922
KR_8339051474,100,True,708737,WIN,6,1,6,3,3,1,8,2,0,28105,13009
KR_8339051474,200,False,708737,LOSE,0,5,3,3,1,4,1,1,0,959329,4155
KR_8350580574,100,True,882378,LOSE,0,6,7,2,1,0,7,3,1,6094,2747
KR_8350580574,200,False,882378,WIN,4,2,2,4,3,3,10,0,1,112280,50489
KR_8351376293,100,True,853176,LOSE,1,3,0,2,4,2,9,0,0,8589,60023
KR_8351376293,200,False,853176,WIN,3,1,1,3,2,1,13,3,1,92122,127404
KR_8350226520,100,True,991208,WIN,9,4,3,3,7,0,10,3,2,14176,26788
KR_8350226520,200,False,991208,LOSE,0,7,3,5,2,2,29,0,0,593,435867
KR_8350200477,100,True,862335,WIN,3,1,7,3,5,2,15,3,1,15904,61452
KR_8350200477,200,False,862335,LOSE,2,6,0,6,2,4,4,0,1,2264,45101
KR_8350102798,100,True,941990,WIN,4,4,3,1,3,3,9,1,1,2920,49107
KR_8350102798,200,False,941990,LOSE,3,6,2,3,3,2,14,2,1,7888,5387
KR_8350074712,100,True,909081,LOSE,1,5,0,2,1,2,8,2,1,8589,35304
KR_8350074712,200,False,909081,WIN,6,1,1,1,2,3,4,1,1,59514,1245547
KR_8349661686,100,True,831564,WIN,5,0,3,1,3,1,9,0,0,13280,16870
KR_8349661686,200,False,831564,LOSE,0,2,0,4,1,3,5,3,0,57289,29661
KR_8349584314,100,False,905045,LOSE,1,4,2,8,6,4,13,2,0,268566,60490
KR_8349584314,200,True,905045,WIN,4,2,5,3,7,0,11,1,2,232051,47931
KR_8349475521,100,True,1219336,LOSE,3,0,1,1,2,2,16,3,1,62029,7945
KR_8349475521,200,False,1219336,WIN,1,4,0,3,3,2,28,0,1,77322,39978
KR_8349412159,100,True,935036,LOSE,1,8,2,6,1,3,14,2,0,37219,462179
KR_8349412159,200,False,935036,WIN,6,2,3,2,7,0,13,1,1,183224,2496
KR_8349345540,100,True,771393,WIN,1,0,3,0,2,0,6,0,1,78747,82520
KR_8349345540,200,False,771393,LOSE,0,2,0,2,3,1,7,3,0,39387,213757
KR_8355216809,100,True,1057643,LOSE,1,5,3,4,5,2,22,3,1,264908,103473
KR_8355216809,200,False,1057643,WIN,4,2,1,3,4,6,16,0,1,1601813,245095
KR_8355210317,100,True,1087076,WIN,1,5,5,3,3,0,16,2,2,191926,85721
KR_8355210317,200,False,1087076,LOSE,3,6,1,1,6,2,14,1,0,26739,2642597
KR_8355186339,100,True,979958,WIN,3,1,2,3,6,0,15,3,1,11623,229718
KR_8355186339,200,False,979958,LOSE,4,2,0,4,1,4,16,0,0,508899,390503
KR_8355117273,100,False,825904,LOSE,0,5,1,2,5,0,9,3,0,68114,1978
KR_8355117273,200,True,825904,WIN,3,2,3,1,1,3,9,0,1,4583,88787
KR_8355071376,100,False,861918,LOSE,3,4,0,4,3,2,14,3,0,55009,63084
KR_8355071376,200,True,861918,WIN,6,2,2,2,3,1,13,0,0,11802,268946
KR_8348587206,100,False,859217,WIN,5,4,5,4,1,3,11,2,0,124507,13373
KR_8348587206,200,True,859217,LOSE,3,5,4,4,3,3,9,1,0,2632697,2195
KR_8348549730,100,False,922509,LOSE,1,2,1,4,3,4,12,1,1,77236,14313
KR_8348549730,200,True,922509,WIN,2,2,1,1,8,4,14,2,1,39805,115928
KR_8346406333,100,True,1056952,WIN,4,7,0,3,7,1,10,0,1,34626,4385
KR_8346406333,200,False,1056952,LOSE,3,4,3,3,3,4,14,3,1,49984,435365
KR_8346380755,100,False,820336,LOSE,3,6,3,8,3,1,7,0,0,335461,46747
KR_8346380755,200,True,820336,WIN,12,2,0,3,4,2,4,3,1,29170,5754
KR_8346374419,100,False,826580,LOSE,2,4,5,4,1,1,9,3,0,6656,11642
KR_8346374419,200,True,826580,WIN,4,2,3,5,1,1,7,0,1,284698,12991
KR_8346332625,100,False,1147049,WIN,3,2,4,3,5,3,11,3,0,370722,150373
KR_8346332625,200,True,1147049,LOSE,3,4,3,0,4,3,60,0,3,22830,31528
KR_8346298065,100,False,829807,WIN,3,5,1,5,3,1,9,3,1,624895,11139
KR_8346298065,200,True,829807,LOSE,8,3,0,3,4,1,13,0,1,71379,695183
KR_8346228428,100,True,922389,LOSE,2,2,2,2,2,2,8,1,1,12668,12632
KR_8346228428,200,False,922389,WIN,1,1,0,3,6,4,9,2,0,15830,4363
KR_8342872007,100,True,908523,WIN,9,1,3,2,4,1,14,3,2,62388,166129
KR_8342872007,200,False,908523,LOSE,1,5,0,5,4,4,14,0,0,235290,12333
KR_8347373316,100,False,741653,WIN,5,0,1,1,2,3,9,3,1,18194,13174
KR_8347373316,200,True,741653,LOSE,0,4,1,3,4,1,4,0,1,64258,34015
KR_8347298874,100,False,885394,WIN,9,4,2,4,1,3,14,3,1,110850,28970
KR_8347298874,200,True,885394,LOSE,4,5,4,6,4,1,9,0,1,3343,251752
KR_8345619408,100,True,1012641,LOSE,5,4,2,3,3,2,14,0,1,330780,25690
KR_8345619408,200,False,1012641,WIN,5,4,1,5,5,1,9,3,1,62787,10620
KR_8345605312,100,True,711864,WIN,4,1,1,0,5,0,6,3,1,38919,89780
KR_8345605312,200,False,711864,LOSE,1,3,0,3,0,4,4,0,0,117383,8778
KR_8340244700,100,True,910432,WIN,5,5,2,3,6,2,10,3,1,62787,38031
KR_8340244700,200,False,910432,LOSE,7,8,1,3,2,4,9,0,0,154579,29495
KR_8340181936,100,True,672172,WIN,1,1,1,0,4,2,3,2,1,17778,664020
KR_8340181936,200,False,672172,LOSE,1,2,0,0,1,4,6,1,0,1519,179274
KR_8340107516,100,True,1062655,LOSE,3,3,3,2,1,5,11,0,0,9137,14331
KR_8340107516,200,False,1062655,WIN,5,3,2,5,4,4,11,3,2,117383,1164
KR_8340044515,100,True,797739,LOSE,0,2,0,3,3,1,11,3,2,32311,4159
KR_8340044515,200,False,797739,WIN,1,0,3,1,2,4,9,0,0,760000,27513
KR_8337911062,100,False,885240,LOSE,4,4,3,3,1,1,7,3,0,110850,30408
KR_8337911062,200,True,885240,WIN,5,3,0,3,4,0,7,0,1,46868,102372
KR_8342829653,100,False,878334,LOSE,1,0,0,2,6,3,19,3,0,146344,7595
KR_8342829653,200,True,878334,WIN,1,1,1,1,3,2,6,0,2,37391,18303
KR_8345277918,100,True,1312339,LOSE,10,5,1,7,6,5,22,0,1,2032,403895
KR_8345277918,200,False,1312339,WIN,6,7,3,3,9,7,30,3,2,746528,24109
KR_8345276009,100,False,1074359,WIN,2,2,2,3,3,5,17,3,1,92741,11933
KR_8345276009,200,True,1074359,LOSE,3,3,2,4,3,5,16,0,1,2500,21529
KR_8345241412,100,False,940476,LOSE,3,5,0,4,3,4,7,2,0,57795,81705
KR_8345241412,200,True,940476,WIN,8,2,1,2,2,4,17,1,2,6091,352816
KR_8345193945,100,False,698793,LOSE,1,5,1,4,1,2,0,0,1,54973,23453
KR_8345193945,200,True,698793,WIN,8,0,1,2,0,0,8,3,0,4133,337357
KR_8353571194,100,False,959495,LOSE,5,7,1,3,4,2,9,0,1,20022,137425
KR_8353571194,200,True,959495,WIN,4,4,3,5,7,1,8,3,0,10381,10608
KR_8341969203,100,True,1205955,WIN,7,2,2,7,3,1,17,0,2,138002,852540
KR_8341969203,200,False,1205955,LOSE,6,4,3,6,3,3,14,3,0,391293,1597
KR_8351729082,100,False,730969,LOSE,0,4,0,2,1,3,5,3,0,1077068,33713
KR_8351729082,200,True,730969,WIN,4,1,0,0,4,0,8,0,0,146163,29059
KR_8339528596,100,False,744552,LOSE,0,3,1,2,0,2,8,0,0,137304,662
KR_8339528596,200,True,744552,WIN,5,1,0,0,2,0,9,0,1,43461,53782
KR_8339465075,100,True,860903,LOSE,1,4,0,5,1,2,9,3,0,5054,157759
KR_8339465075,200,False,860903,WIN,5,0,0,2,4,1,10,0,1,218921,713358
KR_8339430521,100,False,1106723,LOSE,3,3,5,5,1,3,11,0,0,34771,38017
KR_8339430521,200,True,1106723,WIN,4,3,3,6,5,1,18,3,1,8561,14323
KR_8339398612,100,False,925791,LOSE,1,5,4,6,3,2,6,3,1,37722,118874
KR_8339398612,200,True,925791,WIN,7,3,4,6,3,2,8,0,0,28105,26375
KR_8352327914,100,False,784910,LOSE,3,4,0,2,0,0,7,0,0,866777,42302
KR_8352327914,200,True,784910,WIN,4,2,0,1,2,0,12,3,1,35034,385711
KR_8350664476,100,False,827227,LOSE,1,5,2,5,5,1,16,0,0,207057,54166
KR_8350664476,200,True,827227,WIN,8,3,2,2,0,0,5,3,2,39842,42302
KR_8349040028,100,False,909920,WIN,8,1,2,3,2,2,9,0,2,866777,78343
KR_8349040028,200,True,909920,LOSE,2,6,4,3,4,3,15,3,0,29387,64231
KR_8348031807,100,False,852228,LOSE,0,6,1,1,3,3,8,3,0,91151,114903
KR_8348031807,200,True,852228,WIN,5,0,2,1,1,1,4,0,1,866777,42302
KR_8342994516,100,True,620320,WIN,5,0,0,0,2,1,4,0,1,170826,22314
KR_8342994516,200,False,620320,LOSE,1,2,0,3,1,2,3,3,0,15787,16328
KR_8338613191,100,True,804607,WIN,3,3,1,3,1,2,12,0,1,9827,5577
KR_8338613191,200,False,804607,LOSE,5,4,3,2,1,1,31,3,0,866777,10652
KR_8338551883,100,False,1056032,WIN,0,1,2,3,0,4,15,0,1,23744,72169
KR_8338551883,200,True,1056032,LOSE,1,4,0,1,7,1,16,1,1,579087,294803
KR_8339220469,100,False,924744,WIN,6,4,2,2,7,4,11,3,0,62363,13081
KR_8339220469,200,True,924744,LOSE,8,2,0,7,4,5,8,0,1,22861,47498
KR_8339203555,100,False,915558,WIN,4,2,5,2,5,2,7,3,1,145931,0
KR_8339203555,200,True,915558,LOSE,0,6,1,4,7,2,9,0,1,11398,14600
KR_8339184597,100,True,964212,LOSE,5,3,0,4,5,0,19,0,2,9843,38325
KR_8339184597,200,False,964212,WIN,4,3,1,3,4,3,7,3,0,298097,3146
KR_8338065085,100,True,959521,WIN,5,1,0,6,6,2,9,1,2,46814,67241
KR_8338065085,200,False,959521,LOSE,3,4,0,3,6,3,11,2,0,40115,28963
KR_8338030753,100,False,905613,LOSE,3,2,1,0,1,7,5,2,0,9392,676
KR_8338030753,200,True,905613,WIN,3,3,0,1,5,0,4,1,1,2418,47498
KR_8338010441,100,False,604069,LOSE,0,5,0,3,1,3,3,0,1,12611,18687
KR_8338010441,200,True,604069,WIN,5,0,2,0,5,1,2,3,0,113069,205163
KR_8337953635,100,True,953814,WIN,7,2,0,2,4,0,6,0,1,2676,7773
KR_8337953635,200,False,953814,LOSE,4,3,0,5,0,2,3,3,1,9098,32038
KR_8337916484,100,False,856967,LOSE,3,4,0,6,3,2,8,0,0,4336,8855
KR_8337916484,200,True,856967,WIN,7,2,2,2,3,2,6,3,1,12611,14600
KR_8352841089,100,True,725066,WIN,5,2,2,0,3,1,8,3,1,4304,141878
KR_8352841089,200,False,725066,LOSE,0,3,0,3,3,2,7,0,0,342084,1021
KR_8352759234,100,True,1034631,LOSE,1,2,2,2,8,6,20,3,1,115399,10774
KR_8352759234,200,False,1034631,WIN,0,2,5,2,2,4,18,0,1,747,45137
KR_8340991293,100,True,882920,LOSE,2,3,1,2,4,3,9,0,0,54934,46587
KR_8340991293,200,False,882920,WIN,4,4,0,2,0,1,6,3,0,128277,42970
KR_8340948166,100,True,863507,WIN,3,0,1,1,5,1,42,1,1,92545,2011
KR_8340948166,200,False,863507,LOSE,1,2,0,2,1,4,22,2,1,78055,170167
KR_8340900420,100,True,1184272,LOSE,6,4,3,3,4,3,46,3,1,25289,170167
KR_8340900420,200,False,1184272,WIN,2,1,2,5,3,4,20,0,0,21290,60976
KR_8338727066,100,True,795052,WIN,3,3,0,3,3,2,38,2,1,312607,49532
KR_8338727066,200,False,795052,LOSE,3,3,3,1,2,3,25,1,1,33782,170167
KR_8338683578,100,True,793901,WIN,5,1,1,2,3,1,11,1,1,16429,8924
KR_8338683578,200,False,793901,LOSE,2,4,2,4,0,2,22,2,0,78055,170167
KR_8354932012,100,False,1007853,WIN,7,0,1,0,4,3,9,2,1,322115,733997
KR_8354932012,200,True,1007853,LOSE,0,4,0,5,3,1,15,1,1,86784,352678
KR_8354852923,100,False,1138093,LOSE,3,2,1,5,1,2,17,3,0,1850853,24811
KR_8354852923,200,True,1138093,WIN,2,2,3,1,9,1,14,0,2,27932,11970
KR_8354797600,100,False,738659,WIN,10,2,2,1,2,3,5,3,0,168072,1351047
KR_8354797600,200,True,738659,LOSE,3,4,1,8,1,0,7,0,1,1850853,252550
KR_8354607953,100,True,955762,WIN,1,1,2,1,7,2,12,1,0,1850853,2200263
KR_8354607953,200,False,955762,LOSE,0,2,0,4,2,6,11,2,0,5976,386303
KR_8354583325,100,True,1145996,WIN,4,0,3,2,6,2,10,2,0,15525,74949
KR_8354583325,200,False,1145996,LOSE,1,3,0,7,2,3,23,1,2,1850853,17257
KR_8354509047,100,False,796414,LOSE,0,2,0,1,4,3,9,2,0,7075,120857
KR_8354509047,200,True,796414,WIN,5,1,1,2,2,0,11,1,2,1850853,5257
KR_8353866629,100,False,747978,LOSE,4,2,0,3,3,1,5,0,0,114883,14743
KR_8353866629,200,True,747978,WIN,0,1,5,4,3,2,8,3,1,1850853,137926
KR_8353790902,100,False,1010900,LOSE,3,2,8,6,4,4,16,3,1,322115,65183
KR_8353790902,200,True,1010900,WIN,2,2,3,3,8,7,13,0,1,74544,164671
KR_8353750565,100,False,776192,LOSE,0,0,0,1,3,2,7,3,1,322115,7464
KR_8353750565,200,True,776192,WIN,0,1,1,0,3,4,7,0,0,801168,1750510
KR_8353691042,100,False,978715,WIN,2,1,0,2,5,1,14,1,1,47947,240788
KR_8353691042,200,True,978715,LOSE,3,2,0,2,1,3,11,2,1,322115,743842
KR_8353630519,100,False,1087810,LOSE,4,4,1,6,5,5,20,0,0,20632,535965
KR_8353630519,200,True,1087810,WIN,6,1,5,3,1,4,56,3,2,322115,11356
KR_8353528482,100,True,975130,LOSE,0,5,0,3,3,3,12,1,0,44792,153464
KR_8353528482,200,False,975130,WIN,6,0,1,0,7,0,4,2,2,322115,172759
KR_8353480711,100,False,889428,WIN,6,0,0,3,0,2,13,0,1,322115,229447
KR_8353480711,200,True,889428,LOSE,3,3,0,2,1,3,10,3,0,43746,31403
KR_8353466148,100,True,983320,WIN,8,2,1,4,3,0,16,2,0,322115,74813
KR_8353466148,200,False,983320,LOSE,2,5,2,3,4,4,11,1,1,63645,79912
KR_8352779597,100,True,797241,WIN,2,2,0,0,5,1,11,0,0,1842416,1566990
KR_8352779597,200,False,797241,LOSE,3,2,1,3,0,1,10,3,0,322115,1341584
KR_8352685873,100,False,851526,WIN,3,1,4,3,1,2,9,0,1,322115,325155
KR_8352685873,200,True,851526,LOSE,0,4,1,3,6,1,11,3,1,67820,602502
KR_8352635163,100,False,1091399,LOSE,3,2,2,4,2,6,9,3,0,85527,228320
KR_8352635163,200,True,1091399,WIN,6,4,1,3,6,2,13,0,1,322115,32619
KR_8352557938,100,True,679228,WIN,2,0,1,0,3,3,6,3,0,1850853,1152199
KR_8352557938,200,False,679228,LOSE,0,2,0,2,1,4,3,0,1,28136,6420
KR_8352499339,100,False,1009900,LOSE,1,4,1,4,0,5,14,0,0,18344,114945
KR_8352499339,200,True,1009900,WIN,1,1,0,1,9,0,15,3,1,1850853,74306
KR_8352422739,100,True,1008508,LOSE,0,1,4,1,2,0,9,3,2,1850853,337493
KR_8352422739,200,False,1008508,WIN,1,0,0,0,4,2,10,0,0,741632,263425
KR_8352356296,100,True,908863,LOSE,0,4,0,4,0,2,5,0,0,68873,316318
KR_8352356296,200,False,908863,WIN,3,0,1,1,1,3,11,3,1,1850853,579802
KR_8352313355,100,True,866514,WIN,4,3,2,3,4,3,12,1,0,322115,92529
KR_8352313355,200,False,866514,LOSE,5,4,1,4,4,2,9,2,0,75095,281103
KR_8352201983,100,True,1036289,WIN,1,2,3,3,3,1,12,3,1,322115,58461
KR_8352201983,200,False,1036289,LOSE,4,1,1,0,1,10,12,0,0,7186,167823
KR_8352141717,100,True,961501,LOSE,0,3,0,4,5,3,4,3,2,322115,8482
KR_8352141717,200,False,961501,WIN,2,2,2,0,3,3,9,0,0,193486,16910
KR_8351912370,100,False,878028,LOSE,3,3,2,4,1,4,7,0,0,322115,10030
KR_8351912370,200,True,878028,WIN,1,3,4,1,4,1,4,3,1,36853,6642
KR_8351877032,100,False,773594,LOSE,2,1,0,5,0,1,17,1,1,869807,34981
KR_8351877032,200,True,773594,WIN,4,0,1,2,2,0,11,2,0,1850853,60882
KR_8351828484,100,True,1053179,WIN,3,4,1,3,5,3,16,3,1,322115,5380
KR_8351828484,200,False,1053179,LOSE,5,4,4,3,6,3,25,0,1,130508,170604
KR_8348425098,100,False,1181348,LOSE,4,5,3,10,5,5,13,3,1,322115,90813
KR_8348425098,200,True,1181348,WIN,6,5,8,3,4,2,12,0,1,155249,307676
KR_8348373183,100,True,867336,WIN,7,0,0,0,1,0,11,3,0,322115,40333
KR_8348373183,200,False,867336,LOSE,0,5,0,2,0,0,13,0,1,264228,420498
KR_8348308968,100,True,967704,WIN,6,0,2,1,3,1,12,2,1,322115,437928
KR_8348308968,200,False,967704,LOSE,0,4,0,4,4,3,14,1,1,48344,15352
KR_8348226989,100,False,908477,LOSE,1,3,1,1,1,4,15,3,0,1850853,279248
KR_8348226989,200,True,908477,WIN,5,1,0,2,6,0,15,0,2,134198,45523
KR_8344087267,100,True,1012069,WIN,3,1,1,4,4,0,11,3,2,366338,31542
KR_8344087267,200,False,1012069,LOSE,1,2,0,3,5,5,13,0,0,1850853,468846
KR_8344056146,100,False,790362,LOSE,2,2,1,4,0,3,11,0,1,40263,318427
KR_8344056146,200,True,790362,WIN,6,1,0,2,5,0,10,3,1,322115,872191
KR_8343986711,100,False,1057196,LOSE,1,5,0,3,2,0,59,0,1,595851,101373
KR_8343986711,200,True,1057196,WIN,4,1,1,1,3,1,11,3,1,322115,64459
KR_8343726131,100,False,1126769,LOSE,4,1,3,0,8,5,8,3,3,322115,46171
KR_8343726131,200,True,1126769,WIN,0,3,0,5,4,5,13,0,0,33553,41940
KR_8343676146,100,True,1005532,WIN,1,0,4,3,3,2,11,2,2,190317,136010
KR_8343676146,200,False,1005532,LOSE,1,1,0,3,3,2,156,1,0,322115,168327
KR_8343629189,100,True,1125575,WIN,7,0,1,5,7,0,15,3,2,322115,11000
KR_8343629189,200,False,1125575,LOSE,5,3,0,5,1,5,14,0,0,111083,111800
KR_8343542386,100,True,773246,WIN,5,0,1,2,1,2,5,3,1,322115,94976
KR_8343542386,200,False,773246,LOSE,0,4,1,2,4,1,8,0,0,308522,705570
KR_8343494227,100,False,683412,LOSE,1,2,0,2,0,2,10,3,0,5752426,172894
KR_8343494227,200,True,683412,WIN,4,1,0,0,1,0,4,0,1,322115,236045
KR_8343405129,100,False,959541,WIN,1,0,1,1,2,2,12,0,2,1850853,500806
KR_8343405129,200,True,959541,LOSE,0,2,0,1,3,0,12,3,0,36463,491446
KR_8343314006,100,True,890606,WIN,0,2,7,2,6,3,9,3,1,96867,131182
KR_8343314006,200,False,890606,LOSE,4,1,0,3,2,3,13,0,0,1850853,491446
KR_8343236031,100,False,1006695,LOSE,2,3,0,5,1,4,12,3,0,322115,26943
KR_8343236031,200,True,1006695,WIN,7,1,0,1,6,0,10,0,1,278228,175000
KR_8343132950,100,True,885296,LOSE,2,2,0,5,5,1,7,3,0,33681,14305
KR_8343132950,200,False,885296,WIN,2,2,3,3,2,2,20,0,1,1850853,16232
KR_8341026102,100,True,884149,LOSE,3,4,1,5,2,3,10,1,2,289524,7739
KR_8341026102,200,False,884149,WIN,5,0,3,4,6,1,6,2,0,322115,5831
KR_8338750504,100,False,827924,WIN,5,2,2,3,2,2,6,3,2,1850853,167468
KR_8338750504,200,True,827924,LOSE,1,3,0,3,4,2,6,0,0,422696,159950
KR_8338679885,100,False,817944,LOSE,0,2,1,2,3,1,8,3,0,71935,8130
KR_8338679885,200,True,817944,WIN,3,0,0,2,3,2,4,0,1,1850853,20425
KR_8338530280,100,True,934252,LOSE,6,3,1,4,2,2,10,0,1,161050,386125
KR_8338530280,200,False,934252,WIN,5,1,2,5,3,2,11,3,0,1850853,41159
KR_8338511006,100,False,746268,LOSE,1,2,1,3,1,4,17,3,0,1850853,150404
KR_8338511006,200,True,746268,WIN,3,0,0,1,4,1,7,0,1,1698588,24157
KR_8337729512,100,False,928601,LOSE,4,3,0,3,9,2,9,0,2,73739,23880
KR_8337729512,200,True,928601,WIN,5,4,1,3,4,5,12,3,0,322115,10088
KR_8337654338,100,False,917829,LOSE,3,3,0,5,1,2,15,0,0,1850853,830045
KR_8337654338,200,True,917829,WIN,7,1,0,1,3,3,6,3,0,439947,1245547
KR_8337617292,100,True,826638,WIN,6,0,3,1,2,3,7,3,2,322115,45879
KR_8337617292,200,False,826638,LOSE,1,5,1,5,3,3,11,0,0,141778,108968
KR_8337359527,100,True,875734,WIN,4,1,4,0,2,0,5,3,2,322115,120869
KR_8337359527,200,False,875734,LOSE,0,4,0,3,1,3,9,0,0,2978478,6603
KR_8337318582,100,False,1113313,LOSE,1,1,0,1,3,2,15,0,0,91849,44108
KR_8337318582,200,True,1113313,WIN,1,1,3,2,2,2,19,3,2,322115,33008
KR_8349860972,100,False,773940,LOSE,2,3,1,5,0,2,6,0,1,13786,38587
KR_8349860972,200,True,773940,WIN,5,1,3,1,5,3,8,3,0,1193139,53620
KR_8349849318,100,False,977455,LOSE,2,4,3,4,0,2,15,0,0,58631,47683
KR_8349849318,200,True,977455,WIN,4,2,2,2,6,0,9,3,2,59358,57382
KR_8349792666,100,False,953015,LOSE,2,2,2,6,1,5,10,3,1,41839,984943
KR_8349792666,200,True,953015,WIN,9,3,2,2,2,2,15,0,0,249011,1766
KR_8344815459,100,False,934700,WIN,5,2,4,0,3,3,15,3,2,34876,97584
KR_8344815459,200,True,934700,LOSE,1,3,0,5,1,4,7,0,0,57431,58173
KR_8344726816,100,False,1103766,LOSE,1,3,0,3,1,3,15,0,1,41839,500064
KR_8344726816,200,True,1103766,WIN,2,1,0,1,3,2,32,3,1,22501,35290
KR_8344684984,100,True,805476,WIN,3,0,1,1,3,0,6,3,2,99067,5579
KR_8344684984,200,False,805476,LOSE,0,3,1,2,1,3,8,0,0,200092,131323
KR_8344473989,100,True,986308,WIN,1,1,1,1,4,4,16,1,1,41839,216189
KR_8344473989,200,False,986308,LOSE,1,2,2,2,5,3,14,2,1,150452,158412
KR_8344422348,100,True,1013716,WIN,2,0,0,4,6,4,62,0,1,41839,41374
KR_8344422348,200,False,1013716,LOSE,0,2,5,2,3,5,6,3,1,10225,175494
KR_8343787390,100,True,959708,WIN,3,2,3,4,5,2,12,3,1,3105,21830
KR_8343787390,200,False,959708,LOSE,2,5,3,4,6,2,3,0,1,127985,2954
KR_8343751872,100,False,1056544,LOSE,5,4,2,6,2,2,13,1,1,48107,45657
KR_8343751872,200,True,1056544,WIN,4,4,2,2,9,4,22,2,1,41839,12320
KR_8343726661,100,False,981680,WIN,2,3,2,2,2,4,28,0,0,41839,12320
KR_8343726661,200,True,981680,LOSE,4,2,2,3,2,1,9,3,1,7087,61463
KR_8343681993,100,False,860535,WIN,6,2,1,0,3,5,5,0,1,109066,11234
KR_8343681993,200,True,860535,LOSE,2,3,0,4,2,3,9,0,1,54050,172471
KR_8341500644,100,False,1066392,LOSE,8,4,1,4,0,5,15,0,2,36866,11714
KR_8341500644,200,True,1066392,WIN,4,4,1,3,3,3,16,3,0,34032,209514
KR_8354802496,100,False,957455,LOSE,0,3,0,1,0,1,12,2,1,5757,591
KR_8354802496,200,True,957455,WIN,2,0,1,0,3,1,9,1,1,410790,3107142
KR_8348673906,100,False,1034418,LOSE,2,1,5,4,2,1,16,0,2,4733,770860
KR_8348673906,200,True,1034418,WIN,2,4,2,4,4,2,16,3,0,30082,337352
KR_8348674734,100,True,909122,WIN,1,0,0,2,2,1,17,0,2,132964,60872
KR_8348674734,200,False,909122,LOSE,2,0,0,0,1,3,8,3,0,176677,12980
KR_8346511780,100,False,914567,LOSE,2,3,3,2,5,1,6,0,2,753964,214723
KR_8346511780,200,True,914567,WIN,2,3,1,2,4,6,11,3,0,13869,56506
KR_8355239817,100,False,854055,LOSE,5,3,1,4,5,3,9,0,1,6616,46187
KR_8355239817,200,True,854055,WIN,5,4,2,4,2,1,12,3,0,114631,34261
KR_8355240372,100,True,834239,WIN,8,1,4,1,3,0,9,3,0,100157,14944
KR_8355240372,200,False,834239,LOSE,0,7,1,4,1,2,9,0,1,122402,592815
KR_8353848390,100,False,1035720,WIN,3,3,3,4,0,5,7,1,0,10384,4796
KR_8353848390,200,True,1035720,LOSE,6,2,1,4,3,0,6,2,1,6290,12714
KR_8353776374,100,False,1244393,WIN,1,3,2,1,6,1,15,3,2,326375,27379
KR_8353776374,200,True,1244393,LOSE,2,0,1,3,2,2,12,0,1,3438378,74108
KR_8345329326,100,True,878837,WIN,5,1,2,1,2,0,8,3,0,48804,2023897
KR_8345329326,200,False,878837,LOSE,0,2,2,5,1,2,5,0,1,90639,74108
KR_8345298378,100,True,1201004,WIN,3,1,1,5,1,3,24,0,1,830474,880536
KR_8345298378,200,False,1201004,LOSE,6,1,3,4,5,3,20,3,1,6496,2663984
KR_8345274674,100,False,987163,WIN,3,3,1,3,6,2,9,0,2,147962,74108
KR_8345274674,200,True,987163,LOSE,7,4,0,4,4,1,14,3,0,7914,4770
KR_8345234996,100,True,856526,WIN,5,2,4,2,2,1,5,3,2,169103,74108
KR_8345234996,200,False,856526,LOSE,4,5,0,3,1,1,12,0,0,63393,145999
KR_8345199713,100,True,610985,WIN,5,0,0,3,1,3,6,0,1,43561,28819
KR_8345199713,200,False,610985,LOSE,1,2,1,3,3,3,5,3,0,21001,16282
KR_8342212293,100,True,876228,WIN,3,1,1,1,4,0,8,3,1,74677,440673
KR_8342212293,200,False,876228,LOSE,2,2,0,3,1,3,10,0,0,1217591,77597
KR_8342208091,100,True,830340,WIN,3,1,3,1,2,0,7,1,1,31362,1115
KR_8342208091,200,False,830340,LOSE,0,3,0,3,3,4,19,2,0,30549,466
KR_8342196087,100,True,829730,WIN,9,3,4,3,3,3,5,2,1,86973,20120
KR_8342196087,200,False,829730,LOSE,1,4,3,4,0,6,13,1,0,2025,23193
KR_8342173997,100,True,1054828,WIN,2,4,1,3,12,2,12,0,1,2265,90319
KR_8342173997,200,False,1054828,LOSE,6,7,1,6,4,5,11,3,0,41281,74108
KR_8340609713,100,False,1154758,LOSE,1,3,0,6,3,3,12,0,0,670224,74108
KR_8340609713,200,True,1154758,WIN,7,0,3,1,7,1,11,3,2,1264478,3219
KR_8340590771,100,True,1032175,WIN,5,1,3,3,3,0,11,0,1,19682,26442
KR_8340590771,200,False,1032175,LOSE,3,3,1,6,0,3,8,3,1,407789,74108
KR_8338718161,100,True,768320,LOSE,6,1,2,3,2,2,5,0,1,234346,18201
KR_8338718161,200,False,768320,WIN,4,2,0,5,3,3,8,3,0,99779,74108
KR_8338673644,100,False,1009441,LOSE,10,5,2,1,6,3,13,0,1,35326,221539
KR_8338673644,200,True,1009441,WIN,3,7,1,8,3,3,9,3,1,47542,74108
KR_8338636395,100,False,867093,LOSE,1,4,1,2,3,0,13,0,1,207674,113778
KR_8338636395,200,True,867093,WIN,3,1,3,2,1,2,9,3,0,99779,74108
KR_8353812555,100,True,1024665,LOSE,3,5,0,2,3,1,10,3,0,156950,56634
KR_8353812555,200,False,1024665,WIN,4,3,0,3,2,0,15,0,1,2618,56850
KR_8353481017,100,True,1013411,WIN,4,1,3,1,2,5,9,1,0,14790,16197
KR_8353481017,200,False,1013411,LOSE,0,4,3,3,7,3,8,2,1,40805,5450
KR_8353434660,100,False,854355,LOSE,2,6,2,3,0,1,3,3,0,21193,54841
KR_8353434660,200,True,854355,WIN,6,2,1,0,5,4,22,0,1,4120,2161
KR_8353406174,100,False,1101727,WIN,2,3,0,2,2,3,17,1,1,5770,1440929
KR_8353406174,200,True,1101727,LOSE,2,1,0,1,3,1,15,2,0,49447,189761
KR_8351731979,100,True,672337,LOSE,3,6,0,7,1,2,3,0,0,7670,65166
KR_8351731979,200,False,672337,WIN,9,1,4,2,2,0,5,0,1,207915,63144
KR_8351711884,100,True,789005,WIN,7,1,1,4,2,2,9,3,0,37566,60944
KR_8351711884,200,False,789005,LOSE,2,5,3,4,2,1,2,0,1,83220,346309
KR_8351683870,100,True,603393,LOSE,0,3,1,3,1,1,4,1,1,18571,17004
KR_8351683870,200,False,603393,WIN,2,1,4,1,0,2,3,2,0,52837,38130
KR_8351445547,100,True,707576,WIN,2,1,0,3,1,0,9,0,1,3219248,810878
KR_8351445547,200,False,707576,LOSE,2,1,1,2,2,2,9,3,0,87185,55290
KR_8351406149,100,True,918216,WIN,10,1,0,4,3,0,8,3,2,15287,121031
KR_8351406149,200,False,918216,LOSE,2,5,1,5,6,2,8,0,0,66601,18177
KR_8350911287,100,False,926864,LOSE,2,7,1,5,3,5,10,2,0,318259,82778
KR_8350911287,200,True,926864,WIN,11,1,1,3,2,1,9,1,2,137117,32183
KR_8350837748,100,False,828184,LOSE,1,5,1,5,4,1,8,2,0,230129,34594
KR_8350837748,200,True,828184,WIN,2,3,8,1,3,1,10,1,1,145367,60427
KR_8350144820,100,True,903810,WIN,7,4,2,5,6,1,13,0,1,1008271,26425
KR_8350144820,200,False,903810,LOSE,2,5,3,8,4,2,19,3,1,29127,667494
KR_8350124822,100,True,784437,WIN,5,1,0,1,2,2,9,2,0,89683,274814
KR_8350124822,200,False,784437,LOSE,2,5,0,2,1,3,6,1,0,90723,23731
KR_8350100697,100,True,906546,WIN,6,1,3,1,5,0,12,2,1,24115,91466
KR_8350100697,200,False,906546,LOSE,1,4,0,7,0,3,7,1,0,87555,234573
KR_8350083508,100,False,582886,LOSE,0,1,1,4,2,0,4,2,0,213524,72470
KR_8350083508,200,True,582886,WIN,4,0,1,1,0,2,7,1,1,176881,47169
KR_8350058041,100,False,1049968,LOSE,0,5,2,3,0,6,10,0,0,105467,3932
KR_8350058041,200,True,1049968,WIN,7,1,0,2,9,2,22,3,2,38810,91398
KR_8350034827,100,False,827585,LOSE,2,5,0,6,1,1,6,3,0,47854,17978
KR_8350034827,200,True,827585,WIN,8,2,0,0,4,2,11,0,1,10453,127629
KR_8350019727,100,True,934651,WIN,4,4,2,5,2,1,8,3,1,186732,32577
KR_8350019727,200,False,934651,LOSE,3,5,5,1,1,1,13,0,1,2781463,51313
KR_8348038747,100,False,856091,LOSE,7,1,1,3,1,1,6,0,1,129933,3692
KR_8348038747,200,True,856091,WIN,2,5,2,2,1,1,10,3,1,20852,2736213
KR_8348018498,100,False,1015926,LOSE,0,6,1,2,5,4,10,2,0,98049,99900
KR_8348018498,200,True,1015926,WIN,6,1,0,1,5,3,10,1,2,18384,13959
KR_8347973711,100,True,655160,WIN,4,1,0,0,2,0,6,0,1,63391,412712
KR_8347973711,200,False,655160,LOSE,0,3,0,1,2,1,5,3,0,1754,74831
KR_8346905111,100,True,769343,WIN,7,2,2,5,3,0,9,2,1,19011,352701
KR_8346905111,200,False,769343,LOSE,1,4,5,6,4,4,6,1,0,110427,330506
KR_8346857876,100,True,823235,LOSE,4,4,1,2,2,2,15,3,1,31237,522907
KR_8346857876,200,False,823235,WIN,3,2,2,3,5,1,12,0,0,362867,568981
KR_8346832434,100,False,1012660,WIN,3,1,0,1,3,3,11,0,1,63787,6283
KR_8346832434,200,True,1012660,LOSE,2,2,1,2,4,3,11,3,1,31168,60091
KR_8340688233,100,False,1066484,LOSE,1,3,4,5,3,4,10,3,0,4569,638338
KR_8340688233,200,True,1066484,WIN,8,4,1,4,6,0,12,0,2,95006,3713
KR_8340656957,100,False,1086025,LOSE,5,4,2,3,4,5,16,0,0,395558,65722
KR_8340656957,200,True,1086025,WIN,0,4,5,4,6,1,11,3,2,5013,7191
KR_8340411661,100,True,958834,LOSE,3,7,3,6,5,1,9,0,1,2543,85768
KR_8340411661,200,False,958834,WIN,10,5,3,5,1,3,15,3,0,7039,52687
KR_8340350960,100,True,584637,WIN,0,2,2,0,3,0,7,0,1,104926,1415862
KR_8340350960,200,False,584637,LOSE,0,1,1,3,1,0,4,3,0,153518,36047
KR_8340211014,100,True,860747,WIN,5,4,0,4,0,3,9,1,1,54032,375939
KR_8340211014,200,False,860747,LOSE,6,1,3,4,1,0,10,2,0,244244,41018
KR_8339757257,100,True,672692,WIN,4,1,1,2,4,3,9,0,0,102408,65722
KR_8339757257,200,False,672692,LOSE,0,3,3,3,5,2,7,3,0,14623,16144
KR_8339704900,100,True,1056505,WIN,3,5,7,1,0,2,12,3,2,280162,113342
KR_8339704900,200,False,1056505,LOSE,6,5,0,6,1,3,9,0,0,25312,196928
KR_8351460420,100,True,984003,WIN,1,3,2,3,4,2,9,3,2,16313,1130523
KR_8351460420,200,False,984003,LOSE,3,1,0,2,8,2,10,0,0,224292,18653
KR_8340586100,100,True,982222,WIN,4,2,0,3,5,4,12,3,1,188396,1405263
KR_8340586100,200,False,982222,LOSE,5,6,2,2,0,0,26,0,0,4777,5419
KR_8340224100,100,True,1057681,LOSE,7,1,7,4,0,4,2,0,1,183510,24990
KR_8340224100,200,False,1057681,WIN,2,5,2,6,6,4,19,3,1,26045,14800
KR_8339189630,100,False,1012110,LOSE,1,1,1,5,1,1,21,3,1,310855,1163762
KR_8339189630,200,True,1012110,WIN,4,0,0,2,1,0,13,0,1,899156,2966878
KR_8339125258,100,True,869152,WIN,2,0,0,1,4,2,7,0,1,134892,178073
KR_8339125258,200,False,869152,LOSE,0,2,0,1,2,5,7,3,0,2963,82276
KR_8337056831,100,True,619434,WIN,1,0,1,0,1,0,5,0,1,56144,110711
KR_8337056831,200,False,619434,LOSE,0,2,1,0,0,2,7,3,0,23186,24505
KR_8340993833,100,True,1011045,LOSE,3,4,2,4,4,6,11,0,0,16189,7704
KR_8340993833,200,False,1011045,WIN,7,3,1,2,9,2,7,3,1,220828,47460
KR_8340720834,100,True,852469,LOSE,1,3,1,0,4,0,13,0,0,39900,19723
KR_8340720834,200,False,852469,WIN,2,1,1,1,0,3,8,3,1,549370,63377
KR_8340702846,100,True,696629,WIN,5,4,2,0,3,3,7,3,0,83079,325155
KR_8340702846,200,False,696629,LOSE,4,2,0,5,2,3,3,0,0,20499,23815
KR_8340694442,100,False,1006827,LOSE,2,2,0,3,3,3,10,3,1,675088,552
KR_8340694442,200,True,1006827,WIN,2,2,1,0,5,1,18,0,1,34390,21942
KR_8340675339,100,True,1180077,LOSE,4,2,2,2,1,3,20,0,1,31680,75671
KR_8340675339,200,False,1180077,WIN,4,3,1,5,4,1,11,3,1,109173,36171
KR_8340657809,100,True,930532,WIN,5,0,2,3,4,4,13,2,0,96647,81745
KR_8340657809,200,False,930532,LOSE,2,3,2,3,5,3,7,1,1,631257,4089
KR_8352015900,100,True,954059,WIN,3,2,2,0,6,2,14,0,1,1505190,766195
KR_8352015900,200,False,954059,LOSE,2,4,1,4,0,2,10,3,0,17057,154923
KR_8350232237,100,True,1032104,LOSE,5,5,3,6,1,6,12,1,0,69899,31033
KR_8350232237,200,False,1032104,WIN,4,1,5,5,6,6,9,2,0,60362,66365
KR_8348102892,100,True,1056408,LOSE,0,2,1,7,9,2,17,3,0,27338,747275
KR_8348102892,200,False,1056408,WIN,8,3,2,1,2,5,11,0,1,6480,74500
KR_8348058751,100,False,837440,LOSE,0,4,7,5,1,1,11,0,1,279293,33926
KR_8348058751,200,True,837440,WIN,6,0,1,5,5,1,14,3,0,1342548,747275
KR_8340591110,100,True,1167729,LOSE,4,7,2,5,9,3,21,2,1,74174,747275
KR_8340591110,200,False,1167729,WIN,7,4,4,4,4,5,9,1,1,4038,5668
KR_8340561561,100,False,802337,LOSE,3,7,0,6,1,1,3,3,0,9322,457
KR_8340561561,200,True,802337,WIN,11,1,1,3,3,0,7,0,1,25422,747275
KR_8339903316,100,True,1011825,WIN,6,0,0,1,5,1,13,0,1,21686,41601
KR_8339903316,200,False,1011825,LOSE,0,3,1,4,4,3,15,3,0,25422,4168
KR_8339834903,100,True,650098,LOSE,2,3,1,1,2,3,3,3,0,9034,4085
KR_8339834903,200,False,650098,WIN,2,3,0,1,4,1,6,0,0,56631,89530
KR_8339040647,100,True,863916,WIN,2,2,1,2,2,1,12,1,1,203984,747275
KR_8339040647,200,False,863916,LOSE,3,2,1,0,1,2,29,2,1,24580,131681
KR_8338991763,100,False,1173823,LOSE,3,3,0,3,6,2,17,0,2,434752,747275
KR_8338991763,200,True,1173823,WIN,6,3,1,4,4,6,12,3,0,43386,154845
KR_8338938343,100,False,982886,LOSE,1,2,2,0,2,5,7,0,0,9542,128471
KR_8338938343,200,True,982886,WIN,2,1,0,2,2,3,11,3,1,25444,747275
KR_8350614707,100,True,829817,WIN,1,4,8,1,6,1,10,0,0,47254,31968
KR_8350614707,200,False,829817,LOSE,2,6,2,6,3,1,9,3,1,67878,143397
KR_8350563113,100,True,818707,LOSE,2,6,0,3,1,2,8,1,0,63483,2053
KR_8350563113,200,False,818707,WIN,6,0,4,1,1,1,10,2,1,10318,31968
KR_8350508027,100,False,1093060,WIN,2,4,0,1,3,0,13,2,0,124997,986750
KR_8350508027,200,True,1093060,LOSE,3,2,3,3,2,3,14,1,1,72801,31968
KR_8350439665,100,False,1028588,WIN,1,1,3,0,1,1,13,1,1,166395,31968
KR_8350439665,200,True,1028588,LOSE,0,1,2,2,2,1,16,2,0,250318,246905
KR_8350399154,100,False,977296,LOSE,1,6,6,6,1,6,16,0,0,31968,134860
KR_8350399154,200,True,977296,WIN,9,4,0,5,5,1,16,3,2,30474,14610
KR_8350347488,100,False,680062,LOSE,0,2,1,1,0,0,3,0,0,399828,95853
KR_8350347488,200,True,680062,WIN,2,1,0,0,2,2,5,3,1,31968,16418
KR_8350283100,100,False,891874,LOSE,5,5,1,4,3,0,43,0,0,31968,1193
KR_8350283100,200,True,891874,WIN,5,3,1,1,3,3,16,3,0,62201,7683
KR_8341192481,100,True,741437,LOSE,0,4,2,0,4,0,2,3,0,59374,323548
KR_8341192481,200,False,741437,WIN,2,0,2,0,1,1,4,0,1,1026626,77215
KR_8341140157,100,True,887866,LOSE,2,1,2,2,3,4,47,2,0,314043,81331
KR_8341140157,200,False,887866,WIN,1,1,3,4,2,3,8,1,1,5878,7642
KR_8341091156,100,True,981932,WIN,7,0,0,2,6,1,8,0,2,51910,99046
KR_8341091156,200,False,981932,LOSE,2,5,0,4,0,2,8,3,0,13430,52748
KR_8354684843,100,True,828233,WIN,2,1,1,1,3,3,8,0,0,53404,22340
KR_8354684843,200,False,828233,LOSE,1,2,2,2,4,3,8,3,1,140850,23083
KR_8354214613,100,True,1134156,LOSE,3,2,2,1,12,4,25,3,2,5097,78165
KR_8354214613,200,False,1134156,WIN,0,3,5,4,3,7,13,0,0,59281,77816
KR_8352834024,100,False,1113125,LOSE,2,4,3,4,4,1,13,0,0,43688,275000
KR_8352834024,200,True,1113125,WIN,5,2,0,1,4,4,15,3,2,54611,14545
KR_8352791169,100,False,746245,LOSE,3,5,2,4,3,3,7,0,0,14300,11539
KR_8352791169,200,True,746245,WIN,9,2,0,4,4,4,10,1,1,884644,2594
KR_8352703031,100,True,1135289,WIN,0,4,2,2,2,1,15,3,1,45088,28594
KR_8352703031,200,False,1135289,LOSE,3,0,3,2,1,2,14,0,1,2087,109059
KR_8352619848,100,True,830267,WIN,2,1,0,3,1,1,4,2,1,96568,13958
KR_8352619848,200,False,830267,LOSE,0,3,3,0,2,1,8,1,0,21329,1273350
KR_8352542627,100,True,885410,WIN,7,2,2,1,0,0,5,3,0,468201,121093
KR_8352542627,200,False,885410,LOSE,2,4,0,3,2,1,10,0,1,705916,8944
KR_8351422970,100,False,680819,WIN,5,4,0,4,3,3,4,0,0,88298,2528
KR_8351422970,200,True,680819,LOSE,4,4,4,3,2,0,5,0,1,39785,363128
KR_8351375948,100,True,985890,WIN,3,3,3,1,5,0,6,3,0,221837,120782
KR_8351375948,200,False,985890,LOSE,3,4,1,1,0,3,9,0,1,4718,13902
KR_8351329314,100,True,861457,WIN,2,5,7,3,2,1,9,3,1,25476,44740
KR_8351329314,200,False,861457,LOSE,3,6,4,2,1,2,13,0,0,64929,137818
KR_8351271175,100,False,989123,WIN,3,3,2,5,0,3,15,0,1,105249,14165
KR_8351271175,200,True,989123,LOSE,0,4,2,3,13,1,11,3,1,67788,63373
KR_8351194026,100,True,1116993,WIN,1,1,8,1,6,0,16,1,2,89814,432804
KR_8351194026,200,False,1116993,LOSE,1,5,0,6,6,0,14,2,0,408769,925570
KR_8351103990,100,False,939285,LOSE,4,3,2,3,2,2,14,3,2,39264,37663
KR_8351103990,200,True,939285,WIN,4,3,1,6,2,3,9,0,0,291610,38413
KR_8351018898,100,True,793133,WIN,5,1,1,0,1,2,6,0,0,1676,5236
KR_8351018898,200,False,793133,LOSE,1,3,0,4,1,1,6,3,0,73101,137420
KR_8350935909,100,False,989220,LOSE,0,3,0,1,3,4,2,3,0,27129,335029
KR_8350935909,200,True,989220,WIN,3,0,0,0,1,1,7,0,2,101667,28804
KR_8350888143,100,False,1014543,WIN,4,7,5,4,6,3,9,3,0,188759,73239
KR_8350888143,200,True,1014543,LOSE,3,7,8,7,8,5,11,0,2,179266,236802
KR_8349575399,100,True,893715,WIN,5,2,2,1,12,0,13,3,1,2953242,23634
KR_8349575399,200,False,893715,LOSE,2,6,1,4,1,5,11,0,1,40770,76027
KR_8349493008,100,False,764853,LOSE,2,4,1,2,2,2,6,3,0,54184,3430
KR_8349493008,200,True,764853,WIN,3,1,0,1,4,4,4,0,0,455615,686426
KR_8349402623,100,False,815980,LOSE,2,4,1,6,2,2,8,3,0,86620,275000
KR_8349402623,200,True,815980,WIN,6,3,4,1,2,0,9,0,1,510033,356592
KR_8349324574,100,True,965420,WIN,7,4,2,0,4,0,9,2,1,26394,78481
KR_8349324574,200,False,965420,LOSE,0,4,1,4,2,4,14,1,0,86620,35705
KR_8349269626,100,False,1030528,LOSE,5,0,1,5,0,1,16,0,1,10388,26801
KR_8349269626,200,True,1030528,WIN,3,3,0,4,4,2,14,3,1,73052,245855
KR_8349208671,100,True,685657,WIN,6,0,2,0,0,0,7,0,1,24700,39093
KR_8349208671,200,False,685657,LOSE,0,3,0,4,0,2,6,3,0,118629,338261
KR_8348242223,100,True,1176967,WIN,4,1,0,1,2,0,17,1,0,25266,437147
KR_8348242223,200,False,1176967,LOSE,0,2,1,1,0,1,179,2,2,86620,64936
KR_8348167313,100,False,803433,LOSE,2,4,1,1,4,1,7,3,1,118305,48278
KR_8348167313,200,True,803433,WIN,1,2,3,1,0,2,10,0,1,678141,76695
KR_8348108175,100,False,919935,LOSE,0,2,0,5,2,3,9,2,0,28788,5046
KR_8348108175,200,True,919935,WIN,4,1,3,1,2,0,25,1,2,214989,38257
KR_8347011769,100,True,940049,LOSE,2,1,0,0,8,0,7,0,0,5383,90167
KR_8347011769,200,False,940049,WIN,0,2,0,3,2,2,126,3,1,22347,361407
KR_8345904113,100,True,1017618,WIN,0,2,1,3,1,2,10,3,0,435093,614986
KR_8345904113,200,False,1017618,LOSE,0,1,2,3,4,3,15,0,2,245027,52420
KR_8345045293,100,False,935888,WIN,6,1,4,3,2,4,11,2,2,86620,827544
KR_8345045293,200,True,935888,LOSE,3,6,0,4,5,2,13,1,0,33782,192634
KR_8344926826,100,True,890203,LOSE,3,5,1,5,3,3,4,0,1,122018,16062
KR_8344926826,200,False,890203,WIN,7,1,1,4,4,4,6,3,1,37983,66134
KR_8344850029,100,True,973155,WIN,5,4,5,2,3,4,10,3,1,86620,29193
KR_8344850029,200,False,973155,LOSE,3,5,3,4,2,4,119,0,0,11999,43822
KR_8344785133,100,True,959152,WIN,6,3,0,4,1,0,12,3,1,2221450,87734
KR_8344785133,200,False,959152,LOSE,2,5,1,0,4,3,22,0,0,2947,80562
KR_8344705436,100,False,959092,WIN,1,2,0,3,2,3,12,3,0,63915,234406
KR_8344705436,200,True,959092,LOSE,2,1,3,0,3,1,16,0,2,15210,294877
KR_8341974708,100,True,1191684,WIN,2,4,1,1,9,3,14,0,0,29881,139985
KR_8341974708,200,False,1191684,LOSE,5,3,0,4,5,2,12,3,2,141517,107750
KR_8341913877,100,True,986231,LOSE,1,6,3,4,6,1,9,0,1,94224,16779
KR_8341913877,200,False,986231,WIN,7,3,2,1,6,4,7,3,0,373301,1524917
KR_8341851936,100,False,878384,LOSE,3,5,2,1,2,7,2,0,0,12925,13493
KR_8341851936,200,True,878384,WIN,3,3,3,2,6,1,11,3,1,282016,2944834
KR_8341788201,100,False,924460,WIN,5,7,2,5,6,2,5,3,0,26976,887
KR_8341788201,200,True,924460,LOSE,8,6,4,4,4,3,11,0,1,1379387,17030
KR_8341722096,100,False,1216830,LOSE,0,1,1,4,4,4,23,0,0,136058,186523
KR_8341722096,200,True,1216830,WIN,3,2,1,1,4,0,8,3,3,20940,14843
KR_8340281552,100,False,827373,LOSE,2,3,2,5,3,3,12,1,1,7243,795296
KR_8340281552,200,True,827373,WIN,7,2,1,4,6,2,9,2,1,158210,183203
KR_8340180596,100,True,965701,WIN,7,4,1,3,5,4,9,3,0,17259,22233
KR_8340180596,200,False,965701,LOSE,4,5,1,4,3,3,5,0,1,4199,1339
KR_8340132625,100,False,930390,LOSE,7,3,0,3,0,6,5,2,1,261658,41323
KR_8340132625,200,True,930390,WIN,6,5,0,2,5,1,12,1,0,83506,396457
KR_8340063927,100,False,858147,LOSE,3,5,3,8,1,5,14,3,0,76548,359254
KR_8340063927,200,True,858147,WIN,10,2,4,3,4,3,10,0,1,52562,12618
KR_8339972348,100,False,856455,WIN,6,1,1,4,1,3,5,2,1,85082,47831
KR_8339972348,200,True,856455,LOSE,2,3,2,5,5,4,5,1,0,25242,1027832
KR_8339862977,100,True,861666,LOSE,0,3,1,2,1,3,14,3,1,21913,2384
KR_8339862977,200,False,861666,WIN,0,0,2,1,5,1,28,0,1,25015,54394
KR_8338835755,100,False,780579,LOSE,3,3,0,4,3,3,8,0,1,127540,60438
KR_8338835755,200,True,780579,WIN,2,3,3,1,2,2,6,3,0,84046,80256
KR_8338800674,100,True,859115,WIN,10,0,2,3,1,3,3,3,1,118305,85795
KR_8338800674,200,False,859115,LOSE,2,5,1,5,2,2,19,0,0,802870,95979
KR_8338750784,100,True,933051,WIN,6,2,5,2,3,2,14,0,2,86620,498023
KR_8338750784,200,False,933051,LOSE,0,4,0,4,6,7,4,3,0,7891,11950
KR_8338667275,100,False,777844,LOSE,1,4,2,4,1,3,6,2,0,1973,188014
KR_8338667275,200,True,777844,WIN,1,2,2,0,5,3,5,1,2,94198,2288208
KR_8337571229,100,False,978796,WIN,1,5,0,2,7,3,7,3,1,121975,3950
KR_8337571229,200,True,978796,LOSE,6,2,7,2,1,6,8,0,1,484605,21926
KR_8337511805,100,False,738542,LOSE,0,3,1,5,2,4,3,0,0,1649525,7961
KR_8337511805,200,True,738542,WIN,7,0,0,1,2,1,8,3,1,1991490,255204
KR_8354429617,100,False,824718,LOSE,0,0,1,0,2,1,9,0,0,147015,129263
KR_8354429617,200,True,824718,WIN,0,0,0,2,4,1,10,3,1,527871,570084
KR_8354397146,100,False,1111204,WIN,3,5,2,8,3,3,14,3,0,29470,24297
KR_8354397146,200,True,1111204,LOSE,8,1,5,2,6,4,16,0,1,29332,4330
KR_8354356840,100,False,847687,LOSE,1,4,2,6,1,2,9,0,0,124537,101515
KR_8354356840,200,True,847687,WIN,8,1,4,4,2,1,9,3,0,7958,89206
KR_8354012718,100,True,1087102,LOSE,7,2,1,4,4,3,16,3,0,31028,138971
KR_8354012718,200,False,1087102,WIN,1,2,3,7,4,2,11,0,1,11922,16727
KR_8353498153,100,True,667460,LOSE,4,2,1,4,2,2,30,3,1,191711,439753
KR_8353498153,200,False,667460,WIN,6,1,1,3,1,4,6,0,0,35743,7092
KR_8353469060,100,False,1009569,LOSE,2,3,1,3,2,6,9,1,1,10875,1068190
KR_8353469060,200,True,1009569,WIN,5,0,1,1,1,2,5,2,0,38034,1236
KR_8353429168,100,False,803621,WIN,2,2,2,3,1,3,6,3,0,2972,2372
KR_8353429168,200,True,803621,LOSE,4,3,1,1,2,0,7,0,1,340018,786269
KR_8353377679,100,True,824662,LOSE,3,3,0,3,7,1,11,0,1,15232,30242
KR_8353377679,200,False,824662,WIN,4,2,2,5,3,4,5,3,0,210576,298329
KR_8353334990,100,True,742387,LOSE,5,4,0,10,2,5,4,1,0,112822,82158
KR_8353334990,200,False,742387,WIN,5,2,5,4,7,3,7,2,1,491353,7873
KR_8353315024,100,True,832001,LOSE,0,4,0,3,5,2,8,0,1,36659,12544
KR_8353315024,200,False,832001,WIN,4,0,3,0,1,5,9,3,0,43261,24662
KR_8353031279,100,True,966775,LOSE,4,2,2,5,6,2,13,0,0,6703,6997293
KR_8353031279,200,False,966775,WIN,5,3,1,3,1,4,12,3,1,120111,128640
KR_8353004941,100,False,859715,LOSE,3,4,1,7,0,3,12,3,1,77926,357789
KR_8353004941,200,True,859715,WIN,5,4,2,1,5,1,12,0,1,77948,142428
KR_8352646168,100,True,856705,WIN,3,4,2,3,3,0,10,0,1,3920,194007
KR_8352646168,200,False,856705,LOSE,4,2,3,3,5,2,17,3,0,8219,22201
KR_8352082865,100,True,877671,WIN,5,3,0,5,0,1,6,1,1,42962,570887
KR_8352082865,200,False,877671,LOSE,3,5,1,0,4,1,8,2,1,80656,141850
KR_8352032424,100,True,1105589,WIN,4,1,4,1,8,2,16,3,1,7399,174333
KR_8352032424,200,False,1105589,LOSE,0,6,3,5,1,1,16,0,0,388845,161524
KR_8351975571,100,False,880236,WIN,9,2,4,1,2,6,13,0,0,24304,173879
KR_8351975571,200,True,880236,LOSE,2,3,1,7,7,4,9,3,1,16095,2725
KR_8351928391,100,False,1027056,LOSE,3,1,2,4,7,2,5,0,0,84344,302474
KR_8351928391,200,True,1027056,WIN,1,5,3,2,1,2,14,3,2,85810,4531
KR_8351876153,100,True,856974,WIN,2,3,2,1,5,3,8,0,2,18607,8869
KR_8351876153,200,False,856974,LOSE,5,1,0,3,0,4,7,3,0,52656,60594
KR_8351836482,100,True,834435,WIN,4,0,5,1,2,0,11,3,2,54172,19827
KR_8351836482,200,False,834435,LOSE,0,1,1,5,0,5,9,0,0,69933,40023
KR_8351443706,100,True,878548,WIN,4,1,0,3,1,2,7,3,0,29592,691035
KR_8351443706,200,False,878548,LOSE,0,4,2,0,7,1,11,0,1,85372,134628
KR_8351355840,100,False,904883,WIN,2,3,6,2,4,6,15,3,0,8485,12895
KR_8351355840,200,True,904883,LOSE,2,2,2,4,7,5,6,0,1,112957,1287904
KR_8351295983,100,False,891642,LOSE,2,4,1,5,1,5,9,3,0,709751,4092
KR_8351295983,200,True,891642,WIN,5,3,1,2,3,0,43,0,1,168788,812928
KR_8351241726,100,True,930222,WIN,7,6,3,0,6,1,9,1,2,221868,67489
KR_8351241726,200,False,930222,LOSE,5,5,0,7,0,3,10,2,0,57449,61239
KR_8347948827,100,True,689949,WIN,2,0,0,0,3,4,7,0,1,18497,29444
KR_8347948827,200,False,689949,LOSE,4,1,1,3,3,2,6,3,0,6075,19604
KR_8347917833,100,True,801510,WIN,4,2,1,1,2,3,6,1,0,35743,89206
KR_8347917833,200,False,801510,LOSE,1,3,0,3,3,1,10,2,0,30039,1871
KR_8346707654,100,False,557790,LOSE,0,4,3,3,2,3,5,3,0,7778,1088
KR_8346707654,200,True,557790,WIN,6,1,2,2,0,2,5,0,1,19864,8640
KR_8346690292,100,True,779064,WIN,5,0,3,7,7,1,7,3,0,4374,3207
KR_8346690292,200,False,779064,LOSE,5,5,2,4,1,4,6,0,1,36520,12862
KR_8346644321,100,False,681527,LOSE,2,4,1,5,0,1,7,0,0,50408,15563
KR_8346644321,200,True,681527,WIN,7,2,1,2,2,0,5,3,1,36631,15942
KR_8345584563,100,False,927681,LOSE,4,5,3,4,3,1,13,3,0,9012,52434
KR_8345584563,200,True,927681,WIN,4,5,5,4,1,0,11,0,1,6268,4210
KR_8345561187,100,True,857733,LOSE,3,5,0,3,8,0,6,0,1,48372,19326
KR_8345561187,200,False,857733,WIN,5,4,3,4,2,4,9,3,0,35299,89206
KR_8345527868,100,False,703061,LOSE,2,8,5,3,1,3,6,3,0,31478,622
KR_8345527868,200,True,703061,WIN,9,4,2,3,3,1,7,0,1,11235,24618
KR_8345505580,100,False,807197,WIN,9,1,4,2,0,0,10,0,1,17553,15563
KR_8345505580,200,True,807197,LOSE,1,5,2,5,1,3,10,3,0,77236,141928
KR_8344586830,100,False,888678,WIN,2,4,0,4,2,1,8,3,0,35743,49497
KR_8344586830,200,True,888678,LOSE,2,1,0,3,9,3,42,0,1,1380852,741533
KR_8344452033,100,False,866007,LOSE,0,3,0,4,3,0,8,3,0,164433,117691
KR_8344452033,200,True,866007,WIN,5,0,1,1,1,0,14,0,1,62716,421937
KR_8344380633,100,False,1230590,LOSE,3,2,1,4,6,2,9,0,0,11828,3423184
KR_8344380633,200,True,1230590,WIN,3,2,0,4,4,2,15,3,1,4248,70414
KR_8344031504,100,True,939773,WIN,2,2,2,3,4,2,13,1,0,4248,29047
KR_8344031504,200,False,939773,LOSE,4,4,2,0,0,4,6,2,0,465059,272728
KR_8343983919,100,True,587039,LOSE,2,2,1,5,3,0,5,3,1,11183,18804
KR_8343983919,200,False,587039,WIN,5,4,2,0,1,1,6,0,0,478523,16739
KR_8343961470,100,False,1016364,WIN,1,0,0,5,6,2,13,0,1,1034929,5839
KR_8343961470,200,True,1016364,LOSE,4,0,2,2,4,4,13,3,1,35299,11937
KR_8337032467,100,False,978554,LOSE,0,3,2,4,5,3,3,3,0,13790,31132
KR_8337032467,200,True,978554,WIN,0,1,4,1,8,2,10,0,1,35299,5814
KR_8336980015,100,False,1231866,LOSE,2,2,1,3,6,0,12,2,0,32499,20784
KR_8336980015,200,True,1231866,WIN,3,2,0,4,2,1,13,1,2,35743,1748
KR_8336963425,100,True,627445,LOSE,0,2,0,2,2,0,5,0,0,11183,1298
KR_8336963425,200,False,627445,WIN,2,0,1,0,1,0,3,0,1,228654,209404
KR_8343430846,100,True,1108093,LOSE,6,4,1,1,1,0,25,0,2,30740,669495
KR_8343430846,200,False,1108093,WIN,2,3,1,4,3,2,13,3,0,49614,38438
KR_8350648908,100,True,899688,WIN,5,2,0,5,5,2,5,3,0,370131,18397
KR_8350648908,200,False,899688,LOSE,7,3,0,3,1,4,9,0,0,247549,73283
KR_8350474750,100,False,641516,WIN,3,0,2,0,3,3,2,3,0,25480,14496
KR_8350474750,200,True,641516,LOSE,0,3,0,2,0,1,6,0,1,27436,1904
KR_8350418645,100,True,645572,WIN,6,2,3,3,0,1,7,0,1,152182,154488
KR_8350418645,200,False,645572,LOSE,2,6,0,3,3,0,9,0,0,2174,4137
KR_8351401705,100,True,908792,LOSE,5,3,3,3,3,3,11,0,1,264940,18515
KR_8351401705,200,False,908792,WIN,2,4,2,5,2,1,9,3,0,158378,74165
KR_8352975709,100,False,788233,LOSE,0,2,4,8,2,1,1,0,0,766928,1881
KR_8352975709,200,True,788233,WIN,3,2,4,1,3,1,6,3,1,89097,63783
KR_8338558902,100,True,722893,LOSE,1,4,0,4,1,1,4,2,0,62609,1606
KR_8338558902,200,False,722893,WIN,5,0,4,0,0,1,8,1,1,337140,13897
KR_8338525915,100,True,884820,LOSE,6,2,2,4,1,5,4,0,1,12367,19138
KR_8338525915,200,False,884820,WIN,1,3,5,4,7,3,7,3,1,25337,8238
KR_8337657308,100,True,1416730,LOSE,2,1,3,4,6,2,25,0,3,16436,202725
KR_8337657308,200,False,1416730,WIN,0,1,2,4,8,5,23,3,0,10710,16903
KR_8337567229,100,True,1181707,WIN,3,1,0,3,3,4,16,0,2,16436,2945
KR_8337567229,200,False,1181707,LOSE,4,1,1,2,2,5,16,3,0,117239,406943
KR_8337512967,100,False,923609,LOSE,4,3,0,4,4,2,4,0,1,97913,158745
KR_8337512967,200,True,923609,WIN,5,3,2,1,2,1,7,3,0,14774,10237
KR_8337461016,100,True,1136685,LOSE,5,4,2,2,3,2,18,1,1,17328,153745
KR_8337461016,200,False,1136685,WIN,1,1,3,6,5,2,7,2,0,97913,145671
KR_8339249665,100,True,1000608,WIN,3,2,3,2,4,2,10,1,0,87027,105816
KR_8339249665,200,False,1000608,LOSE,3,4,0,6,7,1,13,1,0,186366,37368
KR_8354700309,100,False,1196101,LOSE,7,4,0,4,3,3,20,3,0,607472,197689
KR_8354700309,200,True,1196101,WIN,2,5,3,3,6,3,15,0,3,1208703,661104
KR_8354620914,100,False,986447,LOSE,2,1,2,3,3,1,10,0,0,7482,13530
KR_8354620914,200,True,986447,WIN,2,4,2,1,6,1,15,3,1,857180,661104
KR_8354564960,100,False,959593,LOSE,5,1,0,3,2,1,8,0,0,16398,65754
KR_8354564960,200,True,959593,WIN,2,1,2,3,0,4,14,3,2,89038,661104
KR_8354378382,100,False,864762,WIN,4,0,1,1,4,1,10,3,1,32337,277651
KR_8354378382,200,True,864762,LOSE,1,3,0,3,2,1,4,0,1,255497,397985
KR_8354350485,100,True,1110825,WIN,3,2,1,2,7,2,15,3,1,284428,661104
KR_8354350485,200,False,1110825,LOSE,2,4,1,2,2,3,11,0,0,334475,201524
KR_8354337435,100,True,822553,WIN,3,0,5,2,4,1,10,3,1,284428,661104
KR_8354337435,200,False,822553,LOSE,1,7,2,2,3,6,6,0,0,21275,329945
KR_8354322451,100,False,883605,LOSE,3,5,1,5,2,4,7,0,0,101395,32452
KR_8354322451,200,True,883605,WIN,1,4,3,1,8,1,11,3,1,737523,661104
KR_8354296211,100,True,861595,WIN,4,0,1,2,3,0,8,1,1,97638,16269
KR_8354296211,200,False,861595,LOSE,1,3,0,2,2,2,11,2,0,4071,661104
KR_8354276270,100,False,956730,LOSE,2,1,0,1,1,3,10,3,0,11484,277651
KR_8354276270,200,True,956730,WIN,2,1,0,0,1,3,11,0,1,1237940,22375
KR_8353311690,100,False,643820,LOSE,0,3,0,3,1,4,3,3,0,89626,14138
KR_8353311690,200,True,643820,WIN,8,0,1,0,1,0,4,0,1,61718,661104
KR_8353284423,100,True,938909,LOSE,2,2,0,1,0,1,12,3,1,383451,277651
KR_8353284423,200,False,938909,WIN,1,0,2,2,0,1,10,0,1,63755,224052
KR_8352308178,100,True,1048844,WIN,4,3,0,3,4,0,62,3,0,27727,2339
KR_8352308178,200,False,1048844,LOSE,3,4,1,1,2,3,18,0,1,169114,661104
KR_8352245997,100,True,674127,WIN,3,0,1,0,4,0,7,3,0,38080,661104
KR_8352245997,200,False,674127,LOSE,0,2,0,2,0,1,4,0,0,479166,104521
KR_8352208161,100,False,1072745,LOSE,4,4,0,5,1,4,9,0,0,123096,1629
KR_8352208161,200,True,1072745,WIN,9,3,0,0,4,0,15,3,3,6590,661104
KR_8352141490,100,True,1026370,LOSE,5,4,2,4,6,3,8,2,0,93002,18057
KR_8352141490,200,False,1026370,WIN,3,6,5,3,2,7,14,1,1,39120,661104
KR_8352081660,100,False,1064540,LOSE,2,5,1,3,7,4,11,0,1,108530,661104
KR_8352081660,200,True,1064540,WIN,5,2,0,3,6,6,16,3,1,37692,3452
KR_8351036717,100,False,883944,WIN,2,0,0,1,2,1,9,0,1,54098,1530218
KR_8351036717,200,True,883944,LOSE,0,1,1,1,3,0,8,3,0,350750,661104
KR_8350984661,100,False,828904,LOSE,0,4,0,2,2,4,9,0,0,50464,277651
KR_8350984661,200,True,828904,WIN,2,0,2,0,3,0,8,3,1,13839,141327
KR_8350846884,100,True,789160,LOSE,0,3,0,2,2,3,12,0,0,203087,661104
KR_8350846884,200,False,789160,WIN,3,0,6,1,3,1,11,3,1,55277,71864
KR_8350798433,100,True,938315,WIN,2,4,0,2,7,1,9,0,0,194347,378202
KR_8350798433,200,False,938315,LOSE,3,4,2,1,4,3,11,3,1,12331,277651
KR_8350719022,100,True,902881,WIN,10,1,2,1,1,3,11,2,0,1146935,661104
KR_8350719022,200,False,902881,LOSE,0,4,1,6,3,2,5,1,1,34191,2182
KR_8348989346,100,True,1261016,LOSE,6,5,4,2,4,1,14,3,0,7842,196730
KR_8348989346,200,False,1261016,WIN,6,5,2,3,0,4,21,0,2,159224,277651
KR_8348944962,100,False,1188114,WIN,1,2,0,4,5,3,12,0,1,309286,142636
KR_8348944962,200,True,1188114,LOSE,1,5,3,0,8,2,22,3,1,15574,661104
KR_8348904878,100,True,908978,LOSE,1,1,0,3,4,0,1,0,1,34352,52558
KR_8348904878,200,False,908978,WIN,3,2,1,1,0,2,14,3,1,842246,661104
KR_8348886017,100,True,1038471,LOSE,0,1,0,0,2,0,9,2,1,6369,661104
KR_8348886017,200,False,1038471,WIN,1,0,0,1,2,2,14,1,1,89209,198589
KR_8348733941,100,False,958557,LOSE,1,4,1,6,4,1,8,0,0,387756,88976
KR_8348733941,200,True,958557,WIN,10,4,1,1,4,4,15,3,2,144588,661104
KR_8348727240,100,True,1113294,LOSE,2,3,2,1,1,6,16,1,0,28549,661104
KR_8348727240,200,False,1113294,WIN,4,2,0,2,6,2,11,2,1,36342,84862
KR_8348705667,100,False,1193735,WIN,3,4,1,5,2,6,16,3,1,33744,237472
KR_8348705667,200,True,1193735,LOSE,6,1,3,2,8,4,15,0,0,966189,277651
KR_8348703222,100,False,989717,LOSE,0,2,0,3,6,2,13,3,1,1735,277651
KR_8348703222,200,True,989717,WIN,1,1,2,1,3,3,14,0,1,98020,21224
KR_8348683916,100,True,629848,WIN,3,0,0,0,3,0,6,3,1,743130,661104
KR_8348683916,200,False,629848,LOSE,0,1,0,2,0,2,9,0,0,128186,41153
KR_8345525013,100,True,773234,WIN,2,1,1,1,6,1,6,0,1,10078,131008
KR_8345525013,200,False,773234,LOSE,0,3,3,1,0,1,8,3,0,5493,277651
KR_8345486863,100,True,734655,WIN,2,0,1,1,1,2,10,0,1,20940,661104
KR_8345486863,200,False,734655,LOSE,1,2,0,1,3,0,8,2,0,3584,25308
KR_8345473918,100,False,1056983,LOSE,1,1,0,4,0,1,10,2,1,661104,6342
KR_8345473918,200,True,1056983,WIN,2,0,2,0,1,2,12,1,1,708034,130555
KR_8344422568,100,False,802128,WIN,3,0,1,1,1,2,11,0,1,2967819,661104
KR_8344422568,200,True,802128,LOSE,1,2,1,2,0,1,2,3,0,49990,28031
KR_8344355599,100,False,941556,WIN,10,3,2,3,3,3,9,3,0,460555,16912
KR_8344355599,200,True,941556,LOSE,1,6,3,3,2,2,20,0,2,2620598,661104
KR_8344245930,100,False,1123454,WIN,1,4,0,3,1,4,11,2,1,26660,17067
KR_8344245930,200,True,1123454,LOSE,4,5,1,1,4,4,20,1,2,212062,277651
KR_8343098084,100,True,769978,WIN,1,2,2,2,1,0,6,3,1,240632,364456
KR_8343098084,200,False,769978,LOSE,2,0,0,1,0,3,8,0,0,197593,661104
KR_8341151583,100,True,1083131,LOSE,8,6,2,4,3,3,14,0,0,401400,364287
KR_8341151583,200,False,1083131,WIN,5,5,5,6,3,4,18,3,1,10777,277651
KR_8341093891,100,True,1443821,WIN,6,6,1,2,0,3,21,3,2,237157,661104
KR_8341093891,200,False,1443821,LOSE,6,4,1,4,1,5,14,0,1,29345,112295
KR_8337684897,100,False,1109165,LOSE,1,5,1,3,2,5,18,2,0,2645,661104
KR_8337684897,200,True,1109165,WIN,2,2,5,0,5,2,17,1,2,61098,151802
KR_8337636674,100,False,786670,LOSE,0,5,0,2,2,1,9,0,0,16535,16500
KR_8337636674,200,True,786670,WIN,5,0,4,1,2,0,13,3,2,35580,661104
KR_8337609094,100,True,736348,WIN,5,0,1,2,5,1,3,3,1,13904,216536
KR_8337609094,200,False,736348,LOSE,1,5,1,3,1,1,7,0,0,154619,661104
KR_8337547897,100,True,1031795,WIN,4,4,0,2,13,2,19,2,2,356725,661104
KR_8337547897,200,False,1031795,LOSE,4,3,2,4,3,7,5,1,0,37655,7659
KR_8337519159,100,False,761082,LOSE,0,4,1,5,0,4,8,1,0,34817,575287
KR_8337519159,200,True,761082,WIN,6,0,3,1,3,1,12,2,1,31235,661104
KR_8337462635,100,True,1134527,WIN,2,7,3,1,4,4,13,3,1,34817,661104
KR_8337462635,200,False,1134527,LOSE,8,2,0,4,5,4,4,0,1,33887,19552
KR_8340369339,100,True,1111304,WIN,5,6,0,5,7,1,12,3,1,70995,22032
KR_8340369339,200,False,1111304,LOSE,8,3,4,4,4,4,57,0,1,599454,29414
KR_8337960898,100,True,886879,WIN,3,3,0,2,4,2,13,0,1,69630,572122
KR_8337960898,200,False,886879,LOSE,4,2,3,3,1,2,46,3,1,1586,163522
KR_8348341617,100,True,733860,LOSE,1,3,1,5,3,1,6,0,1,356600,1006
KR_8348341617,200,False,733860,WIN,6,1,2,1,2,4,9,3,0,1447887,46986
KR_8341767591,100,False,880194,LOSE,0,1,0,3,4,3,6,0,1,77800,74770
KR_8341767591,200,True,880194,WIN,1,1,1,0,7,3,19,3,1,3087,1947
KR_8341695389,100,True,1149673,WIN,4,3,1,1,6,0,16,1,1,3556775,91475
KR_8341695389,200,False,1149673,LOSE,1,4,2,4,1,3,18,2,1,36950,111978
KR_8337334270,100,False,1008527,WIN,3,4,1,3,6,1,11,1,0,1736342,16951
KR_8337334270,200,True,1008527,LOSE,3,1,3,6,0,3,11,2,2,107111,282398
KR_8347362637,100,True,828549,WIN,3,1,3,0,3,3,12,0,0,276871,232420
KR_8347362637,200,False,828549,LOSE,1,2,2,4,1,2,37,3,0,641380,10984
KR_8347336248,100,True,960590,WIN,1,0,1,1,8,0,18,1,1,57497,3157
KR_8347336248,200,False,960590,LOSE,1,3,0,4,1,3,6,2,0,36094,14395
KR_8344745030,100,True,706065,WIN,2,4,4,2,2,0,10,0,0,93907,51445
KR_8344745030,200,False,706065,LOSE,2,1,2,5,1,0,13,3,1,563371,327403
KR_8344679527,100,False,854538,LOSE,5,3,1,4,0,1,12,0,1,159988,10231
KR_8344679527,200,True,854538,WIN,5,3,2,3,7,1,12,3,1,684095,327253
KR_8344623469,100,True,1218879,WIN,5,2,1,5,3,4,18,3,1,293921,102914
KR_8344623469,200,False,1218879,LOSE,6,3,1,3,5,3,24,0,1,456503,160621
KR_8338073353,100,True,805266,LOSE,7,2,1,2,5,2,11,0,0,162793,28504
KR_8338073353,200,False,805266,WIN,4,1,1,6,1,2,12,3,1,6656,558163
KR_8338071089,100,True,854896,WIN,4,2,4,4,5,1,8,3,1,57497,4306
KR_8338071089,200,False,854896,LOSE,4,5,3,5,2,1,13,0,1,90325,81177
KR_8353963637,100,True,733229,WIN,4,3,1,3,5,1,5,0,0,144167,102737
KR_8353963637,200,False,733229,LOSE,1,4,6,5,6,3,4,3,1,111237,109486
KR_8353871856,100,True,818226,WIN,4,3,3,2,4,4,5,0,0,23158,63854
KR_8353871856,200,False,818226,LOSE,4,4,4,3,1,2,4,3,1,21184,110137
KR_8353807484,100,False,682814,LOSE,0,4,2,4,0,2,3,0,0,384777,16713
KR_8353807484,200,True,682814,WIN,5,0,3,1,2,1,23,0,0,94066,12838
KR_8353767048,100,True,599329,WIN,4,0,0,2,1,1,4,3,1,74406,3746905
KR_8353767048,200,False,599329,LOSE,0,3,0,1,3,1,3,0,0,16084,82514
KR_8353696364,100,True,857014,LOSE,2,1,2,1,1,1,12,0,1,6509,1546258
KR_8353696364,200,False,857014,WIN,2,1,0,2,0,1,9,3,0,558616,1431163
KR_8346393395,100,False,929988,LOSE,1,5,2,4,2,3,132,3,1,12723,119483
KR_8346393395,200,True,929988,WIN,6,1,1,4,3,0,18,0,1,62213,544605
KR_8346376117,100,True,1024304,WIN,5,0,0,0,7,1,14,0,2,954257,20467
KR_8346376117,200,False,1024304,LOSE,0,2,0,2,2,3,8,3,0,5842,17692
KR_8346315972,100,True,1032790,WIN,3,2,2,1,6,2,15,3,1,905949,31018
KR_8346315972,200,False,1032790,LOSE,1,4,4,3,0,1,12,0,2,8164,1169139
KR_8344802228,100,True,1033358,LOSE,3,4,3,4,3,1,12,3,0,36721,2400
KR_8344802228,200,False,1033358,WIN,4,2,1,2,4,5,9,0,1,41685,1524917
KR_8344755439,100,True,737790,WIN,5,2,0,0,2,0,5,1,1,307110,9522
KR_8344755439,200,False,737790,LOSE,0,0,1,3,3,3,2,2,0,114750,415
KR_8344672918,100,False,929867,LOSE,0,4,1,3,2,6,14,0,1,37289,6014
KR_8344672918,200,True,929867,WIN,5,1,2,0,8,2,9,0,1,22987,11653
KR_8344621427,100,True,1200554,WIN,2,2,1,2,5,5,9,0,2,793325,1562523
KR_8344621427,200,False,1200554,LOSE,1,2,0,0,6,4,12,3,1,149681,23079
KR_8344581076,100,True,853183,WIN,4,2,2,3,2,3,11,3,2,21564,64160
KR_8344581076,200,False,853183,LOSE,1,4,3,3,2,2,7,0,0,132664,7240
KR_8344498794,100,False,886674,WIN,4,0,0,0,3,3,14,1,1,42809,119097
KR_8344498794,200,True,886674,LOSE,0,2,0,4,1,2,8,2,0,6481,218103
KR_8353336338,100,False,886535,LOSE,4,6,0,8,2,3,8,0,0,98440,10098
KR_8353336338,200,True,886535,WIN,14,4,3,1,3,1,140,3,2,417775,82927
KR_8353273481,100,False,936651,WIN,5,2,3,3,3,3,8,1,0,26009,205074
KR_8353273481,200,True,936651,LOSE,4,5,0,4,4,2,10,2,1,349885,101821
KR_8353241512,100,True,708359,LOSE,0,6,2,3,2,1,8,3,0,1634,102127
KR_8353241512,200,False,708359,WIN,4,2,2,0,5,1,10,0,1,141598,141875
KR_8353205714,100,False,1065952,WIN,1,2,2,4,3,3,14,3,0,26418,888
KR_8353205714,200,True,1065952,LOSE,4,3,0,3,5,1,12,0,2,31451,36448
KR_8353187652,100,True,983834,LOSE,0,2,0,4,5,1,7,1,1,21643,72834
KR_8353187652,200,False,983834,WIN,5,0,1,0,0,4,5,2,1,62970,162897
KR_8354678183,100,False,823808,LOSE,0,5,0,3,2,3,6,3,0,88291,2400
KR_8354678183,200,True,823808,WIN,5,0,3,1,3,1,8,0,1,36349,41450
KR_8354619856,100,True,936276,WIN,6,3,0,3,7,0,14,0,2,37824,744747
KR_8354619856,200,False,936276,LOSE,2,2,2,7,4,7,14,3,0,47936,34007
KR_8354595840,100,False,764742,LOSE,1,3,0,5,3,1,12,0,0,10183,138612
KR_8354595840,200,True,764742,WIN,8,2,0,1,1,3,11,3,2,102439,3417
KR_8354575496,100,True,614344,WIN,6,0,0,2,2,1,4,0,1,149479,117176
KR_8354575496,200,False,614344,LOSE,2,5,0,1,0,2,1,0,0,16722,8097
KR_8354533915,100,True,926558,LOSE,0,4,1,6,6,1,5,3,0,4634,432133
KR_8354533915,200,False,926558,WIN,6,0,0,2,4,3,13,0,1,302409,190410
KR_8354496853,100,True,984815,LOSE,1,4,4,3,8,3,9,3,0,1662,3001
KR_8354496853,200,False,984815,WIN,5,4,2,3,2,3,12,0,1,97902,47529
KR_8354177498,100,False,1041796,WIN,4,6,2,2,6,4,19,3,1,96910,133454
KR_8354177498,200,True,1041796,LOSE,5,2,5,3,3,1,14,0,1,431462,74378
KR_8354177178,100,False,650104,LOSE,1,4,0,4,1,4,5,3,0,199549,20187
KR_8354177178,200,True,650104,WIN,5,0,3,1,3,2,8,0,1,382798,92188
KR_8354170021,100,True,821141,LOSE,0,3,0,2,2,3,19,0,1,16667,12763
KR_8354170021,200,False,821141,WIN,2,1,6,0,1,2,9,3,0,57382,2023897
KR_8354152522,100,True,765075,WIN,4,3,0,1,2,3,8,3,0,4755,70462
KR_8354152522,200,False,765075,LOSE,3,3,1,4,2,2,11,0,0,127107,26070
KR_8354147113,100,True,771948,WIN,4,0,1,2,4,2,8,3,0,246439,343294
KR_8354147113,200,False,771948,LOSE,1,4,0,3,1,1,5,0,1,204521,48818
KR_8354118804,100,False,706153,WIN,3,2,1,2,3,0,5,0,0,27788,8003
KR_8354118804,200,True,706153,LOSE,1,3,2,2,4,2,3,3,1,28010,29275
KR_8354103842,100,False,875032,LOSE,7,3,3,4,0,1,12,0,0,705,97318
KR_8354103842,200,True,875032,WIN,4,4,2,3,1,0,15,3,1,405975,23188
KR_8354077768,100,False,944436,WIN,7,3,2,1,3,3,12,0,1,254780,1161416
KR_8354077768,200,True,944436,LOSE,3,4,0,4,5,4,13,3,1,51926,29111
KR_8352510623,100,False,1270770,LOSE,1,4,0,4,2,2,14,0,1,52641,35112
KR_8352510623,200,True,1270770,WIN,5,3,0,2,1,3,15,3,1,20131,48121
KR_8352428725,100,False,1025519,LOSE,4,7,5,6,4,4,13,3,0,15808,330743
KR_8352428725,200,True,1025519,WIN,6,5,3,5,7,1,10,0,2,9404,459387
KR_8352357703,100,False,746405,LOSE,0,2,0,2,0,2,7,0,0,125702,24628
KR_8352357703,200,True,746405,WIN,2,0,3,0,1,0,8,3,1,21129,177617
KR_8352314844,100,True,790269,WIN,5,1,0,4,1,1,8,3,1,286573,135941
KR_8352314844,200,False,790269,LOSE,3,0,1,4,3,1,5,0,0,57633,9310
KR_8351995457,100,True,912377,WIN,5,0,4,2,2,1,133,0,0,6863,2852
KR_8351995457,200,False,912377,LOSE,0,3,0,5,4,2,12,3,2,13008,32586
KR_8351936464,100,True,1024128,WIN,5,1,2,0,4,2,11,2,0,66871,29860
KR_8351936464,200,False,1024128,LOSE,2,3,0,4,0,5,9,1,1,31233,284323
KR_8351848919,100,True,1006198,LOSE,0,4,4,4,5,1,11,3,1,39304,49446
KR_8351848919,200,False,1006198,WIN,7,2,1,2,4,3,14,0,1,19246,5410
KR_8351818752,100,False,859918,WIN,3,1,0,2,0,4,9,0,0,45572,498
KR_8351818752,200,True,859918,LOSE,1,1,3,2,4,0,11,3,2,637720,43010
KR_8351786233,100,True,912554,WIN,2,1,5,1,1,1,10,3,2,136144,5351
KR_8351786233,200,False,912554,LOSE,1,5,0,3,3,1,9,0,0,284370,647603
KR_8351718488,100,False,646880,WIN,3,5,3,2,0,0,4,0,0,17326,15047
KR_8351718488,200,True,646880,LOSE,5,4,2,3,0,2,5,3,1,1252424,71836
KR_8351677013,100,False,834952,LOSE,1,2,4,4,2,1,10,0,0,77040,528270
KR_8351677013,200,True,834952,WIN,4,3,0,3,2,2,9,3,1,19800,106968
KR_8350788517,100,False,1058095,LOSE,2,2,1,4,2,3,7,3,0,81712,387501
KR_8350788517,200,True,1058095,WIN,5,1,3,3,5,0,11,0,2,1680800,4623
KR_8350736021,100,False,821238,LOSE,1,5,0,2,5,5,4,3,0,1201249,691035
KR_8350736021,200,True,821238,WIN,6,2,0,1,6,1,9,0,1,17373,246769
KR_8353252179,100,False,833261,LOSE,0,2,2,3,2,2,12,0,1,39820,101638
KR_8353252179,200,True,833261,WIN,4,2,1,2,5,0,9,3,0,9468,8306
KR_8353216517,100,False,592064,LOSE,1,3,0,4,2,1,4,3,0,81932,228283
KR_8353216517,200,True,592064,WIN,8,0,0,2,0,1,6,0,1,19598,1986029
KR_8353154795,100,False,1005957,LOSE,3,4,2,5,0,8,13,1,0,158523,50662
KR_8353154795,200,True,1005957,WIN,7,1,1,3,3,0,11,2,2,21039,40212
KR_8353141855,100,True,854642,WIN,3,2,0,0,4,1,10,3,1,56836,9742
KR_8353141855,200,False,854642,LOSE,1,1,0,2,0,1,12,0,1,16848,183463
KR_8353116128,100,True,975813,WIN,5,4,3,4,2,1,16,3,0,132587,183463
KR_8353116128,200,False,975813,LOSE,3,4,4,3,2,1,13,0,2,68930,19064
KR_8353101434,100,False,828434,LOSE,0,5,0,3,3,3,11,0,0,77029,101638
KR_8353101434,200,True,828434,WIN,6,0,1,0,4,0,5,3,1,75287,413003
KR_8352161750,100,True,1029819,LOSE,2,2,0,3,4,2,15,3,1,100649,22796
KR_8352161750,200,False,1029819,WIN,6,1,0,3,1,0,17,0,1,49784,101638
KR_8342522306,100,False,1156784,LOSE,7,4,2,5,2,4,18,3,0,11189,50600
KR_8342522306,200,True,1156784,WIN,1,5,0,5,5,1,9,0,2,2345,28715
KR_8342488673,100,True,972633,LOSE,1,5,0,0,4,4,10,2,2,53737,681583
KR_8342488673,200,False,972633,WIN,6,0,3,1,1,3,52,1,0,20063,5806
KR_8339816192,100,False,791870,LOSE,7,4,1,7,2,1,8,3,0,14998,904
KR_8339816192,200,True,791870,WIN,10,4,0,5,3,0,10,0,1,71762,1873
KR_8339769861,100,False,989070,LOSE,0,2,1,3,3,4,10,0,1,7716,23086
KR_8339769861,200,True,989070,WIN,5,0,1,0,5,6,9,3,0,6020,31094
KR_8341336192,100,True,961919,LOSE,4,6,2,7,1,2,7,3,0,555763,29731
KR_8341336192,200,False,961919,WIN,5,5,2,4,2,3,13,0,1,25095,5893
KR_8341298160,100,False,928899,LOSE,3,3,0,1,3,3,11,3,0,225894,1286
KR_8341298160,200,True,928899,WIN,1,0,1,3,6,2,8,0,1,4940,30707
KR_8341231679,100,True,1106748,WIN,4,6,5,3,5,2,12,3,1,6421,26092
KR_8341231679,200,False,1106748,LOSE,5,1,6,8,3,4,12,0,1,129687,1026
KR_8341161712,100,True,1076399,LOSE,2,2,1,3,5,3,18,3,2,17372,37206
KR_8341161712,200,False,1076399,WIN,3,3,1,2,6,1,14,0,0,11133,4860
KR_8341117429,100,True,692046,WIN,5,0,5,0,2,2,6,3,1,214947,46943
KR_8341117429,200,False,692046,LOSE,1,5,0,3,1,4,7,0,0,46722,7464
KR_8341061198,100,True,771115,LOSE,1,5,1,2,0,1,9,0,1,1033074,631066
KR_8341061198,200,False,771115,WIN,6,3,1,3,2,2,9,3,0,37318,1622435
KR_8338258933,100,False,742043,LOSE,1,4,0,4,0,1,2,2,0,61373,5448
KR_8338258933,200,True,742043,WIN,8,1,1,0,0,0,6,1,1,73223,404022
KR_8338235263,100,False,971996,LOSE,4,3,4,4,2,3,8,0,1,11253,33279
KR_8338235263,200,True,971996,WIN,2,2,2,3,6,2,13,3,0,31385,103811
KR_8338206893,100,False,1000536,LOSE,0,6,2,5,0,4,14,0,1,95118,23617
KR_8338206893,200,True,1000536,WIN,4,3,7,3,5,1,11,3,1,83465,19641
KR_8355241239,100,False,893937,LOSE,7,5,0,3,3,5,9,0,0,2089742,12536
KR_8355241239,200,True,893937,WIN,3,3,2,3,5,4,2,3,2,5060,29071
KR_8355228232,100,True,883640,WIN,7,1,0,4,2,0,9,3,2,273046,233681
KR_8355228232,200,False,883640,LOSE,2,5,0,2,2,2,8,0,0,44983,598
KR_8355213462,100,True,790956,WIN,8,0,1,2,0,0,3,3,0,16705,7805
KR_8355213462,200,False,790956,LOSE,0,3,1,3,4,2,10,0,1,12239,87309
KR_8352656876,100,False,743139,LOSE,2,1,1,0,1,1,4,0,0,17254,89927
KR_8352656876,200,True,743139,WIN,0,2,3,3,1,1,3,3,2,786,4174
KR_8351717977,100,True,1160293,WIN,5,1,3,6,3,3,14,0,1,50600,205636
KR_8351717977,200,False,1160293,LOSE,2,5,2,5,4,2,15,3,1,185164,8333
KR_8351702738,100,True,919655,WIN,2,0,2,0,5,3,10,1,1,50600,1133994
KR_8351702738,200,False,919655,LOSE,0,3,0,1,1,5,5,2,0,12030,1206717
KR_8351660783,100,False,892872,LOSE,2,3,1,7,1,2,9,0,1,2229,3398
KR_8351660783,200,True,892872,WIN,6,1,6,4,3,0,4,3,1,40526,15545
KR_8351088723,100,True,1064428,WIN,3,2,4,2,6,1,13,0,2,50600,6841
KR_8351088723,200,False,1064428,LOSE,0,4,4,5,2,3,10,3,0,4988,2403
KR_8352974309,100,False,788599,LOSE,2,2,1,2,1,1,9,3,0,129008,369921
KR_8352974309,200,True,788599,WIN,1,1,1,2,5,1,8,0,1,583052,81671
KR_8343101694,100,False,650346,WIN,0,2,0,1,1,1,5,3,0,335734,86743
KR_8343101694,200,True,650346,LOSE,1,0,2,0,1,0,5,0,0,55691,6296
KR_8352308809,100,False,915348,LOSE,2,6,5,3,5,2,9,3,0,103382,14716
KR_8352308809,200,True,915348,WIN,1,6,6,1,2,3,3,0,1,34556,125264
KR_8346925559,100,True,1108421,LOSE,3,4,1,3,3,2,9,3,0,56602,204786
KR_8346925559,200,False,1108421,WIN,2,6,3,1,5,4,14,0,1,653439,253923
KR_8346907090,100,False,1164715,WIN,2,3,1,2,1,3,8,3,0,132641,1367
KR_8346907090,200,True,1164715,LOSE,3,2,3,2,4,3,8,0,2,104745,32205
KR_8344618715,100,True,785381,WIN,3,1,4,1,1,3,8,0,2,664821,27848
KR_8344618715,200,False,785381,LOSE,0,4,0,2,5,1,24,3,0,6061,117944
KR_8344537972,100,True,1211188,WIN,3,1,3,2,7,1,16,1,3,25275,57278
KR_8344537972,200,False,1211188,LOSE,2,3,1,3,3,3,21,2,0,388984,137488
KR_8350951152,100,True,822776,WIN,4,1,2,2,2,1,8,0,0,66143,67950
KR_8350951152,200,False,822776,LOSE,2,3,0,4,1,0,9,3,2,113046,8388
KR_8338984392,100,False,933875,LOSE,2,0,3,3,1,6,11,1,0,143534,18444
KR_8338984392,200,True,933875,WIN,0,0,0,2,5,2,9,2,2,168331,167195
KR_8338787248,100,False,658744,LOSE,0,2,0,4,2,4,5,3,0,22820,167195
KR_8338787248,200,True,658744,WIN,6,0,2,0,2,3,7,0,0,336363,6206
KR_8338720047,100,True,1384895,LOSE,4,3,0,3,8,0,18,0,3,154806,43845
KR_8338720047,200,False,1384895,WIN,4,1,2,5,2,6,17,3,0,178664,154562
KR_8352100509,100,True,707379,WIN,4,1,3,1,2,0,16,3,2,115730,18317
KR_8352100509,200,False,707379,LOSE,2,2,0,4,0,4,6,0,0,1433,46583
KR_8351999641,100,False,1085998,WIN,7,0,1,2,1,4,17,3,1,38701,4033
KR_8351999641,200,True,1085998,LOSE,0,3,1,3,3,1,9,0,1,24191,5039
KR_8350057712,100,False,894837,LOSE,1,0,0,2,0,1,8,0,0,14058,9701
KR_8350057712,200,True,894837,WIN,0,1,1,0,2,0,8,3,1,5368297,114433
KR_8350047291,100,False,709975,LOSE,1,0,1,2,1,2,8,0,0,7200,564582
KR_8350047291,200,True,709975,WIN,2,1,0,0,1,1,8,0,0,56918,114433
KR_8349586316,100,True,1114597,LOSE,3,6,2,4,6,11,23,3,2,424094,301855
KR_8349586316,200,False,1114597,WIN,0,5,5,3,7,4,17,0,0,2723509,4033
KR_8344580301,100,False,922219,WIN,1,2,2,3,0,2,6,0,2,52011,13031
KR_8344580301,200,True,922219,LOSE,1,1,1,2,2,0,10,3,0,518831,114433
KR_8344506199,100,True,1080492,LOSE,2,4,0,2,7,5,10,3,0,710562,251376
KR_8344506199,200,False,1080492,WIN,3,2,5,0,1,6,10,0,2,27862,4033
KR_8344420899,100,True,1009578,LOSE,3,6,3,3,1,0,11,3,2,119839,114433
KR_8344420899,200,False,1009578,WIN,5,2,3,5,3,2,13,0,0,59772,705751
KR_8343287812,100,True,924395,LOSE,1,4,0,3,4,4,4,3,1,11440,43015
KR_8343287812,200,False,924395,WIN,3,2,2,2,2,3,7,0,0,58459,114433
KR_8342879757,100,True,678726,LOSE,0,3,1,1,4,1,6,0,1,26811,1710
KR_8342879757,200,False,678726,WIN,3,1,1,1,2,1,3,3,0,72217,19351
KR_8342855332,100,False,881243,LOSE,1,3,1,4,1,4,10,3,0,42944,33100
KR_8342855332,200,True,881243,WIN,6,0,0,3,6,2,11,0,2,37565,1654
KR_8342782940,100,False,1028598,WIN,5,2,0,1,3,2,14,0,0,96588,208518
KR_8342782940,200,True,1028598,LOSE,2,4,0,1,6,0,16,3,2,38838,18317
KR_8342761539,100,True,861061,WIN,2,2,7,3,11,2,5,3,0,73997,41646
KR_8342761539,200,False,861061,LOSE,0,7,2,6,0,3,6,0,1,15579,347
KR_8342737117,100,False,965373,LOSE,2,6,1,2,5,6,10,0,1,30961,114433
KR_8342737117,200,True,965373,WIN,6,2,1,3,4,1,6,3,0,48128,645187
KR_8342656095,100,False,886480,LOSE,0,0,0,0,2,5,10,3,0,49638,12769
KR_8342656095,200,True,886480,WIN,0,0,0,1,8,0,9,0,2,7224,53441
KR_8342613403,100,False,865520,WIN,2,3,0,2,2,3,14,0,0,10408,114433
KR_8342613403,200,True,865520,LOSE,3,2,0,0,4,2,10,3,2,22547,43923
KR_8344422203,100,True,763093,WIN,11,0,1,1,1,2,6,0,0,25114,36849
KR_8344422203,200,False,763093,LOSE,1,4,1,6,4,2,3,3,1,95965,14981
KR_8340689631,100,False,853906,WIN,3,3,3,0,6,2,7,0,0,212074,84930
KR_8340689631,200,True,853906,LOSE,1,3,0,5,2,2,4,3,1,9992,5449
KR_8340686282,100,True,1004465,WIN,7,3,1,5,7,1,4,0,1,41475,10150
KR_8340686282,200,False,1004465,LOSE,5,6,2,3,3,7,7,3,0,179641,4165
KR_8340662994,100,True,886352,WIN,5,4,2,2,4,0,4,3,2,23900,34409
KR_8340662994,200,False,886352,LOSE,2,5,3,4,1,5,6,0,0,212267,31639
KR_8340660548,100,False,981371,LOSE,1,4,4,2,6,1,11,0,1,131721,48352
KR_8340660548,200,True,981371,WIN,3,2,1,4,5,5,9,3,0,31227,11318
KR_8340648825,100,False,909421,WIN,4,3,6,4,2,2,6,3,0,302093,18354
KR_8340648825,200,True,909421,LOSE,2,6,0,3,6,2,13,0,1,271159,1962562
KR_8353333372,100,True,858773,WIN,5,3,4,4,2,3,14,1,1,13710,157100
KR_8353333372,200,False,858773,LOSE,7,3,0,4,3,3,9,2,1,45020,84062
KR_8347025113,100,False,934141,WIN,2,3,1,2,3,0,10,0,1,22310,1584
KR_8347025113,200,True,934141,LOSE,4,3,1,1,1,3,10,3,0,4401,2453
KR_8346975090,100,True,712096,WIN,7,1,0,0,1,1,9,3,0,124395,70155
KR_8346975090,200,False,712096,LOSE,0,6,1,2,1,0,6,0,1,9459,14572
KR_8339322633,100,True,995966,LOSE,4,2,4,2,1,5,11,3,1,77906,82626
KR_8339322633,200,False,995966,WIN,2,3,2,4,6,0,4,0,0,24289,4103
KR_8338159556,100,True,1117170,WIN,3,4,4,3,2,2,50,3,1,73764,4755
KR_8338159556,200,False,1117170,LOSE,0,5,3,1,4,3,10,0,0,17192,57134
KR_8341612520,100,False,1002549,LOSE,0,3,0,1,2,3,15,1,1,49031,97227
KR_8341612520,200,True,1002549,WIN,4,0,1,0,2,2,13,2,0,127583,56281
KR_8341537974,100,True,885141,WIN,3,3,3,2,5,5,11,2,1,73552,83844
KR_8341537974,200,False,885141,LOSE,9,5,0,4,0,5,6,1,0,54785,21643
KR_8341484090,100,False,1160484,LOSE,2,2,2,1,2,1,7,3,1,195981,368143
KR_8341484090,200,True,1160484,WIN,0,3,1,2,4,0,9,0,2,39745,58706
KR_8341417847,100,True,1032046,LOSE,1,2,1,2,2,3,19,2,1,53113,211885
KR_8341417847,200,False,1032046,WIN,6,1,0,0,2,5,14,1,1,33769,122541
KR_8352265312,100,True,1110138,LOSE,3,5,0,5,5,0,10,3,1,32743,1717
KR_8352265312,200,False,1110138,WIN,6,1,4,3,3,0,16,0,1,6757,3365
KR_8352196769,100,True,1001869,LOSE,2,4,0,4,1,2,10,3,0,12658,8054
KR_8352196769,200,False,1001869,WIN,8,2,1,2,2,2,6,0,2,219814,19734
KR_8352167503,100,False,793488,LOSE,0,0,0,2,3,4,5,0,0,388300,1888
KR_8352167503,200,True,793488,WIN,2,0,0,1,5,3,1,3,1,14990,2173
KR_8352116957,100,True,862608,WIN,0,1,1,0,3,0,10,3,0,6657,70789
KR_8352116957,200,False,862608,LOSE,1,0,0,1,2,2,10,0,1,1567,1353
KR_8337331517,100,True,885216,WIN,8,0,1,3,6,3,7,3,1,8527,288036
KR_8337331517,200,False,885216,LOSE,2,6,0,5,5,5,8,0,1,73839,640
KR_8354336911,100,False,1009730,LOSE,1,3,1,4,1,3,7,1,0,56746,3462
KR_8354336911,200,True,1009730,WIN,4,1,2,1,4,2,18,2,2,51255,57212
KR_8354321423,100,True,1010077,WIN,1,3,0,3,5,1,10,0,1,82532,261403
KR_8354321423,200,False,1010077,LOSE,4,2,1,3,0,4,15,3,1,7520,15955
KR_8354309209,100,True,830163,WIN,6,2,2,1,7,1,11,0,1,57493,290403
KR_8354309209,200,False,830163,LOSE,4,3,0,5,1,3,11,3,1,14112,29374
KR_8355090118,100,True,1113898,WIN,8,5,3,5,2,2,13,0,0,54308,63925
KR_8355090118,200,False,1113898,LOSE,4,6,5,5,6,0,17,3,2,32967,39521
KR_8354982096,100,True,960629,WIN,1,4,1,4,2,3,11,2,0,229579,503797
KR_8354982096,200,False,960629,LOSE,4,2,3,1,0,3,14,1,1,28502,149133
KR_8354884437,100,False,831360,LOSE,0,3,0,1,4,4,7,1,1,13209,548332
KR_8354884437,200,True,831360,WIN,4,0,1,0,3,2,12,2,0,242066,403494
KR_8354642548,100,False,930872,WIN,3,4,5,3,0,5,6,0,0,65739,8077
KR_8354642548,200,True,930872,LOSE,3,4,3,2,7,3,10,3,2,27837,4573
KR_8354562818,100,True,937908,LOSE,2,5,1,2,3,5,8,2,1,6465,15377
KR_8354562818,200,False,937908,WIN,2,4,5,0,4,1,13,1,1,29232,3205
KR_8354174336,100,False,886484,LOSE,3,2,3,4,0,2,7,3,1,241668,1768883
KR_8354174336,200,True,886484,WIN,4,1,0,4,3,2,11,0,0,125443,130350
KR_8354161125,100,True,771169,WIN,4,3,1,3,3,1,7,2,1,80306,21999
KR_8354161125,200,False,771169,LOSE,4,3,1,2,2,1,10,1,0,124881,479350
KR_8354152236,100,True,828794,LOSE,3,3,0,0,6,2,6,3,1,15145,13914
KR_8354152236,200,False,828794,WIN,5,3,0,4,0,5,23,0,0,20632,2092913
KR_8354108750,100,True,1107934,WIN,8,0,1,0,1,1,10,0,1,12455,339234
KR_8354108750,200,False,1107934,LOSE,0,4,0,4,1,1,16,3,1,354654,163901
KR_8354079977,100,False,766232,LOSE,1,2,1,4,2,2,8,3,0,22951,7476
KR_8354079977,200,True,766232,WIN,4,3,0,2,4,0,7,0,1,26543,168950
KR_8354067239,100,False,678585,LOSE,0,7,2,1,3,0,1,3,1,47830,42450
KR_8354067239,200,True,678585,WIN,6,1,2,1,1,1,6,0,0,107454,53591
KR_8354014598,100,False,865812,LOSE,1,7,0,1,2,0,1,3,0,16644,25254
KR_8354014598,200,True,865812,WIN,4,3,2,1,2,1,7,0,2,161880,53465
KR_8353778978,100,True,983153,WIN,7,1,1,3,3,0,9,3,2,22379,65365
KR_8353778978,200,False,983153,LOSE,1,3,1,4,2,2,8,0,0,130677,8013
KR_8352985575,100,True,738981,WIN,7,0,0,1,0,2,7,3,0,18484,42059
KR_8352985575,200,False,738981,LOSE,1,3,0,3,0,2,11,0,1,301464,1425895
KR_8352963390,100,True,639892,WIN,2,1,3,1,1,1,10,3,0,193186,353356
KR_8352963390,200,False,639892,LOSE,2,2,0,2,1,3,4,0,0,348869,44465
KR_8352860716,100,True,829058,LOSE,5,2,2,3,2,3,8,3,1,1480215,115981
KR_8352860716,200,False,829058,WIN,3,2,0,4,1,2,6,0,1,89774,7176
KR_8352801846,100,False,985936,WIN,9,2,3,5,0,1,11,3,1,191493,1431796
KR_8352801846,200,True,985936,LOSE,1,5,2,6,8,1,5,0,1,10530,1513
KR_8352627163,100,True,911785,LOSE,2,2,0,4,1,1,13,3,0,49465,8288
KR_8352627163,200,False,911785,WIN,5,1,3,2,1,2,9,0,2,128358,4655
KR_8352510060,100,False,1012949,WIN,3,0,0,4,1,5,8,0,0,31921,1681
KR_8352510060,200,True,1012949,LOSE,0,2,3,2,4,0,12,3,2,39190,583252
KR_8352414279,100,True,867202,WIN,2,3,1,3,1,1,4,3,0,17423,3169
KR_8352414279,200,False,867202,LOSE,6,0,1,3,0,1,45,0,2,1050109,4028
KR_8351672331,100,True,647488,WIN,6,0,4,2,2,0,5,3,1,254783,129880
KR_8351672331,200,False,647488,LOSE,0,4,0,5,1,4,3,0,0,1603,1489
KR_8354944362,100,False,745491,LOSE,2,3,4,0,1,1,4,0,0,36219,662
KR_8354944362,200,True,745491,WIN,1,2,2,2,1,4,11,3,0,175484,1848
KR_8354786554,100,True,766112,WIN,7,1,3,1,1,1,7,3,1,3448,366973
KR_8354786554,200,False,766112,LOSE,1,6,1,3,3,1,11,0,0,4717,28861
KR_8353664356,100,False,707803,WIN,1,1,2,1,1,0,5,0,1,11637,89630
KR_8353664356,200,True,707803,LOSE,0,1,1,2,3,0,5,3,0,17096,9443
KR_8353546931,100,False,692956,LOSE,0,6,0,2,3,2,4,1,0,138618,1908
KR_8353546931,200,True,692956,WIN,9,0,0,1,0,1,0,2,0,98868,9288
KR_8352840994,100,False,900615,LOSE,1,2,3,1,1,5,6,0,0,18307,30684
KR_8352840994,200,True,900615,WIN,1,2,4,3,2,0,10,3,2,887844,53598
KR_8352445109,100,False,768750,WIN,2,3,3,1,1,0,5,3,0,501791,2704
KR_8352445109,200,True,768750,LOSE,1,1,0,3,2,3,5,0,1,58347,98314
KR_8351917576,100,True,916962,LOSE,1,4,2,3,3,2,8,0,0,20867,98290
KR_8351917576,200,False,916962,WIN,7,3,1,3,1,2,16,3,1,52747,115319
KR_8351308795,100,False,836949,LOSE,4,3,1,2,1,2,5,0,0,48775,15957
KR_8351308795,200,True,836949,WIN,2,3,1,3,4,1,5,3,1,547109,4077
KR_8351213831,100,True,712208,WIN,5,0,1,0,1,0,6,3,1,156991,9239
KR_8351213831,200,False,712208,LOSE,0,3,0,3,0,0,4,0,0,261851,3831
KR_8348206433,100,True,658652,WIN,6,0,4,1,1,0,6,3,1,385164,525874
KR_8348206433,200,False,658652,LOSE,0,8,0,1,4,2,6,0,0,312068,7285
KR_8348031332,100,True,1058474,LOSE,6,4,7,5,4,3,14,1,2,155818,11111
KR_8348031332,200,False,1058474,WIN,6,5,4,8,5,3,14,2,0,16640,279558
KR_8347248593,100,False,993277,LOSE,4,3,1,5,3,2,8,3,1,96421,31084
KR_8347248593,200,True,993277,WIN,5,3,2,2,6,2,4,0,0,42148,10189
KR_8346994605,100,False,1035702,WIN,1,2,1,1,4,3,22,1,0,42232,114618
KR_8346994605,200,True,1035702,LOSE,3,0,1,2,0,1,11,2,2,25179,49274
KR_8346956701,100,True,1046667,WIN,0,3,0,2,5,3,12,3,1,7574,496341
KR_8346956701,200,False,1046667,LOSE,1,3,4,2,3,3,10,0,0,170482,40560
KR_8346104441,100,True,887270,WIN,5,4,1,2,6,1,14,3,1,5383,134986
KR_8346104441,200,False,887270,LOSE,3,7,2,1,1,2,11,0,0,58573,12212
KR_8345912722,100,True,1207336,LOSE,3,3,3,8,4,2,13,3,0,1623831,60603
KR_8345912722,200,False,1207336,WIN,5,1,5,5,3,3,9,0,1,40675,16511
KR_8344938465,100,False,924572,WIN,8,1,0,3,3,5,10,0,1,43882,48809
KR_8344938465,200,True,924572,LOSE,2,1,0,0,5,1,6,3,0,97697,143743
KR_8344423353,100,False,1039770,WIN,5,3,2,4,1,8,2,0,1,8787,4514
KR_8344423353,200,True,1039770,LOSE,4,2,1,4,9,1,10,3,1,8912,10695
KR_8344177759,100,False,742223,WIN,2,0,0,0,3,2,8,0,1,13245,220355
KR_8344177759,200,True,742223,LOSE,0,2,1,1,1,3,7,0,0,272531,3107872
KR_8343576319,100,True,1235644,WIN,4,4,3,1,5,1,8,3,1,15513,36550
KR_8343576319,200,False,1235644,LOSE,3,0,2,6,3,4,9,0,0,116595,38237
KR_8342931588,100,True,1034288,LOSE,8,4,1,2,0,4,10,0,1,73177,97184
KR_8342931588,200,False,1034288,WIN,1,4,2,4,6,4,13,3,1,66136,1581648
KR_8341870879,100,True,1058559,LOSE,5,4,5,7,3,4,19,3,2,65532,25044
KR_8341870879,200,False,1058559,WIN,7,6,5,4,3,1,11,0,0,181223,11222
KR_8341733802,100,False,1139785,WIN,3,4,2,5,1,4,21,1,1,140077,183089
KR_8341733802,200,True,1139785,LOSE,4,5,6,1,1,4,41,2,1,30436,386636
KR_8340969691,100,True,930631,WIN,4,4,3,4,1,2,8,0,0,21215,58855
KR_8340969691,200,False,930631,LOSE,3,5,3,3,4,0,13,3,1,106988,311680
KR_8340330145,100,True,618548,LOSE,1,2,0,1,1,2,4,3,1,147708,138579
KR_8340330145,200,False,618548,WIN,3,0,0,1,0,0,4,0,0,899159,18204
KR_8337856649,100,False,919292,LOSE,0,6,1,4,1,3,9,0,0,72917,392903
KR_8337856649,200,True,919292,WIN,10,0,1,1,3,0,6,3,2,35049,29631
KR_8337590906,100,True,1055191,LOSE,1,2,3,0,6,0,15,3,1,77842,249689
KR_8337590906,200,False,1055191,WIN,1,3,1,4,0,1,16,0,1,29046,509901
KR_8337485423,100,False,983422,WIN,4,4,4,1,2,2,6,0,0,85950,42545
KR_8337485423,200,True,983422,LOSE,2,2,4,7,5,0,8,3,2,63035,60603
KR_8354509219,100,True,979702,WIN,5,1,5,0,5,1,18,3,2,3996,29485
KR_8354509219,200,False,979702,LOSE,0,5,1,10,2,5,12,0,0,6313,127742
KR_8346632759,100,False,803865,LOSE,0,2,0,3,0,3,84,0,0,39925,645
KR_8346632759,200,True,803865,WIN,4,0,1,0,1,0,9,3,2,464281,24644
KR_8344951711,100,True,862434,LOSE,3,5,2,2,2,3,10,0,1,15865,1181449
KR_8344951711,200,False,862434,WIN,5,3,3,2,2,3,7,3,0,44449,7540
KR_8344867671,100,True,886709,WIN,4,1,0,1,3,1,9,0,1,22877,237661
KR_8344867671,200,False,886709,LOSE,1,3,2,1,2,2,12,3,1,27942,16241
KR_8342359600,100,False,978344,LOSE,3,9,3,2,2,4,5,3,1,5224,15906
KR_8342359600,200,True,978344,WIN,11,4,3,3,2,4,9,0,1,50188,106893
KR_8342330972,100,False,799387,LOSE,4,6,3,5,0,3,9,3,1,16048,1953512
KR_8342330972,200,True,799387,WIN,8,2,4,4,1,1,11,0,0,2071,242130
KR_8340090728,100,True,803827,LOSE,2,2,2,3,4,1,8,0,0,1204,7908
KR_8340090728,200,False,803827,WIN,2,4,2,2,2,1,8,3,0,13306,3991
KR_8341727307,100,False,873263,LOSE,0,3,0,1,0,6,4,0,0,74836,23513
KR_8341727307,200,True,873263,WIN,6,1,0,1,5,2,11,3,2,593189,45736
KR_8341641896,100,False,1007972,LOSE,3,1,0,0,7,6,6,0,2,25358,61375
KR_8341641896,200,True,1007972,WIN,1,1,0,1,4,4,13,3,0,362575,12808
KR_8340321708,100,False,789770,WIN,2,0,0,1,0,2,10,3,0,962138,426252
KR_8340321708,200,True,789770,LOSE,0,1,2,1,2,0,9,0,1,1107874,13427
KR_8340238329,100,True,1059165,WIN,2,6,0,1,2,5,15,3,2,18019,48814
KR_8340238329,200,False,1059165,LOSE,7,3,1,3,3,3,12,0,0,12307,4430
KR_8339586960,100,False,833738,WIN,4,3,4,1,6,0,11,2,2,611083,422693
KR_8339586960,200,True,833738,LOSE,0,5,2,5,2,4,8,1,0,3127,267548
KR_8339545741,100,True,828407,LOSE,2,5,1,5,0,0,11,3,1,78407,6579
KR_8339545741,200,False,828407,WIN,9,4,0,0,1,2,7,0,0,50795,100718
KR_8337004573,100,True,795053,WIN,6,3,1,6,8,3,1,3,2,11270,36926
KR_8337004573,200,False,795053,LOSE,8,8,4,7,2,6,4,0,0,41162,6945
KR_8353858191,100,False,1055761,WIN,4,3,4,3,2,2,12,0,1,79032,237472
KR_8353858191,200,True,1055761,LOSE,1,6,3,3,2,1,24,3,0,7851,651476
KR_8353779039,100,False,1057645,LOSE,7,4,3,2,6,3,12,0,2,18300,111736
KR_8353779039,200,True,1057645,WIN,1,6,4,4,1,7,11,3,0,2162971,237472
KR_8352805489,100,True,1101903,WIN,2,4,0,3,4,2,11,0,1,390990,237472
KR_8352805489,200,False,1101903,LOSE,2,2,1,3,2,3,9,3,1,1211173,175428
KR_8352749372,100,False,1045051,LOSE,2,4,1,6,3,5,12,1,0,13400,914404
KR_8352749372,200,True,1045051,WIN,2,1,5,1,11,1,10,2,2,71316,237472
KR_8350039207,100,True,1037650,LOSE,1,8,4,6,5,2,10,3,1,4559,237472
KR_8350039207,200,False,1037650,WIN,8,3,7,3,2,4,20,0,0,12442,105893
KR_8349712594,100,False,820705,LOSE,0,2,2,3,3,2,2,3,0,58539,22504
KR_8349712594,200,True,820705,WIN,3,2,2,1,3,1,5,0,0,203220,100271
KR_8349627699,100,False,960184,LOSE,4,3,2,2,2,4,10,0,1,92655,70334
KR_8349627699,200,True,960184,WIN,3,5,2,2,3,1,5,3,1,76651,22504
KR_8348721560,100,True,1104622,WIN,9,4,1,4,6,3,134,3,1,22800,1920
KR_8348721560,200,False,1104622,LOSE,2,7,5,1,2,4,11,0,0,67598,39952
KR_8348540055,100,False,1109646,LOSE,3,5,1,4,2,5,13,0,0,78135,34864
KR_8348540055,200,True,1109646,WIN,4,4,1,1,3,2,22,3,2,67598,20427
KR_8348502465,100,True,1020735,WIN,4,5,1,5,1,1,11,3,0,86631,237472
KR_8348502465,200,False,1020735,LOSE,4,5,6,1,3,1,30,0,2,353987,111581
KR_8348455765,100,True,1003350,WIN,4,1,1,4,4,1,13,3,1,50580,22504
KR_8348455765,200,False,1003350,LOSE,3,3,2,0,2,2,8,0,1,12997,67553
KR_8345152215,100,True,769214,WIN,7,2,2,3,3,4,8,3,1,585455,22504
KR_8345152215,200,False,769214,LOSE,2,5,2,2,4,4,6,0,0,94052,37834
KR_8345097126,100,True,960457,WIN,4,1,4,3,2,1,11,0,1,173915,15415
KR_8345097126,200,False,960457,LOSE,3,5,0,6,3,1,11,3,1,83048,237472
KR_8345006457,100,True,1124580,WIN,3,1,0,1,4,1,10,0,1,563946,81324
KR_8345006457,200,False,1124580,LOSE,1,2,1,1,0,3,12,3,1,14423,237472
KR_8344971045,100,True,766839,WIN,4,0,0,1,7,1,8,3,1,2446020,237472
KR_8344971045,200,False,766839,LOSE,0,5,1,2,2,3,7,0,0,348739,29511
KR_8344896457,100,True,889492,WIN,3,1,2,1,1,3,11,0,1,140595,185350
KR_8344896457,200,False,889492,LOSE,1,4,0,4,1,1,10,3,1,8578,237472
KR_8344295374,100,True,1030880,WIN,5,3,5,1,1,2,12,0,1,33128,119300
KR_8344295374,200,False,1030880,LOSE,2,5,1,6,2,3,10,3,0,156333,237472
KR_8344225540,100,True,1158852,WIN,6,1,2,2,2,3,13,3,0,469412,68401
KR_8344225540,200,False,1158852,LOSE,2,7,1,2,3,5,14,0,2,69297,237472
KR_8344180279,100,True,1003663,WIN,2,3,3,4,0,1,10,0,2,96667,237472
KR_8344180279,200,False,1003663,LOSE,4,4,2,4,5,4,16,3,0,5625,294545
KR_8343617684,100,True,967654,WIN,4,2,1,3,3,6,8,0,0,226151,237472
KR_8343617684,200,False,967654,LOSE,3,2,1,5,4,3,9,3,0,69858,8361
KR_8343499268,100,True,861337,WIN,6,3,0,3,4,2,9,3,1,481458,237472
KR_8343499268,200,False,861337,LOSE,5,4,2,3,2,4,5,0,0,2427,874
KR_8343384024,100,True,851804,WIN,2,3,1,1,4,4,9,3,0,1575715,36375
KR_8343384024,200,False,851804,LOSE,2,2,1,2,6,2,9,0,1,13353,237472
KR_8343284317,100,True,862992,WIN,1,0,2,1,4,1,9,1,1,1498460,237472
KR_8343284317,200,False,862992,LOSE,1,3,1,2,0,1,10,2,0,753,76059
KR_8343169576,100,False,940299,LOSE,2,5,1,5,6,3,7,3,0,5177,237472
KR_8343169576,200,True,940299,WIN,6,0,6,4,2,3,12,0,2,38877,21973
KR_8341877642,100,True,1028342,LOSE,4,4,3,4,4,2,10,0,1,21163,237472
KR_8341877642,200,False,1028342,WIN,3,6,5,4,4,2,18,3,1,20038,8627
KR_8341495808,100,True,932304,WIN,3,0,0,2,2,1,12,0,0,34822,237472
KR_8341495808,200,False,932304,LOSE,2,0,0,3,4,3,11,3,2,156396,3398
KR_8341438076,100,True,1039897,LOSE,3,3,2,5,2,2,11,3,0,144551,128432
KR_8341438076,200,False,1039897,WIN,4,3,3,3,6,2,12,0,1,300257,237472
KR_8341374770,100,False,1106610,WIN,7,0,0,5,8,4,131,1,1,1678,22389
KR_8341374770,200,True,1106610,LOSE,2,3,3,5,2,4,14,2,1,111415,237472
KR_8340467052,100,True,979951,WIN,4,0,0,2,2,3,8,3,0,315979,237472
KR_8340467052,200,False,979951,LOSE,0,3,0,0,4,2,11,0,1,32667,111474
KR_8340413542,100,False,915559,LOSE,1,7,3,4,3,3,5,3,0,156712,135874
KR_8340413542,200,True,915559,WIN,5,3,4,1,5,2,6,0,2,2663,60736
KR_8340344562,100,False,1006757,WIN,7,0,0,3,5,3,9,3,1,68326,237472
KR_8340344562,200,True,1006757,LOSE,3,4,1,3,3,3,8,0,1,31223,58677
KR_8338986856,100,False,966613,WIN,1,0,5,1,0,3,8,0,1,33169,281290
KR_8338986856,200,True,966613,LOSE,1,3,0,2,3,4,10,3,1,7032,237472
KR_8337862082,100,True,1032896,WIN,0,3,0,2,5,5,10,0,1,14848,237472
KR_8337862082,200,False,1032896,LOSE,4,0,2,2,4,3,13,3,0,361957,14008
KR_8337788217,100,False,803713,LOSE,3,3,2,8,1,3,5,1,0,27528,44943
KR_8337788217,200,True,803713,WIN,7,2,3,3,4,1,4,2,2,60868,237472
KR_8337726127,100,False,882906,LOSE,3,1,1,5,2,1,10,0,0,251754,33798
KR_8337726127,200,True,882906,WIN,1,2,4,1,3,3,9,3,0,59346,237472
KR_8337220749,100,True,918693,WIN,3,1,0,4,2,0,8,3,1,3824,237472
KR_8337220749,200,False,918693,LOSE,3,1,2,3,1,0,11,0,0,9697,50364
KR_8337111001,100,True,831919,WIN,4,0,3,0,2,0,6,0,1,153082,237472
KR_8337111001,200,False,831919,LOSE,0,3,0,4,1,1,9,3,0,14943,171773
KR_8355203425,100,True,943203,WIN,6,2,4,2,0,2,12,3,2,38932,43815
KR_8355203425,200,False,943203,LOSE,1,5,3,1,2,2,8,0,0,127279,215347
KR_8355178677,100,True,862909,LOSE,2,2,1,1,3,1,7,3,0,127279,227370
KR_8355178677,200,False,862909,WIN,1,2,2,2,1,3,7,0,0,246439,234356
KR_8355166450,100,True,805470,WIN,7,0,5,3,1,2,7,0,1,127279,13675
KR_8355166450,200,False,805470,LOSE,4,7,0,2,1,3,39,3,0,444076,157720
KR_8355128293,100,False,1259956,LOSE,3,3,3,2,6,1,14,0,2,12693,57240
KR_8355128293,200,True,1259956,WIN,1,5,3,6,1,4,16,3,1,29283,24511
KR_8354193085,100,True,854327,WIN,1,1,1,0,1,0,9,3,1,127279,746749
KR_8354193085,200,False,854327,LOSE,0,1,1,1,0,3,5,0,0,2378,3982
KR_8354170866,100,True,869226,WIN,1,3,0,4,1,6,20,0,0,127279,30240
KR_8354170866,200,False,869226,LOSE,5,0,1,2,1,1,10,3,1,231027,13686
KR_8351575772,100,False,683847,WIN,3,0,0,3,2,1,3,0,0,10763,54513
KR_8351575772,200,True,683847,LOSE,2,2,0,1,1,0,3,3,0,127279,3490
KR_8351563854,100,False,935964,LOSE,2,4,2,3,3,2,12,2,0,127279,104700
KR_8351563854,200,True,935964,WIN,3,2,3,3,4,1,17,1,2,689561,26507
