matchId,teamId,laneOutcome,laneEventTimestampMs,laneEventTimestampMin,adc_kills,adc_deaths,support_kills,support_deaths,support_wardsPlaced,jungle_kills,jungle_deaths,team_hordeKills,team_dragonKills
KR_8351048949,100,WIN,941988,15.7,3,3,0,2,20,4,1,1,0
KR_8351048949,200,LOSE,941988,15.7,2,1,1,4,55,3,1,2,2
KR_8349516694,100,LOSE,961010,16.02,1,3,0,1,20,7,5,0,0
KR_8349516694,200,WIN,961010,16.02,6,4,0,3,18,5,2,3,0
KR_8349003390,100,LOSE,655795,10.93,0,4,2,2,6,1,0,3,0
KR_8349003390,200,WIN,655795,10.93,4,0,1,1,36,3,1,0,1
KR_8348597050,100,LOSE,913076,15.22,1,6,1,2,19,2,2,3,0
KR_8348597050,200,WIN,913076,15.22,1,4,5,0,17,5,0,0,2
KR_8348552489,100,WIN,983550,16.39,4,4,1,5,20,3,2,2,0
KR_8348552489,200,LOSE,983550,16.39,3,2,2,4,20,3,4,1,2
KR_8354547265,100,LOSE,883105,14.72,5,5,0,7,11,1,4,0,1
KR_8354547265,200,WIN,883105,14.72,9,4,0,6,14,4,3,3,1
KR_8354466845,100,LOSE,953802,15.9,7,3,1,2,57,5,1,3,0
KR_8354466845,200,WIN,953802,15.9,6,6,0,3,20,3,4,0,1
KR_8350658415,100,LOSE,886020,14.77,2,1,0,2,13,1,6,1,0
KR_8350658415,200,WIN,886020,14.77,0,2,1,0,17,3,1,2,1
KR_8349133360,100,WIN,978393,16.31,4,6,2,5,16,4,4,3,0
KR_8349133360,200,LOSE,978393,16.31,2,4,0,3,24,10,2,0,2
KR_8348921613,100,LOSE,779336,12.99,1,3,0,1,10,1,4,1,0
KR_8348921613,200,WIN,779336,12.99,2,2,2,1,11,5,1,2,1
KR_8348867720,100,LOSE,963483,16.06,1,4,1,2,18,1,3,0,0
KR_8348867720,200,WIN,963483,16.06,3,2,0,1,21,6,1,3,2
KR_8348493034,100,LOSE,822537,13.71,5,2,1,2,14,3,3,0,0
KR_8348493034,200,WIN,822537,13.71,2,3,0,3,21,1,2,3,1
KR_8348437912,100,LOSE,721869,12.03,5,8,1,5,10,1,2,0,1
KR_8348437912,200,WIN,721869,12.03,5,4,0,2,10,6,1,3,0
KR_8347500634,100,LOSE,805384,13.42,3,2,3,3,12,3,2,0,1
KR_8347500634,200,WIN,805384,13.42,1,4,0,2,23,3,1,3,0
KR_8347049369,100,LOSE,909087,15.15,2,2,1,0,20,5,1,3,0
KR_8347049369,200,WIN,909087,15.15,1,3,1,2,16,2,1,0,2
KR_8346971247,100,WIN,804197,13.4,1,1,2,1,13,2,0,3,0
KR_8346971247,200,LOSE,804197,13.4,0,2,1,3,18,0,1,0,1
KR_8346901873,100,WIN,1015196,16.92,8,1,0,4,21,7,3,3,1
KR_8346901873,200,LOSE,1015196,16.92,2,6,0,1,21,4,5,0,1
KR_8346858504,100,WIN,817674,13.63,8,1,0,2,41,5,1,0,1
KR_8346858504,200,LOSE,817674,13.63,2,5,2,6,13,1,3,3,1
KR_8345953638,100,WIN,940727,15.68,5,6,0,2,61,5,2,3,0
KR_8345953638,200,LOSE,940727,15.68,3,6,2,3,20,5,3,0,2
KR_8345859664,100,WIN,793622,13.23,1,3,1,2,39,6,0,3,1
KR_8345859664,200,LOSE,793622,13.23,0,1,0,2,9,5,3,0,0
KR_8345809742,100,LOSE,839201,13.99,4,2,1,1,13,1,3,1,0
KR_8345809742,200,WIN,839201,13.99,2,5,2,1,9,1,1,2,1
KR_8345750094,100,WIN,974077,16.23,1,4,2,5,13,2,1,1,0
KR_8345750094,200,LOSE,974077,16.23,1,2,3,3,18,4,3,2,1
KR_8345690183,100,WIN,776478,12.94,2,1,0,0,26,2,1,2,1
KR_8345690183,200,LOSE,776478,12.94,1,2,0,3,9,0,2,1,0
KR_8345638374,100,LOSE,935296,15.59,3,0,0,2,18,2,5,1,0
KR_8345638374,200,WIN,935296,15.59,2,2,0,2,18,4,1,2,2
KR_8344709088,100,LOSE,759478,12.66,0,1,3,4,8,1,0,3,1
KR_8344709088,200,WIN,759478,12.66,2,1,1,2,9,2,1,0,0
KR_8344624634,100,LOSE,860277,14.34,2,5,0,2,13,1,2,0,0
KR_8344624634,200,WIN,860277,14.34,4,0,3,3,19,6,1,3,2
KR_8344552152,100,LOSE,768686,12.81,4,2,1,4,14,0,3,0,0
KR_8344552152,200,WIN,768686,12.81,3,3,1,2,7,4,0,3,1
KR_8344510259,100,WIN,888599,14.81,5,1,5,2,53,9,1,1,1
KR_8344510259,200,LOSE,888599,14.81,1,4,2,5,10,1,6,2,1
KR_8352974176,100,WIN,825940,13.77,8,2,1,1,13,5,1,3,1
KR_8352974176,200,LOSE,825940,13.77,1,5,1,5,13,2,5,0,0
KR_8352932903,100,WIN,824884,13.75,3,4,0,4,26,2,2,2,0
KR_8352932903,200,LOSE,824884,13.75,5,3,1,2,11,4,0,1,2
KR_8352916175,100,WIN,913990,15.23,5,3,2,7,14,4,4,2,0
KR_8352916175,200,LOSE,913990,15.23,2,3,1,4,52,6,4,1,2
KR_8351332373,100,WIN,1076702,17.95,1,3,1,2,69,2,3,0,0
KR_8351332373,200,LOSE,1076702,17.95,3,2,2,4,28,4,3,3,1
KR_8351277055,100,LOSE,855083,14.25,1,5,0,3,10,1,0,3,0
KR_8351277055,200,WIN,855083,14.25,4,1,0,0,14,0,1,0,1
KR_8351162492,100,WIN,953858,15.9,4,1,1,6,21,6,3,3,2
KR_8351162492,200,LOSE,953858,15.9,1,4,1,3,14,7,3,0,0
KR_8351086698,100,WIN,624412,10.41,4,1,3,5,3,3,0,3,1
KR_8351086698,200,LOSE,624412,10.41,1,5,2,3,5,3,1,0,0
KR_8350987623,100,WIN,849650,14.16,4,6,2,3,9,5,0,3,1
KR_8350987623,200,LOSE,849650,14.16,6,5,2,4,16,4,3,0,0
KR_8350879633,100,LOSE,909038,15.15,4,6,3,4,12,5,6,2,0
KR_8350879633,200,WIN,909038,15.15,7,4,1,3,12,7,3,1,1
KR_8349782807,100,WIN,587300,9.79,5,3,1,2,7,3,2,0,0
KR_8349782807,200,LOSE,587300,9.79,3,4,1,3,11,2,2,2,0
KR_8347771130,100,LOSE,818932,13.65,1,5,2,4,10,2,2,0,0
KR_8347771130,200,WIN,818932,13.65,4,4,3,1,11,8,0,3,2
KR_8347540120,100,WIN,822832,13.71,4,3,2,3,16,5,2,2,1
KR_8347540120,200,LOSE,822832,13.71,4,4,4,7,15,3,5,1,0
KR_8347392829,100,WIN,980625,16.34,0,2,0,0,73,7,3,3,2
KR_8347392829,200,LOSE,980625,16.34,1,1,1,2,22,1,7,0,0
KR_8347323680,100,WIN,824059,13.73,3,2,1,2,11,2,2,3,1
KR_8347323680,200,LOSE,824059,13.73,2,3,0,2,9,4,1,0,1
KR_8346765343,100,WIN,858977,14.32,2,6,5,5,16,1,5,0,0
KR_8346765343,200,LOSE,858977,14.32,6,2,5,0,14,6,5,3,1
KR_8346464182,100,WIN,1066476,17.77,4,6,8,3,20,4,2,3,2
KR_8346464182,200,LOSE,1066476,17.77,6,6,3,4,58,4,2,0,0
KR_8346451176,100,LOSE,831613,13.86,3,3,1,2,13,3,1,1,0
KR_8346451176,200,WIN,831613,13.86,2,5,0,2,17,3,1,2,0
KR_8346406942,100,WIN,747292,12.45,8,1,6,2,9,0,0,3,1
KR_8346406942,200,LOSE,747292,12.45,0,5,0,4,36,4,4,0,1
KR_8346101007,100,LOSE,958302,15.97,7,6,9,0,17,0,2,3,1
KR_8346101007,200,WIN,958302,15.97,7,10,1,5,13,3,5,0,1
KR_8346031984,100,LOSE,776296,12.94,0,4,1,3,12,3,2,1,0
KR_8346031984,200,WIN,776296,12.94,5,1,0,2,14,4,1,2,0
KR_8354645141,100,WIN,969595,16.16,1,2,0,5,17,3,4,1,1
KR_8354645141,200,LOSE,969595,16.16,2,3,1,4,20,3,2,2,0
KR_8354587815,100,WIN,806953,13.45,4,3,0,2,6,4,1,2,1
KR_8354587815,200,LOSE,806953,13.45,1,3,1,5,10,4,1,1,1
KR_8350827668,100,LOSE,931578,15.53,2,5,2,6,12,5,1,3,1
KR_8350827668,200,WIN,931578,15.53,7,1,1,4,13,5,2,0,0
KR_8350761897,100,WIN,645108,10.75,5,4,1,4,5,3,1,0,0
KR_8350761897,200,LOSE,645108,10.75,2,4,2,2,10,6,2,3,1
KR_8350702056,100,LOSE,1018720,16.98,3,5,3,3,18,7,2,3,1
KR_8350702056,200,WIN,1018720,16.98,4,6,0,5,17,8,2,0,0
KR_8348631100,100,WIN,879321,14.66,1,4,3,3,11,8,1,1,1
KR_8348631100,200,LOSE,879321,14.66,2,0,3,2,22,2,4,2,0
KR_8347668508,100,WIN,793429,13.22,0,1,0,1,11,3,3,0,1
KR_8347668508,200,LOSE,793429,13.22,2,1,0,0,9,4,0,3,0
KR_8351860951,100,LOSE,628952,10.48,1,3,0,3,6,0,1,1,0
KR_8351860951,200,WIN,628952,10.48,2,0,3,1,1,2,1,0,0
KR_8351804965,100,LOSE,973984,16.23,6,4,4,3,12,7,0,2,2
KR_8351804965,200,WIN,973984,16.23,4,8,1,8,22,4,3,1,0
KR_8349070225,100,LOSE,701458,11.69,0,2,3,3,8,2,2,0,0
KR_8349070225,200,WIN,701458,11.69,2,4,3,1,7,2,1,3,0
KR_8347931877,100,WIN,1033547,17.23,2,1,0,0,23,3,2,3,0
KR_8347931877,200,LOSE,1033547,17.23,1,2,1,2,23,0,1,0,2
KR_8347908335,100,LOSE,731086,12.18,1,2,0,2,34,0,3,1,0
KR_8347908335,200,WIN,731086,12.18,3,1,2,0,14,1,0,2,1
KR_8346745910,100,WIN,958581,15.98,4,3,0,3,20,5,2,0,1
KR_8346745910,200,LOSE,958581,15.98,4,4,1,4,10,4,0,3,1
KR_8345589624,100,LOSE,885595,14.76,2,4,2,3,19,2,2,1,1
KR_8345589624,200,WIN,885595,14.76,4,0,1,4,15,2,0,2,1
KR_8343232194,100,WIN,824564,13.74,1,3,2,3,10,5,2,3,2
KR_8343232194,200,LOSE,824564,13.74,4,3,0,3,13,2,5,0,0
KR_8343154584,100,LOSE,673039,11.22,1,3,0,3,27,2,2,0,1
KR_8343154584,200,WIN,673039,11.22,3,1,1,0,9,2,0,3,0
KR_8343078857,100,WIN,688927,11.48,0,0,2,2,7,2,0,0,1
KR_8343078857,200,LOSE,688927,11.48,0,0,1,3,8,2,2,3,0
KR_8343002491,100,LOSE,976961,16.28,6,2,0,1,17,4,4,3,0
KR_8343002491,200,WIN,976961,16.28,1,4,1,2,32,1,4,0,2
KR_8342950277,100,LOSE,736734,12.28,5,5,1,1,10,5,4,3,0
KR_8342950277,200,WIN,736734,12.28,5,1,1,6,5,2,6,0,1
KR_8342879569,100,LOSE,888587,14.81,0,5,1,1,19,5,1,3,1
KR_8342879569,200,WIN,888587,14.81,4,0,1,3,15,3,3,0,1
KR_8342817817,100,LOSE,890869,14.85,3,4,0,2,20,5,0,3,0
KR_8342817817,200,WIN,890869,14.85,1,2,0,1,47,5,2,0,2
KR_8342765089,100,WIN,1068094,17.8,8,1,2,4,72,5,4,0,1
KR_8342765089,200,LOSE,1068094,17.8,3,6,5,8,20,3,4,3,1
KR_8342716906,100,WIN,683045,11.38,5,0,0,1,9,1,0,3,1
KR_8342716906,200,LOSE,683045,11.38,0,3,2,1,13,1,2,0,0
KR_8342656966,100,LOSE,1060244,17.67,3,1,2,0,18,5,1,3,0
KR_8342656966,200,WIN,1060244,17.67,1,2,2,3,61,1,3,0,2
KR_8355143717,100,WIN,914936,15.25,5,5,3,5,17,6,1,3,0
KR_8355143717,200,LOSE,914936,15.25,8,5,0,3,16,6,3,0,1
KR_8354117349,100,WIN,1004945,16.75,3,9,2,5,16,6,1,3,0
KR_8354117349,200,LOSE,1004945,16.75,9,4,6,5,17,3,2,0,1
KR_8354096592,100,LOSE,855556,14.26,0,3,0,7,14,3,2,1,0
KR_8354096592,200,WIN,855556,14.26,7,2,3,1,17,1,0,2,1
KR_8354069866,100,WIN,834705,13.91,5,1,2,1,17,2,1,1,0
KR_8354069866,200,LOSE,834705,13.91,1,2,0,3,13,1,2,2,1
KR_8352930855,100,WIN,822218,13.7,0,2,1,1,16,7,1,3,1
KR_8352930855,200,LOSE,822218,13.7,3,3,0,2,15,2,3,0,0
KR_8347470839,100,WIN,768651,12.81,4,5,1,1,43,3,0,0,1
KR_8347470839,200,LOSE,768651,12.81,3,4,4,4,9,1,2,3,0
KR_8352883674,100,LOSE,1117425,18.62,8,1,3,2,26,3,3,1,1
KR_8352883674,200,WIN,1117425,18.62,1,6,2,5,21,6,3,2,0
KR_8352825377,100,LOSE,799529,13.33,1,4,1,2,43,5,1,3,1
KR_8352825377,200,WIN,799529,13.33,4,2,1,1,10,3,3,0,1
KR_8352751854,100,LOSE,1010584,16.84,2,3,4,4,15,6,4,0,1
KR_8352751854,200,WIN,1010584,16.84,8,4,2,3,15,2,5,3,1
KR_8352003936,100,WIN,1131957,18.87,7,2,2,3,39,9,2,0,2
KR_8352003936,200,LOSE,1131957,18.87,2,7,3,4,22,3,5,3,0
KR_8351903966,100,WIN,779037,12.98,3,3,0,1,10,6,3,3,1
KR_8351903966,200,LOSE,779037,12.98,3,2,1,3,4,3,8,0,0
KR_8351535979,100,WIN,678906,11.32,6,0,0,1,5,4,2,2,1
KR_8351535979,200,LOSE,678906,11.32,2,4,0,4,10,1,2,1,0
KR_8351529308,100,LOSE,1026919,17.12,1,3,1,1,23,3,4,0,1
KR_8351529308,200,WIN,1026919,17.12,1,1,0,3,62,7,1,3,1
KR_8351496431,100,WIN,835862,13.93,0,1,1,0,16,4,2,2,1
KR_8351496431,200,LOSE,835862,13.93,0,1,0,2,14,1,2,1,0
KR_8351445185,100,WIN,892201,14.87,1,2,0,3,10,3,0,3,2
KR_8351445185,200,LOSE,892201,14.87,1,0,0,4,47,2,3,0,0
KR_8351063357,100,WIN,851868,14.2,4,4,0,2,12,3,2,1,0
KR_8351063357,200,LOSE,851868,14.2,3,2,1,3,10,4,1,2,1
KR_8350978218,100,WIN,946202,15.77,1,4,2,3,6,2,4,3,1
KR_8350978218,200,LOSE,946202,15.77,3,2,0,3,20,8,1,0,1
KR_8350871250,100,LOSE,836575,13.94,1,7,3,6,17,4,2,3,0
KR_8350871250,200,WIN,836575,13.94,2,5,7,2,14,5,1,0,2
KR_8350809347,100,WIN,1005076,16.75,2,3,1,2,16,1,2,1,2
KR_8350809347,200,LOSE,1005076,16.75,1,3,2,1,11,2,0,2,0
KR_8350735423,100,LOSE,1036033,17.27,4,2,2,8,20,1,3,3,1
KR_8350735423,200,WIN,1036033,17.27,5,4,1,2,27,4,0,0,1
KR_8350678499,100,LOSE,861560,14.36,2,5,0,1,15,4,1,0,0
KR_8350678499,200,WIN,861560,14.36,2,3,1,2,12,5,1,3,2
KR_8350621933,100,WIN,854562,14.24,7,0,0,0,13,6,0,3,1
KR_8350621933,200,LOSE,854562,14.24,1,5,0,3,11,0,3,0,0
KR_8350566412,100,LOSE,910182,15.17,3,6,1,7,15,2,0,3,1
KR_8350566412,200,WIN,910182,15.17,3,2,5,3,13,5,1,0,1
KR_8350494333,100,LOSE,882696,14.71,3,3,2,2,7,1,3,3,0
KR_8350494333,200,WIN,882696,14.71,1,4,1,1,13,6,2,0,1
KR_8350405366,100,WIN,700938,11.68,3,1,0,1,10,5,1,3,0
KR_8350405366,200,LOSE,700938,11.68,0,3,2,3,7,1,2,0,1
KR_8349236766,100,LOSE,964126,16.07,2,3,2,2,14,3,3,3,2
KR_8349236766,200,WIN,964126,16.07,2,2,2,0,19,6,4,0,0
KR_8349160550,100,WIN,913239,15.22,4,4,0,3,19,3,3,3,1
KR_8349160550,200,LOSE,913239,15.22,2,3,0,5,18,6,2,0,1
KR_8349104246,100,LOSE,837075,13.95,0,5,1,5,11,3,1,3,0
KR_8349104246,200,WIN,837075,13.95,5,2,2,1,21,5,2,0,1
KR_8348544966,100,WIN,1124043,18.73,3,7,2,5,31,5,2,3,1
KR_8348544966,200,LOSE,1124043,18.73,8,7,1,2,26,6,2,0,1
KR_8348502172,100,LOSE,911747,15.2,2,2,1,4,57,3,3,2,1
KR_8348502172,200,WIN,911747,15.2,4,3,1,2,22,5,4,1,0
KR_8352986657,100,LOSE,909812,15.16,3,5,2,3,15,0,4,0,1
KR_8352986657,200,WIN,909812,15.16,0,2,2,2,16,6,1,3,1
KR_8352951958,100,WIN,937716,15.63,2,3,0,5,17,3,2,2,2
KR_8352951958,200,LOSE,937716,15.63,5,1,1,3,18,4,2,1,0
KR_8349866048,100,WIN,969702,16.16,3,5,0,6,22,2,4,3,0
KR_8349866048,200,LOSE,969702,16.16,5,3,2,3,17,5,1,0,1
KR_8349768600,100,LOSE,932702,15.55,2,4,1,5,12,6,2,3,0
KR_8349768600,200,WIN,932702,15.55,7,3,4,0,16,1,5,0,1
KR_8349692884,100,WIN,1014342,16.91,1,1,2,1,60,0,3,3,1
KR_8349692884,200,LOSE,1014342,16.91,2,1,2,1,24,2,2,0,0
KR_8354835865,100,WIN,935943,15.6,4,3,1,2,12,6,1,1,1
KR_8354835865,200,LOSE,935943,15.6,0,5,1,2,21,5,2,2,1
KR_8351825608,100,LOSE,911294,15.19,2,1,0,1,15,4,2,3,1
KR_8351825608,200,WIN,911294,15.19,1,2,0,2,14,4,0,0,1
KR_8351778487,100,WIN,657807,10.96,6,3,3,0,2,3,1,3,1
KR_8351778487,200,LOSE,657807,10.96,1,5,1,4,9,2,2,0,0
KR_8350249693,100,WIN,704984,11.75,4,2,1,3,6,0,1,1,1
KR_8350249693,200,LOSE,704984,11.75,2,3,0,2,9,3,1,2,0
KR_8350221429,100,LOSE,705537,11.76,0,2,1,3,4,2,1,3,0
KR_8350221429,200,WIN,705537,11.76,1,0,2,2,5,2,0,0,0
KR_8350163257,100,WIN,946071,15.77,1,5,0,2,13,1,1,0,0
KR_8350163257,200,LOSE,946071,15.77,3,3,0,1,13,6,0,3,2
KR_8355188641,100,LOSE,984795,16.41,4,7,2,5,56,6,4,2,0
KR_8355188641,200,WIN,984795,16.41,8,5,0,6,9,8,5,1,2
KR_8349819732,100,WIN,912377,15.21,1,1,2,4,18,5,0,3,1
KR_8349819732,200,LOSE,912377,15.21,1,3,1,4,51,2,4,0,1
KR_8353972020,100,WIN,930954,15.52,1,5,2,4,15,5,1,3,0
KR_8353972020,200,LOSE,930954,15.52,4,1,1,4,14,5,1,0,2
KR_8353924006,100,WIN,679579,11.33,2,0,1,1,6,1,0,0,1
KR_8353924006,200,LOSE,679579,11.33,0,3,1,0,13,1,1,3,0
KR_8352720856,100,LOSE,782476,13.04,1,2,0,2,6,0,2,3,1
KR_8352720856,200,WIN,782476,13.04,0,1,0,1,11,4,0,0,1
KR_8349106255,100,WIN,989001,16.48,3,3,1,2,53,3,1,3,1
KR_8349106255,200,LOSE,989001,16.48,0,3,3,4,19,2,4,0,0
KR_8347118210,100,LOSE,855686,14.26,3,6,1,3,15,0,1,3,1
KR_8347118210,200,WIN,855686,14.26,5,3,1,1,28,4,3,0,1
KR_8346161118,100,WIN,874433,14.57,2,1,1,2,49,3,1,3,1
KR_8346161118,200,LOSE,874433,14.57,1,2,0,2,15,3,3,0,0
KR_8346063817,100,WIN,853872,14.23,3,1,4,2,17,3,1,2,2
KR_8346063817,200,LOSE,853872,14.23,3,3,0,3,12,5,4,1,0
KR_8343083944,100,LOSE,885313,14.76,0,2,0,1,14,4,2,2,0
KR_8343083944,200,WIN,885313,14.76,1,0,1,0,17,4,1,1,2
KR_8341979729,100,WIN,1076735,17.95,4,3,0,3,66,9,1,1,1
KR_8341979729,200,LOSE,1076735,17.95,2,6,1,3,26,3,3,2,1
KR_8341741662,100,LOSE,764613,12.74,2,3,0,2,42,1,2,3,0
KR_8341741662,200,WIN,764613,12.74,4,0,0,1,9,5,0,0,1
KR_8341675387,100,LOSE,747648,12.46,2,4,2,2,13,3,2,0,0
KR_8341675387,200,WIN,747648,12.46,5,3,0,1,45,3,0,3,2
KR_8338645568,100,LOSE,828638,13.81,1,4,0,1,13,1,1,3,0
KR_8338645568,200,WIN,828638,13.81,4,1,1,0,15,2,2,0,1
KR_8337535069,100,LOSE,945602,15.76,2,5,0,1,18,4,3,3,0
KR_8337535069,200,WIN,945602,15.76,3,3,0,3,44,2,1,0,2
KR_8337457114,100,WIN,939398,15.66,3,4,1,2,17,4,1,3,1
KR_8337457114,200,LOSE,939398,15.66,3,3,2,5,16,10,0,0,1
KR_8337423336,100,WIN,928606,15.48,1,3,0,3,10,3,2,0,0
KR_8337423336,200,LOSE,928606,15.48,6,2,0,2,14,3,0,3,2
KR_8354437600,100,WIN,779197,12.99,3,1,1,1,12,5,0,1,0
KR_8354437600,200,LOSE,779197,12.99,1,2,0,2,43,2,3,2,0
KR_8353424341,100,LOSE,885579,14.76,3,2,0,2,15,4,3,0,1
KR_8353424341,200,WIN,885579,14.76,1,2,0,3,20,6,0,3,1
KR_8353326098,100,WIN,1049298,17.49,4,3,1,2,21,9,2,3,1
KR_8353326098,200,LOSE,1049298,17.49,2,4,1,4,20,5,5,0,0
KR_8352274175,100,LOSE,764637,12.74,3,3,2,3,7,3,2,3,0
KR_8352274175,200,WIN,764637,12.74,4,3,0,4,10,6,1,0,2
KR_8348957369,100,LOSE,723731,12.06,2,3,0,2,10,3,1,3,0
KR_8348957369,200,WIN,723731,12.06,2,1,1,3,10,3,1,0,1
KR_8348036329,100,LOSE,784890,13.08,4,1,5,4,10,3,3,1,0
KR_8348036329,200,WIN,784890,13.08,2,5,1,5,9,2,2,2,1
KR_8344447118,100,WIN,932436,15.54,5,4,3,2,58,1,4,1,1
KR_8344447118,200,LOSE,932436,15.54,2,5,3,4,13,9,1,2,1
KR_8344300040,100,LOSE,902777,15.05,3,4,3,7,11,2,6,0,0
KR_8344300040,200,WIN,902777,15.05,6,5,3,1,11,5,2,3,1
KR_8344189549,100,LOSE,771069,12.85,1,2,1,4,10,3,3,0,0
KR_8344189549,200,WIN,771069,12.85,4,0,0,3,7,5,1,3,2
KR_8355179374,100,WIN,830829,13.85,5,3,7,0,16,5,1,2,1
KR_8355179374,200,LOSE,830829,13.85,0,6,0,3,22,5,4,1,0
KR_8354119704,100,WIN,796500,13.28,1,2,0,2,12,2,5,0,0
KR_8354119704,200,LOSE,796500,13.28,0,2,4,2,13,5,3,3,1
KR_8349658884,100,WIN,945756,15.76,2,2,0,2,18,7,2,3,0
KR_8349658884,200,LOSE,945756,15.76,2,2,2,1,15,8,1,0,1
KR_8348539655,100,LOSE,980154,16.34,5,7,5,1,13,2,0,3,0
KR_8348539655,200,WIN,980154,16.34,4,5,2,4,11,1,1,0,2
KR_8347432922,100,LOSE,913423,15.22,1,4,0,4,49,7,1,3,0
KR_8347432922,200,WIN,913423,15.22,4,1,0,0,41,6,2,0,1
KR_8351392547,100,WIN,835840,13.93,2,1,8,0,13,5,1,3,1
KR_8351392547,200,LOSE,835840,13.93,0,3,0,5,6,1,4,0,0
KR_8351330946,100,WIN,1039131,17.32,4,2,1,4,47,1,3,2,1
KR_8351330946,200,LOSE,1039131,17.32,0,2,1,1,18,6,2,0,1
KR_8347495222,100,WIN,913655,15.23,3,4,0,3,16,3,1,3,0
KR_8347495222,200,LOSE,913655,15.23,3,4,4,0,22,3,1,0,2
KR_8347445945,100,LOSE,851429,14.19,2,2,2,4,46,0,3,2,0
KR_8347445945,200,WIN,851429,14.19,3,1,0,3,7,6,0,1,1
KR_8347384697,100,WIN,549600,9.16,2,1,1,2,5,2,1,3,0
KR_8347384697,200,LOSE,549600,9.16,0,3,0,3,3,2,1,0,0
KR_8347341610,100,LOSE,713716,11.9,1,1,0,1,8,2,1,0,0
KR_8347341610,200,WIN,713716,11.9,2,0,0,1,7,1,1,3,1
KR_8347302504,100,LOSE,702892,11.71,1,4,0,6,7,6,2,0,0
KR_8347302504,200,WIN,702892,11.71,7,2,4,2,13,1,2,3,2
KR_8346890322,100,LOSE,821340,13.69,0,6,1,6,7,3,2,3,0
KR_8346890322,200,WIN,821340,13.69,10,1,1,1,9,3,1,0,1
KR_8349890382,100,LOSE,880239,14.67,4,2,1,3,9,6,2,3,0
KR_8349890382,200,WIN,880239,14.67,4,2,0,4,17,5,2,0,1
KR_8349872070,100,WIN,725023,12.08,4,1,0,1,11,4,0,3,1
KR_8349872070,200,LOSE,725023,12.08,0,4,0,2,33,3,2,0,0
KR_8349824447,100,WIN,773108,12.89,2,0,0,1,10,1,1,0,0
KR_8349824447,200,LOSE,773108,12.89,0,3,0,1,32,2,0,3,1
KR_8349718982,100,LOSE,870225,14.5,2,7,1,4,24,3,9,0,0
KR_8349718982,200,WIN,870225,14.5,7,2,1,3,10,11,3,3,1
KR_8349680492,100,LOSE,693561,11.56,2,4,0,3,6,3,1,0,0
KR_8349680492,200,WIN,693561,11.56,6,3,0,1,7,3,2,3,2
KR_8349604332,100,LOSE,743738,12.4,2,1,0,4,9,1,0,2,0
KR_8349604332,200,WIN,743738,12.4,3,2,0,1,12,0,0,1,1
KR_8345760569,100,LOSE,761101,12.69,1,6,3,3,8,3,3,0,0
KR_8345760569,200,WIN,761101,12.69,6,4,0,3,8,6,0,3,2
KR_8355071433,100,LOSE,1053698,17.56,1,2,3,2,29,1,1,0,1
KR_8355071433,200,WIN,1053698,17.56,2,4,2,4,22,1,1,3,1
KR_8354437256,100,LOSE,880613,14.68,2,7,0,5,13,1,3,3,0
KR_8354437256,200,WIN,880613,14.68,6,1,6,2,48,5,0,0,1
KR_8354051368,100,LOSE,774991,12.92,5,2,0,0,13,3,1,2,0
KR_8354051368,200,WIN,774991,12.92,1,2,0,2,11,5,2,1,1
KR_8353996372,100,WIN,894793,14.91,3,1,2,1,15,0,3,0,0
KR_8353996372,200,LOSE,894793,14.91,3,2,2,1,55,2,1,3,1
KR_8353922904,100,LOSE,906917,15.12,2,5,3,5,15,2,2,0,2
KR_8353922904,200,WIN,906917,15.12,2,4,2,2,13,8,2,3,0
KR_8353691791,100,WIN,931554,15.53,0,1,2,3,52,1,1,2,1
KR_8353691791,200,LOSE,931554,15.53,1,2,2,1,19,1,3,1,1
KR_8352837783,100,LOSE,907088,15.12,1,1,0,0,13,1,0,3,0
KR_8352837783,200,WIN,907088,15.12,0,2,0,2,9,1,1,0,2
KR_8352794228,100,WIN,710373,11.84,6,2,0,2,16,4,1,1,0
KR_8352794228,200,LOSE,710373,11.84,1,5,1,5,11,3,0,2,0
KR_8352720388,100,LOSE,966141,16.1,3,3,4,3,15,1,3,2,0
KR_8352720388,200,WIN,966141,16.1,1,1,1,2,13,1,3,1,1
KR_8352654642,100,WIN,890499,14.84,1,2,1,3,14,3,1,3,1
KR_8352654642,200,LOSE,890499,14.84,2,0,2,2,9,3,4,0,1
KR_8352546382,100,WIN,770181,12.84,1,0,0,2,11,4,0,3,1
KR_8352546382,200,LOSE,770181,12.84,1,1,0,1,11,2,3,0,0
KR_8349438804,100,WIN,1031048,17.18,4,4,0,3,16,10,0,3,2
KR_8349438804,200,LOSE,1031048,17.18,5,2,0,5,17,6,2,0,0
KR_8349331960,100,WIN,866642,14.44,3,3,5,3,13,5,0,3,0
KR_8349331960,200,LOSE,866642,14.44,3,3,1,6,15,2,2,0,1
KR_8349272098,100,WIN,859088,14.32,0,3,5,2,19,1,4,0,1
KR_8349272098,200,LOSE,859088,14.32,4,5,1,2,51,5,2,3,0
KR_8347515639,100,LOSE,742821,12.38,2,4,0,4,7,2,2,2,0
KR_8347515639,200,WIN,742821,12.38,7,0,1,2,10,3,1,1,1
KR_8347487807,100,WIN,947197,15.79,2,3,0,3,13,8,2,2,0
KR_8347487807,200,LOSE,947197,15.79,6,2,1,3,22,2,1,1,2
KR_8355032870,100,LOSE,932122,15.54,1,3,1,6,9,3,5,1,0
KR_8355032870,200,WIN,932122,15.54,3,0,4,1,17,4,4,2,1
KR_8354130641,100,WIN,921452,15.36,2,2,0,2,15,6,2,0,0
KR_8354130641,200,LOSE,921452,15.36,3,2,0,3,15,4,4,3,2
KR_8354101680,100,LOSE,866971,14.45,2,2,0,3,13,2,4,1,1
KR_8354101680,200,WIN,866971,14.45,3,2,2,2,11,1,1,2,1
KR_8354067237,100,WIN,975324,16.26,2,2,1,4,27,3,4,3,0
KR_8354067237,200,LOSE,975324,16.26,4,3,0,3,61,5,3,0,2
KR_8354013848,100,LOSE,961053,16.02,2,1,0,2,18,6,3,3,0
KR_8354013848,200,WIN,961053,16.02,0,0,2,5,13,2,3,0,2
KR_8352810594,100,LOSE,932146,15.54,1,0,0,1,17,6,3,0,1
KR_8352810594,200,WIN,932146,15.54,2,1,0,3,16,4,3,3,1
KR_8351196091,100,LOSE,795849,13.26,1,5,1,2,7,3,0,3,0
KR_8351196091,200,WIN,795849,13.26,5,2,0,2,8,3,0,0,1
KR_8349638350,100,LOSE,770947,12.85,0,2,2,3,11,3,0,3,2
KR_8349638350,200,WIN,770947,12.85,2,0,1,3,12,3,1,0,0
KR_8348580915,100,WIN,839144,13.99,2,0,3,4,16,8,2,3,0
KR_8348580915,200,LOSE,839144,13.99,5,6,0,3,44,1,4,0,1
KR_8346234872,100,WIN,928913,15.48,4,5,1,3,12,2,1,3,1
KR_8346234872,200,LOSE,928913,15.48,2,1,1,5,18,3,3,0,1
KR_8345105327,100,LOSE,965925,16.1,5,1,2,3,44,2,3,3,0
KR_8345105327,200,WIN,965925,16.1,2,4,4,3,16,2,3,0,1
KR_8343483841,100,LOSE,777235,12.95,2,3,4,2,9,0,2,0,0
KR_8343483841,200,WIN,777235,12.95,3,2,5,3,8,3,2,3,0
KR_8341832607,100,LOSE,1037923,17.3,4,3,0,4,62,3,5,2,0
KR_8341832607,200,WIN,1037923,17.3,4,2,0,2,63,5,1,1,2
KR_8340257866,100,WIN,800182,13.34,4,2,1,3,16,3,4,0,1
KR_8340257866,200,LOSE,800182,13.34,0,1,1,4,13,7,2,3,1
KR_8339023557,100,LOSE,854975,14.25,1,4,1,2,15,2,3,3,0
KR_8339023557,200,WIN,854975,14.25,2,1,1,1,12,6,3,0,2
KR_8338266072,100,WIN,770077,12.83,3,0,1,1,5,5,3,3,1
KR_8338266072,200,LOSE,770077,12.83,1,2,0,2,8,0,3,0,0
KR_8354080458,100,WIN,737160,12.29,5,0,1,1,24,3,1,3,0
KR_8354080458,200,LOSE,737160,12.29,1,3,0,3,9,0,4,0,1
KR_8354024737,100,LOSE,881242,14.69,0,4,4,3,11,4,0,0,1
KR_8354024737,200,WIN,881242,14.69,2,3,0,4,12,6,0,3,0
KR_8349742695,100,LOSE,648728,10.81,0,4,1,3,2,6,0,0,1
KR_8349742695,200,WIN,648728,10.81,5,1,0,1,6,2,1,3,0
KR_8348575568,100,LOSE,893139,14.89,2,2,3,2,13,3,2,3,0
KR_8348575568,200,WIN,893139,14.89,2,3,0,3,13,2,3,0,1
KR_8347485274,100,LOSE,983016,16.38,1,1,2,4,53,4,3,0,1
KR_8347485274,200,WIN,983016,16.38,3,0,4,2,17,2,1,3,1
KR_8345296881,100,LOSE,863370,14.39,1,3,1,3,16,6,4,0,0
KR_8345296881,200,WIN,863370,14.39,4,2,0,4,38,6,2,3,1
KR_8345284092,100,WIN,963530,16.06,5,0,0,1,22,2,4,3,0
KR_8345284092,200,LOSE,963530,16.06,1,3,0,3,24,6,2,0,2
KR_8345251535,100,LOSE,852997,14.22,1,3,1,1,14,3,2,2,0
KR_8345251535,200,WIN,852997,14.22,1,1,1,2,17,5,0,1,2
KR_8343513446,100,LOSE,884854,14.75,1,2,0,6,51,3,1,3,1
KR_8343513446,200,WIN,884854,14.75,4,2,0,0,15,5,0,0,1
KR_8342914366,100,LOSE,862962,14.38,8,5,0,2,12,4,1,3,2
KR_8342914366,200,WIN,862962,14.38,4,5,1,6,13,3,2,0,0
KR_8351456433,100,WIN,862152,14.37,1,0,0,2,49,11,1,3,1
KR_8351456433,200,LOSE,862152,14.37,0,4,1,4,15,1,3,0,1
KR_8351424559,100,WIN,872751,14.55,1,1,0,1,18,3,0,2,0
KR_8351424559,200,LOSE,872751,14.55,2,2,1,0,50,0,2,1,2
KR_8351403253,100,WIN,829184,13.82,4,4,3,2,9,7,1,3,1
KR_8351403253,200,LOSE,829184,13.82,3,6,2,7,10,2,3,0,0
KR_8350369843,100,WIN,1147320,19.12,0,3,0,1,20,8,3,2,1
KR_8350369843,200,LOSE,1147320,19.12,3,1,1,2,25,3,7,1,2
KR_8349804117,100,WIN,745567,12.43,3,1,0,0,7,6,0,2,1
KR_8349804117,200,LOSE,745567,12.43,0,4,1,4,12,2,3,1,0
KR_8349758521,100,LOSE,713124,11.89,0,2,0,2,26,5,0,3,1
KR_8349758521,200,WIN,713124,11.89,2,0,0,2,13,4,0,0,1
KR_8348661008,100,WIN,653641,10.89,1,1,0,2,35,1,0,2,1
KR_8348661008,200,LOSE,653641,10.89,2,0,0,2,6,2,2,1,0
KR_8348641552,100,LOSE,861019,14.35,1,2,0,1,13,6,3,3,0
KR_8348641552,200,WIN,861019,14.35,3,0,1,1,11,3,2,0,0
KR_8348626829,100,LOSE,901741,15.03,0,4,0,5,13,4,0,0,0
KR_8348626829,200,WIN,901741,15.03,6,0,1,0,17,0,3,3,1
KR_8348510592,100,LOSE,976336,16.27,4,5,1,4,25,2,3,1,0
KR_8348510592,200,WIN,976336,16.27,2,2,6,1,60,3,3,2,2
KR_8348476366,100,WIN,679480,11.32,1,0,0,0,7,1,1,0,0
KR_8348476366,200,LOSE,679480,11.32,0,2,1,1,37,1,1,3,0
KR_8348412886,100,LOSE,1053352,17.56,2,1,0,2,20,3,2,0,1
KR_8348412886,200,WIN,1053352,17.56,3,1,0,2,70,1,2,3,2
KR_8347461508,100,LOSE,1014159,16.9,1,1,0,3,29,1,2,3,1
KR_8347461508,200,WIN,1014159,16.9,1,1,0,2,54,3,4,0,1
KR_8347424185,100,LOSE,986794,16.45,2,2,4,2,51,1,2,3,1
KR_8347424185,200,WIN,986794,16.45,1,3,1,1,26,4,4,0,1
KR_8342067980,100,LOSE,730563,12.18,1,4,2,2,12,4,1,0,0
KR_8342067980,200,WIN,730563,12.18,6,3,0,2,13,2,1,3,1
KR_8342043006,100,WIN,789791,13.16,1,3,6,2,11,4,2,3,0
KR_8342043006,200,LOSE,789791,13.16,1,2,4,4,13,3,3,0,0
KR_8341847440,100,WIN,805896,13.43,2,0,0,0,14,1,2,3,0
KR_8341847440,200,LOSE,805896,13.43,0,1,2,3,7,1,4,0,1
KR_8341655242,100,WIN,770651,12.84,5,0,0,2,34,6,1,0,1
KR_8341655242,200,LOSE,770651,12.84,1,3,3,3,8,3,4,3,0
KR_8340539047,100,WIN,706395,11.77,2,1,4,1,12,1,3,3,0
KR_8340539047,200,LOSE,706395,11.77,2,3,0,2,35,4,0,0,1
KR_8340465799,100,WIN,1029224,17.15,2,1,2,5,24,4,4,1,0
KR_8340465799,200,LOSE,1029224,17.15,1,2,4,0,25,6,2,2,2
KR_8340442123,100,LOSE,712758,11.88,5,7,0,8,8,1,1,0,0
KR_8340442123,200,WIN,712758,11.88,9,3,3,3,12,6,0,3,1
KR_8340378649,100,LOSE,765215,12.75,1,4,0,2,19,0,2,3,0
KR_8340378649,200,WIN,765215,12.75,3,0,2,1,43,3,1,0,1
KR_8340325984,100,LOSE,790650,13.18,3,5,1,1,9,1,1,1,0
KR_8340325984,200,WIN,790650,13.18,5,0,0,3,10,3,3,2,1
KR_8349902139,100,WIN,769747,12.83,3,3,1,4,14,0,3,3,0
KR_8349902139,200,LOSE,769747,12.83,5,4,3,0,9,2,1,0,1
KR_8349642919,100,LOSE,1102184,18.37,3,3,1,9,93,7,3,2,0
KR_8349642919,200,WIN,1102184,18.37,7,3,5,4,23,6,4,1,2
KR_8348599936,100,WIN,791945,13.2,7,1,0,3,9,0,2,1,0
KR_8348599936,200,LOSE,791945,13.2,1,2,0,6,12,3,1,2,2
KR_8348540618,100,LOSE,829005,13.82,1,4,3,4,14,1,1,2,0
KR_8348540618,200,WIN,829005,13.82,3,2,1,2,18,3,2,1,1
KR_8348467544,100,LOSE,880579,14.68,2,3,2,2,56,7,3,1,0
KR_8348467544,200,WIN,880579,14.68,3,3,1,3,11,3,4,2,1
KR_8342886704,100,WIN,793585,13.23,5,1,0,3,11,2,0,3,1
KR_8342886704,200,LOSE,793585,13.23,1,3,1,2,47,3,1,0,0
KR_8340949933,100,LOSE,880236,14.67,3,1,3,3,47,2,1,3,0
KR_8340949933,200,WIN,880236,14.67,2,2,0,3,42,3,2,0,1
KR_8340541466,100,LOSE,736024,12.27,2,3,3,3,7,4,1,3,2
KR_8340541466,200,WIN,736024,12.27,4,3,0,4,10,2,3,0,0
KR_8355217112,100,LOSE,937503,15.63,2,3,1,3,15,1,3,2,0
KR_8355217112,200,WIN,937503,15.63,2,2,1,3,19,6,1,1,2
KR_8355198029,100,LOSE,773819,12.9,0,4,2,4,13,5,2,3,1
KR_8355198029,200,WIN,773819,12.9,5,3,2,3,8,5,2,0,0
KR_8351283565,100,WIN,740829,12.35,2,3,3,1,37,1,2,3,0
KR_8351283565,200,LOSE,740829,12.35,2,4,2,0,11,3,2,0,0
KR_8351237396,100,WIN,882219,14.7,4,2,4,2,13,4,0,0,2
KR_8351237396,200,LOSE,882219,14.7,4,7,0,4,14,1,1,3,0
KR_8345884213,100,WIN,897604,14.96,5,3,0,1,17,2,1,3,1
KR_8345884213,200,LOSE,897604,14.96,0,3,1,3,11,2,3,0,1
KR_8345845376,100,WIN,799899,13.33,4,1,0,4,16,4,4,3,0
KR_8345845376,200,LOSE,799899,13.33,1,3,3,2,12,8,0,0,2
KR_8341987008,100,LOSE,1036063,17.27,6,3,4,5,12,4,3,0,0
KR_8341987008,200,WIN,1036063,17.27,2,4,2,5,16,4,1,3,2
KR_8341893488,100,WIN,966769,16.11,2,1,3,2,47,3,1,3,0
KR_8341893488,200,LOSE,966769,16.11,1,1,1,1,19,1,4,0,1
KR_8341849449,100,LOSE,1049929,17.5,5,4,2,7,64,2,5,0,0
KR_8341849449,200,WIN,1049929,17.5,5,4,3,1,25,4,4,3,1
KR_8340475076,100,LOSE,863796,14.4,0,3,2,6,14,2,3,1,1
KR_8340475076,200,WIN,863796,14.4,2,0,4,4,12,1,3,2,1
KR_8340431177,100,LOSE,865463,14.42,0,2,1,1,29,1,2,3,0
KR_8340431177,200,WIN,865463,14.42,3,0,1,1,14,1,1,0,2
KR_8340255188,100,LOSE,979368,16.32,3,1,0,3,53,5,0,0,2
KR_8340255188,200,WIN,979368,16.32,1,3,2,0,60,1,3,3,0
KR_8337955228,100,LOSE,1005167,16.75,0,2,0,1,72,6,1,3,1
KR_8337955228,200,WIN,1005167,16.75,2,0,0,3,59,3,4,0,1
KR_8355140824,100,LOSE,852279,14.2,0,4,0,7,13,5,3,2,0
KR_8355140824,200,WIN,852279,14.2,5,2,4,2,13,8,0,1,1
KR_8355035414,100,WIN,1019438,16.99,6,0,2,6,15,1,4,0,1
KR_8355035414,200,LOSE,1019438,16.99,4,2,2,3,19,2,2,3,1
KR_8352929454,100,LOSE,960805,16.01,3,5,1,4,14,2,1,3,0
KR_8352929454,200,WIN,960805,16.01,5,1,3,5,13,2,3,0,2
KR_8349908196,100,LOSE,957966,15.97,2,5,7,3,19,10,3,0,1
KR_8349908196,200,WIN,957966,15.97,7,5,0,8,17,4,2,3,0
KR_8348579031,100,WIN,602971,10.05,7,0,1,0,5,0,1,3,1
KR_8348579031,200,LOSE,602971,10.05,1,4,0,3,6,0,2,0,0
KR_8346286404,100,WIN,676661,11.28,3,1,3,3,43,3,0,2,1
KR_8346286404,200,LOSE,676661,11.28,3,5,0,5,10,4,1,1,0
KR_8346256109,100,LOSE,869574,14.49,2,1,0,1,39,4,0,2,0
KR_8346256109,200,WIN,869574,14.49,0,1,1,2,11,2,0,1,1
KR_8346189053,100,WIN,827286,13.79,2,0,0,0,18,5,1,2,2
KR_8346189053,200,LOSE,827286,13.79,0,2,1,2,17,1,2,1,0
KR_8343591251,100,LOSE,1032836,17.21,1,4,1,5,22,0,4,0,0
KR_8343591251,200,WIN,1032836,17.21,5,1,2,2,65,4,3,3,2
KR_8343533006,100,LOSE,618876,10.31,1,3,1,4,8,2,2,3,0
KR_8343533006,200,WIN,618876,10.31,5,2,3,2,9,0,3,0,0
KR_8353065679,100,WIN,888254,14.8,7,1,1,1,13,7,0,0,1
KR_8353065679,200,LOSE,888254,14.8,1,4,2,5,12,0,4,3,0
KR_8348642396,100,WIN,762406,12.71,9,1,0,0,41,6,1,0,1
KR_8348642396,200,LOSE,762406,12.71,1,4,0,3,10,1,3,3,1
KR_8347590170,100,WIN,910414,15.17,4,1,1,1,18,2,2,3,0
KR_8347590170,200,LOSE,910414,15.17,0,4,2,1,54,4,1,0,2
KR_8347574799,100,LOSE,864495,14.41,3,4,2,2,24,6,2,3,0
KR_8347574799,200,WIN,864495,14.41,2,4,2,2,19,4,3,0,1
KR_8347564577,100,WIN,868464,14.47,1,1,9,0,11,1,2,0,0
KR_8347564577,200,LOSE,868464,14.47,0,5,1,5,14,2,1,3,1
KR_8346543734,100,LOSE,957750,15.96,2,3,1,3,20,3,3,2,2
KR_8346543734,200,WIN,957750,15.96,1,3,4,3,14,3,5,1,0
KR_8346508721,100,LOSE,906937,15.12,3,3,2,2,17,1,0,3,0
KR_8346508721,200,WIN,906937,15.12,1,3,2,1,18,1,1,0,2
KR_8346471866,100,LOSE,1133518,18.89,3,6,3,8,22,4,3,3,1
KR_8346471866,200,WIN,1133518,18.89,8,4,0,2,25,9,3,0,1
KR_8346467348,100,LOSE,1025103,17.09,5,5,0,7,54,1,4,1,1
KR_8346467348,200,WIN,1025103,17.09,2,2,2,3,24,8,2,2,1
KR_8342166936,100,WIN,882151,14.7,3,2,0,5,12,3,4,3,0
KR_8342166936,200,LOSE,882151,14.7,6,2,1,2,7,5,0,0,2
KR_8341593941,100,LOSE,627519,10.46,0,4,0,0,3,0,3,0,0
KR_8341593941,200,WIN,627519,10.46,3,0,1,0,6,2,0,3,0
KR_8341515279,100,LOSE,777700,12.96,0,4,0,4,20,3,2,0,1
KR_8341515279,200,WIN,777700,12.96,5,1,2,0,34,2,2,3,1
KR_8341422869,100,LOSE,965977,16.1,3,2,0,3,51,3,1,1,1
KR_8341422869,200,WIN,965977,16.1,1,4,2,2,22,4,0,2,1
KR_8341364350,100,WIN,850408,14.17,3,4,2,3,18,3,1,3,0
KR_8341364350,200,LOSE,850408,14.17,2,5,2,1,51,4,2,0,1
KR_8341302626,100,LOSE,916735,15.28,3,2,0,2,17,2,3,3,0
KR_8341302626,200,WIN,916735,15.28,4,1,0,3,12,1,3,0,1
KR_8341246264,100,LOSE,1135168,18.92,6,0,0,6,62,2,5,0,2
KR_8341246264,200,WIN,1135168,18.92,2,2,4,3,17,5,5,3,0
KR_8340610199,100,LOSE,1063049,17.72,2,0,1,5,24,3,2,1,0
KR_8340610199,200,WIN,1063049,17.72,1,1,2,3,56,7,3,2,3
KR_8355214851,100,LOSE,859790,14.33,1,2,1,2,20,3,1,3,1
KR_8355214851,200,WIN,859790,14.33,0,1,3,2,18,2,2,0,1
KR_8353731430,100,WIN,960899,16.01,0,1,3,2,58,2,0,0,0
KR_8353731430,200,LOSE,960899,16.01,2,0,0,3,11,2,5,3,1
KR_8353640897,100,WIN,858697,14.31,2,2,0,5,11,4,3,0,1
KR_8353640897,200,LOSE,858697,14.31,3,1,3,1,22,5,2,3,1
KR_8353473149,100,LOSE,889536,14.83,12,3,1,8,13,7,4,0,1
KR_8353473149,200,WIN,889536,14.83,7,7,3,6,54,6,3,3,0
KR_8349601724,100,WIN,796783,13.28,5,0,2,1,8,4,3,0,0
KR_8349601724,200,LOSE,796783,13.28,0,4,0,4,12,2,1,3,1
KR_8349229382,100,LOSE,775006,12.92,2,4,3,4,11,3,4,3,0
KR_8349229382,200,WIN,775006,12.92,7,2,1,3,12,4,2,0,2
KR_8351465120,100,WIN,904790,15.08,2,5,7,3,14,11,1,2,1
KR_8351465120,200,LOSE,904790,15.08,4,6,1,6,14,1,3,1,0
KR_8351420264,100,LOSE,765062,12.75,0,4,2,2,10,1,2,0,0
KR_8351420264,200,WIN,765062,12.75,1,3,3,1,15,6,0,3,1
KR_8351380591,100,LOSE,876915,14.62,0,6,4,1,15,0,2,3,0
KR_8351380591,200,WIN,876915,14.62,5,2,2,2,13,3,3,0,1
KR_8351318911,100,WIN,793097,13.22,2,6,2,3,13,4,2,3,0
KR_8351318911,200,LOSE,793097,13.22,6,2,2,4,11,3,3,0,1
KR_8351290306,100,WIN,834742,13.91,5,2,1,3,42,1,2,0,1
KR_8351290306,200,LOSE,834742,13.91,5,3,1,2,49,1,0,3,1
KR_8351232618,100,LOSE,1062859,17.71,1,2,1,5,28,3,5,1,0
KR_8351232618,200,WIN,1062859,17.71,2,5,4,1,17,4,0,2,2
KR_8350386710,100,LOSE,676029,11.27,1,0,0,1,33,3,0,3,1
KR_8350386710,200,WIN,676029,11.27,1,0,0,1,7,0,2,0,0
KR_8349897979,100,WIN,873114,14.55,3,1,4,1,16,1,4,0,1
KR_8349897979,200,LOSE,873114,14.55,2,5,1,2,12,4,4,3,0
KR_8349873556,100,LOSE,957887,15.96,0,3,0,5,16,7,2,2,0
KR_8349873556,200,WIN,957887,15.96,4,2,0,1,15,0,3,1,1
KR_8349838449,100,LOSE,856921,14.28,0,3,0,7,9,3,4,3,0
KR_8349838449,200,WIN,856921,14.28,8,0,3,0,7,4,0,0,1
KR_8349323738,100,WIN,799037,13.32,6,2,1,5,7,7,0,3,1
KR_8349323738,200,LOSE,799037,13.32,3,5,1,5,49,4,3,0,0
KR_8349293371,100,WIN,785376,13.09,7,3,3,0,9,6,1,3,2
KR_8349293371,200,LOSE,785376,13.09,2,4,1,5,10,1,5,0,0
KR_8349170476,100,LOSE,802091,13.37,1,6,3,4,7,2,4,0,0
KR_8349170476,200,WIN,802091,13.37,7,3,0,4,8,7,1,3,2
KR_8349126608,100,WIN,1037892,17.3,2,3,5,2,19,1,2,2,2
KR_8349126608,200,LOSE,1037892,17.3,6,5,1,4,19,1,0,1,0
KR_8348926294,100,WIN,767918,12.8,3,1,6,4,9,3,4,0,0
KR_8348926294,200,LOSE,767918,12.8,2,6,0,2,11,6,3,3,1
KR_8354028411,100,LOSE,987214,16.45,4,5,2,5,20,4,5,0,0
KR_8354028411,200,WIN,987214,16.45,5,5,1,2,23,9,2,3,1
KR_8354009144,100,WIN,648181,10.8,3,1,6,1,8,2,0,3,1
KR_8354009144,200,LOSE,648181,10.8,2,6,1,3,10,0,1,0,0
KR_8353923492,100,LOSE,908947,15.15,4,5,0,6,12,8,5,1,0
KR_8353923492,200,WIN,908947,15.15,5,4,2,4,49,7,1,2,1
KR_8353867179,100,LOSE,877588,14.63,1,5,1,2,50,3,1,3,1
KR_8353867179,200,WIN,877588,14.63,4,3,2,1,11,3,2,0,1
KR_8355115742,100,WIN,976699,16.28,2,5,0,2,25,7,1,3,0
KR_8355115742,200,LOSE,976699,16.28,7,3,0,4,23,2,4,0,1
KR_8355161542,100,WIN,854667,14.24,2,2,4,3,17,6,2,3,1
KR_8355161542,200,LOSE,854667,14.24,2,4,0,2,14,0,4,0,0
KR_8355132358,100,WIN,868477,14.47,5,2,0,3,49,3,2,3,1
KR_8355132358,200,LOSE,868477,14.47,2,3,0,4,14,3,1,0,1
KR_8355038810,100,WIN,780801,13.01,4,2,3,1,45,6,0,1,2
KR_8355038810,200,LOSE,780801,13.01,2,5,0,4,13,0,3,2,0
KR_8354999554,100,LOSE,959663,15.99,1,6,0,0,14,4,0,2,0
KR_8354999554,200,WIN,959663,15.99,3,2,1,2,60,3,1,1,2
KR_8354752377,100,LOSE,1129951,18.83,2,3,1,3,31,4,4,2,0
KR_8354752377,200,WIN,1129951,18.83,1,1,0,2,19,6,5,1,2
KR_8354093586,100,LOSE,908015,15.13,0,4,3,2,50,6,1,1,0
KR_8354093586,200,WIN,908015,15.13,4,2,1,3,14,1,1,2,1
KR_8353991210,100,WIN,780218,13.0,5,3,2,6,42,2,4,0,0
KR_8353991210,200,LOSE,780218,13.0,0,5,6,3,14,4,3,3,2
KR_8353855200,100,LOSE,806829,13.45,2,3,0,5,12,3,0,3,0
KR_8353855200,200,WIN,806829,13.45,4,2,1,0,27,4,1,0,1
KR_8353784896,100,LOSE,876915,14.62,1,6,1,4,16,5,2,2,2
KR_8353784896,200,WIN,876915,14.62,6,0,1,3,14,2,2,1,0
KR_8353661796,100,LOSE,930455,15.51,1,0,9,7,14,3,2,3,1
KR_8353661796,200,WIN,930455,15.51,2,1,6,7,21,4,4,0,1
KR_8353481007,100,WIN,801873,13.36,3,3,9,2,5,3,2,3,1
KR_8353481007,200,LOSE,801873,13.36,0,5,3,5,38,3,3,0,1
KR_8353409322,100,LOSE,720035,12.0,2,3,2,2,8,2,1,0,1
KR_8353409322,200,WIN,720035,12.0,2,1,3,3,10,4,1,3,0
KR_8352394111,100,LOSE,802155,13.37,4,4,0,4,10,3,1,3,1
KR_8352394111,200,WIN,802155,13.37,4,2,1,3,5,2,2,0,0
KR_8350639200,100,LOSE,584263,9.74,0,2,0,0,5,3,0,3,0
KR_8350639200,200,WIN,584263,9.74,0,0,1,0,9,1,0,0,0
KR_8354306980,100,LOSE,729183,12.15,3,7,1,1,37,3,1,3,0
KR_8354306980,200,WIN,729183,12.15,3,1,6,2,11,1,1,0,2
KR_8349208543,100,WIN,872406,14.54,1,0,0,1,50,2,1,3,1
KR_8349208543,200,LOSE,872406,14.54,0,1,0,1,9,1,1,0,1
KR_8348824751,100,LOSE,824833,13.75,0,3,0,7,10,3,2,3,1
KR_8348824751,200,WIN,824833,13.75,6,2,3,1,10,4,0,0,0
KR_8348808078,100,LOSE,825052,13.75,4,9,1,2,18,1,2,3,1
KR_8348808078,200,WIN,825052,13.75,5,3,2,1,17,2,1,0,1
KR_8340398223,100,WIN,1009827,16.83,5,1,1,0,20,4,2,3,1
KR_8340398223,200,LOSE,1009827,16.83,0,1,0,3,19,4,4,0,1
KR_8340320400,100,WIN,1137602,18.96,1,5,1,1,28,9,2,1,0
KR_8340320400,200,LOSE,1137602,18.96,1,3,3,1,19,4,3,2,2
KR_8354580325,100,WIN,741097,12.35,6,1,3,2,10,1,0,3,0
KR_8354580325,200,LOSE,741097,12.35,0,6,1,2,10,2,1,0,1
KR_8354542857,100,WIN,872719,14.55,1,4,2,2,13,1,0,3,1
KR_8354542857,200,LOSE,872719,14.55,3,2,0,1,7,2,5,0,1
KR_8354524281,100,LOSE,696442,11.61,0,6,0,5,7,0,2,3,0
KR_8354524281,200,WIN,696442,11.61,8,0,3,0,10,3,1,0,1
KR_8354422240,100,WIN,854691,14.24,2,1,0,2,12,4,3,0,1
KR_8354422240,200,LOSE,854691,14.24,1,1,2,2,17,3,2,3,0
KR_8353941766,100,LOSE,822088,13.7,7,5,1,3,10,6,0,3,1
KR_8353941766,200,WIN,822088,13.7,2,5,0,6,14,4,4,0,0
KR_8352871524,100,WIN,801966,13.37,4,0,0,3,10,3,2,3,0
KR_8352871524,200,LOSE,801966,13.37,2,6,0,3,5,1,3,0,2
KR_8351994690,100,WIN,1102981,18.38,4,4,0,4,14,4,1,2,1
KR_8351994690,200,LOSE,1102981,18.38,5,3,1,5,19,3,3,1,2
KR_8351500246,100,WIN,758617,12.64,1,0,1,1,7,1,1,1,1
KR_8351500246,200,LOSE,758617,12.64,0,2,0,0,11,4,0,2,0
KR_8351358536,100,WIN,1291442,21.52,2,1,0,3,36,3,6,2,0
KR_8351358536,200,LOSE,1291442,21.52,3,2,1,1,28,3,1,1,2
KR_8350384222,100,LOSE,914189,15.24,1,4,1,2,14,3,2,1,1
KR_8350384222,200,WIN,914189,15.24,1,2,1,2,8,7,4,2,1
KR_8349737644,100,LOSE,889612,14.83,2,5,0,6,12,3,4,1,0
KR_8349737644,200,WIN,889612,14.83,4,2,3,2,14,10,0,2,1
KR_8349589008,100,WIN,803360,13.39,4,0,3,1,13,3,2,3,1
KR_8349589008,200,LOSE,803360,13.39,1,6,2,6,4,1,2,0,0
KR_8349302550,100,LOSE,917259,15.29,4,6,0,1,19,2,1,3,2
KR_8349302550,200,WIN,917259,15.29,6,3,2,5,17,1,2,0,0
KR_8352058734,100,WIN,789715,13.16,4,1,3,2,15,10,0,3,2
KR_8352058734,200,LOSE,789715,13.16,0,4,6,7,10,0,5,0,0
KR_8351666955,100,WIN,612269,10.2,1,0,3,1,7,2,2,2,1
KR_8351666955,200,LOSE,612269,10.2,0,4,0,2,8,2,3,1,0
KR_8351641853,100,LOSE,686524,11.44,1,0,0,2,6,3,2,1,1
KR_8351641853,200,WIN,686524,11.44,2,3,1,0,5,1,0,2,0
KR_8348160218,100,LOSE,776011,12.93,1,4,1,3,9,2,0,1,0
KR_8348160218,200,WIN,776011,12.93,3,2,2,1,45,1,0,2,1
KR_8347821297,100,WIN,933082,15.55,4,4,3,6,14,13,0,3,1
KR_8347821297,200,LOSE,933082,15.55,4,9,4,8,11,3,2,0,1
KR_8346303180,100,LOSE,774358,12.91,1,7,1,4,9,0,1,1,2
KR_8346303180,200,WIN,774358,12.91,6,1,2,1,14,6,0,2,0
KR_8343285066,100,WIN,981654,16.36,3,2,1,1,15,5,2,3,0
KR_8343285066,200,LOSE,981654,16.36,1,4,2,2,23,1,3,0,2
KR_8343083023,100,WIN,765101,12.75,4,2,0,4,10,5,3,1,0
KR_8343083023,200,LOSE,765101,12.75,1,2,1,4,10,2,2,2,1
KR_8342980815,100,LOSE,929750,15.5,6,6,1,4,11,3,0,3,0
KR_8342980815,200,WIN,929750,15.5,3,5,1,2,21,7,3,0,0
KR_8338853119,100,WIN,1007553,16.79,2,0,2,0,16,3,2,1,1
KR_8338853119,200,LOSE,1007553,16.79,0,1,0,6,18,0,2,2,0
KR_8338011051,100,WIN,819964,13.67,3,1,3,6,15,6,2,0,1
KR_8338011051,200,LOSE,819964,13.67,1,5,3,4,11,7,1,3,0
KR_8355193875,100,LOSE,972442,16.21,2,4,0,3,17,5,3,2,0
KR_8355193875,200,WIN,972442,16.21,2,1,1,4,25,7,4,1,1
KR_8355166804,100,LOSE,895418,14.92,2,5,1,4,14,2,4,0,1
KR_8355166804,200,WIN,895418,14.92,3,4,0,1,17,5,2,3,0
KR_8353958082,100,WIN,785848,13.1,5,2,1,2,14,3,1,3,1
KR_8353958082,200,LOSE,785848,13.1,0,4,1,1,47,2,3,0,1
KR_8352916340,100,LOSE,828283,13.8,1,3,0,2,45,8,0,3,1
KR_8352916340,200,WIN,828283,13.8,5,0,0,1,16,2,4,0,1
KR_8351463582,100,WIN,795328,13.26,5,1,2,0,14,4,0,2,1
KR_8351463582,200,LOSE,795328,13.26,1,4,0,4,13,1,1,1,1
KR_8349767265,100,WIN,1010606,16.84,3,2,4,3,54,5,4,3,0
KR_8349767265,200,LOSE,1010606,16.84,0,5,0,3,24,5,2,0,0
KR_8349585381,100,WIN,985112,16.42,4,5,2,2,33,7,3,3,0
KR_8349585381,200,LOSE,985112,16.42,5,4,0,6,22,6,1,0,1
KR_8349525976,100,LOSE,795996,13.27,4,5,0,3,19,2,2,0,0
KR_8349525976,200,WIN,795996,13.27,5,3,0,2,12,4,0,3,2
KR_8349469698,100,LOSE,629198,10.49,1,2,0,1,7,2,1,3,1
KR_8349469698,200,WIN,629198,10.49,0,1,0,1,8,1,2,0,0
KR_8349018280,100,WIN,853766,14.23,2,2,0,4,12,6,3,0,0
KR_8349018280,200,LOSE,853766,14.23,4,2,1,2,10,4,3,3,1
KR_8347505604,100,LOSE,774272,12.9,2,7,2,3,8,0,7,0,1
KR_8347505604,200,WIN,774272,12.9,9,1,5,3,8,6,2,3,0
KR_8354562008,100,WIN,1003037,16.72,1,3,0,2,21,3,1,3,0
KR_8354562008,200,LOSE,1003037,16.72,3,3,1,1,18,3,1,0,1
KR_8354497950,100,LOSE,737293,12.29,0,2,1,1,13,2,0,3,0
KR_8354497950,200,WIN,737293,12.29,1,1,0,0,12,2,0,0,1
KR_8354450881,100,LOSE,992098,16.53,2,3,0,0,26,0,5,0,0
KR_8354450881,200,WIN,992098,16.53,2,1,2,1,65,6,1,3,2
KR_8354319586,100,LOSE,1031832,17.2,4,1,1,1,24,2,2,0,0
KR_8354319586,200,WIN,1031832,17.2,1,2,1,1,26,6,4,3,2
KR_8339089435,100,LOSE,907054,15.12,0,2,1,1,13,1,3,3,0
KR_8339089435,200,WIN,907054,15.12,1,0,1,1,59,3,4,0,1
KR_8339047537,100,WIN,779089,12.98,4,2,2,1,12,4,2,2,0
KR_8339047537,200,LOSE,779089,12.98,2,5,0,3,12,3,2,1,1
KR_8338982567,100,WIN,1004088,16.73,0,1,0,5,18,4,4,3,0
KR_8338982567,200,LOSE,1004088,16.73,0,1,7,0,23,8,2,0,2
KR_8348364080,100,LOSE,803692,13.39,1,3,4,3,18,4,2,3,2
KR_8348364080,200,WIN,803692,13.39,3,3,1,3,11,3,3,0,0
KR_8348250207,100,LOSE,832714,13.88,0,4,1,3,10,3,0,0,0
KR_8348250207,200,WIN,832714,13.88,6,1,1,2,16,0,1,3,2
KR_8347359635,100,LOSE,913647,15.23,4,2,0,8,13,3,6,1,0
KR_8347359635,200,WIN,913647,15.23,9,2,0,4,53,4,1,2,2
KR_8347300704,100,LOSE,771501,12.86,0,5,1,2,43,3,3,2,0
KR_8347300704,200,WIN,771501,12.86,6,1,2,1,14,2,1,1,1
KR_8347250225,100,LOSE,909032,15.15,11,5,2,5,12,2,2,0,0
KR_8347250225,200,WIN,909032,15.15,6,7,1,4,17,8,1,3,2
KR_8347182205,100,LOSE,734343,12.24,4,4,0,4,7,0,3,0,0
KR_8347182205,200,WIN,734343,12.24,3,2,2,3,12,4,1,3,1
KR_8346018893,100,LOSE,879695,14.66,2,2,1,4,56,6,5,0,0
KR_8346018893,200,WIN,879695,14.66,0,3,3,4,13,6,0,3,2
KR_8345905511,100,LOSE,857964,14.3,3,1,0,0,9,0,1,0,0
KR_8345905511,200,WIN,857964,14.3,2,2,0,1,11,4,0,3,2
KR_8343219917,100,WIN,806223,13.44,3,2,2,2,13,3,1,0,0
KR_8343219917,200,LOSE,806223,13.44,1,2,0,3,7,5,1,3,1
KR_8343172810,100,WIN,673948,11.23,8,0,0,2,12,2,2,3,1
KR_8343172810,200,LOSE,673948,11.23,1,3,2,4,8,2,2,0,0
KR_8343144147,100,LOSE,866577,14.44,1,2,2,5,17,1,1,1,1
KR_8343144147,200,WIN,866577,14.44,3,0,1,3,13,4,0,2,1
KR_8337848077,100,LOSE,733128,12.22,0,2,1,2,43,0,2,0,1
KR_8337848077,200,WIN,733128,12.22,1,0,1,1,10,1,0,3,0
KR_8337779463,100,WIN,1028110,17.14,4,2,0,2,21,7,0,2,0
KR_8337779463,200,LOSE,1028110,17.14,2,5,1,4,40,2,5,1,2
KR_8337700740,100,LOSE,857348,14.29,3,0,0,1,15,2,2,0,0
KR_8337700740,200,WIN,857348,14.29,0,2,0,1,14,1,0,3,2
KR_8354356997,100,LOSE,1036543,17.28,3,3,1,4,61,5,4,2,0
KR_8354356997,200,WIN,1036543,17.28,4,2,1,2,25,2,3,1,2
KR_8345281732,100,LOSE,773955,12.9,3,1,0,1,7,2,1,3,1
KR_8345281732,200,WIN,773955,12.9,1,1,2,2,10,2,1,0,1
KR_8345216155,100,WIN,878370,14.64,1,4,0,1,15,2,3,0,0
KR_8345216155,200,LOSE,878370,14.64,6,1,0,3,18,2,0,3,2
KR_8345157044,100,LOSE,894481,14.91,3,2,7,2,18,4,2,3,0
KR_8345157044,200,WIN,894481,14.91,3,5,2,7,13,2,2,0,2
KR_8345111623,100,LOSE,678909,11.32,3,4,0,4,19,3,1,1,0
KR_8345111623,200,WIN,678909,11.32,2,2,2,2,35,1,2,2,1
KR_8345048469,100,WIN,819678,13.66,4,1,1,1,11,3,2,3,0
KR_8345048469,200,LOSE,819678,13.66,1,4,1,1,13,2,4,0,1
KR_8344957462,100,LOSE,758995,12.65,1,1,0,2,25,0,3,0,0
KR_8344957462,200,WIN,758995,12.65,3,0,1,1,10,3,1,3,2
KR_8344855698,100,WIN,778884,12.98,4,2,1,2,18,4,2,0,2
KR_8344855698,200,LOSE,778884,12.98,2,2,2,4,12,2,3,3,0
KR_8343163033,100,LOSE,834210,13.9,2,3,1,4,13,6,2,1,0
KR_8343163033,200,WIN,834210,13.9,4,1,0,3,14,3,4,2,1
KR_8341393271,100,LOSE,711138,11.85,2,2,1,3,9,3,2,2,0
KR_8341393271,200,WIN,711138,11.85,3,1,0,2,10,8,3,1,1
KR_8354462962,100,LOSE,934708,15.58,2,2,0,4,19,2,2,3,0
KR_8354462962,200,WIN,934708,15.58,2,1,1,1,21,3,2,0,2
KR_8353422055,100,LOSE,613973,10.23,1,4,3,3,7,1,4,0,0
KR_8353422055,200,WIN,613973,10.23,3,2,0,3,8,7,1,0,1
KR_8352113705,100,WIN,877612,14.63,1,3,0,2,49,7,0,3,1
KR_8352113705,200,LOSE,877612,14.63,2,1,2,4,13,3,4,0,1
KR_8347926044,100,WIN,797083,13.28,6,1,1,4,16,6,0,3,2
KR_8347926044,200,LOSE,797083,13.28,1,6,3,5,10,4,2,0,0
KR_8346181544,100,WIN,674156,11.24,6,1,2,1,11,0,1,3,0
KR_8346181544,200,LOSE,674156,11.24,1,5,0,3,6,3,2,0,1
KR_8345922213,100,LOSE,838118,13.97,4,3,0,4,12,5,3,3,0
KR_8345922213,200,WIN,838118,13.97,5,1,1,4,15,2,3,0,1
KR_8345764678,100,LOSE,947553,15.79,2,2,1,3,17,3,2,2,1
KR_8345764678,200,WIN,947553,15.79,3,4,0,1,16,4,2,1,1
KR_8341190754,100,WIN,1038238,17.3,3,2,0,1,13,0,1,3,1
KR_8341190754,200,LOSE,1038238,17.3,1,3,1,0,22,3,1,0,1
KR_8341153418,100,LOSE,959237,15.99,0,4,2,2,53,0,1,3,0
KR_8341153418,200,WIN,959237,15.99,4,2,1,2,9,4,0,0,1
KR_8341051695,100,LOSE,911665,15.19,6,5,2,4,40,1,5,0,0
KR_8341051695,200,WIN,911665,15.19,6,5,0,3,14,3,2,3,1
KR_8339524991,100,WIN,770673,12.84,4,0,0,1,24,1,3,3,1
KR_8339524991,200,LOSE,770673,12.84,1,4,2,3,39,2,3,0,1
KR_8339484672,100,WIN,656411,10.94,2,0,2,0,8,5,1,2,1
KR_8339484672,200,LOSE,656411,10.94,0,2,0,4,5,0,1,1,0
KR_8338598219,100,LOSE,861608,14.36,1,5,0,2,16,1,5,0,0
KR_8338598219,200,WIN,861608,14.36,3,0,1,2,40,0,1,3,2
KR_8337136927,100,WIN,897800,14.96,3,2,1,1,11,1,0,3,1
KR_8337136927,200,LOSE,897800,14.96,3,3,0,1,11,2,1,0,1
KR_8346404834,100,LOSE,801546,13.36,0,4,0,1,10,0,2,2,0
KR_8346404834,200,WIN,801546,13.36,3,0,2,0,44,2,3,1,1
KR_8346367962,100,WIN,744891,12.41,5,3,2,4,32,1,1,0,1
KR_8346367962,200,LOSE,744891,12.41,2,6,2,2,10,4,2,3,0
KR_8346353134,100,WIN,1078722,17.98,2,0,1,0,21,7,1,3,1
KR_8346353134,200,LOSE,1078722,17.98,0,3,0,3,24,3,2,0,0
KR_8354684569,100,WIN,1104430,18.41,3,1,1,1,20,5,1,3,2
KR_8354684569,200,LOSE,1104430,18.41,0,2,0,2,28,4,3,0,0
KR_8354358288,100,LOSE,812953,13.55,0,2,2,5,54,3,2,0,1
KR_8354358288,200,WIN,812953,13.55,3,1,4,3,10,0,1,3,1
KR_8354321654,100,LOSE,807971,13.47,3,3,2,1,7,3,3,0,0
KR_8354321654,200,WIN,807971,13.47,4,3,1,3,11,4,2,3,2
KR_8354298800,100,LOSE,1016272,16.94,1,4,1,6,16,4,6,0,2
KR_8354298800,200,WIN,1016272,16.94,3,1,3,2,20,4,1,3,0
KR_8353640065,100,WIN,876853,14.61,7,2,0,2,16,1,1,3,1
KR_8353640065,200,LOSE,876853,14.61,2,5,1,2,51,2,1,0,1
KR_8353571813,100,LOSE,892737,14.88,2,4,1,2,11,5,1,3,0
KR_8353571813,200,WIN,892737,14.88,3,3,0,2,17,3,2,0,1
KR_8350905229,100,LOSE,742247,12.37,0,2,0,2,7,0,2,0,1
KR_8350905229,200,WIN,742247,12.37,1,1,0,0,13,7,0,3,0
KR_8354892887,100,WIN,699067,11.65,5,1,1,0,20,2,0,2,1
KR_8354892887,200,LOSE,699067,11.65,1,4,0,1,7,1,2,1,0
KR_8354822200,100,LOSE,850360,14.17,2,4,3,3,10,2,3,1,1
KR_8354822200,200,WIN,850360,14.17,5,3,2,2,16,2,2,2,0
KR_8354781261,100,WIN,888450,14.81,8,4,1,2,20,12,2,3,0
KR_8354781261,200,LOSE,888450,14.81,5,6,2,5,13,0,5,0,0
KR_8355217602,100,LOSE,756233,12.6,0,3,1,1,12,7,1,3,0
KR_8355217602,200,WIN,756233,12.6,1,1,2,2,13,1,3,0,1
KR_8354413605,100,WIN,804354,13.41,2,2,0,1,36,4,0,0,1
KR_8354413605,200,LOSE,804354,13.41,2,4,1,2,8,5,1,3,0
KR_8352802534,100,LOSE,616298,10.27,1,3,0,2,4,2,2,2,0
KR_8352802534,200,WIN,616298,10.27,5,0,0,2,6,1,2,1,0
KR_8348969553,100,WIN,823625,13.73,6,3,0,1,46,11,2,3,1
KR_8348969553,200,LOSE,823625,13.73,1,6,6,4,11,1,7,0,0
KR_8348919216,100,WIN,699450,11.66,4,0,2,2,9,1,0,3,1
KR_8348919216,200,LOSE,699450,11.66,1,3,0,2,8,2,1,0,0
KR_8343772676,100,LOSE,907288,15.12,1,3,2,3,12,5,0,2,0
KR_8343772676,200,WIN,907288,15.12,2,1,0,0,18,4,3,1,2
KR_8342679417,100,WIN,1013078,16.88,2,2,2,3,64,2,2,3,1
KR_8342679417,200,LOSE,1013078,16.88,6,1,2,3,18,1,6,0,0
KR_8342580945,100,WIN,772717,12.88,3,2,1,0,41,4,2,2,0
KR_8342580945,200,LOSE,772717,12.88,4,4,0,1,5,1,4,1,0
KR_8342545399,100,WIN,882525,14.71,8,1,1,2,11,3,4,1,0
KR_8342545399,200,LOSE,882525,14.71,3,4,1,4,11,0,3,2,1
KR_8342484786,100,WIN,826755,13.78,0,2,3,4,27,1,0,3,0
KR_8342484786,200,LOSE,826755,13.78,2,1,0,1,11,5,2,0,1
KR_8339558021,100,LOSE,769179,12.82,2,3,0,1,30,2,3,3,0
KR_8339558021,200,WIN,769179,12.82,0,2,3,0,5,5,1,0,1
KR_8338322136,100,WIN,951046,15.85,4,3,2,3,21,5,2,0,0
KR_8338322136,200,LOSE,951046,15.85,4,5,0,6,59,7,2,3,0
KR_8354458176,100,WIN,849910,14.17,7,1,1,3,10,10,1,3,1
KR_8354458176,200,LOSE,849910,14.17,3,6,1,4,11,1,7,0,0
KR_8354427532,100,WIN,907870,15.13,3,1,0,0,18,7,0,3,0
KR_8354427532,200,LOSE,907870,15.13,0,1,0,5,50,1,5,0,0
KR_8354394512,100,WIN,1039077,17.32,3,4,1,2,24,1,4,0,0
KR_8354394512,200,LOSE,1039077,17.32,1,2,0,2,22,7,0,3,2
KR_8354343419,100,WIN,707158,11.79,1,0,1,0,9,2,0,2,1
KR_8354343419,200,LOSE,707158,11.79,0,2,0,1,10,1,2,1,0
KR_8354081368,100,LOSE,845890,14.1,4,2,1,5,11,1,0,3,0
KR_8354081368,200,WIN,845890,14.1,5,2,0,2,11,2,1,0,1
KR_8354006199,100,LOSE,861272,14.35,4,4,3,4,11,2,1,1,0
KR_8354006199,200,WIN,861272,14.35,4,4,2,2,52,4,1,2,2
KR_8355241756,100,WIN,821038,13.68,8,5,1,4,11,5,0,3,2
KR_8355241756,200,LOSE,821038,13.68,8,5,0,6,10,2,1,0,0
KR_8355232554,100,LOSE,939301,15.66,3,2,2,4,17,5,3,3,0
KR_8355232554,200,WIN,939301,15.66,1,5,2,2,20,5,2,0,2
KR_8354194680,100,LOSE,908541,15.14,0,4,5,6,15,1,4,2,1
KR_8354194680,200,WIN,908541,15.14,10,2,0,1,16,4,2,1,1
KR_8354177924,100,LOSE,1010585,16.84,2,1,2,4,58,3,4,3,0
KR_8354177924,200,WIN,1010585,16.84,2,2,0,1,18,4,1,0,2
KR_8354176455,100,WIN,935636,15.59,4,1,2,3,18,1,2,0,2
KR_8354176455,200,LOSE,935636,15.59,1,2,1,3,14,8,2,3,0
KR_8354175066,100,LOSE,953509,15.89,2,7,5,5,19,4,3,3,0
KR_8354175066,200,WIN,953509,15.89,7,5,2,5,22,4,8,0,0
KR_8354144280,100,WIN,822769,13.71,5,1,3,1,12,5,3,3,1
KR_8354144280,200,LOSE,822769,13.71,0,3,4,8,12,3,2,0,1
KR_8354121223,100,WIN,848915,14.15,5,1,1,2,30,3,1,3,1
KR_8354121223,200,LOSE,848915,14.15,3,3,0,4,10,3,3,0,0
KR_8345157429,100,LOSE,760640,12.68,7,7,1,4,23,1,1,0,0
KR_8345157429,200,WIN,760640,12.68,6,4,5,2,9,2,1,3,2
KR_8344988854,100,WIN,702957,11.72,2,0,0,0,11,2,0,0,0
KR_8344988854,200,LOSE,702957,11.72,0,1,0,1,10,1,1,3,1
KR_8344879611,100,LOSE,940912,15.68,3,2,1,3,17,3,2,3,0
KR_8344879611,200,WIN,940912,15.68,2,2,2,3,51,4,2,0,2
KR_8344740086,100,LOSE,791696,13.19,4,4,1,4,13,3,2,0,1
KR_8344740086,200,WIN,791696,13.19,4,2,0,3,11,4,2,3,1
KR_8344662789,100,WIN,824380,13.74,5,1,1,1,44,0,3,3,0
KR_8344662789,200,LOSE,824380,13.74,2,3,0,0,43,3,4,0,1
KR_8344399913,100,LOSE,789645,13.16,2,2,0,4,59,1,1,2,0
KR_8344399913,200,WIN,789645,13.16,4,4,2,2,10,3,2,1,1
KR_8344290194,100,LOSE,956958,15.95,1,4,0,2,17,2,5,3,0
KR_8344290194,200,WIN,956958,15.95,4,0,1,0,16,6,1,0,0
KR_8344219977,100,WIN,792780,13.21,2,0,1,2,13,1,2,3,2
KR_8344219977,200,LOSE,792780,13.21,1,3,0,1,12,1,5,0,0
KR_8343815430,100,LOSE,854783,14.25,0,2,0,3,13,1,3,0,0
KR_8343815430,200,WIN,854783,14.25,2,0,2,0,13,7,1,3,0
KR_8353398164,100,LOSE,867587,14.46,2,2,1,2,11,3,3,1,1
KR_8353398164,200,WIN,867587,14.46,0,2,0,3,10,8,0,2,1
KR_8349796653,100,LOSE,967394,16.12,2,2,3,3,44,2,1,3,0
KR_8349796653,200,WIN,967394,16.12,2,5,4,2,16,4,3,0,1
KR_8349637918,100,WIN,821524,13.69,9,5,1,2,15,3,4,1,0
KR_8349637918,200,LOSE,821524,13.69,2,9,3,5,13,6,1,2,1
KR_8349466504,100,LOSE,798128,13.3,2,5,0,5,12,7,3,0,1
KR_8349466504,200,WIN,798128,13.3,6,4,0,3,28,9,2,3,1
KR_8349405904,100,LOSE,609152,10.15,1,5,0,4,4,3,3,0,0
KR_8349405904,200,WIN,609152,10.15,12,1,1,1,5,3,2,3,0
KR_8349347742,100,LOSE,956452,15.94,0,1,0,2,57,3,2,3,1
KR_8349347742,200,WIN,956452,15.94,1,0,1,2,17,3,3,0,1
KR_8348520326,100,LOSE,885328,14.76,4,4,2,4,12,2,4,0,0
KR_8348520326,200,WIN,885328,14.76,1,2,4,4,16,7,2,3,1
KR_8348239761,100,WIN,762201,12.7,5,4,0,4,9,0,4,0,1
KR_8348239761,200,LOSE,762201,12.7,6,2,2,2,11,6,1,3,0
KR_8348003032,100,LOSE,772793,12.88,1,4,2,2,5,0,2,2,1
KR_8348003032,200,WIN,772793,12.88,2,3,1,1,12,5,1,1,1
KR_8340509006,100,LOSE,969231,16.15,1,1,0,5,13,1,3,3,1
KR_8340509006,200,WIN,969231,16.15,2,2,0,2,16,6,0,0,1
KR_8353628007,100,LOSE,794003,13.23,1,4,2,4,11,4,3,2,0
KR_8353628007,200,WIN,794003,13.23,2,1,6,3,11,3,2,1,1
KR_8353557048,100,WIN,889040,14.82,7,1,1,2,21,3,1,3,1
KR_8353557048,200,LOSE,889040,14.82,2,2,0,7,18,3,2,0,1
KR_8353510434,100,WIN,910080,15.17,10,1,1,3,19,7,2,1,2
KR_8353510434,200,LOSE,910080,15.17,4,6,0,5,11,3,7,2,0
KR_8353451736,100,LOSE,826530,13.78,0,2,0,4,14,1,3,0,1
KR_8353451736,200,WIN,826530,13.78,3,0,2,0,44,5,1,3,1
KR_8348341424,100,WIN,832398,13.87,1,3,0,5,13,7,3,3,2
KR_8348341424,200,LOSE,832398,13.87,2,3,3,1,51,5,4,0,0
KR_8348283159,100,LOSE,824708,13.75,4,3,0,7,42,1,1,3,0
KR_8348283159,200,WIN,824708,13.75,3,1,1,1,9,3,2,0,1
KR_8347344227,100,LOSE,1042547,17.38,0,2,1,2,19,4,2,1,0
KR_8347344227,200,WIN,1042547,17.38,3,1,1,1,62,2,3,2,1
KR_8345058525,100,WIN,878667,14.64,6,4,5,2,8,10,0,3,1
KR_8345058525,200,LOSE,878667,14.64,3,6,2,7,10,3,5,0,1
KR_8337552711,100,LOSE,684359,11.41,3,4,0,4,8,0,2,3,0
KR_8337552711,200,WIN,684359,11.41,4,3,2,0,10,2,1,0,1
KR_8337485416,100,LOSE,896934,14.95,0,3,1,6,10,5,2,2,0
KR_8337485416,200,WIN,896934,14.95,9,1,0,2,6,2,3,1,1
KR_8355094312,100,LOSE,738797,12.31,2,3,0,2,40,3,1,3,0
KR_8355094312,200,WIN,738797,12.31,3,2,2,2,12,0,2,0,1
KR_8350287482,100,WIN,781938,13.03,1,1,1,1,14,2,1,0,0
KR_8350287482,200,LOSE,781938,13.03,0,1,0,1,44,3,0,3,1
KR_8350241748,100,WIN,1102826,18.38,5,4,0,5,26,3,3,1,0
KR_8350241748,200,LOSE,1102826,18.38,6,3,0,3,35,3,2,2,1
KR_8348855994,100,LOSE,739082,12.32,3,4,1,2,6,1,0,1,0
KR_8348855994,200,WIN,739082,12.32,3,1,2,2,41,1,3,2,2
KR_8348836512,100,WIN,796940,13.28,4,2,3,0,28,3,0,0,1
KR_8348836512,200,LOSE,796940,13.28,1,3,0,4,12,3,2,3,1
KR_8345522499,100,LOSE,986971,16.45,8,0,1,4,23,5,4,3,0
KR_8345522499,200,WIN,986971,16.45,4,4,0,5,21,4,2,0,2
KR_8345214695,100,WIN,849201,14.15,4,6,1,5,50,4,2,1,0
KR_8345214695,200,LOSE,849201,14.15,3,5,3,4,12,7,0,2,0
KR_8344439008,100,LOSE,1081737,18.03,2,5,0,2,26,2,3,2,1
KR_8344439008,200,WIN,1081737,18.03,4,2,2,3,26,3,0,1,2
KR_8344180604,100,LOSE,1106972,18.45,4,7,5,5,26,4,2,3,1
KR_8344180604,200,WIN,1106972,18.45,4,6,3,3,54,6,1,0,1
KR_8344147235,100,LOSE,855454,14.26,3,5,0,6,17,2,3,0,1
KR_8344147235,200,WIN,855454,14.26,3,2,2,3,16,8,0,3,0
KR_8344069913,100,LOSE,800214,13.34,0,1,1,2,17,2,2,3,2
KR_8344069913,200,WIN,800214,13.34,2,0,0,2,18,1,2,0,0
KR_8341799385,100,WIN,1025925,17.1,2,0,6,4,17,2,2,3,0
KR_8341799385,200,LOSE,1025925,17.1,2,0,6,2,20,3,5,0,2
KR_8341716520,100,LOSE,1029847,17.16,2,5,2,2,21,1,1,1,0
KR_8341716520,200,WIN,1029847,17.16,1,3,1,1,21,5,1,2,2
KR_8341541922,100,LOSE,940307,15.67,8,2,0,2,17,4,2,3,0
KR_8341541922,200,WIN,940307,15.67,4,5,1,4,20,5,1,0,1
KR_8340883185,100,LOSE,745836,12.43,3,2,0,1,8,1,4,0,0
KR_8340883185,200,WIN,745836,12.43,3,2,1,1,12,4,2,3,1
KR_8338352590,100,WIN,788556,13.14,2,3,0,3,8,4,1,3,0
KR_8338352590,200,LOSE,788556,13.14,3,2,1,1,5,2,4,0,1
KR_8337876171,100,WIN,712186,11.87,1,1,0,4,10,1,3,1,0
KR_8337876171,200,LOSE,712186,11.87,2,2,0,1,7,3,2,2,1
KR_8337809827,100,LOSE,759354,12.66,2,4,1,5,9,2,3,3,0
KR_8337809827,200,WIN,759354,12.66,6,3,1,2,16,6,0,0,1
KR_8337738231,100,LOSE,967286,16.12,0,4,1,1,17,4,0,2,1
KR_8337738231,200,WIN,967286,16.12,3,1,1,3,16,2,1,1,1
KR_8354914778,100,WIN,643242,10.72,1,0,0,0,5,0,0,3,1
KR_8354914778,200,LOSE,643242,10.72,0,1,1,0,4,1,0,0,0
KR_8354247402,100,LOSE,797342,13.29,0,2,3,2,10,1,2,2,0
KR_8354247402,200,WIN,797342,13.29,1,3,2,1,13,0,2,1,1
KR_8350457955,100,WIN,815828,13.6,2,1,3,6,11,3,3,2,1
KR_8350457955,200,LOSE,815828,13.6,2,3,0,3,13,7,3,1,0
KR_8345674094,100,WIN,849828,14.16,1,2,0,0,9,9,0,2,0
KR_8345674094,200,LOSE,849828,14.16,1,2,1,4,13,1,4,1,2
KR_8351535815,100,LOSE,1044655,17.41,2,5,3,6,18,2,7,0,0
KR_8351535815,200,WIN,1044655,17.41,3,2,2,1,64,10,3,3,0
KR_8349934705,100,WIN,857275,14.29,2,0,2,0,13,5,2,3,2
KR_8349934705,200,LOSE,857275,14.29,1,2,0,2,7,2,3,0,0
KR_8349907808,100,WIN,1114525,18.58,0,1,1,4,27,5,3,3,0
KR_8349907808,200,LOSE,1114525,18.58,2,0,1,0,26,2,3,0,2
KR_8349888859,100,WIN,863195,14.39,1,2,1,1,11,4,2,0,1
KR_8349888859,200,LOSE,863195,14.39,2,2,1,3,19,2,4,3,0
KR_8346142378,100,LOSE,710794,11.85,0,3,0,3,39,0,3,3,0
KR_8346142378,200,WIN,710794,11.85,3,0,0,0,10,4,0,0,1
KR_8345830456,100,LOSE,921869,15.36,2,5,0,4,56,1,4,0,0
KR_8345830456,200,WIN,921869,15.36,8,2,0,2,16,4,3,3,2
KR_8343783989,100,LOSE,806090,13.43,1,4,1,1,46,2,1,3,0
KR_8343783989,200,WIN,806090,13.43,2,2,1,4,12,5,0,0,1
KR_8343756777,100,LOSE,835517,13.93,1,0,0,3,49,4,1,3,1
KR_8343756777,200,WIN,835517,13.93,2,1,2,2,10,3,1,0,1
KR_8343732403,100,WIN,875181,14.59,4,1,1,0,15,3,1,0,1
KR_8343732403,200,LOSE,875181,14.59,0,2,0,5,13,0,2,3,1
KR_8352305414,100,LOSE,1134829,18.91,1,1,1,5,24,1,3,0,1
KR_8352305414,200,WIN,1134829,18.91,3,2,0,1,18,8,0,3,1
KR_8349074401,100,WIN,884603,14.74,5,5,2,5,45,3,3,1,0
KR_8349074401,200,LOSE,884603,14.74,3,2,7,7,20,5,1,2,2
KR_8349004727,100,LOSE,792888,13.21,1,1,2,1,10,0,1,0,1
KR_8349004727,200,WIN,792888,13.21,1,2,1,2,10,3,1,3,0
KR_8343105229,100,LOSE,1010674,16.84,1,2,1,7,23,4,5,3,1
KR_8343105229,200,WIN,1010674,16.84,4,1,2,6,20,6,2,0,1
KR_8343050360,100,WIN,776578,12.94,3,1,3,1,41,4,1,1,0
KR_8343050360,200,LOSE,776578,12.94,0,5,3,3,10,2,4,2,1
KR_8342833915,100,LOSE,936862,15.61,4,2,1,1,23,1,4,0,0
KR_8342833915,200,WIN,936862,15.61,2,0,0,5,43,3,5,3,1
KR_8342788863,100,WIN,778961,12.98,10,2,2,0,9,2,1,0,1
KR_8342788863,200,LOSE,778961,12.98,1,4,0,5,10,3,3,3,0
KR_8339832691,100,LOSE,864138,14.4,0,1,0,2,51,2,1,3,0
KR_8339832691,200,WIN,864138,14.4,0,2,0,0,17,3,2,0,1
KR_8339702094,100,WIN,989867,16.5,2,2,0,4,29,5,0,1,0
KR_8339702094,200,LOSE,989867,16.5,3,3,1,1,10,3,1,2,2
KR_8355113639,100,WIN,946549,15.78,2,1,0,2,16,2,2,3,2
KR_8355113639,200,LOSE,946549,15.78,3,2,2,2,55,6,1,0,0
KR_8351154162,100,WIN,778617,12.98,7,1,1,0,41,4,0,0,1
KR_8351154162,200,LOSE,778617,12.98,0,7,1,4,45,1,3,3,0
KR_8348402397,100,WIN,846587,14.11,3,4,2,5,9,6,2,1,0
KR_8348402397,200,LOSE,846587,14.11,7,4,1,5,14,3,3,2,0
KR_8347318533,100,LOSE,768839,12.81,0,5,1,0,10,0,2,3,0
KR_8347318533,200,WIN,768839,12.81,4,1,0,0,9,2,1,0,1
KR_8343450062,100,WIN,938931,15.65,6,0,1,4,54,5,5,3,0
KR_8343450062,200,LOSE,938931,15.65,1,4,0,4,14,5,3,0,1
KR_8341818312,100,LOSE,808398,13.47,4,6,1,7,6,3,1,0,0
KR_8341818312,200,WIN,808398,13.47,10,1,4,4,12,2,0,3,1
KR_8340244618,100,WIN,944116,15.74,2,1,1,2,13,2,0,3,2
KR_8340244618,200,LOSE,944116,15.74,0,2,0,0,11,3,1,0,0
KR_8339031591,100,LOSE,855844,14.26,3,2,1,3,43,5,1,2,1
KR_8339031591,200,WIN,855844,14.26,3,4,3,3,13,4,2,1,0
KR_8354804270,100,WIN,908302,15.14,6,5,3,1,14,0,2,3,0
KR_8354804270,200,LOSE,908302,15.14,4,6,0,2,10,6,1,0,1
KR_8353355137,100,WIN,1010691,16.84,2,1,3,3,20,4,4,1,2
KR_8353355137,200,LOSE,1010691,16.84,5,2,2,1,16,2,5,2,0
KR_8351435068,100,LOSE,825979,13.77,4,7,1,4,13,4,3,3,0
KR_8351435068,200,WIN,825979,13.77,5,3,1,5,13,8,3,0,1
KR_8341201263,100,WIN,855352,14.26,2,1,2,3,17,3,1,0,1
KR_8341201263,200,LOSE,855352,14.26,2,4,1,3,51,1,1,3,1
KR_8348962474,100,WIN,798905,13.32,4,2,1,2,9,3,4,3,0
KR_8348962474,200,LOSE,798905,13.32,0,2,3,2,12,5,3,0,1
KR_8348927048,100,LOSE,907787,15.13,0,3,0,6,11,5,3,1,0
KR_8348927048,200,WIN,907787,15.13,3,2,1,1,14,4,0,2,2
KR_8348898196,100,WIN,861620,14.36,5,2,3,0,12,3,1,3,1
KR_8348898196,200,LOSE,861620,14.36,2,5,0,5,12,0,1,0,0
KR_8348872014,100,LOSE,865143,14.42,3,1,0,4,13,2,2,0,1
KR_8348872014,200,WIN,865143,14.42,4,1,1,2,9,6,3,3,0
KR_8347312543,100,LOSE,858942,14.32,3,0,2,3,15,1,2,0,1
KR_8347312543,200,WIN,858942,14.32,1,1,0,5,50,3,4,3,0
KR_8346945744,100,WIN,925659,15.43,5,2,4,3,12,3,2,2,1
KR_8346945744,200,LOSE,925659,15.43,2,7,1,2,11,4,2,1,0
KR_8346920165,100,WIN,1131763,18.86,4,3,1,3,17,6,2,3,3
KR_8346920165,200,LOSE,1131763,18.86,3,4,4,2,26,0,5,0,0
KR_8346893027,100,LOSE,957089,15.95,2,7,5,3,19,4,2,3,0
KR_8346893027,200,WIN,957089,15.95,5,5,2,3,11,7,1,0,2
KR_8341850124,100,LOSE,980451,16.34,0,4,2,1,19,3,4,3,1
KR_8341850124,200,WIN,980451,16.34,4,2,2,2,14,5,2,0,1
KR_8340521880,100,LOSE,914263,15.24,0,8,2,2,14,3,1,1,1
KR_8340521880,200,WIN,914263,15.24,5,1,3,1,17,8,0,2,1
KR_8340500031,100,LOSE,893831,14.9,1,4,0,2,12,3,0,3,1
KR_8340500031,200,WIN,893831,14.9,1,2,1,1,13,3,1,0,1
KR_8340442431,100,LOSE,733880,12.23,1,5,0,4,9,2,2,3,0
KR_8340442431,200,WIN,733880,12.23,4,1,2,2,48,1,1,0,1
KR_8340379930,100,WIN,880097,14.67,4,2,2,3,31,0,3,0,0
KR_8340379930,200,LOSE,880097,14.67,4,3,0,3,14,3,0,3,2
KR_8339776197,100,WIN,916540,15.28,4,2,2,3,49,6,1,1,1
KR_8339776197,200,LOSE,916540,15.28,2,4,9,6,19,3,1,2,0
KR_8339655581,100,LOSE,953170,15.89,4,2,0,4,23,3,2,0,0
KR_8339655581,200,WIN,953170,15.89,1,3,2,2,16,5,0,3,2
KR_8339613626,100,WIN,1014212,16.9,1,7,2,8,20,3,2,0,0
KR_8339613626,200,LOSE,1014212,16.9,7,2,4,4,11,7,1,3,2
KR_8339589295,100,LOSE,788119,13.14,2,6,1,2,12,3,0,3,1
KR_8339589295,200,WIN,788119,13.14,5,1,2,2,8,4,0,0,0
KR_8339554483,100,WIN,690270,11.5,4,0,0,1,8,3,2,2,1
KR_8339554483,200,LOSE,690270,11.5,0,5,0,1,34,5,2,1,0
KR_8354846900,100,LOSE,902681,15.04,1,5,2,5,17,3,5,3,0
KR_8354846900,200,WIN,902681,15.04,9,2,2,4,17,5,2,0,2
KR_8351309770,100,WIN,731019,12.18,10,1,0,1,36,2,1,0,1
KR_8351309770,200,LOSE,731019,12.18,1,6,1,5,11,1,1,3,0
KR_8347098787,100,LOSE,1107422,18.46,0,2,0,0,16,3,2,0,0
KR_8347098787,200,WIN,1107422,18.46,1,1,0,1,25,3,1,3,3
KR_8345927083,100,LOSE,929049,15.48,1,3,1,3,45,5,2,1,1
KR_8345927083,200,WIN,929049,15.48,3,2,5,2,20,0,3,2,0
KR_8345873175,100,WIN,979850,16.33,8,1,3,2,49,3,0,3,1
KR_8345873175,200,LOSE,979850,16.33,3,3,0,5,63,1,3,0,1
KR_8345847066,100,LOSE,837848,13.96,0,3,3,3,43,1,1,0,0
KR_8345847066,200,WIN,837848,13.96,4,1,1,2,9,6,1,3,1
KR_8345793743,100,LOSE,822647,13.71,3,3,3,5,45,3,5,0,0
KR_8345793743,200,WIN,822647,13.71,0,4,0,3,16,9,2,3,1
KR_8344460146,100,LOSE,733998,12.23,0,2,0,2,9,2,1,3,1
KR_8344460146,200,WIN,733998,12.23,3,0,0,0,38,2,1,0,1
KR_8341450790,100,LOSE,825833,13.76,3,2,1,5,12,3,3,0,0
KR_8341450790,200,WIN,825833,13.76,5,3,2,2,18,4,1,3,0
KR_8340015237,100,LOSE,793460,13.22,1,5,1,4,12,0,1,1,0
KR_8340015237,200,WIN,793460,13.22,7,0,1,2,12,6,0,2,2
KR_8337510946,100,WIN,1056185,17.6,2,5,2,4,22,2,2,3,0
KR_8337510946,200,LOSE,1056185,17.6,8,4,1,3,16,3,3,0,2
KR_8354065001,100,LOSE,1092330,18.21,5,1,1,5,19,6,2,3,1
KR_8354065001,200,WIN,1092330,18.21,1,4,1,6,16,3,4,0,1
KR_8353670987,100,LOSE,822852,13.71,5,4,0,4,8,2,2,1,1
KR_8353670987,200,WIN,822852,13.71,3,3,2,3,20,3,1,2,0
KR_8351159621,100,LOSE,1007236,16.79,3,1,1,3,19,6,1,3,0
KR_8351159621,200,WIN,1007236,16.79,0,1,1,2,24,3,3,0,0
KR_8350434417,100,LOSE,962818,16.05,2,2,2,4,24,3,2,3,0
KR_8350434417,200,WIN,962818,16.05,3,4,0,4,61,4,2,0,2
KR_8349966094,100,LOSE,800909,13.35,1,2,0,3,14,3,1,3,1
KR_8349966094,200,WIN,800909,13.35,2,1,2,2,10,4,1,0,0
KR_8349924925,100,WIN,679569,11.33,4,1,1,1,7,5,1,3,1
KR_8349924925,200,LOSE,679569,11.33,0,5,3,2,5,2,2,0,0
KR_8349862048,100,LOSE,880372,14.67,3,5,2,3,14,7,4,0,1
KR_8349862048,200,WIN,880372,14.67,2,4,4,7,18,3,3,3,0
KR_8349786794,100,LOSE,742113,12.37,4,2,4,1,7,6,1,3,1
KR_8349786794,200,WIN,742113,12.37,1,3,2,6,9,1,3,0,0
KR_8349099886,100,WIN,793071,13.22,2,0,1,5,15,3,2,0,0
KR_8349099886,200,LOSE,793071,13.22,3,4,2,2,14,4,1,3,2
KR_8348635166,100,LOSE,1031258,17.19,5,5,2,7,14,5,6,0,0
KR_8348635166,200,WIN,1031258,17.19,8,5,4,5,22,5,3,3,2
KR_8346352992,100,WIN,861710,14.36,4,1,1,2,17,3,3,3,0
KR_8346352992,200,LOSE,861710,14.36,2,1,1,2,54,3,2,0,1
KR_8346320115,100,LOSE,896961,14.95,0,2,0,1,15,2,2,0,1
KR_8346320115,200,WIN,896961,14.95,1,0,0,0,17,6,1,3,1
KR_8345260362,100,LOSE,885517,14.76,4,1,0,2,13,1,2,0,0
KR_8345260362,200,WIN,885517,14.76,1,3,0,4,11,6,5,3,2
KR_8345222520,100,LOSE,937696,15.63,3,3,3,1,16,5,0,3,2
KR_8345222520,200,WIN,937696,15.63,0,4,2,1,61,1,3,0,0
KR_8345196560,100,LOSE,718349,11.97,0,1,1,3,19,2,1,0,0
KR_8345196560,200,WIN,718349,11.97,2,0,0,1,7,4,0,3,0
KR_8345144786,100,WIN,744865,12.41,3,1,1,1,10,5,0,0,2
KR_8345144786,200,LOSE,744865,12.41,2,5,0,1,11,1,2,3,0
KR_8354526533,100,LOSE,1079347,17.99,3,3,2,7,25,0,3,3,0
KR_8354526533,200,WIN,1079347,17.99,2,2,1,3,53,11,0,0,2
KR_8353835022,100,WIN,966553,16.11,1,1,1,1,17,3,1,0,1
KR_8353835022,200,LOSE,966553,16.11,1,2,0,2,56,2,3,3,1
KR_8353009304,100,LOSE,777809,12.96,0,1,0,3,10,4,1,3,0
KR_8353009304,200,WIN,777809,12.96,4,0,0,0,11,0,2,0,1
KR_8352977451,100,WIN,771021,12.85,0,1,0,2,7,5,4,3,1
KR_8352977451,200,LOSE,771021,12.85,1,1,4,2,13,5,1,0,0
KR_8352922396,100,WIN,981728,16.36,5,1,5,4,15,2,0,1,1
KR_8352922396,200,LOSE,981728,16.36,3,3,1,6,16,1,0,2,1
KR_8351389363,100,LOSE,857340,14.29,2,3,4,4,12,3,1,3,0
KR_8351389363,200,WIN,857340,14.29,1,2,1,5,12,4,1,0,2
KR_8351135356,100,LOSE,767587,12.79,1,3,1,3,10,6,1,3,0
KR_8351135356,200,WIN,767587,12.79,3,2,1,1,9,7,5,0,0
KR_8351014429,100,WIN,703186,11.72,2,1,0,0,10,3,2,3,0
KR_8351014429,200,LOSE,703186,11.72,1,1,2,2,40,2,2,0,0
KR_8348559809,100,WIN,825657,13.76,1,1,0,0,9,4,0,3,0
KR_8348559809,200,LOSE,825657,13.76,1,1,0,1,12,0,1,0,1
KR_8348409390,100,LOSE,917752,15.3,5,2,0,4,13,2,3,1,0
KR_8348409390,200,WIN,917752,15.3,2,3,5,3,19,1,0,2,1
KR_8354295639,100,LOSE,888607,14.81,5,3,0,5,9,6,2,1,2
KR_8354295639,200,WIN,888607,14.81,3,3,4,5,50,4,3,2,0
KR_8354289160,100,WIN,877989,14.63,3,3,4,3,13,1,4,1,1
KR_8354289160,200,LOSE,877989,14.63,2,3,2,5,8,8,4,2,1
KR_8353303453,100,LOSE,1011053,16.85,4,5,1,5,12,4,2,1,0
KR_8353303453,200,WIN,1011053,16.85,4,5,1,4,12,5,1,2,2
KR_8351762432,100,LOSE,822081,13.7,2,4,2,3,11,2,4,3,0
KR_8351762432,200,WIN,822081,13.7,3,1,1,5,15,4,1,0,1
KR_8346583573,100,WIN,853994,14.23,2,2,0,1,11,2,0,3,1
KR_8346583573,200,LOSE,853994,14.23,3,1,0,3,8,0,1,0,1
KR_8352509026,100,WIN,879779,14.66,1,2,1,4,15,6,1,2,1
KR_8352509026,200,LOSE,879779,14.66,1,1,3,6,20,3,2,1,0
KR_8352441167,100,LOSE,909231,15.15,3,1,0,0,16,3,2,1,0
KR_8352441167,200,WIN,909231,15.15,1,3,1,2,12,0,1,2,2
KR_8352371292,100,WIN,727015,12.12,2,0,3,0,37,2,0,3,0
KR_8352371292,200,LOSE,727015,12.12,0,2,0,4,8,4,0,0,1
KR_8352303359,100,WIN,943170,15.72,3,0,0,1,13,1,2,2,1
KR_8352303359,200,LOSE,943170,15.72,1,1,0,3,11,1,1,1,1
KR_8351584036,100,WIN,791407,13.19,0,1,1,0,7,1,3,3,0
KR_8351584036,200,LOSE,791407,13.19,2,2,0,0,15,2,2,0,1
KR_8351580041,100,LOSE,1010085,16.83,1,1,1,3,19,3,3,3,1
KR_8351580041,200,WIN,1010085,16.83,4,1,0,0,19,1,3,0,1
KR_8351563367,100,LOSE,922424,15.37,3,3,1,5,9,8,3,1,2
KR_8351563367,200,WIN,922424,15.37,4,3,2,4,18,3,4,2,0
KR_8351537901,100,LOSE,691479,11.52,4,6,0,3,8,1,2,3,0
KR_8351537901,200,WIN,691479,11.52,3,2,4,2,5,6,1,0,1
KR_8351537164,100,LOSE,834068,13.9,5,6,0,3,41,2,2,1,0
KR_8351537164,200,WIN,834068,13.9,5,4,2,1,12,1,2,2,1
KR_8355036443,100,WIN,701779,11.7,1,0,2,1,10,3,0,0,1
KR_8355036443,200,LOSE,701779,11.7,1,1,0,1,12,0,2,3,0
KR_8354997689,100,WIN,794261,13.24,2,1,0,4,10,6,1,3,1
KR_8354997689,200,LOSE,794261,13.24,1,3,2,3,9,3,2,0,0
KR_8354959056,100,LOSE,909298,15.15,1,5,2,1,22,2,1,0,0
KR_8354959056,200,WIN,909298,15.15,2,2,1,3,17,6,0,3,2
KR_8354892506,100,LOSE,885312,14.76,0,5,0,4,8,2,1,1,0
KR_8354892506,200,WIN,885312,14.76,6,0,1,2,12,8,1,2,1
KR_8346523798,100,LOSE,982613,16.38,6,5,1,4,19,4,7,0,2
KR_8346523798,200,WIN,982613,16.38,4,6,4,5,13,5,3,3,0
KR_8346518955,100,LOSE,1073778,17.9,4,3,5,7,14,8,1,3,3
KR_8346518955,200,WIN,1073778,17.9,1,5,2,6,25,9,3,0,0
KR_8345993657,100,WIN,916401,15.27,1,2,0,3,14,3,5,0,1
KR_8345993657,200,LOSE,916401,15.27,0,3,3,2,12,2,5,3,0
KR_8345744792,100,LOSE,746405,12.44,2,2,1,2,9,3,2,3,0
KR_8345744792,200,WIN,746405,12.44,2,3,1,2,7,5,1,0,1
KR_8345712656,100,LOSE,893372,14.89,1,3,0,3,18,7,0,3,0
KR_8345712656,200,WIN,893372,14.89,4,3,4,2,12,0,3,0,1
KR_8345685853,100,LOSE,890206,14.84,3,6,4,3,17,2,4,0,1
KR_8345685853,200,WIN,890206,14.84,7,4,4,2,8,2,2,3,1
KR_8345651814,100,LOSE,938886,15.65,0,0,1,1,13,2,1,0,0
KR_8345651814,200,WIN,938886,15.65,0,1,0,1,18,0,0,3,1
KR_8345639103,100,LOSE,772401,12.87,0,5,2,1,24,4,1,3,1
KR_8345639103,200,WIN,772401,12.87,4,0,1,3,14,3,4,0,0
KR_8345573078,100,WIN,920137,15.34,2,4,0,3,17,6,3,2,0
KR_8345573078,200,LOSE,920137,15.34,3,3,1,1,11,3,3,1,2
KR_8345537872,100,LOSE,929695,15.49,1,4,0,7,11,2,5,0,0
KR_8345537872,200,WIN,929695,15.49,6,2,3,1,14,5,2,3,1
KR_8345517923,100,LOSE,800529,13.34,1,4,1,3,10,8,0,3,2
KR_8345517923,200,WIN,800529,13.34,7,2,1,3,10,0,2,0,0
KR_8354350063,100,WIN,1154753,19.25,2,2,1,5,30,6,2,1,1
KR_8354350063,200,LOSE,1154753,19.25,2,3,0,3,21,4,1,2,1
KR_8353893196,100,LOSE,741469,12.36,4,4,2,2,10,2,1,2,0
KR_8353893196,200,WIN,741469,12.36,3,2,0,3,39,1,2,1,1
KR_8353678963,100,LOSE,908344,15.14,2,0,1,2,16,1,0,3,0
KR_8353678963,200,WIN,908344,15.14,1,0,1,2,12,1,1,0,2
KR_8353478644,100,WIN,806207,13.44,5,3,1,0,42,2,1,3,1
KR_8353478644,200,LOSE,806207,13.44,2,5,2,3,22,1,1,0,0
KR_8353277128,100,WIN,1038065,17.3,3,1,2,3,47,3,0,3,0
KR_8353277128,200,LOSE,1038065,17.3,2,4,0,4,17,4,0,0,2
KR_8353251361,100,WIN,984039,16.4,3,3,1,2,17,7,2,2,2
KR_8353251361,200,LOSE,984039,16.4,3,2,1,1,25,4,2,1,0
KR_8352893723,100,WIN,972579,16.21,0,2,0,2,16,0,2,0,0
KR_8352893723,200,LOSE,972579,16.21,2,0,1,0,19,3,0,3,2
KR_8352540843,100,LOSE,732232,12.2,2,5,3,2,12,1,1,2,0
KR_8352540843,200,WIN,732232,12.2,6,2,2,3,7,0,0,1,1
KR_8352457613,100,LOSE,936304,15.61,1,2,1,2,15,2,1,3,1
KR_8352457613,200,WIN,936304,15.61,5,1,0,4,16,3,1,0,1
KR_8348519320,100,LOSE,890177,14.84,2,2,1,3,16,4,2,0,0
KR_8348519320,200,WIN,890177,14.84,2,1,0,5,14,3,2,3,0
KR_8348485218,100,WIN,824001,13.73,4,2,3,3,12,2,1,0,2
KR_8348485218,200,LOSE,824001,13.73,3,3,0,3,13,2,1,3,0
KR_8348389111,100,WIN,981322,16.36,4,1,4,2,15,6,0,1,1
KR_8348389111,200,LOSE,981322,16.36,3,5,0,7,21,1,3,2,1
KR_8347135298,100,LOSE,887974,14.8,2,4,1,2,29,2,2,3,0
KR_8347135298,200,WIN,887974,14.8,2,2,0,2,51,5,0,0,2
KR_8347068005,100,LOSE,707639,11.79,3,4,1,3,5,1,1,3,0
KR_8347068005,200,WIN,707639,11.79,6,1,0,2,37,2,1,0,1
KR_8354947031,100,LOSE,955407,15.92,0,2,1,1,19,6,2,3,1
KR_8354947031,200,WIN,955407,15.92,3,1,3,2,16,2,1,0,0
KR_8354885124,100,LOSE,874059,14.57,1,2,1,1,14,5,3,0,0
KR_8354885124,200,WIN,874059,14.57,1,2,1,1,13,9,1,3,2
KR_8353516190,100,WIN,1152324,19.21,3,2,1,3,30,4,2,0,1
KR_8353516190,200,LOSE,1152324,19.21,2,5,0,3,25,4,2,3,0
KR_8353458540,100,WIN,1007736,16.8,2,2,2,1,18,1,4,0,2
KR_8353458540,200,LOSE,1007736,16.8,1,2,0,2,24,9,1,3,0
KR_8349831266,100,LOSE,937367,15.62,5,1,2,2,14,0,1,3,1
KR_8349831266,200,WIN,937367,15.62,2,5,1,2,14,3,1,0,1
KR_8349288563,100,WIN,818357,13.64,6,0,1,2,12,4,1,0,1
KR_8349288563,200,LOSE,818357,13.64,2,5,2,5,8,2,3,3,0
KR_8349202299,100,WIN,931708,15.53,3,2,0,0,13,3,0,0,2
KR_8349202299,200,LOSE,931708,15.53,1,1,1,0,19,1,1,3,0
KR_8349155080,100,LOSE,891395,14.86,1,3,2,5,15,2,1,3,0
KR_8349155080,200,WIN,891395,14.86,6,2,1,3,16,2,0,0,1
KR_8348903165,100,WIN,1029013,17.15,5,1,3,3,21,4,3,3,1
KR_8348903165,200,LOSE,1029013,17.15,1,5,2,6,23,0,5,0,0
KR_8348878008,100,LOSE,804718,13.41,1,3,2,6,14,2,2,3,0
KR_8348878008,200,WIN,804718,13.41,5,2,0,3,11,2,1,0,1
KR_8348223628,100,WIN,715904,11.93,3,0,1,0,7,4,0,3,1
KR_8348223628,200,LOSE,715904,11.93,0,3,0,1,39,1,4,0,0
KR_8355076062,100,WIN,586474,9.77,2,0,1,0,4,3,0,0,1
KR_8355076062,200,LOSE,586474,9.77,0,3,0,3,7,1,1,3,0
KR_8353231650,100,WIN,855172,14.25,4,0,0,1,47,5,0,1,0
KR_8353231650,200,LOSE,855172,14.25,2,4,1,3,17,2,3,2,0
KR_8351259190,100,WIN,870482,14.51,5,1,1,3,15,1,1,3,1
KR_8351259190,200,LOSE,870482,14.51,1,1,1,4,11,4,2,0,1
KR_8349925380,100,WIN,781815,13.03,5,1,1,1,13,5,0,3,0
KR_8349925380,200,LOSE,781815,13.03,0,4,1,4,9,1,3,0,1
KR_8349538039,100,WIN,961223,16.02,1,3,3,2,12,6,3,3,1
KR_8349538039,200,LOSE,961223,16.02,3,4,1,3,17,4,4,0,1
KR_8347519938,100,LOSE,837695,13.96,3,3,1,2,11,2,2,1,1
KR_8347519938,200,WIN,837695,13.96,4,0,0,3,10,6,0,2,1
KR_8346896230,100,WIN,758759,12.65,4,3,3,2,12,2,1,1,1
KR_8346896230,200,LOSE,758759,12.65,4,2,2,4,6,0,2,2,0
KR_8342389057,100,WIN,994139,16.57,6,1,1,2,15,5,1,2,1
KR_8342389057,200,LOSE,994139,16.57,2,3,0,4,33,1,4,1,0
KR_8340801758,100,LOSE,909220,15.15,0,4,1,4,14,1,1,2,0
KR_8340801758,200,WIN,909220,15.15,5,2,1,2,16,3,3,1,2
KR_8339519609,100,LOSE,849759,14.16,7,6,0,7,9,1,4,0,1
KR_8339519609,200,WIN,849759,14.16,10,3,0,7,45,6,0,3,0
KR_8337101698,100,LOSE,860424,14.34,0,3,1,4,11,4,0,3,0
KR_8337101698,200,WIN,860424,14.34,6,2,0,1,47,0,2,0,1
KR_8351278765,100,WIN,1037260,17.29,1,5,0,5,21,10,5,3,1
KR_8351278765,200,LOSE,1037260,17.29,7,2,4,2,20,8,2,0,0
KR_8350694964,100,LOSE,895391,14.92,2,2,1,3,13,3,1,1,0
KR_8350694964,200,WIN,895391,14.92,2,2,0,2,53,3,2,2,1
KR_8350643475,100,LOSE,683653,11.39,3,5,2,1,4,3,0,0,0
KR_8350643475,200,WIN,683653,11.39,5,2,0,3,8,2,1,2,0
KR_8349801641,100,WIN,799935,13.33,3,3,1,3,13,4,5,0,0
KR_8349801641,200,LOSE,799935,13.33,2,3,2,5,13,6,2,3,1
KR_8349285227,100,LOSE,1098521,18.31,3,3,2,5,20,1,5,0,0
KR_8349285227,200,WIN,1098521,18.31,3,3,1,1,24,9,1,3,2
KR_8349216789,100,LOSE,796103,13.27,1,3,3,2,13,1,1,0,0
KR_8349216789,200,WIN,796103,13.27,2,1,0,3,47,3,0,3,2
KR_8349125167,100,LOSE,1007092,16.78,3,0,0,1,20,0,3,3,0
KR_8349125167,200,WIN,1007092,16.78,0,3,0,0,20,6,0,0,2
KR_8346668347,100,WIN,444922,7.42,3,0,2,0,2,1,2,0,1
KR_8346668347,200,LOSE,444922,7.42,1,3,0,2,18,2,3,0,0
KR_8346634723,100,WIN,824529,13.74,4,5,3,3,18,8,2,3,1
KR_8346634723,200,LOSE,824529,13.74,5,3,5,3,15,2,5,0,0
KR_8345962492,100,LOSE,743442,12.39,3,4,1,3,8,5,3,3,0
KR_8345962492,200,WIN,743442,12.39,6,2,4,2,13,1,4,0,0
KR_8345883146,100,LOSE,854591,14.24,1,2,0,2,16,2,1,3,0
KR_8345883146,200,WIN,854591,14.24,3,2,1,2,13,3,0,0,1
KR_8354677604,100,WIN,726451,12.11,0,1,3,1,38,6,1,3,1
KR_8354677604,200,LOSE,726451,12.11,1,3,2,4,10,1,6,0,0
KR_8353822269,100,LOSE,777661,12.96,1,6,1,0,46,5,0,3,0
KR_8353822269,200,WIN,777661,12.96,4,2,0,1,10,2,2,0,1
KR_8352497288,100,WIN,846915,14.12,6,1,1,4,13,0,1,3,0
KR_8352497288,200,LOSE,846915,14.12,3,4,1,1,10,3,2,0,2
KR_8350440540,100,LOSE,863790,14.4,4,5,0,4,7,2,2,0,0
KR_8350440540,200,WIN,863790,14.4,4,2,3,2,44,5,1,3,1
KR_8346971391,100,LOSE,794753,13.25,3,3,0,5,7,7,2,3,0
KR_8346971391,200,WIN,794753,13.25,3,4,2,5,39,3,1,0,1
KR_8346904726,100,LOSE,930640,15.51,2,4,0,3,19,5,2,3,0
KR_8346904726,200,WIN,930640,15.51,2,2,0,2,47,6,1,0,2
KR_8345722773,100,LOSE,776237,12.94,2,6,1,8,9,1,3,3,0
KR_8345722773,200,WIN,776237,12.94,5,1,6,0,9,1,4,0,0
KR_8344483605,100,LOSE,897498,14.96,2,1,2,2,19,7,1,1,1
KR_8344483605,200,WIN,897498,14.96,2,4,1,3,19,4,1,2,0
KR_8341380206,100,LOSE,562776,9.38,2,2,0,1,2,1,2,1,0
KR_8341380206,200,WIN,562776,9.38,2,2,1,1,28,3,0,2,0
KR_8338275750,100,LOSE,701364,11.69,2,3,1,4,5,0,2,3,0
KR_8338275750,200,WIN,701364,11.69,5,3,2,0,6,2,1,0,1
KR_8337294048,100,WIN,651123,10.85,4,0,2,1,11,1,1,2,1
KR_8337294048,200,LOSE,651123,10.85,0,5,4,2,2,0,3,1,0
KR_8354756400,100,WIN,592806,9.88,0,1,3,2,6,4,2,0,0
KR_8354756400,200,LOSE,592806,9.88,1,2,2,5,5,4,1,3,0
KR_8354561900,100,LOSE,842342,14.04,3,5,1,5,13,0,4,0,0
KR_8354561900,200,WIN,842342,14.04,2,2,1,2,13,8,0,3,2
KR_8354419612,100,LOSE,854059,14.23,0,2,1,2,57,1,4,0,0
KR_8354419612,200,WIN,854059,14.23,3,0,0,1,16,1,1,3,2
KR_8353802678,100,WIN,789063,13.15,4,2,3,1,13,2,0,3,1
KR_8353802678,200,LOSE,789063,13.15,3,1,0,5,9,0,2,0,0
KR_8352312523,100,WIN,558286,9.3,5,2,3,1,2,2,3,0,0
KR_8352312523,200,LOSE,558286,9.3,1,4,1,4,27,5,2,3,0
KR_8352204306,100,LOSE,941030,15.68,4,4,3,2,13,2,1,3,1
KR_8352204306,200,WIN,941030,15.68,3,4,0,3,10,6,2,0,0
KR_8352123355,100,LOSE,1012319,16.87,0,3,3,6,13,6,3,0,1
KR_8352123355,200,WIN,1012319,16.87,3,4,2,3,22,2,3,3,1
KR_8343739718,100,WIN,781444,13.02,2,3,0,2,16,2,3,0,0
KR_8343739718,200,LOSE,781444,13.02,4,2,1,0,7,4,1,3,1
KR_8343708634,100,LOSE,780369,13.01,6,6,0,4,10,1,3,2,0
KR_8343708634,200,WIN,780369,13.01,3,5,5,4,8,4,1,1,1
KR_8343628264,100,LOSE,524430,8.74,1,4,0,4,25,2,2,3,0
KR_8343628264,200,WIN,524430,8.74,6,0,1,1,4,1,0,0,1
KR_8343563281,100,WIN,860108,14.34,2,1,1,2,12,2,3,1,0
KR_8343563281,200,LOSE,860108,14.34,2,4,0,1,14,2,0,2,1
KR_8343462839,100,LOSE,960694,16.01,2,0,1,0,16,3,2,3,2
KR_8343462839,200,WIN,960694,16.01,1,1,0,1,61,0,6,0,0
KR_8343373324,100,LOSE,936296,15.6,2,4,0,4,18,4,5,0,0
KR_8343373324,200,WIN,936296,15.6,6,3,2,5,16,3,1,3,1
KR_8343005544,100,LOSE,940857,15.68,1,3,0,4,16,1,5,1,0
KR_8343005544,200,WIN,940857,15.68,5,2,2,4,22,8,2,2,2
KR_8342226354,100,LOSE,1155014,19.25,3,3,1,3,21,3,2,3,1
KR_8342226354,200,WIN,1155014,19.25,6,1,0,3,27,7,2,0,2
KR_8342197961,100,LOSE,659812,11.0,0,4,0,6,6,3,0,3,0
KR_8342197961,200,WIN,659812,11.0,5,1,1,1,6,5,1,0,1
KR_8342194854,100,LOSE,639923,10.67,1,6,0,6,6,3,2,3,0
KR_8342194854,200,WIN,639923,10.67,6,2,1,3,5,5,1,0,1
KR_8350294917,100,LOSE,855684,14.26,1,1,1,2,12,3,1,3,0
KR_8350294917,200,WIN,855684,14.26,2,1,3,1,13,0,0,0,2
KR_8350256998,100,WIN,961071,16.02,1,3,1,2,14,4,2,3,0
KR_8350256998,200,LOSE,961071,16.02,3,1,0,1,60,3,2,0,1
KR_8347519127,100,LOSE,621606,10.36,0,2,1,3,5,2,0,3,0
KR_8347519127,200,WIN,621606,10.36,2,0,1,1,8,0,1,0,1
KR_8347424401,100,LOSE,1076839,17.95,4,3,1,6,23,2,4,0,1
KR_8347424401,200,WIN,1076839,17.95,4,1,2,3,17,9,3,3,1
KR_8346769180,100,WIN,1040220,17.34,1,2,1,1,13,6,3,3,1
KR_8346769180,200,LOSE,1040220,17.34,5,4,0,2,16,4,2,0,1
KR_8345221827,100,LOSE,681397,11.36,0,4,0,3,10,4,0,3,0
KR_8345221827,200,WIN,681397,11.36,7,2,0,1,7,1,0,0,1
KR_8344367612,100,LOSE,915954,15.27,2,5,0,5,14,9,3,3,1
KR_8344367612,200,WIN,915954,15.27,3,3,0,4,10,7,3,0,1
KR_8344244017,100,WIN,1113203,18.55,5,5,0,6,22,6,2,1,0
KR_8344244017,200,LOSE,1113203,18.55,10,4,0,9,12,3,2,2,3
KR_8344093170,100,LOSE,737731,12.3,0,4,1,2,5,3,0,1,1
KR_8344093170,200,WIN,737731,12.3,4,2,2,2,9,1,2,2,0
KR_8343690585,100,WIN,918193,15.3,1,0,4,4,19,0,2,3,1
KR_8343690585,200,LOSE,918193,15.3,0,1,0,2,16,5,1,0,1
KR_8343640127,100,LOSE,642715,10.71,1,2,1,0,4,2,0,2,0
KR_8343640127,200,WIN,642715,10.71,1,0,1,1,2,0,3,1,1
KR_8343583734,100,WIN,816641,13.61,4,2,1,2,14,7,2,0,1
KR_8343583734,200,LOSE,816641,13.61,2,4,0,4,14,4,2,3,0
KR_8355078914,100,LOSE,774478,12.91,0,3,1,2,12,1,2,0,0
KR_8355078914,200,WIN,774478,12.91,2,1,1,1,12,3,0,3,2
KR_8353957564,100,LOSE,1012087,16.87,1,6,0,3,21,7,3,0,1
KR_8353957564,200,WIN,1012087,16.87,2,1,2,3,20,4,3,3,0
KR_8353452394,100,WIN,676482,11.27,2,1,3,2,5,3,1,1,1
KR_8353452394,200,LOSE,676482,11.27,2,3,0,3,5,0,2,2,0
KR_8353403020,100,LOSE,1054560,17.58,2,4,2,4,22,5,1,0,0
KR_8353403020,200,WIN,1054560,17.58,6,5,1,1,14,2,3,3,3
KR_8349704996,100,WIN,853454,14.22,3,0,1,1,46,4,0,1,1
KR_8349704996,200,LOSE,853454,14.22,0,2,0,0,15,1,3,2,0
KR_8340893441,100,WIN,937250,15.62,4,2,2,4,16,2,4,1,0
KR_8340893441,200,LOSE,937250,15.62,1,2,3,4,55,7,2,2,2
KR_8338320488,100,LOSE,768607,12.81,0,2,1,1,15,7,2,2,0
KR_8338320488,200,WIN,768607,12.81,2,1,0,3,7,6,2,1,1
KR_8346429333,100,WIN,860843,14.35,2,1,2,2,44,6,0,3,1
KR_8346429333,200,LOSE,860843,14.35,1,4,1,2,16,1,2,0,1
KR_8346404476,100,LOSE,867086,14.45,0,2,0,2,12,4,1,3,0
KR_8346404476,200,WIN,867086,14.45,1,1,2,1,46,3,3,0,0
KR_8346385307,100,WIN,907892,15.13,1,4,1,1,53,4,0,3,1
KR_8346385307,200,LOSE,907892,15.13,0,1,1,3,15,3,4,0,1
KR_8355240590,100,WIN,1009377,16.82,1,4,0,3,11,3,1,1,2
KR_8355240590,200,LOSE,1009377,16.82,5,0,0,2,24,2,7,2,0
KR_8347141346,100,LOSE,872116,14.54,5,2,1,1,10,7,1,3,0
KR_8347141346,200,WIN,872116,14.54,0,4,1,4,9,5,4,0,0
KR_8347081266,100,LOSE,767663,12.79,2,2,2,2,12,3,3,0,1
KR_8347081266,200,WIN,767663,12.79,6,3,1,2,14,0,1,3,0
KR_8347037080,100,LOSE,778581,12.98,5,3,2,2,12,2,4,0,0
KR_8347037080,200,WIN,778581,12.98,2,5,3,3,46,3,1,3,1
KR_8346202832,100,WIN,727973,12.13,6,0,1,1,8,1,0,3,1
KR_8346202832,200,LOSE,727973,12.13,1,3,0,3,10,0,3,0,0
KR_8345085682,100,LOSE,861051,14.35,6,7,3,3,17,2,2,0,0
KR_8345085682,200,WIN,861051,14.35,9,4,1,6,11,4,2,3,2
KR_8341083225,100,WIN,642921,10.72,3,0,1,1,5,3,1,3,0
KR_8341083225,200,LOSE,642921,10.72,0,2,0,4,6,1,2,0,1
KR_8341049099,100,LOSE,563842,9.4,0,4,0,3,3,1,0,3,0
KR_8341049099,200,WIN,563842,9.4,5,1,0,0,3,2,0,0,1
KR_8340993184,100,LOSE,855500,14.26,2,4,0,2,10,1,1,1,0
KR_8340993184,200,WIN,855500,14.26,1,2,0,0,25,6,1,2,1
KR_8339901165,100,WIN,921394,15.36,2,0,0,4,18,4,1,2,1
KR_8339901165,200,LOSE,921394,15.36,2,3,0,2,13,3,1,1,1
KR_8338887061,100,WIN,830058,13.83,3,4,3,0,46,3,2,0,1
KR_8338887061,200,LOSE,830058,13.83,0,3,6,7,10,2,2,3,0
KR_8353229954,100,LOSE,773556,12.89,3,4,0,3,15,0,2,3,0
KR_8353229954,200,WIN,773556,12.89,5,1,2,2,12,4,1,0,2
KR_8352984556,100,LOSE,834430,13.91,1,3,0,2,6,1,1,0,1
KR_8352984556,200,WIN,834430,13.91,1,0,1,2,20,4,0,3,1
KR_8352973050,100,LOSE,815714,13.6,0,3,0,2,10,0,1,3,0
KR_8352973050,200,WIN,815714,13.6,5,0,0,0,13,1,1,0,2
KR_8351864144,100,WIN,961087,16.02,5,2,2,3,23,6,4,3,0
KR_8351864144,200,LOSE,961087,16.02,1,5,3,6,18,6,4,0,2
KR_8351361805,100,LOSE,829287,13.82,1,7,0,5,11,9,4,1,0
KR_8351361805,200,WIN,829287,13.82,3,4,6,3,14,9,2,2,2
KR_8349913178,100,WIN,915310,15.26,5,4,1,2,12,4,1,0,1
KR_8349913178,200,LOSE,915310,15.26,2,4,1,1,52,4,2,3,1
KR_8337986107,100,LOSE,717056,11.95,0,3,0,3,30,4,0,3,0
KR_8337986107,200,WIN,717056,11.95,2,1,0,2,7,3,2,0,1
KR_8354112227,100,LOSE,645222,10.75,4,4,0,2,4,2,1,0,0
KR_8354112227,200,WIN,645222,10.75,4,3,1,1,11,3,1,3,1
KR_8354090398,100,LOSE,907816,15.13,3,0,0,3,11,1,2,0,0
KR_8354090398,200,WIN,907816,15.13,2,2,1,1,22,3,0,3,2
KR_8354059575,100,LOSE,828386,13.81,1,4,1,0,13,1,0,2,0
KR_8354059575,200,WIN,828386,13.81,3,2,2,0,12,1,0,1,2
KR_8355201704,100,WIN,803727,13.4,0,1,1,2,6,7,2,3,0
KR_8355201704,200,LOSE,803727,13.4,3,2,0,4,10,0,3,0,1
KR_8355194275,100,LOSE,820809,13.68,1,4,0,2,9,3,3,1,0
KR_8355194275,200,WIN,820809,13.68,5,0,1,1,15,2,1,2,2
KR_8355172048,100,LOSE,834980,13.92,3,5,2,6,13,0,5,2,0
KR_8355172048,200,WIN,834980,13.92,6,1,6,4,17,4,4,1,1
KR_8355147133,100,LOSE,651248,10.85,2,6,1,8,5,3,3,0,0
KR_8355147133,200,WIN,651248,10.85,9,3,7,3,7,4,0,3,1
KR_8355120141,100,LOSE,916626,15.28,2,2,2,1,18,7,1,1,0
KR_8355120141,200,WIN,916626,15.28,2,5,0,3,18,1,3,2,1
KR_8354364265,100,WIN,905660,15.09,5,2,0,5,18,1,4,0,0
KR_8354364265,200,LOSE,905660,15.09,0,5,3,2,13,5,0,3,2
KR_8354339357,100,WIN,820905,13.68,5,3,3,3,12,4,3,3,0
KR_8354339357,200,LOSE,820905,13.68,0,5,1,5,14,4,2,0,1
KR_8354022583,100,LOSE,833980,13.9,1,5,0,2,13,0,3,0,0
KR_8354022583,200,WIN,833980,13.9,5,1,1,0,16,7,0,3,1
KR_8353986966,100,WIN,865514,14.43,3,3,0,4,10,4,2,2,0
KR_8353986966,200,LOSE,865514,14.43,1,1,3,2,14,5,2,1,1
KR_8354367672,100,WIN,915802,15.26,5,1,2,2,19,3,2,0,0
KR_8354367672,200,LOSE,915802,15.26,5,3,0,1,16,5,4,3,1
KR_8351039891,100,WIN,909032,15.15,4,3,1,4,23,3,1,1,1
KR_8351039891,200,LOSE,909032,15.15,2,3,3,4,16,3,1,2,1
KR_8348405852,100,WIN,793011,13.22,1,1,2,2,12,3,3,3,2
KR_8348405852,200,LOSE,793011,13.22,1,4,1,2,43,3,1,0,0
KR_8353409634,100,LOSE,1131595,18.86,3,5,3,4,29,2,5,1,2
KR_8353409634,200,WIN,1131595,18.86,2,3,1,3,18,8,4,2,0
KR_8353370566,100,WIN,935701,15.6,1,4,0,2,19,2,1,3,0
KR_8353370566,200,LOSE,935701,15.6,1,0,0,3,18,1,1,0,2
KR_8353346017,100,WIN,873000,14.55,1,0,0,3,12,6,3,0,0
KR_8353346017,200,LOSE,873000,14.55,0,3,0,3,19,3,2,3,2
KR_8354101594,100,LOSE,804558,13.41,3,5,1,4,11,1,3,0,0
KR_8354101594,200,WIN,804558,13.41,5,4,1,1,14,4,1,3,2
KR_8352933308,100,WIN,829683,13.83,2,2,0,3,11,6,0,0,1
KR_8352933308,200,LOSE,829683,13.83,2,3,0,3,14,1,3,3,0
KR_8347512451,100,LOSE,1005292,16.75,3,3,0,3,59,9,4,0,2
KR_8347512451,200,WIN,1005292,16.75,4,2,2,4,25,6,4,3,0
KR_8347492256,100,WIN,1018825,16.98,5,4,3,2,18,4,4,3,0
KR_8347492256,200,LOSE,1018825,16.98,3,3,4,5,18,4,4,0,2
KR_8347476314,100,WIN,860942,14.35,4,3,1,2,20,3,1,1,1
KR_8347476314,200,LOSE,860942,14.35,4,4,1,2,13,0,4,1,0
KR_8347440129,100,LOSE,932454,15.54,0,4,1,3,19,6,1,3,1
KR_8347440129,200,WIN,932454,15.54,1,2,1,1,56,4,2,0,0
KR_8346408404,100,WIN,940517,15.68,6,2,1,0,19,5,4,0,1
KR_8346408404,200,LOSE,940517,15.68,2,6,0,3,16,8,3,3,1
KR_8354013684,100,WIN,932767,15.55,5,2,1,0,19,7,5,3,0
KR_8354013684,200,LOSE,932767,15.55,1,5,1,3,17,5,5,0,2
KR_8352977711,100,LOSE,855459,14.26,1,5,0,2,13,0,3,2,0
KR_8352977711,200,WIN,855459,14.26,4,0,1,2,14,6,0,1,1
KR_8347478697,100,LOSE,800434,13.34,0,2,1,2,10,0,4,3,0
KR_8347478697,200,WIN,800434,13.34,1,0,3,1,45,3,2,0,0
KR_8339216862,100,LOSE,912597,15.21,5,5,1,5,37,6,0,2,0
KR_8339216862,200,WIN,912597,15.21,4,3,3,2,16,4,2,1,1
KR_8339199914,100,LOSE,715543,11.93,1,4,0,2,31,2,1,3,0
KR_8339199914,200,WIN,715543,11.93,2,1,2,0,8,4,1,0,0
KR_8339177802,100,LOSE,854297,14.24,1,6,0,4,9,2,3,3,0
KR_8339177802,200,WIN,854297,14.24,8,1,3,1,9,4,0,0,2
KR_8339167254,100,WIN,850245,14.17,5,3,0,1,51,7,1,0,1
KR_8339167254,200,LOSE,850245,14.17,1,4,1,5,15,4,1,3,0
KR_8338349405,100,WIN,1133057,18.88,3,2,2,3,18,3,3,0,1
KR_8338349405,200,LOSE,1133057,18.88,4,2,0,3,37,9,1,3,2
KR_8338321334,100,LOSE,985522,16.43,7,5,3,8,19,4,2,3,0
KR_8338321334,200,WIN,985522,16.43,6,4,5,5,20,7,3,0,2
KR_8338294564,100,LOSE,706745,11.78,1,3,3,1,11,4,1,0,0
KR_8338294564,200,WIN,706745,11.78,4,2,0,2,15,3,2,3,1
KR_8338270930,100,LOSE,991944,16.53,5,4,1,0,14,3,4,3,2
KR_8338270930,200,WIN,991944,16.53,1,2,0,4,20,4,2,0,0
KR_8351470449,100,LOSE,856704,14.28,1,4,0,5,11,3,0,3,0
KR_8351470449,200,WIN,856704,14.28,4,0,3,2,12,1,0,0,2
KR_8351429028,100,LOSE,1005609,16.76,4,5,1,1,18,0,4,1,0
KR_8351429028,200,WIN,1005609,16.76,2,3,2,3,17,2,0,2,2
KR_8351313052,100,LOSE,867586,14.46,5,7,3,7,7,2,1,1,1
KR_8351313052,200,WIN,867586,14.46,4,5,7,2,13,7,1,2,1
KR_8351250372,100,WIN,868211,14.47,7,0,1,3,13,5,1,1,2
KR_8351250372,200,LOSE,868211,14.47,2,3,2,9,11,0,2,2,0
KR_8350744956,100,WIN,679509,11.33,7,1,7,1,7,4,1,3,1
KR_8350744956,200,LOSE,679509,11.33,0,5,1,7,3,3,3,0,0
KR_8338605372,100,WIN,706564,11.78,2,1,1,1,11,3,1,3,0
KR_8338605372,200,LOSE,706564,11.78,0,1,3,2,7,2,1,0,1
KR_8338570108,100,WIN,884390,14.74,7,1,0,1,15,3,1,3,2
KR_8338570108,200,LOSE,884390,14.74,1,5,1,4,17,2,1,0,0
KR_8338486174,100,LOSE,1015120,16.92,2,3,0,5,20,1,1,0,0
KR_8338486174,200,WIN,1015120,16.92,5,1,1,0,22,2,2,3,2
KR_8337381295,100,LOSE,1153718,19.23,1,0,2,5,19,3,4,3,0
KR_8337381295,200,WIN,1153718,19.23,6,1,1,2,64,4,1,0,2
KR_8337347874,100,LOSE,982096,16.37,2,4,0,9,14,5,4,2,0
KR_8337347874,200,WIN,982096,16.37,10,2,1,1,17,1,4,1,1
KR_8337322326,100,WIN,785482,13.09,1,1,5,4,9,2,2,2,1
KR_8337322326,200,LOSE,785482,13.09,0,2,1,3,9,6,3,1,0
KR_8337275244,100,WIN,828951,13.82,1,1,1,3,11,3,1,3,1
KR_8337275244,200,LOSE,828951,13.82,2,1,0,0,8,3,2,0,0
KR_8337266056,100,WIN,839477,13.99,2,0,2,1,14,3,1,3,0
KR_8337266056,200,LOSE,839477,13.99,1,0,1,4,7,4,3,0,1
KR_8337219779,100,WIN,775765,12.93,5,2,0,1,16,3,2,3,0
KR_8337219779,200,LOSE,775765,12.93,1,4,1,3,13,0,1,0,2
KR_8337205295,100,WIN,895526,14.93,3,1,3,0,45,3,1,3,1
KR_8337205295,200,LOSE,895526,14.93,3,3,1,4,13,0,5,0,0
KR_8337189154,100,LOSE,699920,11.67,3,2,3,1,8,2,1,0,1
KR_8337189154,200,WIN,699920,11.67,3,2,0,3,11,1,3,3,0
KR_8337142564,100,LOSE,886026,14.77,2,4,3,5,14,1,2,0,1
KR_8337142564,200,WIN,886026,14.77,4,1,0,2,61,6,2,3,1
KR_8337128127,100,LOSE,759701,12.66,1,4,0,4,23,1,2,3,0
KR_8337128127,200,WIN,759701,12.66,3,1,0,2,8,5,0,0,2
KR_8354139335,100,LOSE,677662,11.29,1,3,0,2,10,1,1,3,0
KR_8354139335,200,WIN,677662,11.29,3,3,1,0,38,2,0,0,1
KR_8354128468,100,LOSE,857693,14.29,3,5,1,5,11,3,2,3,0
KR_8354128468,200,WIN,857693,14.29,7,3,1,1,12,2,3,0,2
KR_8354118374,100,LOSE,817640,13.63,1,5,0,3,9,4,3,0,0
KR_8354118374,200,WIN,817640,13.63,3,3,1,1,13,6,1,3,1
KR_8354100323,100,WIN,766207,12.77,4,0,1,3,14,2,4,0,1
KR_8354100323,200,LOSE,766207,12.77,2,3,2,2,8,5,2,3,0
KR_8353442933,100,WIN,833115,13.89,3,2,2,4,14,5,2,3,0
KR_8353442933,200,LOSE,833115,13.89,5,2,0,5,11,3,0,0,1
KR_8353005855,100,LOSE,909546,15.16,5,2,1,6,15,1,4,3,0
KR_8353005855,200,WIN,909546,15.16,4,3,2,2,13,9,3,0,1
KR_8352893487,100,LOSE,1038713,17.31,2,5,2,5,18,6,4,1,0
KR_8352893487,200,WIN,1038713,17.31,7,3,1,5,15,5,3,2,1
KR_8352854399,100,LOSE,853953,14.23,4,2,0,2,13,1,1,3,0
KR_8352854399,200,WIN,853953,14.23,1,4,0,2,51,4,0,0,1
KR_8350647440,100,WIN,849862,14.16,6,2,1,4,12,5,2,3,0
KR_8350647440,200,LOSE,849862,14.16,0,2,1,4,16,5,2,0,1
KR_8353825673,100,LOSE,851635,14.19,2,3,0,3,13,2,2,3,0
KR_8353825673,200,WIN,851635,14.19,4,1,3,2,8,1,3,0,2
KR_8353599737,100,WIN,848472,14.14,5,3,2,1,11,10,0,1,0
KR_8353599737,200,LOSE,848472,14.14,1,3,1,5,45,2,8,2,1
KR_8352161944,100,LOSE,789357,13.16,2,6,0,5,14,0,2,3,0
KR_8352161944,200,WIN,789357,13.16,7,1,3,1,8,2,0,0,2
KR_8352104690,100,LOSE,667185,11.12,0,5,1,4,9,3,0,1,0
KR_8352104690,200,WIN,667185,11.12,4,1,0,0,13,5,0,2,1
KR_8345959933,100,LOSE,864944,14.42,4,9,1,3,11,3,2,0,0
KR_8345959933,200,WIN,864944,14.42,5,3,3,3,19,5,0,3,2
KR_8345896927,100,LOSE,942325,15.71,3,7,1,3,48,2,4,3,1
KR_8345896927,200,WIN,942325,15.71,8,2,1,2,10,5,1,0,1
KR_8345856256,100,LOSE,788085,13.13,1,5,0,3,10,6,0,3,0
KR_8345856256,200,WIN,788085,13.13,7,2,0,2,11,1,3,0,1
KR_8345812327,100,WIN,1127500,18.79,4,0,2,3,24,2,3,2,1
KR_8345812327,200,LOSE,1127500,18.79,1,3,0,2,20,3,2,1,1
KR_8337750162,100,WIN,761898,12.7,5,1,1,1,11,1,2,0,1
KR_8337750162,200,LOSE,761898,12.7,0,4,1,2,13,2,1,3,1
KR_8337670319,100,LOSE,1077627,17.96,2,1,1,5,25,5,2,3,1
KR_8337670319,200,WIN,1077627,17.96,3,2,1,5,21,3,2,0,2
KR_8337595470,100,LOSE,970671,16.18,4,3,0,2,19,5,3,1,0
KR_8337595470,200,WIN,970671,16.18,3,5,2,1,25,2,1,2,1
KR_8337539469,100,WIN,734373,12.24,4,3,4,1,11,4,2,0,1
KR_8337539469,200,LOSE,734373,12.24,3,7,3,5,7,0,1,3,0
KR_8337505306,100,WIN,1043355,17.39,2,1,1,1,25,7,1,1,1
KR_8337505306,200,LOSE,1043355,17.39,0,2,1,2,16,4,3,2,1
KR_8354168685,100,WIN,907726,15.13,2,4,8,3,10,2,0,3,1
KR_8354168685,200,LOSE,907726,15.13,3,2,2,3,18,3,4,0,0
KR_8354650905,100,WIN,1023807,17.06,6,2,4,7,22,5,0,0,2
KR_8354650905,200,LOSE,1023807,17.06,1,5,5,4,26,5,6,3,0
KR_8354617528,100,LOSE,678164,11.3,2,4,0,2,8,3,2,0,0
KR_8354617528,200,WIN,678164,11.3,4,1,2,1,9,3,3,3,1
KR_8354563096,100,LOSE,777233,12.95,1,4,1,2,43,1,2,2,0
KR_8354563096,200,WIN,777233,12.95,3,0,1,1,10,4,0,1,1
KR_8352282007,100,WIN,907132,15.12,2,1,2,4,9,3,1,3,2
KR_8352282007,200,LOSE,907132,15.12,4,4,0,1,13,6,0,0,0
KR_8342451076,100,WIN,833788,13.9,2,5,1,2,16,4,1,3,2
KR_8342451076,200,LOSE,833788,13.9,3,4,0,4,8,1,3,0,0
KR_8342400691,100,LOSE,821143,13.69,3,2,1,3,12,5,5,0,0
KR_8342400691,200,WIN,821143,13.69,3,1,0,4,11,5,2,3,2
KR_8342364586,100,LOSE,767540,12.79,1,2,0,1,14,0,2,2,1
KR_8342364586,200,WIN,767540,12.79,1,0,2,1,10,1,2,1,0
KR_8341372716,100,LOSE,917997,15.3,1,1,1,2,22,6,4,0,0
KR_8341372716,200,WIN,917997,15.3,1,2,2,3,13,1,4,3,2
KR_8341112571,100,WIN,685146,11.42,7,1,2,0,8,0,1,2,0
KR_8341112571,200,LOSE,685146,11.42,1,4,0,3,5,1,1,1,1
KR_8341085454,100,WIN,832978,13.88,6,3,0,2,14,7,1,3,0
KR_8341085454,200,LOSE,832978,13.88,4,5,1,4,10,1,5,0,1
KR_8339906305,100,LOSE,746745,12.45,3,3,1,2,42,3,4,0,0
KR_8339906305,200,WIN,746745,12.45,3,5,2,2,12,3,0,3,1
KR_8339846622,100,LOSE,909816,15.16,3,5,1,3,11,0,3,2,0
KR_8339846622,200,WIN,909816,15.16,4,2,1,1,23,5,1,1,1
KR_8339676327,100,LOSE,826238,13.77,0,0,1,2,9,2,0,2,0
KR_8339676327,200,WIN,826238,13.77,1,0,0,0,37,0,0,1,2
KR_8339631787,100,WIN,939342,15.66,4,1,0,3,61,3,2,0,0
KR_8339631787,200,LOSE,939342,15.66,2,3,1,3,16,2,1,3,2
KR_8339576686,100,LOSE,1050953,17.52,2,1,1,4,22,5,3,2,1
KR_8339576686,200,WIN,1050953,17.52,4,4,0,4,20,1,8,1,0
KR_8339504234,100,WIN,857382,14.29,6,0,1,1,8,1,3,1,1
KR_8339504234,200,LOSE,857382,14.29,0,6,1,2,15,0,2,2,1
KR_8339471793,100,WIN,943098,15.72,0,4,0,3,15,10,0,1,2
KR_8339471793,200,LOSE,943098,15.72,5,4,3,2,53,2,2,2,0
KR_8337312734,100,LOSE,729883,12.16,0,5,2,5,10,2,1,0,1
KR_8337312734,200,WIN,729883,12.16,3,3,4,1,8,7,0,3,0
KR_8337286008,100,WIN,864936,14.42,2,2,2,2,18,1,4,3,0
KR_8337286008,200,LOSE,864936,14.42,3,1,1,2,48,4,3,0,1
KR_8337255017,100,WIN,504675,8.41,0,1,0,0,1,2,2,3,0
KR_8337255017,200,LOSE,504675,8.41,0,0,0,0,0,1,1,0,0
KR_8337217100,100,LOSE,937300,15.62,1,6,5,5,14,7,2,3,0
KR_8337217100,200,WIN,937300,15.62,7,2,1,4,55,5,2,0,1
KR_8337179911,100,WIN,687470,11.46,3,4,1,3,7,8,2,3,0
KR_8337179911,200,LOSE,687470,11.46,3,3,2,5,6,5,4,0,0
KR_8337155646,100,WIN,878348,14.64,10,1,2,2,18,4,3,3,0
KR_8337155646,200,LOSE,878348,14.64,3,5,0,4,12,3,4,0,1
KR_8339231155,100,LOSE,798860,13.31,3,5,4,3,39,2,2,3,1
KR_8339231155,200,WIN,798860,13.31,7,2,0,2,10,3,3,0,0
KR_8339198052,100,LOSE,849347,14.16,2,2,2,2,8,0,1,1,2
KR_8339198052,200,WIN,849347,14.16,1,1,1,1,12,5,3,2,0
KR_8339185095,100,WIN,784081,13.07,0,2,1,2,13,5,1,1,2
KR_8339185095,200,LOSE,784081,13.07,2,0,2,2,42,2,4,2,0
KR_8339147799,100,WIN,963680,16.06,5,2,4,2,11,5,2,0,1
KR_8339147799,200,LOSE,963680,16.06,1,2,1,7,15,4,3,3,0
KR_8337928969,100,LOSE,770723,12.85,0,4,0,4,11,2,2,0,0
KR_8337928969,200,WIN,770723,12.85,2,2,7,1,15,4,1,3,1
KR_8337906728,100,LOSE,804631,13.41,2,4,4,6,43,5,2,0,0
KR_8337906728,200,WIN,804631,13.41,4,4,3,6,10,4,1,3,2
KR_8337849578,100,WIN,688370,11.47,5,1,0,3,12,2,1,0,0
KR_8337849578,200,LOSE,688370,11.47,2,4,0,1,34,2,2,3,1
KR_8337615247,100,WIN,688771,11.48,4,1,2,1,9,3,1,1,1
KR_8337615247,200,LOSE,688771,11.48,0,3,0,3,6,1,2,2,0
KR_8337572297,100,LOSE,824629,13.74,2,2,1,2,9,1,2,3,0
KR_8337572297,200,WIN,824629,13.74,2,0,1,1,15,1,1,0,1
KR_8344852152,100,LOSE,930843,15.51,1,0,2,3,18,6,2,3,0
KR_8344852152,200,WIN,930843,15.51,2,4,1,4,45,4,3,0,2
KR_8344788113,100,WIN,744392,12.41,3,0,2,1,11,6,1,3,1
KR_8344788113,200,LOSE,744392,12.41,0,4,0,5,6,0,3,0,0
KR_8344695283,100,LOSE,890521,14.84,3,3,2,1,13,5,2,2,1
KR_8344695283,200,WIN,890521,14.84,3,3,0,2,11,0,2,1,1
KR_8344383797,100,LOSE,919078,15.32,3,2,3,2,18,1,2,0,0
KR_8344383797,200,WIN,919078,15.32,2,1,0,2,11,1,3,3,2
KR_8344354738,100,WIN,824010,13.73,2,1,0,1,9,2,0,3,1
KR_8344354738,200,LOSE,824010,13.73,1,2,0,1,9,1,3,0,1
KR_8344325124,100,LOSE,800566,13.34,4,6,1,5,10,2,4,0,0
KR_8344325124,200,WIN,800566,13.34,11,2,0,4,11,2,1,3,1
KR_8344247784,100,LOSE,935265,15.59,5,4,0,4,13,1,1,3,1
KR_8344247784,200,WIN,935265,15.59,3,3,4,2,13,4,1,0,0
KR_8343564909,100,WIN,786836,13.11,7,1,2,3,8,4,5,1,0
KR_8343564909,200,LOSE,786836,13.11,1,6,1,6,11,4,3,2,1
KR_8338057608,100,LOSE,773900,12.9,2,5,3,3,15,3,1,2,0
KR_8338057608,200,WIN,773900,12.9,6,2,1,3,13,2,3,1,2
KR_8338045760,100,WIN,935936,15.6,2,3,0,3,52,3,5,0,0
KR_8338045760,200,LOSE,935936,15.6,3,1,4,2,23,6,1,3,2
KR_8354037530,100,WIN,832976,13.88,5,1,0,1,46,5,3,0,0
KR_8354037530,200,LOSE,832976,13.88,1,5,1,4,10,2,1,3,1
KR_8352961661,100,LOSE,704038,11.73,1,5,1,4,4,4,1,3,0
KR_8352961661,200,WIN,704038,11.73,3,4,0,2,8,4,0,0,1
KR_8352827920,100,LOSE,1003183,16.72,3,3,2,3,21,2,4,3,0
KR_8352827920,200,WIN,1003183,16.72,3,5,1,2,11,4,3,0,2
KR_8349183144,100,LOSE,855294,14.25,1,7,3,6,10,4,3,0,0
KR_8349183144,200,WIN,855294,14.25,3,2,3,5,9,8,0,3,2
KR_8349100352,100,WIN,868833,14.48,3,2,1,2,14,6,3,3,0
KR_8349100352,200,LOSE,868833,14.48,3,2,0,4,11,3,2,0,0
KR_8344706547,100,LOSE,935393,15.59,3,1,1,2,14,3,6,1,0
KR_8344706547,200,WIN,935393,15.59,2,0,0,4,15,8,0,2,2
KR_8344663837,100,LOSE,790919,13.18,1,8,2,4,7,3,3,3,0
KR_8344663837,200,WIN,790919,13.18,8,3,0,4,10,7,0,0,1
KR_8354627203,100,WIN,883314,14.72,0,2,0,5,13,3,4,0,0
KR_8354627203,200,LOSE,883314,14.72,2,2,4,1,18,3,1,3,2
KR_8354605172,100,LOSE,774842,12.91,1,2,0,4,8,2,2,3,0
KR_8354605172,200,WIN,774842,12.91,6,2,0,0,27,1,1,0,1
KR_8354409213,100,LOSE,832060,13.87,0,2,0,4,19,2,3,3,0
KR_8354409213,200,WIN,832060,13.87,3,1,1,0,15,3,0,0,2
KR_8354365940,100,WIN,638698,10.64,1,2,1,0,32,2,1,3,0
KR_8354365940,200,LOSE,638698,10.64,1,0,1,1,10,1,1,0,1
KR_8353824488,100,WIN,979738,16.33,0,2,2,3,18,2,0,3,2
KR_8353824488,200,LOSE,979738,16.33,3,3,3,3,19,4,5,0,0
KR_8350312451,100,LOSE,706114,11.77,2,3,1,3,10,2,1,3,0
KR_8350312451,200,WIN,706114,11.77,3,3,0,1,40,8,1,0,1
KR_8350228872,100,LOSE,792331,13.21,0,2,1,2,11,2,5,3,0
KR_8350228872,200,WIN,792331,13.21,2,0,0,1,13,4,0,0,2
KR_8355228084,100,LOSE,852073,14.2,1,4,1,2,11,7,3,3,0
KR_8355228084,200,WIN,852073,14.2,4,3,4,5,44,4,3,0,2
KR_8355201982,100,LOSE,749180,12.49,4,4,0,5,8,1,2,0,0
KR_8355201982,200,WIN,749180,12.49,4,2,0,3,11,4,0,3,1
KR_8355177773,100,WIN,937987,15.63,3,2,0,2,19,0,2,1,1
KR_8355177773,200,LOSE,937987,15.63,2,2,0,1,38,3,1,2,0
KR_8355137258,100,LOSE,829462,13.82,2,6,4,1,13,7,3,0,0
KR_8355137258,200,WIN,829462,13.82,3,5,0,5,9,5,3,3,2
KR_8354784569,100,LOSE,733892,12.23,3,5,1,3,13,2,2,0,0
KR_8354784569,200,WIN,733892,12.23,6,2,1,3,6,0,1,3,1
KR_8354743413,100,LOSE,573269,9.55,0,7,0,3,8,0,2,0,0
KR_8354743413,200,WIN,573269,9.55,5,0,1,0,9,6,0,3,1
KR_8354455406,100,WIN,833934,13.9,4,2,3,3,12,5,5,1,1
KR_8354455406,200,LOSE,833934,13.9,3,2,1,6,11,5,2,2,0
KR_8354408724,100,LOSE,1092070,18.2,2,3,0,4,16,5,4,0,0
KR_8354408724,200,WIN,1092070,18.2,4,0,0,2,28,6,3,3,2
KR_8346438082,100,WIN,889863,14.83,3,5,2,4,53,6,5,0,0
KR_8346438082,200,LOSE,889863,14.83,7,0,1,5,15,4,4,3,0
KR_8346373407,100,WIN,729884,12.16,3,1,1,2,10,1,0,1,1
KR_8346373407,200,LOSE,729884,12.16,1,3,1,2,7,2,1,2,0
KR_8342034730,100,LOSE,853612,14.23,1,6,3,5,19,9,2,2,2
KR_8342034730,200,WIN,853612,14.23,9,2,3,2,15,3,5,1,0
KR_8351606793,100,LOSE,711122,11.85,0,4,2,3,6,2,0,3,0
KR_8351606793,200,WIN,711122,11.85,3,2,1,0,9,1,0,0,0
KR_8350299423,100,LOSE,1009521,16.83,5,5,1,2,21,3,5,0,0
KR_8350299423,200,WIN,1009521,16.83,2,4,0,2,46,12,3,3,1
KR_8350196994,100,LOSE,672190,11.2,1,2,2,3,7,0,1,0,1
KR_8350196994,200,WIN,672190,11.2,3,2,1,0,8,0,1,3,0
KR_8350178642,100,LOSE,699802,11.66,0,7,1,4,5,1,3,0,0
KR_8350178642,200,WIN,699802,11.66,8,0,4,0,11,0,1,3,1
KR_8350154190,100,LOSE,820280,13.67,2,6,0,2,11,2,3,3,0
KR_8350154190,200,WIN,820280,13.67,5,2,3,2,38,5,3,0,1
KR_8350131038,100,WIN,820510,13.68,6,2,1,3,14,6,1,3,1
KR_8350131038,200,LOSE,820510,13.68,3,4,2,4,9,1,7,0,0
KR_8350084618,100,WIN,827985,13.8,4,2,2,1,15,1,0,1,1
KR_8350084618,200,LOSE,827985,13.8,1,4,1,3,11,1,0,2,1
KR_8350059423,100,LOSE,702239,11.7,0,3,1,5,8,3,3,3,1
KR_8350059423,200,WIN,702239,11.7,5,0,1,2,11,3,3,0,0
KR_8350041398,100,WIN,704917,11.75,6,2,0,3,7,4,3,0,1
KR_8350041398,200,LOSE,704917,11.75,5,3,1,5,10,2,2,3,0
KR_8350022441,100,LOSE,897931,14.97,4,2,0,5,46,2,4,3,0
KR_8350022441,200,WIN,897931,14.97,5,1,0,3,10,0,1,0,1
KR_8349996733,100,LOSE,868264,14.47,1,5,0,1,19,4,1,3,1
KR_8349996733,200,WIN,868264,14.47,6,2,0,1,21,1,1,0,1
KR_8349995094,100,WIN,699450,11.66,5,0,0,1,10,3,1,0,0
KR_8349995094,200,LOSE,699450,11.66,1,5,0,1,7,1,0,3,1
KR_8349977237,100,LOSE,782728,13.05,3,3,0,4,8,2,1,0,1
KR_8349977237,200,WIN,782728,13.05,3,0,1,3,5,4,1,3,0
KR_8348803952,100,LOSE,851507,14.19,1,3,0,1,13,7,2,3,0
KR_8348803952,200,WIN,851507,14.19,3,1,1,2,13,2,1,0,2
KR_8348780893,100,WIN,1223883,20.4,6,3,1,4,75,2,4,0,2
KR_8348780893,200,LOSE,1223883,20.4,2,2,1,5,22,4,3,3,1
KR_8348785020,100,WIN,829347,13.82,4,3,2,3,11,6,1,3,0
KR_8348785020,200,LOSE,829347,13.82,1,3,0,5,7,7,3,0,1
KR_8348758499,100,WIN,783010,13.05,10,1,3,3,8,4,2,3,1
KR_8348758499,200,LOSE,783010,13.05,2,7,2,8,8,2,4,0,0
KR_8348740598,100,LOSE,1026707,17.11,5,1,4,5,21,3,2,3,0
KR_8348740598,200,WIN,1026707,17.11,1,4,0,7,23,8,2,0,2
KR_8354739241,100,LOSE,981966,16.37,1,4,1,2,22,5,4,3,0
KR_8354739241,200,WIN,981966,16.37,3,2,3,3,16,1,3,0,1
KR_8354663342,100,WIN,1159833,19.33,0,6,1,3,73,5,3,3,2
KR_8354663342,200,LOSE,1159833,19.33,6,5,2,3,18,3,3,0,0
KR_8354078015,100,WIN,866924,14.45,5,0,0,4,13,12,1,3,1
KR_8354078015,200,LOSE,866924,14.45,4,4,1,2,49,2,7,0,1
KR_8354031730,100,WIN,657829,10.96,6,3,3,0,8,3,1,3,1
KR_8354031730,200,LOSE,657829,10.96,0,7,2,4,10,1,1,0,0
KR_8353528674,100,LOSE,806118,13.44,1,3,0,5,11,1,5,0,0
KR_8353528674,200,WIN,806118,13.44,4,1,0,1,17,0,0,3,2
KR_8352185057,100,WIN,702244,11.7,3,0,2,1,6,2,1,3,1
KR_8352185057,200,LOSE,702244,11.7,1,2,0,3,6,2,1,0,0
KR_8350901784,100,LOSE,1052885,17.55,4,2,1,3,26,3,2,0,1
KR_8350901784,200,WIN,1052885,17.55,3,2,1,3,13,3,2,3,1
KR_8350830777,100,LOSE,856979,14.28,1,3,1,4,7,2,1,3,0
KR_8350830777,200,WIN,856979,14.28,6,0,0,2,13,4,0,0,2
KR_8348255810,100,WIN,959786,16.0,7,3,1,7,14,6,1,3,0
KR_8348255810,200,LOSE,959786,16.0,4,6,1,6,14,6,5,0,1
KR_8348184402,100,WIN,929563,15.49,5,5,3,4,15,2,3,3,0
KR_8348184402,200,LOSE,929563,15.49,5,2,3,3,15,6,2,0,2
KR_8348133748,100,WIN,858290,14.3,4,4,0,5,12,2,3,2,0
KR_8348133748,200,LOSE,858290,14.3,5,3,1,2,13,6,1,1,1
KR_8348079333,100,LOSE,870270,14.5,5,2,0,4,15,2,3,3,1
KR_8348079333,200,WIN,870270,14.5,7,2,2,3,14,2,3,0,1
KR_8346994933,100,LOSE,940353,15.67,0,0,0,0,24,1,0,3,0
KR_8346994933,200,WIN,940353,15.67,0,0,1,1,11,5,1,0,2
KR_8345891939,100,LOSE,956198,15.94,2,0,1,2,59,1,6,1,1
KR_8345891939,200,WIN,956198,15.94,1,1,3,1,18,2,1,2,1
KR_8344456748,100,WIN,860655,14.34,5,2,4,3,11,4,1,3,1
KR_8344456748,200,LOSE,860655,14.34,3,4,1,4,7,3,4,0,0
KR_8344319225,100,WIN,834388,13.91,5,1,2,3,12,2,1,3,1
KR_8344319225,200,LOSE,834388,13.91,2,4,0,3,8,3,3,0,1
KR_8339995143,100,LOSE,982240,16.37,1,3,2,3,67,0,4,0,1
KR_8339995143,200,WIN,982240,16.37,2,1,5,1,16,3,1,3,1
KR_8350492877,100,WIN,942305,15.71,5,2,2,5,11,4,1,0,1
KR_8350492877,200,LOSE,942305,15.71,5,6,1,4,19,3,1,3,1
KR_8350443741,100,WIN,909777,15.16,3,0,1,2,15,1,1,3,0
KR_8350443741,200,LOSE,909777,15.16,3,3,0,2,12,1,2,0,2
KR_8349950497,100,LOSE,887528,14.79,3,7,2,3,12,3,3,0,0
KR_8349950497,200,WIN,887528,14.79,5,2,2,5,15,5,2,3,2
KR_8349923817,100,LOSE,976654,16.28,6,7,5,3,14,3,2,2,0
KR_8349923817,200,WIN,976654,16.28,9,7,1,5,11,4,3,1,2
KR_8348134706,100,WIN,802863,13.38,4,1,0,4,16,10,0,2,0
KR_8348134706,200,LOSE,802863,13.38,1,5,1,5,11,1,2,1,2
KR_8347995127,100,WIN,958111,15.97,4,2,0,4,56,1,6,0,0
KR_8347995127,200,LOSE,958111,15.97,2,2,1,3,21,7,2,3,1
KR_8347964469,100,LOSE,851914,14.2,3,4,3,1,16,4,4,0,0
KR_8347964469,200,WIN,851914,14.2,2,4,2,5,12,5,1,3,1
KR_8346941987,100,WIN,646689,10.78,2,1,5,2,9,2,0,3,0
KR_8346941987,200,LOSE,646689,10.78,0,3,0,3,5,1,1,0,1
KR_8346921063,100,WIN,848540,14.14,2,2,3,0,14,5,0,3,1
KR_8346921063,200,LOSE,848540,14.14,1,2,0,4,13,3,3,0,0
KR_8346901141,100,WIN,730652,12.18,1,1,0,3,11,2,0,3,0
KR_8346901141,200,LOSE,730652,12.18,2,1,0,3,3,2,1,0,1
KR_8346883003,100,WIN,760741,12.68,3,1,3,0,12,11,2,3,2
KR_8346883003,200,LOSE,760741,12.68,1,2,0,4,12,1,6,0,0
KR_8346849361,100,LOSE,1040647,17.34,2,2,0,0,22,2,3,3,1
KR_8346849361,200,WIN,1040647,17.34,1,2,0,1,60,10,1,0,0
KR_8343417517,100,LOSE,853319,14.22,2,4,0,7,15,1,3,3,0
KR_8343417517,200,WIN,853319,14.22,10,0,3,2,44,3,2,0,1
KR_8343338006,100,WIN,823920,13.73,9,1,2,1,16,1,2,0,0
KR_8343338006,200,LOSE,823920,13.73,1,7,0,4,11,5,0,3,2
KR_8343292183,100,WIN,855759,14.26,3,0,1,1,18,3,1,3,0
KR_8343292183,200,LOSE,855759,14.26,0,4,0,2,10,3,1,0,1
KR_8343248100,100,LOSE,879035,14.65,5,7,0,5,19,1,5,3,0
KR_8343248100,200,WIN,879035,14.65,4,2,2,3,19,8,3,0,0
KR_8342978113,100,WIN,945054,15.75,3,3,0,2,17,3,2,3,0
KR_8342978113,200,LOSE,945054,15.75,3,2,1,3,20,1,2,0,2
KR_8340020342,100,WIN,986693,16.44,4,4,2,2,19,8,4,0,2
KR_8340020342,200,LOSE,986693,16.44,3,2,3,4,23,5,4,3,0
KR_8339942366,100,WIN,703814,11.73,4,0,2,0,41,0,4,0,0
KR_8339942366,200,LOSE,703814,11.73,0,3,1,2,12,1,1,3,1
KR_8353422313,100,WIN,867153,14.45,6,2,0,1,14,3,1,3,0
KR_8353422313,200,LOSE,867153,14.45,2,3,0,4,14,6,0,0,2
KR_8353389122,100,LOSE,914583,15.24,1,4,1,2,17,6,1,3,0
KR_8353389122,200,WIN,914583,15.24,3,1,0,3,14,2,1,0,1
KR_8352904772,100,LOSE,766486,12.77,0,5,3,5,10,2,3,3,0
KR_8352904772,200,WIN,766486,12.77,5,0,3,3,8,5,2,0,1
KR_8352883353,100,WIN,836377,13.94,8,1,2,1,18,2,3,3,2
KR_8352883353,200,LOSE,836377,13.94,0,6,0,6,18,5,3,0,0
KR_8348641374,100,LOSE,981957,16.37,4,2,1,2,24,10,2,3,0
KR_8348641374,200,WIN,981957,16.37,3,4,0,5,17,1,4,0,2
KR_8354498567,100,LOSE,1060614,17.68,3,2,1,4,55,3,3,3,1
KR_8354498567,200,WIN,1060614,17.68,4,2,2,2,19,3,5,0,2
KR_8354472389,100,WIN,793563,13.23,7,1,2,2,6,9,1,3,0
KR_8354472389,200,LOSE,793563,13.23,2,6,1,5,12,1,7,0,0
KR_8345346726,100,LOSE,824531,13.74,0,5,1,3,11,1,1,0,0
KR_8345346726,200,WIN,824531,13.74,3,1,4,1,10,3,0,3,2
KR_8345342271,100,WIN,610989,10.18,6,1,1,1,6,0,2,3,1
KR_8345342271,200,LOSE,610989,10.18,2,2,1,5,4,3,1,0,0
KR_8345332136,100,LOSE,956594,15.94,3,2,1,1,16,6,1,3,0
KR_8345332136,200,WIN,956594,15.94,0,4,0,4,13,3,1,0,2
KR_8345303819,100,LOSE,849550,14.16,1,2,1,3,16,3,0,3,0
KR_8345303819,200,WIN,849550,14.16,1,1,5,1,17,4,2,0,2
KR_8342750243,100,LOSE,816195,13.6,2,4,0,4,10,4,1,3,0
KR_8342750243,200,WIN,816195,13.6,4,3,2,1,16,4,3,0,2
KR_8342204200,100,WIN,911272,15.19,5,4,2,2,17,9,1,3,1
KR_8342204200,200,LOSE,911272,15.19,2,6,3,5,17,5,3,0,0
KR_8341588925,100,WIN,621579,10.36,5,0,1,2,9,3,1,2,0
KR_8341588925,200,LOSE,621579,10.36,0,3,1,6,8,1,1,1,0
KR_8341523828,100,LOSE,916895,15.28,2,2,1,5,20,9,1,3,1
KR_8341523828,200,WIN,916895,15.28,2,4,1,4,15,4,1,0,1
KR_8339429685,100,WIN,865949,14.43,5,5,1,0,14,5,0,2,0
KR_8339429685,200,LOSE,865949,14.43,0,6,1,4,14,6,1,1,2
KR_8339022676,100,LOSE,770785,12.85,5,2,0,0,14,1,3,2,0
KR_8339022676,200,WIN,770785,12.85,4,1,1,5,8,2,0,1,1
KR_8338960196,100,WIN,881740,14.7,1,1,0,0,53,5,2,3,1
KR_8338960196,200,LOSE,881740,14.7,1,1,1,2,18,1,3,0,1
KR_8354635602,100,LOSE,781455,13.02,2,5,1,2,12,4,2,3,1
KR_8354635602,200,WIN,781455,13.02,3,1,1,5,13,4,2,0,0
KR_8351078563,100,LOSE,788708,13.15,2,3,1,2,14,0,0,1,1
KR_8351078563,200,WIN,788708,13.15,4,0,2,3,41,0,1,2,1
KR_8349947673,100,LOSE,703886,11.73,0,3,2,4,11,2,1,3,0
KR_8349947673,200,WIN,703886,11.73,5,0,0,1,6,1,2,0,1
KR_8349512344,100,WIN,865402,14.42,2,0,1,2,18,2,2,2,0
KR_8349512344,200,LOSE,865402,14.42,1,2,0,2,51,4,1,1,0
KR_8338101688,100,WIN,904522,15.08,4,2,1,2,19,5,0,3,1
KR_8338101688,200,LOSE,904522,15.08,1,5,2,6,9,2,6,0,0
KR_8338097403,100,LOSE,860081,14.33,2,7,2,2,14,2,3,3,1
KR_8338097403,200,WIN,860081,14.33,6,5,2,2,10,2,2,0,0
KR_8353006510,100,WIN,880576,14.68,3,3,0,3,14,0,1,3,0
KR_8353006510,200,LOSE,880576,14.68,5,1,0,1,52,2,2,0,2
KR_8354372711,100,WIN,888837,14.81,2,6,4,2,16,4,4,3,1
KR_8354372711,200,LOSE,888837,14.81,5,4,2,5,14,3,5,0,0
KR_8354363474,100,LOSE,823137,13.72,4,6,0,5,8,2,5,0,1
KR_8354363474,200,WIN,823137,13.72,4,1,5,4,10,4,4,3,1
KR_8352127867,100,LOSE,832621,13.88,0,4,0,2,14,1,2,3,0
KR_8352127867,200,WIN,832621,13.88,3,1,0,0,11,5,0,0,1
KR_8349079802,100,WIN,797051,13.28,5,2,1,3,14,2,1,1,0
KR_8349079802,200,LOSE,797051,13.28,3,4,0,2,23,7,3,2,2
KR_8349056298,100,WIN,899948,15.0,1,5,4,1,18,3,2,3,1
KR_8349056298,200,LOSE,899948,15.0,4,4,1,4,9,1,6,0,1
KR_8348025820,100,LOSE,881535,14.69,0,0,0,3,12,0,4,0,0
KR_8348025820,200,WIN,881535,14.69,1,0,0,0,12,10,0,3,2
KR_8345799059,100,WIN,1059809,17.66,4,2,1,1,18,8,3,1,0
KR_8345799059,200,LOSE,1059809,17.66,2,7,3,6,20,2,3,2,2
KR_8342803508,100,WIN,852394,14.21,3,4,0,0,16,3,2,2,0
KR_8342803508,200,LOSE,852394,14.21,4,2,1,3,11,1,1,1,1
KR_8342766259,100,WIN,968418,16.14,0,1,1,7,49,3,5,0,0
KR_8342766259,200,LOSE,968418,16.14,6,2,0,1,17,3,1,3,2
KR_8339967975,100,WIN,727045,12.12,4,1,2,0,32,1,0,3,1
KR_8339967975,200,LOSE,727045,12.12,1,1,0,4,11,1,2,0,0
KR_8337304355,100,WIN,797076,13.28,2,1,2,1,11,2,1,0,1
KR_8337304355,200,LOSE,797076,13.28,2,3,0,1,8,3,2,3,0
KR_8337254805,100,WIN,819978,13.67,4,2,1,2,11,4,1,0,1
KR_8337254805,200,LOSE,819978,13.67,1,2,4,4,6,2,2,3,0
KR_8337239660,100,WIN,646584,10.78,7,0,0,0,8,3,0,2,0
KR_8337239660,200,LOSE,646584,10.78,1,5,0,5,2,0,2,1,1
KR_8338040359,100,WIN,677371,11.29,5,0,0,1,8,3,2,0,0
KR_8338040359,200,LOSE,677371,11.29,2,3,1,1,34,3,1,0,1
KR_8351646192,100,LOSE,715225,11.92,0,5,0,2,14,1,1,3,0
KR_8351646192,200,WIN,715225,11.92,6,0,1,2,7,1,1,0,2
KR_8351625343,100,WIN,907521,15.13,13,1,0,4,12,4,1,2,2
KR_8351625343,200,LOSE,907521,15.13,1,5,3,8,4,3,3,1,0
KR_8351600924,100,WIN,986959,16.45,2,4,2,3,22,5,3,3,2
KR_8351600924,200,LOSE,986959,16.45,5,4,2,2,23,4,5,0,0
KR_8351602198,100,LOSE,892807,14.88,1,5,0,2,16,5,2,1,0
KR_8351602198,200,WIN,892807,14.88,3,1,0,1,11,2,2,2,1
KR_8348697284,100,LOSE,938938,15.65,2,0,1,2,24,0,3,3,1
KR_8348697284,200,WIN,938938,15.65,4,1,0,2,13,1,2,0,1
KR_8348686197,100,LOSE,852825,14.21,0,3,1,1,14,1,2,3,0
KR_8348686197,200,WIN,852825,14.21,3,0,2,1,16,1,1,0,1
KR_8347118583,100,WIN,872364,14.54,4,2,0,0,11,3,0,0,1
KR_8347118583,200,LOSE,872364,14.54,1,2,0,2,18,4,4,3,0
KR_8339857811,100,WIN,926900,15.45,2,4,2,3,16,7,2,3,1
KR_8339857811,200,LOSE,926900,15.45,3,4,0,7,20,4,4,0,1
KR_8339814886,100,LOSE,822123,13.7,3,2,0,4,14,5,2,0,0
KR_8339814886,200,WIN,822123,13.7,4,2,3,3,12,4,2,3,1
KR_8339786689,100,LOSE,735646,12.26,1,3,1,3,3,2,1,3,1
KR_8339786689,200,WIN,735646,12.26,1,0,2,2,9,3,2,0,1
KR_8339746604,100,LOSE,1057323,17.62,5,3,1,4,20,2,3,3,1
KR_8339746604,200,WIN,1057323,17.62,0,3,2,3,65,8,3,0,1
KR_8339214431,100,LOSE,822803,13.71,5,5,3,0,12,6,1,3,1
KR_8339214431,200,WIN,822803,13.71,4,5,0,4,15,3,4,0,0
KR_8339123964,100,LOSE,862210,14.37,0,2,1,2,14,2,3,0,0
KR_8339123964,200,WIN,862210,14.37,1,2,1,2,12,3,1,3,1
KR_8338045822,100,LOSE,834373,13.91,1,3,1,2,45,3,1,3,0
KR_8338045822,200,WIN,834373,13.91,5,1,2,2,13,2,4,0,0
KR_8338025604,100,WIN,958660,15.98,9,3,1,1,18,4,3,3,1
KR_8338025604,200,LOSE,958660,15.98,3,7,1,3,56,3,3,0,0
KR_8338006475,100,WIN,781728,13.03,7,1,0,2,16,1,3,3,1
KR_8338006475,200,LOSE,781728,13.03,0,5,0,3,11,6,1,0,1
KR_8337976233,100,WIN,772557,12.88,2,0,1,4,15,1,6,0,0
KR_8337976233,200,LOSE,772557,12.88,1,3,2,0,12,3,1,3,0
KR_8337950605,100,LOSE,887607,14.79,3,4,0,6,12,4,2,3,0
KR_8337950605,200,WIN,887607,14.79,5,2,1,0,15,4,3,0,1
KR_8337915169,100,LOSE,741603,12.36,0,1,1,0,9,1,4,0,0
KR_8337915169,200,WIN,741603,12.36,0,0,1,0,31,3,1,3,2
KR_8337860674,100,WIN,824506,13.74,3,4,3,3,37,5,0,3,0
KR_8337860674,200,LOSE,824506,13.74,3,5,1,1,10,6,3,0,1
KR_8337814224,100,LOSE,911649,15.19,1,7,2,3,11,5,4,3,0
KR_8337814224,200,WIN,911649,15.19,3,2,2,2,14,9,3,0,2
KR_8337398020,100,WIN,886183,14.77,1,2,1,1,14,5,2,2,1
KR_8337398020,200,LOSE,886183,14.77,5,1,0,3,27,0,3,1,1
KR_8337369390,100,WIN,685810,11.43,3,1,1,2,14,0,4,0,1
KR_8337369390,200,LOSE,685810,11.43,1,3,2,2,8,6,2,3,0
KR_8354431188,100,WIN,800871,13.35,3,1,1,0,19,0,1,1,1
KR_8354431188,200,LOSE,800871,13.35,1,2,0,2,11,1,0,2,0
KR_8352222522,100,LOSE,805231,13.42,4,1,2,4,15,1,2,0,0
KR_8352222522,200,WIN,805231,13.42,0,5,1,1,12,7,1,3,2
KR_8352165052,100,LOSE,820783,13.68,0,3,0,3,11,1,1,3,0
KR_8352165052,200,WIN,820783,13.68,5,1,0,0,12,4,0,0,1
KR_8350806858,100,LOSE,958747,15.98,6,3,0,4,55,4,0,3,0
KR_8350806858,200,WIN,958747,15.98,4,2,0,5,18,4,2,0,1
KR_8352617010,100,LOSE,859380,14.32,2,0,0,0,12,1,1,3,1
KR_8352617010,200,WIN,859380,14.32,0,2,0,0,10,1,0,0,0
KR_8350846418,100,LOSE,1035282,17.25,6,1,0,4,15,4,0,3,2
KR_8350846418,200,WIN,1035282,17.25,1,4,0,6,18,2,6,0,0
KR_8344644463,100,LOSE,913733,15.23,3,6,2,5,17,6,2,0,1
KR_8344644463,200,WIN,913733,15.23,9,2,1,5,15,4,2,3,0
KR_8341349671,100,LOSE,861744,14.36,3,4,1,4,11,0,1,0,1
KR_8341349671,200,WIN,861744,14.36,4,4,3,1,46,2,0,3,0
KR_8351139646,100,WIN,834794,13.91,1,1,2,1,13,2,0,3,1
KR_8351139646,200,LOSE,834794,13.91,1,3,1,2,12,0,3,0,0
KR_8348528260,100,LOSE,789647,13.16,1,2,2,2,41,5,1,3,0
KR_8348528260,200,WIN,789647,13.16,2,0,0,0,15,5,3,0,1
KR_8348504037,100,LOSE,765886,12.76,0,5,0,3,8,0,2,0,0
KR_8348504037,200,WIN,765886,12.76,5,0,4,1,7,1,0,3,1
KR_8348445415,100,WIN,856978,14.28,0,3,1,4,13,5,1,3,0
KR_8348445415,200,LOSE,856978,14.28,6,2,0,1,13,3,2,0,1
KR_8346396129,100,LOSE,627969,10.47,2,5,1,3,5,5,1,3,0
KR_8346396129,200,WIN,627969,10.47,3,2,1,2,32,7,2,0,0
KR_8346363160,100,LOSE,915062,15.25,1,2,0,2,16,3,5,3,1
KR_8346363160,200,WIN,915062,15.25,4,1,2,0,10,3,2,0,0
KR_8346150404,100,WIN,783532,13.06,2,3,3,2,6,8,2,3,1
KR_8346150404,200,LOSE,783532,13.06,4,3,2,4,8,6,4,0,1
KR_8344411991,100,WIN,990119,16.5,2,3,1,3,17,4,2,3,0
KR_8344411991,200,LOSE,990119,16.5,1,0,2,3,36,6,2,0,1
KR_8343780693,100,LOSE,891513,14.86,0,2,1,3,13,7,2,1,0
KR_8343780693,200,WIN,891513,14.86,1,3,3,3,14,2,1,2,2
KR_8343599205,100,LOSE,693381,11.56,0,6,0,3,6,5,2,3,0
KR_8343599205,200,WIN,693381,11.56,4,0,5,1,34,3,1,0,1
KR_8343184103,100,LOSE,1130522,18.84,3,3,1,6,22,2,5,3,0
KR_8343184103,200,WIN,1130522,18.84,2,4,2,4,28,10,0,0,2
KR_8338020595,100,LOSE,761929,12.7,1,4,4,2,10,7,4,3,0
KR_8338020595,200,WIN,761929,12.7,3,2,4,1,10,4,4,0,0
KR_8352950146,100,LOSE,920644,15.34,2,1,2,2,52,6,4,1,2
KR_8352950146,200,WIN,920644,15.34,1,3,1,3,17,2,4,2,0
KR_8350988190,100,WIN,825832,13.76,4,1,1,3,14,2,2,3,0
KR_8350988190,200,LOSE,825832,13.76,2,2,1,2,16,4,2,0,1
KR_8350713575,100,WIN,857880,14.3,5,1,0,2,7,4,4,0,0
KR_8350713575,200,LOSE,857880,14.3,3,6,1,1,15,1,1,3,2
KR_8350613905,100,LOSE,854737,14.25,2,3,1,3,13,0,5,3,0
KR_8350613905,200,WIN,854737,14.25,5,2,2,2,13,5,0,0,2
KR_8350567684,100,LOSE,775236,12.92,6,2,0,3,14,9,1,3,0
KR_8350567684,200,WIN,775236,12.92,4,1,1,4,13,2,4,0,1
KR_8350518136,100,LOSE,734051,12.23,2,6,2,3,9,2,0,3,1
KR_8350518136,200,WIN,734051,12.23,6,0,0,2,9,3,0,0,0
KR_8350409999,100,WIN,1064440,17.74,3,5,1,4,24,4,4,3,1
KR_8350409999,200,LOSE,1064440,17.74,5,4,0,2,22,8,3,0,0
KR_8350360229,100,WIN,757671,12.63,3,6,1,3,9,2,3,2,1
KR_8350360229,200,LOSE,757671,12.63,5,3,3,2,10,5,0,1,0
KR_8349104407,100,LOSE,1008392,16.81,1,2,0,4,12,6,3,3,1
KR_8349104407,200,WIN,1008392,16.81,5,3,1,2,19,2,1,0,1
KR_8349085147,100,WIN,781616,13.03,6,2,0,1,16,1,0,3,1
KR_8349085147,200,LOSE,781616,13.03,2,2,1,4,39,0,6,0,0
KR_8346371793,100,LOSE,863609,14.39,7,3,3,3,19,2,3,3,2
KR_8346371793,200,WIN,863609,14.39,0,4,5,7,13,5,5,0,0
KR_8346354148,100,WIN,1051764,17.53,5,0,0,2,22,11,3,2,2
KR_8346354148,200,LOSE,1051764,17.53,4,7,0,5,19,1,6,1,0
KR_8346260403,100,LOSE,837377,13.96,0,4,5,1,9,3,1,3,0
KR_8346260403,200,WIN,837377,13.96,3,0,1,1,17,2,2,0,1
KR_8346161183,100,WIN,943040,15.72,1,4,2,3,21,3,1,3,1
KR_8346161183,200,LOSE,943040,15.72,1,4,1,1,17,5,2,0,1
KR_8346099776,100,WIN,890719,14.85,3,2,2,1,40,5,2,2,1
KR_8346099776,200,LOSE,890719,14.85,2,3,0,5,16,3,4,1,0
KR_8346030753,100,LOSE,969143,16.15,1,4,1,4,15,8,8,1,1
KR_8346030753,200,WIN,969143,16.15,3,2,0,1,18,8,3,2,1
KR_8346010059,100,LOSE,676183,11.27,1,6,0,1,5,0,0,0,0
KR_8346010059,200,WIN,676183,11.27,6,0,0,1,10,2,0,3,1
KR_8345892833,100,WIN,834774,13.91,5,1,1,3,14,7,1,0,2
KR_8345892833,200,LOSE,834774,13.91,1,6,0,4,18,4,2,3,0
KR_8354655025,100,LOSE,676551,11.28,1,5,1,1,15,1,1,3,0
KR_8354655025,200,WIN,676551,11.28,5,1,0,0,9,1,0,0,1
KR_8353766821,100,WIN,822531,13.71,8,5,4,4,12,1,1,3,0
KR_8353766821,200,LOSE,822531,13.71,4,7,4,5,10,0,3,0,1
KR_8346823588,100,WIN,867594,14.46,5,5,1,4,17,9,1,3,1
KR_8346823588,200,LOSE,867594,14.46,6,6,3,5,10,3,3,0,1
KR_8346722078,100,WIN,913391,15.22,1,4,2,7,11,5,4,1,0
KR_8346722078,200,LOSE,913391,15.22,4,4,1,2,14,6,5,2,2
KR_8345340154,100,WIN,638845,10.65,4,0,0,0,9,5,1,3,0
KR_8345340154,200,LOSE,638845,10.65,0,5,0,4,5,2,3,0,1
KR_8345292878,100,WIN,779274,12.99,2,4,0,2,12,3,1,2,0
KR_8345292878,200,LOSE,779274,12.99,4,2,2,1,7,1,2,1,1
KR_8341741258,100,WIN,1050783,17.51,5,4,1,3,24,10,0,3,2
KR_8341741258,200,LOSE,1050783,17.51,1,5,0,3,17,5,5,0,0
KR_8338777174,100,LOSE,587414,9.79,0,5,1,3,4,2,0,3,0
KR_8338777174,200,WIN,587414,9.79,1,1,3,2,7,5,1,0,0
KR_8354740023,100,WIN,885408,14.76,6,2,2,3,19,3,0,3,1
KR_8354740023,200,LOSE,885408,14.76,2,3,0,6,15,2,3,0,0
KR_8354482949,100,WIN,937730,15.63,2,3,4,1,21,4,2,2,0
KR_8354482949,200,LOSE,937730,15.63,3,6,2,2,10,0,4,1,1
KR_8345818335,100,LOSE,735579,12.26,0,4,1,4,10,7,2,2,0
KR_8345818335,200,WIN,735579,12.26,5,1,0,2,8,4,1,1,1
KR_8345792173,100,WIN,887987,14.8,3,4,1,4,16,6,2,1,0
KR_8345792173,200,LOSE,887987,14.8,4,2,2,7,19,2,4,2,1
KR_8345753383,100,WIN,828708,13.81,6,3,3,5,10,3,6,0,0
KR_8345753383,200,LOSE,828708,13.81,7,7,2,4,11,6,1,3,2
KR_8345719664,100,LOSE,809633,13.49,0,6,4,5,14,5,6,3,0
KR_8345719664,200,WIN,809633,13.49,2,3,3,0,17,15,2,0,1
KR_8341622031,100,LOSE,886725,14.78,2,3,0,0,18,6,1,3,0
KR_8341622031,200,WIN,886725,14.78,3,4,0,4,12,4,3,0,2
KR_8340096372,100,LOSE,884764,14.75,2,1,0,5,15,1,3,0,0
KR_8340096372,200,WIN,884764,14.75,3,0,0,2,13,4,0,3,2
KR_8338598832,100,WIN,822854,13.71,3,2,2,3,12,3,2,3,0
KR_8338598832,200,LOSE,822854,13.71,3,5,2,4,49,5,2,0,1
KR_8354710076,100,WIN,1012682,16.88,2,5,0,4,17,10,1,0,1
KR_8354710076,200,LOSE,1012682,16.88,2,3,3,4,26,2,3,3,1
KR_8350775744,100,WIN,794640,13.24,0,1,0,1,14,6,1,0,1
KR_8350775744,200,LOSE,794640,13.24,1,3,1,2,3,2,3,3,0
KR_8350690096,100,WIN,708829,11.81,7,1,2,0,10,2,2,3,1
KR_8350690096,200,LOSE,708829,11.81,0,3,1,5,6,4,6,0,0
KR_8349873273,100,LOSE,706733,11.78,1,5,3,4,6,3,4,0,0
KR_8349873273,200,WIN,706733,11.78,3,2,6,2,7,4,2,3,0
KR_8349586621,100,LOSE,954791,15.91,2,3,2,2,15,4,3,3,0
KR_8349586621,200,WIN,954791,15.91,3,4,0,1,15,4,2,0,2
KR_8343636050,100,LOSE,820420,13.67,2,5,1,5,22,0,4,0,0
KR_8343636050,200,WIN,820420,13.67,6,2,0,1,46,7,0,3,2
KR_8338791767,100,WIN,848744,14.15,9,0,1,1,14,4,1,3,1
KR_8338791767,200,LOSE,848744,14.15,0,7,0,5,18,0,3,0,0
KR_8338726068,100,WIN,634187,10.57,7,0,1,0,5,1,1,3,1
KR_8338726068,200,LOSE,634187,10.57,0,4,0,3,13,1,0,0,0
KR_8338444426,100,WIN,764606,12.74,8,0,5,3,10,2,2,3,0
KR_8338444426,200,LOSE,764606,12.74,0,7,3,5,8,3,2,0,1
KR_8355249172,100,WIN,908053,15.13,1,2,1,3,12,4,2,3,1
KR_8355249172,200,LOSE,908053,15.13,1,1,0,2,10,3,3,0,1
KR_8355219662,100,WIN,919317,15.32,5,0,1,1,14,5,3,3,0
KR_8355219662,200,LOSE,919317,15.32,1,4,1,3,16,2,4,0,2
KR_8355047650,100,LOSE,966788,16.11,3,7,2,3,13,6,3,3,0
KR_8355047650,200,WIN,966788,16.11,4,5,4,3,20,4,3,0,2
KR_8354996059,100,LOSE,729359,12.16,2,9,0,2,10,4,3,0,0
KR_8354996059,200,WIN,729359,12.16,9,3,0,3,5,4,2,3,1
KR_8354639765,100,WIN,819219,13.65,6,5,3,5,11,9,0,3,2
KR_8354639765,200,LOSE,819219,13.65,6,5,4,7,6,2,4,0,0
KR_8354587207,100,WIN,826581,13.78,1,1,0,3,11,2,1,2,2
KR_8354587207,200,LOSE,826581,13.78,1,1,2,2,10,4,2,1,0
KR_8354539836,100,WIN,793806,13.23,3,5,3,5,11,4,2,3,1
KR_8354539836,200,LOSE,793806,13.23,1,5,1,5,11,5,3,0,0
KR_8353169451,100,WIN,765819,12.76,3,1,2,1,13,5,1,3,1
KR_8353169451,200,LOSE,765819,12.76,1,5,0,4,40,0,3,0,0
KR_8353099141,100,LOSE,1004524,16.74,3,1,0,2,17,6,5,1,0
KR_8353099141,200,WIN,1004524,16.74,4,3,2,2,19,3,2,2,2
KR_8353081512,100,LOSE,863518,14.39,0,3,1,3,16,5,2,0,0
KR_8353081512,200,WIN,863518,14.39,4,0,2,2,15,3,1,3,2
KR_8351613054,100,WIN,784895,13.08,5,1,3,0,12,2,0,3,1
KR_8351613054,200,LOSE,784895,13.08,1,5,0,3,39,1,2,0,1
KR_8348725969,100,LOSE,902781,15.05,3,3,1,4,7,1,4,1,1
KR_8348725969,200,WIN,902781,15.05,2,4,3,3,11,3,2,2,0
KR_8346528961,100,LOSE,852874,14.21,2,5,0,2,13,6,2,0,0
KR_8346528961,200,WIN,852874,14.21,4,3,3,2,12,4,3,3,1
KR_8344048058,100,LOSE,835779,13.93,4,2,0,4,14,7,2,0,0
KR_8344048058,200,WIN,835779,13.93,2,4,1,3,7,3,2,3,1
KR_8342558238,100,WIN,935617,15.59,3,3,2,3,20,6,0,3,2
KR_8342558238,200,LOSE,935617,15.59,2,4,0,6,9,5,2,0,0
KR_8340652665,100,WIN,650284,10.84,0,1,2,1,8,8,1,3,0
KR_8340652665,200,LOSE,650284,10.84,1,1,0,4,8,1,3,0,0
KR_8352458948,100,LOSE,702637,11.71,1,6,1,2,10,2,3,3,0
KR_8352458948,200,WIN,702637,11.71,5,2,2,1,5,4,0,0,2
KR_8352396226,100,LOSE,859909,14.33,4,0,2,1,22,2,4,3,0
KR_8352396226,200,WIN,859909,14.33,1,5,0,1,12,2,1,0,1
KR_8352340313,100,LOSE,788304,13.14,0,2,0,1,8,2,2,3,0
KR_8352340313,200,WIN,788304,13.14,3,0,1,0,11,4,0,0,1
KR_8348279970,100,WIN,935505,15.59,4,5,0,2,20,2,0,0,2
KR_8348279970,200,LOSE,935505,15.59,4,3,0,4,18,2,2,3,0
KR_8347102257,100,WIN,843681,14.06,7,1,1,2,10,4,1,3,1
KR_8347102257,200,LOSE,843681,14.06,2,3,1,4,13,1,1,0,0
KR_8343158676,100,WIN,765728,12.76,2,1,1,2,14,0,0,3,1
KR_8343158676,200,LOSE,765728,12.76,0,1,0,2,42,2,1,0,0
KR_8341516122,100,WIN,904379,15.07,3,1,0,1,22,3,0,3,1
KR_8341516122,200,LOSE,904379,15.07,0,2,1,1,50,1,1,0,1
KR_8339819399,100,LOSE,880919,14.68,1,3,0,4,9,3,1,0,1
KR_8339819399,200,WIN,880919,14.68,4,0,1,1,19,2,1,3,0
KR_8338795204,100,LOSE,1200183,20.0,2,9,0,6,31,11,1,0,0
KR_8338795204,200,WIN,1200183,20.0,6,4,2,6,79,10,1,3,3
KR_8352975305,100,LOSE,909024,15.15,1,3,0,2,53,3,4,0,0
KR_8352975305,200,WIN,909024,15.15,1,2,1,3,21,2,1,3,1
KR_8352734159,100,LOSE,946407,15.77,2,2,0,4,43,4,1,3,1
KR_8352734159,200,WIN,946407,15.77,2,2,0,3,17,6,3,0,1
KR_8352659947,100,WIN,770677,12.84,3,0,0,1,39,5,0,3,2
KR_8352659947,200,LOSE,770677,12.84,1,4,0,2,13,1,2,0,0
KR_8352026311,100,LOSE,786778,13.11,0,3,2,3,10,1,0,3,0
KR_8352026311,200,WIN,786778,13.11,3,3,1,2,12,3,0,0,2
KR_8351482454,100,WIN,907264,15.12,4,1,3,4,14,1,5,1,1
KR_8351482454,200,LOSE,907264,15.12,4,4,1,2,19,8,3,2,0
KR_8351454534,100,WIN,1021928,17.03,1,5,0,2,13,3,4,3,0
KR_8351454534,200,LOSE,1021928,17.03,5,1,0,4,13,2,3,0,1
KR_8351345239,100,LOSE,830234,13.84,2,2,1,4,7,3,2,0,0
KR_8351345239,200,WIN,830234,13.84,4,3,1,1,9,6,2,3,1
KR_8351192917,100,WIN,861013,14.35,4,1,2,1,10,8,1,3,0
KR_8351192917,200,LOSE,861013,14.35,2,4,1,4,8,1,3,0,2
KR_8350961148,100,LOSE,978154,16.3,4,0,0,4,19,5,2,0,0
KR_8350961148,200,WIN,978154,16.3,1,6,0,1,42,2,2,3,1
KR_8350817306,100,LOSE,978625,16.31,1,4,2,6,17,7,4,2,0
KR_8350817306,200,WIN,978625,16.31,5,4,0,4,18,8,2,1,1
KR_8350739226,100,LOSE,655781,10.93,6,0,1,4,5,2,2,2,0
KR_8350739226,200,WIN,655781,10.93,4,4,1,3,38,2,3,1,0
KR_8350673759,100,LOSE,968214,16.14,2,2,2,1,4,3,1,0,0
KR_8350673759,200,WIN,968214,16.14,2,5,1,1,53,3,4,3,2
KR_8352468745,100,WIN,933179,15.55,1,0,0,2,15,1,2,3,1
KR_8352468745,200,LOSE,933179,15.55,2,1,1,0,53,1,0,0,1
KR_8352405387,100,WIN,885154,14.75,0,2,0,3,53,2,1,3,2
KR_8352405387,200,LOSE,885154,14.75,4,2,1,1,14,3,1,0,0
KR_8352334973,100,WIN,849853,14.16,0,2,1,3,48,8,1,3,0
KR_8352334973,200,LOSE,849853,14.16,0,2,2,1,13,4,6,0,1
KR_8352277456,100,LOSE,821770,13.7,0,1,1,0,10,2,1,2,0
KR_8352277456,200,WIN,821770,13.7,1,0,0,0,10,3,1,1,1
KR_8354855651,100,WIN,1010112,16.84,18,4,1,3,19,7,3,3,2
KR_8354855651,200,LOSE,1010112,16.84,2,6,0,9,11,7,3,0,0
KR_8354818136,100,WIN,763436,12.72,5,1,3,3,8,1,0,3,1
KR_8354818136,200,LOSE,763436,12.72,0,5,1,2,8,1,3,0,0
KR_8354758075,100,WIN,746688,12.44,3,2,2,1,7,1,2,0,1
KR_8354758075,200,LOSE,746688,12.44,0,3,0,3,9,3,2,3,0
KR_8354085917,100,WIN,1002173,16.7,2,2,1,1,18,0,1,0,2
KR_8354085917,200,LOSE,1002173,16.7,1,3,1,1,16,2,3,3,0
KR_8353282296,100,LOSE,758549,12.64,1,7,0,6,8,5,0,3,1
KR_8353282296,200,WIN,758549,12.64,7,0,3,1,5,3,2,0,1
KR_8352898376,100,WIN,979302,16.32,9,4,1,4,13,5,4,0,2
KR_8352898376,200,LOSE,979302,16.32,5,6,1,5,9,2,1,3,0
KR_8352199057,100,WIN,800134,13.34,4,2,1,5,11,3,3,3,0
KR_8352199057,200,LOSE,800134,13.34,4,5,0,0,9,8,2,0,1
KR_8352130949,100,LOSE,804681,13.41,1,4,2,4,13,2,2,2,0
KR_8352130949,200,WIN,804681,13.41,2,1,3,0,43,5,2,1,2
KR_8352102046,100,LOSE,603542,10.06,2,3,0,2,5,0,2,0,0
KR_8352102046,200,WIN,603542,10.06,3,1,2,1,7,2,0,3,1
KR_8349112639,100,LOSE,785418,13.09,0,5,0,2,12,5,4,3,0
KR_8349112639,200,WIN,785418,13.09,7,0,0,2,12,4,4,0,0
KR_8346624566,100,WIN,804979,13.42,3,3,0,3,10,4,5,0,1
KR_8346624566,200,LOSE,804979,13.42,2,4,2,4,9,8,1,3,0
KR_8346524154,100,LOSE,1205820,20.1,5,4,1,4,21,1,3,0,0
KR_8346524154,200,WIN,1205820,20.1,1,5,2,1,15,10,0,3,3
KR_8346086234,100,LOSE,829713,13.83,0,3,1,5,15,3,2,3,1
KR_8346086234,200,WIN,829713,13.83,5,0,0,2,11,2,1,0,1
KR_8343977605,100,WIN,940524,15.68,1,1,1,2,12,4,2,2,1
KR_8343977605,200,LOSE,940524,15.68,2,3,0,2,16,3,3,1,0
KR_8343848374,100,WIN,739591,12.33,3,0,3,2,10,6,0,3,0
KR_8343848374,200,LOSE,739591,12.33,2,4,2,3,10,1,3,0,0
KR_8343832734,100,WIN,1009066,16.82,6,2,1,5,21,2,1,3,1
KR_8343832734,200,LOSE,1009066,16.82,5,2,0,3,15,4,3,0,0
KR_8343823404,100,LOSE,786677,13.11,1,0,1,2,13,1,2,3,0
KR_8343823404,200,WIN,786677,13.11,2,1,1,0,14,4,1,0,1
KR_8342621668,100,LOSE,763157,12.72,0,5,1,1,6,0,2,0,0
KR_8342621668,200,WIN,763157,12.72,2,1,2,0,12,5,1,3,1
KR_8342561706,100,LOSE,703031,11.72,2,4,0,7,5,2,3,0,0
KR_8342561706,200,WIN,703031,11.72,6,1,3,1,8,5,0,3,1
KR_8354794090,100,LOSE,930857,15.51,3,4,1,4,17,1,3,0,0
KR_8354794090,200,WIN,930857,15.51,5,3,2,4,15,2,1,3,1
KR_8354520111,100,LOSE,834273,13.9,2,1,0,3,48,1,2,0,1
KR_8354520111,200,WIN,834273,13.9,2,1,1,2,12,5,0,3,1
KR_8354475382,100,LOSE,651145,10.85,1,3,0,4,6,4,2,3,0
KR_8354475382,200,WIN,651145,10.85,7,2,0,0,3,1,4,0,1
KR_8352684560,100,LOSE,772927,12.88,0,4,0,4,8,2,2,0,0
KR_8352684560,200,WIN,772927,12.88,4,1,0,0,13,4,2,3,2
KR_8352638740,100,LOSE,853363,14.22,0,4,1,10,47,0,0,0,0
KR_8352638740,200,WIN,853363,14.22,5,0,2,1,52,6,0,3,2
KR_8352591329,100,LOSE,908781,15.15,5,5,3,1,14,1,4,0,1
KR_8352591329,200,WIN,908781,15.15,3,7,2,3,16,5,2,3,1
KR_8352519611,100,LOSE,908521,15.14,0,3,0,3,18,6,3,2,0
KR_8352519611,200,WIN,908521,15.14,1,1,1,3,15,7,2,1,2
KR_8352072795,100,LOSE,976579,16.28,1,3,0,3,61,8,2,0,2
KR_8352072795,200,WIN,976579,16.28,7,3,1,3,25,5,2,3,0
KR_8352046008,100,LOSE,676247,11.27,5,5,0,5,10,1,5,0,0
KR_8352046008,200,WIN,676247,11.27,4,2,4,4,8,5,1,3,0
KR_8351950464,100,LOSE,952832,15.88,6,1,1,2,18,2,1,3,2
KR_8351950464,200,WIN,952832,15.88,1,1,2,2,31,2,4,0,0
KR_8351832314,100,WIN,970382,16.17,0,2,1,3,34,5,2,2,1
KR_8351832314,200,LOSE,970382,16.17,3,1,1,4,18,5,1,1,1
KR_8351780775,100,LOSE,766298,12.77,0,5,1,3,43,2,6,0,1
KR_8351780775,200,WIN,766298,12.77,5,1,1,3,11,6,1,3,0
KR_8351738801,100,LOSE,613545,10.23,2,4,1,4,3,1,4,0,0
KR_8351738801,200,WIN,613545,10.23,6,1,1,1,4,2,2,0,0
KR_8351709754,100,WIN,802335,13.37,3,3,3,0,12,7,1,0,1
KR_8351709754,200,LOSE,802335,13.37,3,4,1,4,6,1,3,3,0
KR_8348599015,100,WIN,712268,11.87,6,2,0,1,8,2,0,1,1
KR_8348599015,200,LOSE,712268,11.87,2,5,2,2,11,2,2,2,0
KR_8347448205,100,LOSE,972681,16.21,3,5,1,1,12,4,0,0,1
KR_8347448205,200,WIN,972681,16.21,5,3,0,4,16,4,2,3,1
KR_8347409827,100,LOSE,794947,13.25,3,3,0,4,10,2,2,2,0
KR_8347409827,200,WIN,794947,13.25,2,3,3,1,42,1,2,1,2
KR_8347384126,100,WIN,827099,13.78,3,0,0,0,48,1,0,3,1
KR_8347384126,200,LOSE,827099,13.78,0,3,0,1,12,1,0,0,0
KR_8347327157,100,LOSE,896068,14.93,6,3,1,5,14,2,1,0,1
KR_8347327157,200,WIN,896068,14.93,2,5,3,4,14,2,2,3,1
KR_8346361985,100,WIN,790873,13.18,10,1,2,2,10,3,0,3,2
KR_8346361985,200,LOSE,790873,13.18,0,8,0,6,10,3,4,0,0
KR_8345317328,100,WIN,988025,16.47,5,4,0,9,11,8,4,2,0
KR_8345317328,200,LOSE,988025,16.47,4,5,4,5,13,2,4,1,0
KR_8345298408,100,WIN,1134869,18.91,3,1,2,5,20,10,1,0,0
KR_8345298408,200,LOSE,1134869,18.91,1,3,2,3,16,1,5,3,2
KR_8344917382,100,LOSE,1129068,18.82,7,5,2,5,13,4,6,0,0
KR_8344917382,200,WIN,1129068,18.82,7,9,2,3,23,8,2,3,3
KR_8344623440,100,WIN,924538,15.41,3,2,0,2,16,4,2,3,1
KR_8344623440,200,LOSE,924538,15.41,4,1,1,1,13,3,2,0,1
KR_8344522500,100,WIN,1133942,18.9,2,3,4,2,66,12,1,0,1
KR_8344522500,200,LOSE,1133942,18.9,4,2,3,3,68,0,5,3,1
KR_8344479552,100,LOSE,861035,14.35,3,2,1,3,17,4,0,0,0
KR_8344479552,200,WIN,861035,14.35,3,3,2,3,10,1,2,3,1
KR_8342126404,100,LOSE,871584,14.53,4,3,2,1,14,2,3,2,2
KR_8342126404,200,WIN,871584,14.53,1,4,1,3,46,2,0,1,0
KR_8354149943,100,LOSE,826594,13.78,2,4,4,2,11,3,2,3,1
KR_8354149943,200,WIN,826594,13.78,1,2,3,3,13,2,2,0,0
KR_8354139930,100,LOSE,741995,12.37,4,7,2,4,5,1,2,0,0
KR_8354139930,200,WIN,741995,12.37,6,4,2,2,41,6,1,3,1
KR_8354127500,100,WIN,852785,14.21,7,5,4,3,10,1,3,3,1
KR_8354127500,200,LOSE,852785,14.21,2,7,3,3,17,8,2,0,1
KR_8354063241,100,LOSE,960507,16.01,3,4,2,5,13,3,4,2,0
KR_8354063241,200,WIN,960507,16.01,5,4,4,7,10,2,2,1,1
KR_8353988433,100,WIN,732087,12.2,5,2,2,3,9,7,1,0,0
KR_8353988433,200,LOSE,732087,12.2,3,6,1,5,5,1,1,3,1
KR_8353835511,100,WIN,962282,16.04,4,4,1,6,16,6,3,0,0
KR_8353835511,200,LOSE,962282,16.04,8,4,0,4,61,5,0,3,2
KR_8353760485,100,LOSE,713349,11.89,0,3,4,5,10,1,1,3,1
KR_8353760485,200,WIN,713349,11.89,2,3,4,1,38,2,1,0,0
KR_8353656980,100,LOSE,961921,16.03,3,7,3,3,17,5,1,3,0
KR_8353656980,200,WIN,961921,16.03,4,6,7,4,30,2,1,0,2
KR_8353506950,100,LOSE,829081,13.82,0,0,0,2,14,0,2,0,0
KR_8353506950,200,WIN,829081,13.82,0,0,0,0,11,2,0,3,2
KR_8353024835,100,WIN,1093160,18.22,5,3,3,2,64,6,2,2,2
KR_8353024835,200,LOSE,1093160,18.22,2,4,1,6,61,3,8,1,0
KR_8355244350,100,LOSE,1046054,17.43,1,3,1,3,21,3,3,0,0
KR_8355244350,200,WIN,1046054,17.43,4,3,1,1,17,6,2,3,2
KR_8355231298,100,WIN,1040644,17.34,3,2,3,2,25,7,2,3,2
KR_8355231298,200,LOSE,1040644,17.34,1,4,1,5,22,4,7,0,0
KR_8355201794,100,LOSE,987525,16.46,9,4,2,6,18,3,7,2,0
KR_8355201794,200,WIN,987525,16.46,3,7,6,3,18,9,3,1,1
KR_8355160882,100,LOSE,1004642,16.74,3,1,1,1,66,7,2,3,1
KR_8355160882,200,WIN,1004642,16.74,3,2,1,3,27,1,1,0,1
KR_8354657830,100,WIN,767920,12.8,4,3,0,0,14,4,1,0,1
KR_8354657830,200,LOSE,767920,12.8,2,4,1,2,15,3,0,3,1
KR_8355199242,100,LOSE,979359,16.32,3,3,0,3,16,2,2,0,2
KR_8355199242,200,WIN,979359,16.32,2,4,1,3,15,5,0,3,0
KR_8354661120,100,WIN,825373,13.76,5,2,2,2,10,6,1,3,2
KR_8354661120,200,LOSE,825373,13.76,1,4,1,3,13,3,1,0,0
KR_8352955917,100,WIN,1010618,16.84,6,3,0,4,18,9,2,0,0
KR_8352955917,200,LOSE,1010618,16.84,2,3,2,6,21,6,6,3,2
KR_8349766703,100,WIN,852317,14.21,3,3,0,4,15,5,5,0,0
KR_8349766703,200,LOSE,852317,14.21,3,2,3,2,17,7,0,3,1
KR_8348599948,100,WIN,824384,13.74,4,5,1,4,11,2,6,2,0
KR_8348599948,200,LOSE,824384,13.74,6,4,4,4,9,7,2,1,0
KR_8348579628,100,WIN,671585,11.19,2,1,0,0,10,3,2,0,1
KR_8348579628,200,LOSE,671585,11.19,2,3,3,3,4,1,3,0,0
KR_8346239039,100,WIN,800414,13.34,3,2,2,2,10,0,1,0,1
KR_8346239039,200,LOSE,800414,13.34,1,3,4,3,46,3,0,3,0
KR_8346198216,100,WIN,846578,14.11,6,3,3,4,15,4,1,3,1
KR_8346198216,200,LOSE,846578,14.11,3,7,0,7,43,7,3,0,0
KR_8345071252,100,WIN,877561,14.63,3,1,1,2,51,5,2,3,1
KR_8345071252,200,LOSE,877561,14.63,2,3,1,3,14,4,1,0,1
KR_8343435342,100,LOSE,789520,13.16,0,1,0,0,44,4,2,0,0
KR_8343435342,200,WIN,789520,13.16,0,0,1,1,16,3,2,3,1
KR_8341791070,100,WIN,744288,12.4,4,3,0,3,37,8,2,0,1
KR_8341791070,200,LOSE,744288,12.4,3,5,2,5,10,4,3,3,1
KR_8340238290,100,WIN,778561,12.98,8,4,1,2,6,3,2,3,1
KR_8340238290,200,LOSE,778561,12.98,2,4,1,5,11,5,3,0,0
KR_8337915748,100,LOSE,918553,15.31,5,5,0,3,33,2,4,3,0
KR_8337915748,200,WIN,918553,15.31,6,2,0,3,13,6,3,0,1
KR_8337877164,100,WIN,779338,12.99,0,1,0,1,13,4,0,0,1
KR_8337877164,200,LOSE,779338,12.99,0,1,1,1,7,0,2,3,1
KR_8337803631,100,WIN,1078331,17.97,4,3,2,2,16,4,3,3,0
KR_8337803631,200,LOSE,1078331,17.97,5,2,1,6,13,4,2,0,2
KR_8337738922,100,LOSE,768527,12.81,0,2,0,2,8,2,3,1,0
KR_8337738922,200,WIN,768527,12.81,2,0,1,1,9,6,1,2,1
KR_8350365032,100,LOSE,832520,13.88,3,5,0,5,8,3,3,2,0
KR_8350365032,200,WIN,832520,13.88,4,3,4,3,43,3,1,0,2
KR_8348508178,100,LOSE,992752,16.55,3,7,1,4,36,2,1,2,0
KR_8348508178,200,WIN,992752,16.55,2,2,4,1,17,8,1,1,1
KR_8348449823,100,WIN,965039,16.08,5,5,1,4,16,2,4,3,0
KR_8348449823,200,LOSE,965039,16.08,4,4,0,3,14,7,0,0,2
KR_8348385755,100,LOSE,963648,16.06,5,4,0,6,18,1,4,1,0
KR_8348385755,200,WIN,963648,16.06,7,3,2,2,18,6,4,2,2
KR_8348002883,100,WIN,1017245,16.95,7,8,3,3,19,8,0,0,1
KR_8348002883,200,LOSE,1017245,16.95,4,11,3,3,17,4,6,3,0
KR_8342817813,100,LOSE,856509,14.28,1,4,1,2,12,2,1,1,0
KR_8342817813,200,WIN,856509,14.28,4,0,0,2,48,3,0,2,1
KR_8340516686,100,LOSE,965439,16.09,4,3,3,0,13,1,0,1,1
KR_8340516686,200,WIN,965439,16.09,1,3,0,4,46,1,1,2,1
KR_8340486109,100,WIN,1049713,17.5,6,2,2,4,22,9,0,1,1
KR_8340486109,200,LOSE,1049713,17.5,2,9,1,2,61,2,4,2,0
KR_8340442519,100,LOSE,920215,15.34,3,3,0,3,14,2,1,0,0
KR_8340442519,200,WIN,920215,15.34,4,2,0,2,18,3,2,3,2
KR_8339802782,100,WIN,683154,11.39,0,1,4,2,7,4,1,3,0
KR_8339802782,200,LOSE,683154,11.39,1,2,0,4,4,3,2,0,1
KR_8339150221,100,WIN,650847,10.85,2,0,0,0,9,3,3,2,1
KR_8339150221,200,LOSE,650847,10.85,0,3,0,2,8,1,2,1,0
KR_8339087438,100,LOSE,912428,15.21,4,5,1,4,15,1,3,3,1
KR_8339087438,200,WIN,912428,15.21,10,2,0,4,15,4,1,0,1
KR_8339002466,100,WIN,761983,12.7,5,2,0,0,10,4,1,3,0
KR_8339002466,200,LOSE,761983,12.7,0,4,1,1,13,2,1,0,1
KR_8345002851,100,WIN,822804,13.71,0,0,0,1,48,5,2,0,0
KR_8345002851,200,LOSE,822804,13.71,0,0,1,3,42,2,1,3,2
KR_8344889642,100,LOSE,863264,14.39,2,5,4,4,13,2,4,1,0
KR_8344889642,200,WIN,863264,14.39,0,5,5,1,12,3,1,2,2
KR_8339014716,100,WIN,766152,12.77,8,2,1,0,10,7,4,2,0
KR_8339014716,200,LOSE,766152,12.77,1,8,2,5,11,2,6,0,0
KR_8338464392,100,LOSE,934113,15.57,3,2,3,1,18,6,0,3,1
KR_8338464392,200,WIN,934113,15.57,2,4,0,0,17,1,4,0,0
KR_8338311689,100,WIN,787108,13.12,0,1,1,2,9,4,2,3,1
KR_8338311689,200,LOSE,787108,13.12,6,2,0,1,22,1,1,0,1
KR_8338052587,100,LOSE,745476,12.42,2,2,1,3,14,3,4,3,0
KR_8338052587,200,WIN,745476,12.42,3,2,0,2,12,5,3,0,0
KR_8338021569,100,LOSE,611460,10.19,1,2,1,4,8,2,0,0,0
KR_8338021569,200,WIN,611460,10.19,5,2,1,1,8,0,0,3,0
KR_8337901597,100,WIN,1064820,17.75,8,3,3,3,66,7,1,3,2
KR_8337901597,200,LOSE,1064820,17.75,3,7,0,8,20,5,3,0,0
KR_8337134250,100,LOSE,781730,13.03,1,4,0,4,10,0,3,0,0
KR_8337134250,200,WIN,781730,13.03,2,1,5,1,13,5,0,3,1
KR_8354584712,100,WIN,748448,12.47,4,4,2,1,9,10,2,2,0
KR_8354584712,200,LOSE,748448,12.47,1,3,3,7,9,2,4,1,0
KR_8353919881,100,WIN,804231,13.4,4,5,0,2,49,3,4,3,0
KR_8353919881,200,LOSE,804231,13.4,2,2,5,6,12,3,1,0,1
KR_8353579301,100,LOSE,909122,15.15,0,2,0,2,14,8,0,2,1
KR_8353579301,200,WIN,909122,15.15,4,2,1,2,11,2,3,1,0
KR_8353491178,100,LOSE,858651,14.31,5,7,2,3,11,2,5,0,0
KR_8353491178,200,WIN,858651,14.31,4,2,3,5,13,10,1,3,1
KR_8352488276,100,WIN,869852,14.5,7,3,7,4,15,4,1,0,2
KR_8352488276,200,LOSE,869852,14.5,5,8,0,6,44,4,6,3,0
KR_8347818155,100,WIN,850033,14.17,2,1,1,1,8,5,2,3,1
KR_8347818155,200,LOSE,850033,14.17,1,2,1,2,12,1,2,0,1
KR_8347510216,100,WIN,774656,12.91,4,4,0,2,13,1,2,0,1
KR_8347510216,200,LOSE,774656,12.91,3,2,0,2,16,6,1,3,0
KR_8354503315,100,WIN,871896,14.53,7,3,2,1,16,4,2,3,1
KR_8354503315,200,LOSE,871896,14.53,1,7,2,5,28,5,6,0,1
KR_8354465728,100,WIN,949530,15.83,5,4,4,1,16,10,3,3,1
KR_8354465728,200,LOSE,949530,15.83,1,3,3,7,21,5,2,0,0
KR_8354438544,100,WIN,838133,13.97,1,3,0,2,16,10,0,3,2
KR_8354438544,200,LOSE,838133,13.97,1,4,2,4,13,3,3,0,0
KR_8354383809,100,LOSE,907146,15.12,3,4,2,3,12,4,0,2,1
KR_8354383809,200,WIN,907146,15.12,5,2,0,3,15,2,2,1,1
KR_8354344919,100,LOSE,845656,14.09,4,2,2,4,13,1,3,3,2
KR_8354344919,200,WIN,845656,14.09,6,5,1,3,14,0,1,0,0
KR_8348982361,100,LOSE,941816,15.7,1,3,0,2,58,3,1,1,0
KR_8348982361,200,WIN,941816,15.7,4,1,0,2,20,1,2,2,2
KR_8348943353,100,WIN,742670,12.38,7,1,1,0,9,0,1,0,1
KR_8348943353,200,LOSE,742670,12.38,1,4,0,4,6,0,0,3,0
KR_8347873121,100,LOSE,1178394,19.64,4,8,3,6,19,2,2,3,0
KR_8347873121,200,WIN,1178394,19.64,8,4,1,0,23,7,3,0,2
KR_8347836914,100,WIN,775095,12.92,0,2,2,5,8,0,1,3,0
KR_8347836914,200,LOSE,775095,12.92,5,1,0,2,27,2,1,0,1
KR_8347814164,100,WIN,941984,15.7,4,4,1,1,20,4,2,1,0
KR_8347814164,200,LOSE,941984,15.7,5,4,1,4,10,1,3,2,1
KR_8347772492,100,WIN,955355,15.92,5,1,0,4,11,8,1,3,1
KR_8347772492,200,LOSE,955355,15.92,5,4,1,2,12,0,7,0,1
KR_8346761268,100,LOSE,804254,13.4,1,1,1,4,45,4,2,0,1
KR_8346761268,200,WIN,804254,13.4,1,2,4,4,10,2,1,3,0
KR_8344547747,100,LOSE,980948,16.35,11,3,1,4,21,5,3,3,0
KR_8344547747,200,WIN,980948,16.35,8,8,0,6,18,2,4,0,2
KR_8355144177,100,WIN,778212,12.97,5,1,2,3,11,5,1,3,0
KR_8355144177,200,LOSE,778212,12.97,1,4,1,3,8,3,6,0,0
KR_8355093210,100,LOSE,698025,11.63,1,3,2,0,8,3,2,0,0
KR_8355093210,200,WIN,698025,11.63,2,3,1,2,6,5,0,3,1
KR_8354975347,100,LOSE,1005358,16.76,2,6,0,2,22,5,1,2,0
KR_8354975347,200,WIN,1005358,16.76,6,2,0,1,27,5,3,1,2
KR_8354914588,100,LOSE,788996,13.15,2,4,2,4,12,1,3,0,0
KR_8354914588,200,WIN,788996,13.15,3,1,3,3,14,7,0,3,1
KR_8354806483,100,LOSE,631216,10.52,2,3,0,3,3,1,0,0,0
KR_8354806483,200,WIN,631216,10.52,3,1,1,1,31,4,0,3,1
KR_8354185994,100,WIN,1063082,17.72,3,4,0,4,26,6,4,1,1
KR_8354185994,200,LOSE,1063082,17.72,4,3,3,2,65,5,3,2,0
KR_8354192304,100,LOSE,854768,14.25,4,5,2,5,9,2,3,0,0
KR_8354192304,200,WIN,854768,14.25,5,5,1,3,9,7,2,3,1
KR_8354173937,100,WIN,798690,13.31,1,4,2,1,13,3,0,3,0
KR_8354173937,200,LOSE,798690,13.31,2,2,0,1,11,3,2,0,2
KR_8354173644,100,LOSE,901193,15.02,0,2,1,3,14,2,4,0,0
KR_8354173644,200,WIN,901193,15.02,2,0,1,0,9,7,2,3,1
KR_8354157529,100,WIN,781071,13.02,4,3,2,0,12,5,1,3,1
KR_8354157529,200,LOSE,781071,13.02,2,5,0,5,8,4,4,0,1
KR_8354148730,100,LOSE,886283,14.77,3,4,1,4,4,1,2,0,0
KR_8354148730,200,WIN,886283,14.77,1,2,1,3,11,7,1,3,2
KR_8354128979,100,WIN,682583,11.38,3,2,1,3,7,2,1,2,0
KR_8354128979,200,LOSE,682583,11.38,2,3,2,3,6,3,1,1,0
KR_8353997923,100,WIN,704596,11.74,4,2,1,2,10,1,2,3,1
KR_8353997923,200,LOSE,704596,11.74,1,3,0,5,5,5,3,0,0
KR_8353976587,100,LOSE,779703,13.0,0,3,1,3,4,3,2,0,0
KR_8353976587,200,WIN,779703,13.0,2,2,2,0,7,5,1,3,2
KR_8355242684,100,WIN,797972,13.3,2,2,1,3,12,4,1,3,1
KR_8355242684,200,LOSE,797972,13.3,2,4,2,2,47,3,2,0,1
KR_8354839689,100,LOSE,640574,10.68,0,4,1,0,3,3,0,2,0
KR_8354839689,200,WIN,640574,10.68,2,1,1,0,4,1,1,1,1
KR_8354326205,100,LOSE,709273,11.82,0,5,1,2,7,1,6,2,0
KR_8354326205,200,WIN,709273,11.82,3,0,1,0,13,8,0,1,0
KR_8354298186,100,LOSE,849669,14.16,6,5,2,3,12,6,1,3,0
KR_8354298186,200,WIN,849669,14.16,5,5,1,5,8,4,6,0,1
KR_8354269782,100,LOSE,802373,13.37,1,4,1,0,10,0,1,2,1
KR_8354269782,200,WIN,802373,13.37,4,1,0,1,13,2,0,1,0
KR_8354262405,100,WIN,881201,14.69,4,5,1,4,13,3,3,3,1
KR_8354262405,200,LOSE,881201,14.69,5,1,3,5,7,8,4,0,0
KR_8354243196,100,WIN,914110,15.24,4,4,1,4,10,8,3,3,0
KR_8354243196,200,LOSE,914110,15.24,7,2,1,7,17,0,4,0,0
KR_8353981239,100,WIN,854510,14.24,5,1,1,3,14,2,1,3,0
KR_8353981239,200,LOSE,854510,14.24,4,4,2,4,13,1,2,0,1
KR_8353924380,100,WIN,932786,15.55,3,1,3,5,15,3,2,2,0
KR_8353924380,200,LOSE,932786,15.55,3,3,1,6,14,6,3,1,1
KR_8353754719,100,LOSE,947122,15.79,1,3,1,1,14,3,2,0,0
KR_8353754719,200,WIN,947122,15.79,2,2,1,1,19,5,1,3,2
KR_8353027238,100,LOSE,657317,10.96,1,2,0,1,35,1,0,0,1
KR_8353027238,200,WIN,657317,10.96,1,0,1,1,5,0,2,3,0
KR_8352958244,100,WIN,796283,13.27,6,3,1,3,14,2,2,3,0
KR_8352958244,200,LOSE,796283,13.27,2,6,3,6,11,4,4,0,1
KR_8350931374,100,WIN,628349,10.47,0,0,0,0,7,5,0,3,0
KR_8350931374,200,LOSE,628349,10.47,0,2,0,2,5,1,3,0,1
KR_8341961346,100,WIN,548907,9.15,4,0,1,1,4,1,1,0,0
KR_8341961346,200,LOSE,548907,9.15,1,4,1,0,4,2,0,3,0
KR_8341920175,100,LOSE,864716,14.41,2,4,2,5,11,2,2,0,0
KR_8341920175,200,WIN,864716,14.41,5,2,2,4,9,3,0,3,1
KR_8341874376,100,WIN,740693,12.34,4,2,3,1,9,2,1,3,1
KR_8341874376,200,LOSE,740693,12.34,2,6,0,3,8,1,1,0,0
KR_8341785719,100,WIN,996315,16.61,5,0,1,1,23,2,1,3,1
KR_8341785719,200,LOSE,996315,16.61,0,4,2,3,62,4,5,0,0
KR_8341658595,100,WIN,764703,12.75,8,4,2,3,9,1,0,3,1
KR_8341658595,200,LOSE,764703,12.75,2,5,1,4,9,2,4,0,1
KR_8341553948,100,WIN,893015,14.88,1,1,2,4,16,8,0,3,1
KR_8341553948,200,LOSE,893015,14.88,3,4,2,3,15,1,3,0,1
KR_8341495400,100,LOSE,891058,14.85,1,3,1,4,16,8,2,3,2
KR_8341495400,200,WIN,891058,14.85,1,2,4,3,47,3,7,0,0
KR_8341453394,100,LOSE,716077,11.93,1,3,2,6,5,4,4,2,1
KR_8341453394,200,WIN,716077,11.93,5,0,5,2,9,1,2,1,0
KR_8341415394,100,LOSE,788437,13.14,1,4,2,6,8,1,3,1,0
KR_8341415394,200,WIN,788437,13.14,4,1,1,3,42,9,2,2,1
KR_8341389160,100,LOSE,874653,14.58,2,5,1,6,17,0,4,0,1
KR_8341389160,200,WIN,874653,14.58,4,1,8,4,13,5,1,3,0
KR_8341341242,100,LOSE,884032,14.73,1,3,2,8,21,1,5,2,0
KR_8341341242,200,WIN,884032,14.73,5,2,3,4,10,8,0,1,2
KR_8341292765,100,LOSE,913184,15.22,3,5,4,5,10,3,4,2,0
KR_8341292765,200,WIN,913184,15.22,6,1,1,4,12,7,2,1,1
KR_8341243654,100,LOSE,859505,14.33,0,1,2,4,13,5,3,3,0
KR_8341243654,200,WIN,859505,14.33,4,2,1,4,33,5,0,0,2
KR_8341194916,100,LOSE,851335,14.19,0,5,0,2,13,10,0,3,1
KR_8341194916,200,WIN,851335,14.19,3,4,1,1,12,2,3,0,0
KR_8341137467,100,LOSE,908988,15.15,1,2,1,4,14,2,2,0,1
KR_8341137467,200,WIN,908988,15.15,5,0,0,1,10,3,0,3,0
KR_8341070806,100,WIN,890786,14.85,3,2,1,3,52,3,1,2,1
KR_8341070806,200,LOSE,890786,14.85,4,3,1,3,32,0,1,1,1
KR_8341029298,100,LOSE,888619,14.81,2,1,1,3,17,3,5,0,0
KR_8341029298,200,WIN,888619,14.81,0,2,0,4,13,2,1,3,2
KR_8340963895,100,LOSE,566754,9.45,0,3,0,3,3,2,2,0,0
KR_8340963895,200,WIN,566754,9.45,3,1,2,0,2,5,0,3,0
KR_8348623798,100,WIN,1052979,17.55,4,4,4,3,21,2,5,2,1
KR_8348623798,200,LOSE,1052979,17.55,5,3,0,8,24,7,1,1,1
KR_8348613913,100,LOSE,625786,10.43,1,6,1,4,2,1,2,1,0
KR_8348613913,200,WIN,625786,10.43,8,0,2,2,7,4,2,1,0
KR_8346817984,100,LOSE,774930,12.92,4,1,8,4,9,8,1,0,1
KR_8346817984,200,WIN,774930,12.92,2,5,0,6,33,4,3,3,0
KR_8346522067,100,WIN,677117,11.29,6,0,3,0,5,5,3,3,0
KR_8346522067,200,LOSE,677117,11.29,2,5,1,4,7,1,2,0,1
KR_8346512385,100,WIN,884783,14.75,1,1,0,0,18,9,0,3,1
KR_8346512385,200,LOSE,884783,14.75,1,2,0,1,11,2,3,0,0
KR_8346498846,100,LOSE,850450,14.17,0,3,0,1,42,5,1,0,2
KR_8346498846,200,WIN,850450,14.17,4,1,0,1,14,3,3,3,0
KR_8346489760,100,WIN,681494,11.36,2,1,2,1,7,1,0,3,1
KR_8346489760,200,LOSE,681494,11.36,0,2,0,3,8,2,0,0,0
KR_8346477916,100,WIN,768617,12.81,3,2,2,1,8,2,1,0,2
KR_8346477916,200,LOSE,768617,12.81,1,4,0,5,20,3,1,3,0
KR_8346462773,100,WIN,1054276,17.57,6,2,0,2,22,7,0,2,3
KR_8346462773,200,LOSE,1054276,17.57,1,3,1,5,20,3,4,1,0
KR_8346391740,100,WIN,908839,15.15,2,3,3,2,18,10,1,0,0
KR_8346391740,200,LOSE,908839,15.15,2,4,0,4,13,5,5,3,1
KR_8346349621,100,LOSE,853823,14.23,1,1,0,1,11,5,0,2,2
KR_8346349621,200,WIN,853823,14.23,2,0,0,2,15,2,4,1,0
KR_8346316455,100,LOSE,944534,15.74,3,1,0,2,21,2,3,3,0
KR_8346316455,200,WIN,944534,15.74,3,2,0,3,18,3,0,0,2
KR_8355237528,100,LOSE,904800,15.08,4,6,1,9,13,0,7,0,0
KR_8355237528,200,WIN,904800,15.08,12,2,4,2,13,6,3,3,2
KR_8352196531,100,WIN,938102,15.64,2,1,3,1,14,1,2,3,1
KR_8352196531,200,LOSE,938102,15.64,2,2,0,3,20,4,1,0,1
KR_8352146253,100,WIN,947711,15.8,5,0,0,0,27,2,1,0,2
KR_8352146253,200,LOSE,947711,15.8,1,3,1,3,15,1,2,3,0
KR_8352105302,100,LOSE,791767,13.2,2,4,0,5,6,1,6,2,0
KR_8352105302,200,WIN,791767,13.2,1,2,3,2,10,10,1,1,2
KR_8348551657,100,WIN,876325,14.61,6,3,1,1,18,3,3,3,2
KR_8348551657,200,LOSE,876325,14.61,2,5,1,4,17,3,5,0,0
KR_8348530869,100,LOSE,804432,13.41,2,1,1,6,12,1,4,0,0
KR_8348530869,200,WIN,804432,13.41,3,2,0,0,15,5,2,3,1
KR_8345872956,100,LOSE,959613,15.99,4,3,3,5,16,6,1,3,0
KR_8345872956,200,WIN,959613,15.99,6,3,0,4,16,5,3,0,1
KR_8345839271,100,LOSE,778506,12.98,2,4,1,3,9,2,1,1,0
KR_8345839271,200,WIN,778506,12.98,3,4,1,0,6,2,1,2,2
KR_8340455494,100,LOSE,830204,13.84,2,5,1,5,20,1,4,0,0
KR_8340455494,200,WIN,830204,13.84,7,2,0,2,11,7,0,3,2
KR_8340411747,100,WIN,881245,14.69,4,3,0,3,14,9,0,1,1
KR_8340411747,200,LOSE,881245,14.69,1,2,1,3,49,3,2,2,0
KR_8340349202,100,LOSE,697148,11.62,2,3,1,3,10,1,2,3,0
KR_8340349202,200,WIN,697148,11.62,4,2,1,1,7,1,0,0,2
KR_8340280572,100,WIN,852032,14.2,3,5,0,3,10,0,2,3,0
KR_8340280572,200,LOSE,852032,14.2,7,3,0,0,19,5,0,0,2
KR_8340234103,100,WIN,921184,15.35,4,3,1,3,10,5,1,3,2
KR_8340234103,200,LOSE,921184,15.35,1,3,0,6,11,4,6,0,0
KR_8340147854,100,LOSE,781669,13.03,3,4,1,4,11,7,3,0,1
KR_8340147854,200,WIN,781669,13.03,5,3,2,4,11,3,1,3,0
KR_8340042700,100,WIN,774745,12.91,7,1,4,2,30,4,1,3,0
KR_8340042700,200,LOSE,774745,12.91,1,5,3,6,12,2,2,0,1
KR_8348546633,100,LOSE,742789,12.38,1,4,0,8,9,2,2,1,0
KR_8348546633,200,WIN,742789,12.38,6,4,7,2,12,4,2,2,1
KR_8348507774,100,WIN,889800,14.83,3,4,1,2,10,3,1,3,1
KR_8348507774,200,LOSE,889800,14.83,2,4,2,6,15,1,4,0,0
KR_8348467740,100,WIN,858437,14.31,0,3,4,5,41,3,3,2,1
KR_8348467740,200,LOSE,858437,14.31,4,2,2,4,15,5,4,1,1
KR_8348436185,100,WIN,794334,13.24,10,1,0,1,14,0,0,3,1
KR_8348436185,200,LOSE,794334,13.24,1,3,0,4,11,3,3,0,0
KR_8347462576,100,WIN,606472,10.11,4,1,0,1,4,0,2,3,0
KR_8347462576,200,LOSE,606472,10.11,1,2,2,2,3,3,0,0,1
KR_8347374842,100,LOSE,906301,15.11,2,2,0,2,12,3,2,0,0
KR_8347374842,200,WIN,906301,15.11,5,2,1,2,15,3,1,3,1
KR_8344810240,100,WIN,856231,14.27,2,0,2,0,44,8,0,0,1
KR_8344810240,200,LOSE,856231,14.27,0,5,0,3,50,4,2,3,1
KR_8344659083,100,WIN,736135,12.27,3,0,1,0,12,3,2,1,0
KR_8344659083,200,LOSE,736135,12.27,0,2,0,2,13,2,1,2,1
KR_8353868398,100,WIN,777362,12.96,3,0,2,0,9,6,1,2,0
KR_8353868398,200,LOSE,777362,12.96,0,2,1,4,38,0,2,1,1
KR_8350170705,100,LOSE,706203,11.77,0,6,0,4,9,4,2,3,0
KR_8350170705,200,WIN,706203,11.77,5,0,3,1,8,4,2,0,1
KR_8350130496,100,WIN,988182,16.47,3,3,1,4,19,2,3,0,0
KR_8350130496,200,LOSE,988182,16.47,5,3,0,1,17,2,1,3,2
KR_8347888442,100,WIN,703880,11.73,4,2,2,2,10,7,0,2,1
KR_8347888442,200,LOSE,703880,11.73,3,7,1,1,14,1,2,1,0
KR_8347738008,100,WIN,987515,16.46,3,5,3,4,19,6,1,2,1
KR_8347738008,200,LOSE,987515,16.46,4,3,3,4,18,2,2,1,1
KR_8347697207,100,WIN,935426,15.59,4,6,0,2,13,2,0,0,0
KR_8347697207,200,LOSE,935426,15.59,4,2,2,3,11,5,1,3,1
KR_8347024622,100,LOSE,701722,11.7,0,3,1,1,11,5,1,3,0
KR_8347024622,200,WIN,701722,11.7,4,0,0,1,12,3,2,0,1
KR_8346973967,100,WIN,883358,14.72,3,3,3,3,9,3,2,3,0
KR_8346973967,200,LOSE,883358,14.72,0,3,1,2,12,5,4,0,1
KR_8346743929,100,WIN,798853,13.31,8,3,0,1,13,4,1,1,0
KR_8346743929,200,LOSE,798853,13.31,1,6,0,4,14,5,0,2,1
KR_8345824391,100,WIN,690801,11.51,3,2,2,2,9,5,0,1,1
KR_8345824391,200,LOSE,690801,11.51,2,5,1,2,7,2,4,2,0
KR_8345694599,100,WIN,957556,15.96,1,1,1,1,50,3,1,3,1
KR_8345694599,200,LOSE,957556,15.96,0,1,1,1,17,2,2,0,1
KR_8345635183,100,WIN,625033,10.42,3,1,3,2,9,2,1,1,1
KR_8345635183,200,LOSE,625033,10.42,3,4,0,3,8,0,1,2,0
KR_8345614374,100,WIN,781790,13.03,7,3,0,1,11,7,1,2,1
KR_8345614374,200,LOSE,781790,13.03,3,5,2,5,14,1,4,1,0
KR_8345593119,100,WIN,708785,11.81,4,1,0,1,7,0,1,3,1
KR_8345593119,200,LOSE,708785,11.81,0,4,1,3,4,2,0,0,0
KR_8345514794,100,WIN,953866,15.9,3,3,1,3,13,2,1,3,1
KR_8345514794,200,LOSE,953866,15.9,5,4,0,1,17,5,2,0,1
KR_8344582440,100,LOSE,945283,15.75,1,4,0,0,9,7,1,0,0
KR_8344582440,200,WIN,945283,15.75,3,4,1,1,31,2,2,3,1
KR_8355182357,100,LOSE,739639,12.33,2,4,3,2,41,4,4,0,0
KR_8355182357,200,WIN,739639,12.33,1,5,4,4,10,5,0,3,2
KR_8355148782,100,WIN,1008970,16.82,2,3,1,3,13,8,4,3,2
KR_8355148782,200,LOSE,1008970,16.82,2,3,1,3,16,6,3,0,0
KR_8353747748,100,WIN,830394,13.84,3,2,0,3,11,8,1,3,0
KR_8353747748,200,LOSE,830394,13.84,3,3,0,3,49,3,3,0,2
KR_8353363038,100,LOSE,1060418,17.67,3,2,0,0,11,5,0,0,0
KR_8353363038,200,WIN,1060418,17.67,1,3,1,4,24,2,1,3,2
KR_8351527485,100,WIN,809494,13.49,6,3,1,4,15,12,1,3,2
KR_8351527485,200,LOSE,809494,13.49,3,7,4,6,12,5,3,0,0
KR_8346642537,100,LOSE,899250,14.99,1,5,0,2,18,4,0,3,0
KR_8346642537,200,WIN,899250,14.99,2,2,1,3,15,4,0,0,2
KR_8346548916,100,WIN,796102,13.27,6,2,0,1,12,5,1,3,1
KR_8346548916,200,LOSE,796102,13.27,4,6,0,4,8,0,2,0,0
KR_8346553186,100,WIN,791757,13.2,6,1,1,1,11,9,1,0,1
KR_8346553186,200,LOSE,791757,13.2,0,6,0,5,12,7,4,3,0
KR_8346516117,100,WIN,805569,13.43,4,0,0,3,9,3,1,0,0
KR_8346516117,200,LOSE,805569,13.43,0,3,1,2,45,2,2,3,1
KR_8353026408,100,WIN,1034334,17.24,1,1,1,0,70,5,1,3,2
KR_8353026408,200,LOSE,1034334,17.24,2,5,1,5,22,1,4,0,0
KR_8353014275,100,WIN,711446,11.86,7,2,2,1,10,5,2,2,1
KR_8353014275,200,LOSE,711446,11.86,0,5,1,6,8,3,1,1,0
KR_8349658086,100,LOSE,741992,12.37,4,4,1,3,32,3,3,1,0
KR_8349658086,200,WIN,741992,12.37,3,5,0,1,13,5,2,2,2
KR_8347359234,100,LOSE,701300,11.69,1,2,0,1,32,3,2,0,0
KR_8347359234,200,WIN,701300,11.69,1,2,0,0,14,5,0,3,0
KR_8346389285,100,LOSE,957229,15.95,2,2,1,1,60,1,1,0,0
KR_8346389285,200,WIN,957229,15.95,2,2,1,2,21,1,0,3,2
KR_8339586846,100,LOSE,775043,12.92,0,7,6,7,9,5,5,0,0
KR_8339586846,200,WIN,775043,12.92,5,3,1,4,12,11,1,3,0
KR_8354610583,100,LOSE,893743,14.9,3,3,2,1,14,3,1,3,0
KR_8354610583,200,WIN,893743,14.9,2,0,0,3,11,4,2,0,1
KR_8354066889,100,LOSE,931846,15.53,3,1,0,4,12,8,1,0,1
KR_8354066889,200,WIN,931846,15.53,4,4,2,2,19,3,4,3,0
KR_8353955890,100,WIN,827268,13.79,7,1,1,2,15,2,3,3,0
KR_8353955890,200,LOSE,827268,13.79,2,4,3,3,46,1,3,0,1
KR_8353019024,100,LOSE,880441,14.67,0,2,2,3,14,2,1,3,0
KR_8353019024,200,WIN,880441,14.67,3,2,1,0,17,1,3,0,1
KR_8355202181,100,LOSE,887854,14.8,5,6,0,6,14,2,2,3,2
KR_8355202181,200,WIN,887854,14.8,5,4,7,2,11,7,1,0,0
KR_8355159636,100,WIN,645303,10.76,3,2,6,4,7,4,2,0,1
KR_8355159636,200,LOSE,645303,10.76,2,6,1,4,2,2,4,0,0
KR_8352990968,100,LOSE,933316,15.56,8,3,2,2,12,1,2,3,2
KR_8352990968,200,WIN,933316,15.56,1,4,1,4,14,4,3,0,0
KR_8352964606,100,LOSE,776024,12.93,4,5,1,3,11,3,6,0,0
KR_8352964606,200,WIN,776024,12.93,5,4,2,2,9,5,1,3,1
KR_8352780405,100,WIN,952814,15.88,2,5,1,2,20,4,3,3,0
KR_8352780405,200,LOSE,952814,15.88,3,1,0,7,11,7,0,0,2
KR_8351558811,100,LOSE,739061,12.32,1,6,2,4,5,2,4,0,0
KR_8351558811,200,WIN,739061,12.32,4,2,4,3,11,3,1,3,1
KR_8351558383,100,LOSE,802035,13.37,1,3,0,4,8,0,4,3,0
KR_8351558383,200,WIN,802035,13.37,5,1,4,0,14,4,1,0,1
KR_8351913924,100,LOSE,855816,14.26,2,2,0,1,12,4,2,0,0
KR_8351913924,200,WIN,855816,14.26,2,2,2,3,14,1,1,3,2
KR_8351867250,100,LOSE,943615,15.73,3,1,0,5,11,3,2,1,0
KR_8351867250,200,WIN,943615,15.73,3,1,3,2,17,2,0,2,1
KR_8351812984,100,LOSE,954387,15.91,4,4,3,4,18,5,2,3,1
KR_8351812984,200,WIN,954387,15.91,5,5,1,3,54,9,2,0,0
KR_8351585386,100,WIN,624841,10.41,5,0,0,0,8,3,1,0,1
KR_8351585386,200,LOSE,624841,10.41,0,3,0,2,6,2,0,3,0
KR_8351576094,100,WIN,765667,12.76,0,1,3,4,9,6,2,3,0
KR_8351576094,200,LOSE,765667,12.76,2,4,0,1,11,5,2,0,1
KR_8351571152,100,WIN,912885,15.21,2,0,1,3,21,1,1,3,0
KR_8351571152,200,LOSE,912885,15.21,1,4,1,0,17,2,1,0,2
KR_8351554278,100,LOSE,1018187,16.97,3,3,0,3,15,3,1,1,1
KR_8351554278,200,WIN,1018187,16.97,2,6,1,2,19,5,2,2,0
KR_8351529735,100,WIN,913445,15.22,2,3,0,3,18,3,6,1,1
KR_8351529735,200,LOSE,913445,15.22,1,3,1,1,54,9,0,2,1
KR_8350303017,100,WIN,850676,14.18,7,3,3,3,16,11,0,1,1
KR_8350303017,200,LOSE,850676,14.18,3,8,1,8,43,2,5,2,0
KR_8350232452,100,LOSE,810369,13.51,1,3,0,2,14,1,1,3,0
KR_8350232452,200,WIN,810369,13.51,5,1,0,0,46,3,1,0,2
KR_8350203717,100,WIN,761394,12.69,0,0,1,0,12,10,1,3,0
KR_8350203717,200,LOSE,761394,12.69,1,0,0,1,14,1,5,0,1
KR_8350171971,100,WIN,851571,14.19,6,1,1,2,30,5,2,3,2
KR_8350171971,200,LOSE,851571,14.19,2,5,0,3,48,2,6,0,0
KR_8350154316,100,WIN,932485,15.54,3,3,1,1,22,6,4,3,1
KR_8350154316,200,LOSE,932485,15.54,3,4,1,2,15,3,6,0,1
KR_8349982889,100,LOSE,828985,13.82,3,3,0,1,14,2,1,0,1
KR_8349982889,200,WIN,828985,13.82,0,2,1,0,45,5,0,3,0
KR_8349965966,100,LOSE,1069905,17.83,2,2,1,5,24,6,8,0,0
KR_8349965966,200,WIN,1069905,17.83,1,2,4,7,22,7,4,3,2
KR_8352211498,100,LOSE,1084674,18.08,5,3,1,2,43,6,3,3,1
KR_8352211498,200,WIN,1084674,18.08,0,5,0,3,21,6,1,0,1
KR_8349369454,100,LOSE,778256,12.97,0,1,1,0,11,1,0,1,1
KR_8349369454,200,WIN,778256,12.97,1,0,0,0,13,0,0,2,0
KR_8349317560,100,WIN,832375,13.87,1,4,0,5,11,5,5,0,1
KR_8349317560,200,LOSE,832375,13.87,5,5,3,1,7,3,1,3,0
KR_8349021299,100,WIN,715653,11.93,2,3,8,3,3,1,1,3,2
KR_8349021299,200,LOSE,715653,11.93,2,5,1,3,33,3,4,0,0
KR_8348761901,100,WIN,918904,15.32,8,5,0,4,14,0,6,3,0
KR_8348761901,200,LOSE,918904,15.32,5,4,2,4,14,11,1,0,2
KR_8348754408,100,LOSE,685133,11.42,1,4,1,4,0,1,0,1,0
KR_8348754408,200,WIN,685133,11.42,6,0,1,2,6,2,0,2,1
KR_8347260520,100,WIN,820662,13.68,8,1,0,3,10,0,2,0,2
KR_8347260520,200,LOSE,820662,13.68,1,6,2,4,14,2,1,3,0
KR_8347196794,100,WIN,1038941,17.32,5,3,5,1,24,5,1,0,1
KR_8347196794,200,LOSE,1038941,17.32,3,5,1,4,17,1,4,3,0
KR_8347128774,100,LOSE,1028856,17.15,2,5,2,3,12,5,5,0,0
KR_8347128774,200,WIN,1028856,17.15,4,6,3,0,21,6,1,3,2
KR_8343129957,100,WIN,803785,13.4,0,2,3,3,14,3,1,1,0
KR_8343129957,200,LOSE,803785,13.4,2,3,1,2,11,3,2,2,1
KR_8342039394,100,LOSE,910515,15.18,2,4,0,3,9,2,3,2,0
KR_8342039394,200,WIN,910515,15.18,2,2,0,4,11,3,2,1,2
KR_8341992710,100,LOSE,939334,15.66,3,4,0,4,12,5,0,0,1
KR_8341992710,200,WIN,939334,15.66,4,3,0,3,19,6,1,3,1
KR_8341925850,100,LOSE,777681,12.96,0,2,0,3,13,3,0,3,1
KR_8341925850,200,WIN,777681,12.96,3,0,2,0,13,1,3,0,0
KR_8341767679,100,LOSE,740446,12.34,2,3,0,3,8,0,1,1,0
KR_8341767679,200,WIN,740446,12.34,2,2,1,0,40,4,0,2,2
KR_8341697224,100,WIN,855123,14.25,1,1,1,4,13,6,1,1,1
KR_8341697224,200,LOSE,855123,14.25,1,2,1,3,10,3,3,2,1
KR_8354399919,100,LOSE,766223,12.77,0,3,3,2,7,4,1,2,0
KR_8354399919,200,WIN,766223,12.77,4,1,2,3,7,2,4,1,1
KR_8354356797,100,WIN,869537,14.49,2,2,1,2,14,5,1,3,1
KR_8354356797,200,LOSE,869537,14.49,2,3,0,3,12,0,3,0,1
KR_8352032874,100,LOSE,857844,14.3,0,3,1,1,50,3,1,3,1
KR_8352032874,200,WIN,857844,14.3,2,1,0,2,13,3,2,0,1
KR_8351985585,100,WIN,1029663,17.16,2,6,8,4,18,5,3,3,1
KR_8351985585,200,LOSE,1029663,17.16,7,3,0,4,22,6,3,0,1
KR_8348920926,100,WIN,885242,14.75,4,1,3,5,17,3,1,3,2
KR_8348920926,200,LOSE,885242,14.75,3,4,1,2,13,1,2,0,0
KR_8348903433,100,LOSE,1080792,18.01,2,6,0,9,67,1,4,3,0
KR_8348903433,200,WIN,1080792,18.01,9,3,0,2,21,13,0,0,2
KR_8347877328,100,WIN,1084321,18.07,5,2,0,3,64,4,0,3,2
KR_8347877328,200,LOSE,1084321,18.07,2,4,0,3,20,4,4,0,0
KR_8347202912,100,LOSE,919703,15.33,5,1,1,4,58,2,4,0,0
KR_8347202912,200,WIN,919703,15.33,1,4,1,6,16,7,2,3,2
KR_8345017957,100,LOSE,720341,12.01,2,4,2,2,6,3,0,1,0
KR_8345017957,200,WIN,720341,12.01,5,2,1,3,6,1,2,2,1
KR_8341686373,100,LOSE,1137911,18.97,2,0,0,3,74,12,1,0,1
KR_8341686373,200,WIN,1137911,18.97,1,3,0,7,67,5,4,3,2
KR_8341622931,100,LOSE,851802,14.2,2,4,0,3,10,0,1,0,0
KR_8341622931,200,WIN,851802,14.2,6,0,0,2,12,1,0,3,1
KR_8340167743,100,LOSE,652677,10.88,2,3,0,3,9,2,1,2,0
KR_8340167743,200,WIN,652677,10.88,4,1,5,1,26,1,0,1,1
KR_8338755979,100,WIN,971028,16.18,3,5,0,4,16,4,4,3,1
KR_8338755979,200,LOSE,971028,16.18,7,3,1,3,22,7,1,0,1
KR_8337282556,100,WIN,907209,15.12,1,0,1,7,9,9,1,2,0
KR_8337282556,200,LOSE,907209,15.12,2,2,0,3,16,2,4,1,1
KR_8354605363,100,WIN,1050031,17.5,4,1,1,1,25,7,2,0,1
KR_8354605363,200,LOSE,1050031,17.5,3,4,0,5,16,2,2,3,1
KR_8354561911,100,LOSE,994797,16.58,5,4,3,3,17,3,4,3,1
KR_8354561911,200,WIN,994797,16.58,2,3,2,4,21,5,3,0,1
KR_8349843028,100,LOSE,751549,12.53,1,1,1,4,7,2,0,0,2
KR_8349843028,200,WIN,751549,12.53,3,1,0,0,10,2,1,3,0
KR_8349783772,100,WIN,995001,16.58,4,0,0,2,18,2,1,1,1
KR_8349783772,200,LOSE,995001,16.58,0,1,1,3,18,1,1,2,0
KR_8349027164,100,WIN,986872,16.45,2,3,0,3,17,5,4,0,1
KR_8349027164,200,LOSE,986872,16.45,3,2,2,2,15,3,1,3,1
KR_8348984191,100,WIN,854650,14.24,2,4,0,2,14,7,4,3,1
KR_8348984191,200,LOSE,854650,14.24,1,3,3,4,11,0,3,0,0
KR_8346348872,100,LOSE,950348,15.84,3,5,11,5,19,3,3,0,0
KR_8346348872,200,WIN,950348,15.84,7,6,2,6,8,2,1,3,0
KR_8346261101,100,LOSE,1044663,17.41,0,2,4,2,36,0,3,3,0
KR_8346261101,200,WIN,1044663,17.41,4,1,2,2,29,5,1,0,2
KR_8346203638,100,WIN,849098,14.15,4,3,1,5,12,5,1,3,2
KR_8346203638,200,LOSE,849098,14.15,6,3,2,5,47,3,5,0,0
KR_8344574920,100,WIN,984169,16.4,2,3,3,1,11,3,2,2,2
KR_8344574920,200,LOSE,984169,16.4,2,3,1,3,11,3,2,1,0
KR_8342350696,100,WIN,802677,13.38,3,2,1,2,13,5,2,1,0
KR_8342350696,200,LOSE,802677,13.38,4,3,1,1,10,1,1,2,1
KR_8342318812,100,WIN,698918,11.65,4,2,1,1,8,1,2,3,1
KR_8342318812,200,LOSE,698918,11.65,1,4,1,1,8,4,0,0,0
KR_8340366944,100,WIN,1061141,17.69,2,5,0,3,64,3,3,3,1
KR_8340366944,200,LOSE,1061141,17.69,5,2,3,3,28,5,2,0,0
KR_8340328346,100,WIN,1018006,16.97,1,3,1,2,33,10,2,3,1
KR_8340328346,200,LOSE,1018006,16.97,3,4,0,4,17,5,1,0,1
KR_8340290082,100,WIN,788070,13.13,4,1,2,1,31,4,1,3,1
KR_8340290082,200,LOSE,788070,13.13,1,3,0,4,9,4,2,0,0
KR_8340196689,100,LOSE,943861,15.73,1,3,1,3,11,2,1,3,0
KR_8340196689,200,WIN,943861,15.73,1,0,4,3,16,3,0,0,2
KR_8353544019,100,WIN,854925,14.25,1,2,1,3,47,3,2,3,1
KR_8353544019,200,LOSE,854925,14.25,3,3,2,1,14,2,5,0,0
KR_8353497713,100,LOSE,881967,14.7,4,5,1,2,8,3,2,3,1
KR_8353497713,200,WIN,881967,14.7,5,4,5,3,15,2,2,0,0
KR_8350678209,100,WIN,746818,12.45,2,1,0,1,34,3,0,3,2
KR_8350678209,200,LOSE,746818,12.45,0,3,2,0,9,3,2,0,0
KR_8343504487,100,LOSE,768442,12.81,3,2,0,1,14,0,1,1,0
KR_8343504487,200,WIN,768442,12.81,1,1,1,2,16,3,0,2,1
KR_8341789776,100,WIN,830158,13.84,4,2,3,4,15,9,1,3,1
KR_8341789776,200,LOSE,830158,13.84,1,5,1,2,14,3,7,0,0
KR_8341485239,100,LOSE,929782,15.5,5,4,3,3,17,6,2,0,1
KR_8341485239,200,WIN,929782,15.5,8,3,0,7,10,1,2,3,1
KR_8351097921,100,LOSE,934309,15.57,0,1,2,2,17,5,3,2,0
KR_8351097921,200,WIN,934309,15.57,3,2,3,0,13,3,3,1,1
KR_8350578444,100,WIN,821722,13.7,6,3,1,2,12,4,1,3,1
KR_8350578444,200,LOSE,821722,13.7,5,5,0,5,13,3,2,0,0
KR_8348850557,100,WIN,804322,13.41,3,1,2,2,15,9,2,2,1
KR_8348850557,200,LOSE,804322,13.41,1,3,1,3,15,3,5,1,1
KR_8347295318,100,LOSE,860703,14.35,3,1,0,0,12,4,2,0,0
KR_8347295318,200,WIN,860703,14.35,0,3,1,4,13,3,2,3,2
KR_8346211741,100,LOSE,703006,11.72,1,4,1,5,43,1,2,3,0
KR_8346211741,200,WIN,703006,11.72,5,2,1,1,26,3,0,0,1
KR_8345506716,100,LOSE,951612,15.86,2,2,1,1,17,4,3,0,1
KR_8345506716,200,WIN,951612,15.86,2,1,0,3,17,8,0,3,1
KR_8341603699,100,WIN,692149,11.54,8,2,2,4,39,2,0,3,0
KR_8341603699,200,LOSE,692149,11.54,2,7,1,2,18,2,1,0,1
KR_8341563256,100,WIN,713706,11.9,4,1,2,0,14,2,1,3,0
KR_8341563256,200,LOSE,713706,11.9,0,5,0,2,8,3,2,0,1
KR_8341499331,100,WIN,940099,15.67,8,4,0,4,13,9,3,1,1
KR_8341499331,200,LOSE,940099,15.67,1,6,4,4,15,5,4,1,1
KR_8337804195,100,LOSE,882905,14.72,8,5,0,6,10,3,2,0,0
KR_8337804195,200,WIN,882905,14.72,2,4,1,4,17,9,1,3,2
KR_8337040231,100,LOSE,885382,14.76,4,5,0,2,10,2,2,3,0
KR_8337040231,200,WIN,885382,14.76,1,2,2,3,21,7,0,0,2
KR_8353096942,100,WIN,1129551,18.83,5,1,1,1,66,7,3,3,2
KR_8353096942,200,LOSE,1129551,18.83,1,2,4,9,27,1,6,0,0
KR_8353088731,100,LOSE,703703,11.73,4,2,3,5,9,1,4,1,1
KR_8353088731,200,WIN,703703,11.73,3,3,1,4,8,5,4,2,0
KR_8349254148,100,WIN,868608,14.48,3,3,2,4,12,3,1,3,2
KR_8349254148,200,LOSE,868608,14.48,5,3,1,3,14,1,2,0,0
KR_8342262916,100,LOSE,859487,14.32,0,1,1,2,9,3,3,3,0
KR_8342262916,200,WIN,859487,14.32,0,0,2,1,11,2,2,0,2
KR_8342257289,100,LOSE,936796,15.61,0,3,1,2,55,2,0,1,1
KR_8342257289,200,WIN,936796,15.61,3,0,0,2,17,4,2,2,0
KR_8339330371,100,LOSE,886331,14.77,2,3,1,1,18,3,0,3,2
KR_8339330371,200,WIN,886331,14.77,3,1,0,3,16,3,2,0,0
KR_8338675763,100,WIN,852516,14.21,2,0,3,0,14,0,0,3,2
KR_8338675763,200,LOSE,852516,14.21,0,0,1,4,17,2,1,0,0
KR_8354984544,100,LOSE,982901,16.38,2,2,0,1,18,4,4,1,0
KR_8354984544,200,WIN,982901,16.38,1,2,1,2,18,3,3,2,2
KR_8354921595,100,WIN,783992,13.07,1,1,1,3,13,4,2,1,1
KR_8354921595,200,LOSE,783992,13.07,4,3,0,5,10,3,3,2,1
KR_8352836371,100,WIN,958059,15.97,9,3,1,4,10,5,2,0,1
KR_8352836371,200,LOSE,958059,15.97,5,5,1,5,19,7,4,3,1
KR_8352779602,100,WIN,736592,12.28,5,3,3,0,6,6,0,3,2
KR_8352779602,200,LOSE,736592,12.28,2,7,1,6,8,0,3,0,0
KR_8350878332,100,LOSE,742997,12.38,2,2,0,2,6,1,2,3,0
KR_8350878332,200,WIN,742997,12.38,3,2,1,1,6,6,0,0,1
KR_8346388319,100,LOSE,879170,14.65,1,4,2,2,15,5,2,3,1
KR_8346388319,200,WIN,879170,14.65,4,3,0,2,30,3,3,0,0
KR_8345305866,100,LOSE,858183,14.3,4,2,2,4,12,6,1,1,2
KR_8345305866,200,WIN,858183,14.3,2,2,2,6,10,2,4,2,0
KR_8345308008,100,WIN,951707,15.86,6,4,1,3,16,4,4,3,1
KR_8345308008,200,LOSE,951707,15.86,3,7,1,4,53,7,4,0,0
KR_8344925795,100,LOSE,1013647,16.89,1,3,0,3,21,4,5,3,0
KR_8344925795,200,WIN,1013647,16.89,4,1,2,1,14,7,2,0,2
KR_8344868285,100,LOSE,928969,15.48,3,1,0,3,7,2,1,0,0
KR_8344868285,200,WIN,928969,15.48,1,3,1,2,57,3,1,3,2
KR_8340491198,100,WIN,865196,14.42,2,3,3,3,19,5,0,2,1
KR_8340491198,200,LOSE,865196,14.42,1,2,1,6,9,3,1,1,0
KR_8340420961,100,LOSE,965865,16.1,4,4,2,3,16,5,4,0,0
KR_8340420961,200,WIN,965865,16.1,3,4,1,6,16,8,3,3,1
KR_8355201894,100,LOSE,823516,13.73,1,2,0,2,9,4,3,0,0
KR_8355201894,200,WIN,823516,13.73,2,2,0,2,9,4,3,3,2
KR_8354090892,100,LOSE,859508,14.33,5,2,0,2,11,4,1,3,0
KR_8354090892,200,WIN,859508,14.33,4,1,0,3,11,1,2,0,1
KR_8354047289,100,LOSE,548454,9.14,0,1,1,1,1,3,1,3,0
KR_8354047289,200,WIN,548454,9.14,1,0,1,1,7,3,1,0,1
KR_8353966736,100,LOSE,989464,16.49,1,1,0,5,11,2,2,1,0
KR_8353966736,200,WIN,989464,16.49,2,1,0,0,19,6,1,2,2
KR_8351250063,100,WIN,771133,12.85,9,5,2,3,8,2,5,3,0
KR_8351250063,200,LOSE,771133,12.85,0,6,6,6,10,6,1,0,2
KR_8345156238,100,WIN,920099,15.33,4,1,0,1,17,5,4,0,1
KR_8345156238,200,LOSE,920099,15.33,4,3,0,3,53,5,2,3,1
KR_8345070066,100,WIN,793203,13.22,2,0,0,0,10,1,3,3,0
KR_8345070066,200,LOSE,793203,13.22,0,2,1,1,11,5,0,0,1
KR_8344776553,100,LOSE,938711,15.65,5,4,1,3,10,0,1,3,0
KR_8344776553,200,WIN,938711,15.65,3,5,0,1,20,5,1,0,2
KR_8348900028,100,WIN,759785,12.66,2,2,1,2,13,5,0,0,1
KR_8348900028,200,LOSE,759785,12.66,3,2,0,5,15,1,3,3,1
KR_8348852266,100,WIN,653671,10.89,3,1,4,1,34,5,0,0,1
KR_8348852266,200,LOSE,653671,10.89,1,4,1,3,5,2,3,3,0
KR_8347446582,100,WIN,937093,15.62,0,1,0,2,13,4,2,3,0
KR_8347446582,200,LOSE,937093,15.62,0,2,0,1,22,4,1,0,2
KR_8347220814,100,WIN,796273,13.27,6,2,0,3,12,0,1,3,1
KR_8347220814,200,LOSE,796273,13.27,3,3,0,4,13,2,1,0,0
KR_8346771147,100,LOSE,928372,15.47,3,5,3,8,53,2,1,3,0
KR_8346771147,200,WIN,928372,15.47,5,4,2,2,15,6,2,0,1
KR_8345514698,100,LOSE,823113,13.72,2,1,1,1,6,4,6,1,0
KR_8345514698,200,WIN,823113,13.72,1,4,3,3,10,4,2,2,2
KR_8345216897,100,LOSE,737579,12.29,3,1,0,2,9,2,5,3,0
KR_8345216897,200,WIN,737579,12.29,2,0,1,2,8,4,5,0,1
KR_8344340323,100,LOSE,820444,13.67,4,5,2,2,19,5,1,3,0
KR_8344340323,200,WIN,820444,13.67,4,6,6,6,10,1,3,0,1
KR_8344111721,100,LOSE,761221,12.69,0,6,0,4,8,3,3,1,0
KR_8344111721,200,WIN,761221,12.69,2,1,2,1,8,10,3,2,1
KR_8341863292,100,LOSE,771747,12.86,1,1,2,10,8,6,1,0,0
KR_8341863292,200,WIN,771747,12.86,5,3,2,5,6,6,5,3,1
KR_8341804158,100,WIN,708822,11.81,4,0,2,0,13,1,1,2,1
KR_8341804158,200,LOSE,708822,11.81,0,0,0,4,7,1,2,0,1
KR_8341737217,100,WIN,709602,11.83,7,0,0,2,10,5,2,0,2
KR_8341737217,200,LOSE,709602,11.83,0,7,2,4,5,2,2,3,0
KR_8354724386,100,LOSE,1025007,17.08,2,3,0,6,25,4,3,0,1
KR_8354724386,200,WIN,1025007,17.08,6,1,1,3,24,4,1,3,1
KR_8353328112,100,LOSE,1034964,17.25,2,4,1,1,18,7,2,3,1
KR_8353328112,200,WIN,1034964,17.25,1,3,2,3,61,3,5,0,1
KR_8349061396,100,LOSE,885007,14.75,3,3,1,5,14,4,1,3,0
KR_8349061396,200,WIN,885007,14.75,5,2,0,3,15,7,3,0,1
KR_8348683180,100,WIN,837402,13.96,2,2,3,2,23,5,1,3,0
KR_8348683180,200,LOSE,837402,13.96,3,2,3,4,12,2,2,0,1
KR_8348663408,100,WIN,1099811,18.33,1,2,0,4,28,7,3,2,0
KR_8348663408,200,LOSE,1099811,18.33,2,0,2,4,23,4,2,1,3
KR_8346865582,100,LOSE,916228,15.27,2,5,1,6,19,3,2,0,0
KR_8346865582,200,WIN,916228,15.27,4,4,3,2,14,4,1,3,2
KR_8345310954,100,WIN,807765,13.46,8,2,2,5,14,0,2,0,0
KR_8345310954,200,LOSE,807765,13.46,6,4,3,2,8,1,2,2,1
KR_8345290209,100,LOSE,825594,13.76,0,3,2,1,9,1,3,0,0
KR_8345290209,200,WIN,825594,13.76,1,2,2,1,36,2,0,3,1
KR_8345241442,100,WIN,886592,14.78,0,3,1,3,18,2,2,3,0
KR_8345241442,200,LOSE,886592,14.78,3,1,2,5,10,6,2,0,1
KR_8343309968,100,LOSE,837119,13.95,3,3,0,3,15,5,4,3,1
KR_8343309968,200,WIN,837119,13.95,6,2,0,1,12,5,3,0,1
KR_8354258073,100,WIN,644451,10.74,7,0,2,3,11,1,0,3,1
KR_8354258073,200,LOSE,644451,10.74,0,3,0,6,3,0,5,0,0
KR_8354237226,100,LOSE,916792,15.28,3,1,1,2,52,6,1,2,0
KR_8354237226,200,WIN,916792,15.28,0,2,0,4,14,2,3,1,2
KR_8354226518,100,WIN,725656,12.09,5,4,2,2,10,4,3,2,0
KR_8354226518,200,LOSE,725656,12.09,2,6,3,4,10,3,2,1,1
KR_8354214522,100,LOSE,620975,10.35,0,8,2,3,3,1,1,3,0
KR_8354214522,200,WIN,620975,10.35,8,2,2,0,7,0,2,0,0
KR_8354199905,100,WIN,796287,13.27,5,2,0,0,17,6,0,3,2
KR_8354199905,200,LOSE,796287,13.27,0,4,1,5,10,1,2,0,0
KR_8354191921,100,LOSE,795153,13.25,1,3,1,3,13,1,0,2,0
KR_8354191921,200,WIN,795153,13.25,6,1,0,1,15,1,0,1,2
KR_8354197154,100,LOSE,907553,15.13,4,5,0,6,19,2,5,3,0
KR_8354197154,200,WIN,907553,15.13,6,4,0,4,12,7,5,0,2
KR_8354185193,100,WIN,901807,15.03,10,1,1,0,16,3,1,0,2
KR_8354185193,200,LOSE,901807,15.03,1,5,0,5,17,1,3,3,0
KR_8354180136,100,WIN,857092,14.28,5,0,0,0,15,3,1,0,1
KR_8354180136,200,LOSE,857092,14.28,1,2,1,2,9,4,2,3,0
KR_8354175044,100,WIN,794513,13.24,4,1,0,5,12,5,1,3,0
KR_8354175044,200,LOSE,794513,13.24,4,3,1,4,6,0,1,0,2
KR_8354163312,100,WIN,970430,16.17,1,5,2,4,14,5,5,0,1
KR_8354163312,200,LOSE,970430,16.17,4,3,0,2,17,6,4,3,1
KR_8354212357,100,WIN,941716,15.7,2,3,1,1,16,3,4,3,0
KR_8354212357,200,LOSE,941716,15.7,1,0,1,3,17,3,1,0,2
KR_8353387867,100,LOSE,931048,15.52,1,2,2,1,15,2,2,3,1
KR_8353387867,200,WIN,931048,15.52,1,2,1,3,19,2,2,0,1
KR_8353381086,100,WIN,855216,14.25,0,1,1,4,18,4,0,3,0
KR_8353381086,200,LOSE,855216,14.25,4,1,1,0,15,0,0,0,2
KR_8353304789,100,WIN,918513,15.31,3,2,0,5,23,4,4,3,1
KR_8353304789,200,LOSE,918513,15.31,6,3,1,3,11,2,3,0,1
KR_8353246973,100,LOSE,524380,8.74,0,2,0,2,4,1,0,0,0
KR_8353246973,200,WIN,524380,8.74,3,1,1,0,3,0,0,0,1
KR_8353244250,100,WIN,788121,13.14,4,2,5,1,18,4,0,3,2
KR_8353244250,200,LOSE,788121,13.14,2,4,0,4,11,2,4,0,0
KR_8353114793,100,WIN,778869,12.98,3,1,5,1,10,6,3,3,0
KR_8353114793,200,LOSE,778869,12.98,2,4,0,6,4,3,2,0,1
KR_8353102945,100,LOSE,828210,13.8,0,3,0,5,9,7,0,3,1
KR_8353102945,200,WIN,828210,13.8,6,3,3,3,13,2,3,0,0
KR_8353091769,100,LOSE,767583,12.79,2,8,2,4,11,4,3,0,0
KR_8353091769,200,WIN,767583,12.79,12,3,1,1,13,2,2,3,1
KR_8353098103,100,LOSE,828018,13.8,3,2,2,1,14,4,2,0,2
KR_8353098103,200,WIN,828018,13.8,3,4,0,4,15,2,2,3,0
KR_8353084110,100,WIN,907327,15.12,5,0,4,3,12,3,2,0,1
KR_8353084110,200,LOSE,907327,15.12,1,5,1,4,14,4,4,3,0
KR_8353068717,100,WIN,912858,15.21,2,3,1,5,12,4,2,3,1
KR_8353068717,200,LOSE,912858,15.21,5,1,0,1,53,6,4,0,0
KR_8351705077,100,LOSE,675914,11.27,0,3,1,3,12,3,0,3,0
KR_8351705077,200,WIN,675914,11.27,2,0,3,2,8,2,2,0,1
KR_8351679075,100,LOSE,746439,12.44,3,1,1,4,11,2,3,0,0
KR_8351679075,200,WIN,746439,12.44,2,2,1,2,11,7,1,3,1
KR_8351642835,100,WIN,964685,16.08,5,3,1,3,14,4,2,3,0
KR_8351642835,200,LOSE,964685,16.08,2,3,1,6,15,5,0,0,2
KR_8351644048,100,LOSE,686974,11.45,1,3,0,2,6,2,1,3,0
KR_8351644048,200,WIN,686974,11.45,2,0,3,1,9,3,1,0,1
KR_8351568411,100,WIN,924337,15.41,3,2,0,3,18,6,2,1,0
KR_8351568411,200,LOSE,924337,15.41,3,2,0,3,9,5,3,2,2
KR_8351560197,100,LOSE,769564,12.83,1,3,1,6,9,1,3,1,0
KR_8351560197,200,WIN,769564,12.83,5,3,0,1,11,6,0,2,1
KR_8350276294,100,LOSE,909297,15.15,2,4,1,4,14,6,0,3,1
KR_8350276294,200,WIN,909297,15.15,5,2,1,2,12,3,2,0,1
KR_8350248016,100,WIN,674082,11.23,2,0,3,2,5,6,0,3,1
KR_8350248016,200,LOSE,674082,11.23,1,3,1,4,33,1,1,0,0
KR_8350199294,100,WIN,977674,16.29,2,4,1,3,16,6,3,2,0
KR_8350199294,200,LOSE,977674,16.29,6,2,2,2,58,5,2,1,1
KR_8349778723,100,WIN,891951,14.87,11,0,3,1,14,2,0,3,2
KR_8349778723,200,LOSE,891951,14.87,0,10,1,4,10,5,0,0,0
KR_8349729023,100,WIN,890048,14.83,3,2,1,2,10,1,3,3,1
KR_8349729023,200,LOSE,890048,14.83,2,1,1,2,11,2,3,0,1
KR_8349677115,100,LOSE,913033,15.22,7,3,0,4,15,4,2,1,0
KR_8349677115,200,WIN,913033,15.22,2,4,0,3,14,5,3,2,0
KR_8349599857,100,LOSE,867972,14.47,1,4,0,4,14,4,3,3,0
KR_8349599857,200,WIN,867972,14.47,4,2,1,2,13,4,0,0,1
KR_8349553994,100,LOSE,890605,14.84,0,4,0,2,16,3,3,3,0
KR_8349553994,200,WIN,890605,14.84,4,2,2,1,11,2,0,0,1
KR_8348975883,100,LOSE,955096,15.92,4,5,0,2,17,5,4,0,0
KR_8348975883,200,WIN,955096,15.92,9,3,2,4,21,2,1,3,1
KR_8348948638,100,LOSE,858308,14.31,1,3,1,2,10,4,1,1,1
KR_8348948638,200,WIN,858308,14.31,1,1,2,2,15,5,3,2,1
KR_8348923031,100,LOSE,907422,15.12,0,3,1,4,51,3,3,0,1
KR_8348923031,200,WIN,907422,15.12,3,2,0,3,18,5,3,3,1
KR_8348879656,100,WIN,924211,15.4,6,2,1,5,13,2,4,2,0
KR_8348879656,200,LOSE,924211,15.4,8,4,1,6,51,3,0,1,1
KR_8348618229,100,WIN,1090114,18.17,2,3,1,2,18,5,3,0,0
KR_8348618229,200,LOSE,1090114,18.17,3,2,2,2,67,5,2,3,2
KR_8348584960,100,WIN,1075505,17.93,1,1,1,2,29,4,2,3,0
KR_8348584960,200,LOSE,1075505,17.93,2,2,1,3,24,2,2,0,2
KR_8347796836,100,WIN,890061,14.83,1,2,1,0,51,7,1,3,0
KR_8347796836,200,LOSE,890061,14.83,2,3,0,5,13,1,0,0,2
KR_8347769667,100,LOSE,1115844,18.6,8,2,1,4,25,4,2,3,1
KR_8347769667,200,WIN,1115844,18.6,5,5,0,5,26,3,3,0,2
KR_8347746353,100,WIN,1051793,17.53,2,4,1,4,62,6,4,3,0
KR_8347746353,200,LOSE,1051793,17.53,3,3,1,0,23,5,3,0,1
KR_8345808857,100,WIN,888686,14.81,1,1,1,2,16,2,5,0,0
KR_8345808857,200,LOSE,888686,14.81,1,2,0,1,18,8,1,3,1
KR_8345759907,100,LOSE,1103219,18.39,2,1,0,4,18,1,5,2,1
KR_8345759907,200,WIN,1103219,18.39,1,3,2,1,21,7,3,1,1
KR_8345740322,100,LOSE,808701,13.48,2,4,2,4,5,2,3,0,1
KR_8345740322,200,WIN,808701,13.48,5,3,0,2,42,4,0,3,1
KR_8345710330,100,WIN,915046,15.25,2,5,3,3,17,3,2,0,2
KR_8345710330,200,LOSE,915046,15.25,3,6,3,3,13,4,2,3,0
KR_8345663781,100,LOSE,955836,15.93,2,3,0,4,15,5,4,3,0
KR_8345663781,200,WIN,955836,15.93,4,3,1,2,19,6,1,0,0
KR_8345638205,100,WIN,855581,14.26,5,3,1,5,18,4,6,1,2
KR_8345638205,200,LOSE,855581,14.26,7,6,1,2,46,4,5,2,0
KR_8344348648,100,WIN,1107145,18.45,0,2,0,3,30,4,3,1,2
KR_8344348648,200,LOSE,1107145,18.45,3,0,0,2,20,5,3,2,0
KR_8344308296,100,WIN,807016,13.45,3,2,2,0,49,5,0,0,0
KR_8344308296,200,LOSE,807016,13.45,0,4,0,2,12,3,1,3,1
KR_8338500434,100,WIN,769243,12.82,4,3,1,3,7,4,0,3,2
KR_8338500434,200,LOSE,769243,12.82,3,4,2,2,43,3,4,0,0
KR_8338472411,100,WIN,907907,15.13,0,3,2,3,18,9,0,2,1
KR_8338472411,200,LOSE,907907,15.13,5,3,0,2,16,0,4,1,1
KR_8338445611,100,WIN,692256,11.54,3,3,2,2,9,1,1,0,0
KR_8338445611,200,LOSE,692256,11.54,3,2,1,2,4,1,2,3,1
KR_8348886064,100,LOSE,978242,16.3,1,5,0,2,9,6,0,3,1
KR_8348886064,200,WIN,978242,16.3,4,2,3,1,16,1,2,0,1
KR_8348851640,100,WIN,1053332,17.56,2,1,1,2,15,3,3,3,2
KR_8348851640,200,LOSE,1053332,17.56,1,1,0,3,21,3,3,0,0
KR_8348821691,100,LOSE,1004922,16.75,3,2,2,5,17,5,3,3,1
KR_8348821691,200,WIN,1004922,16.75,3,3,2,7,20,6,3,0,1
KR_8347445271,100,LOSE,868098,14.47,1,4,1,2,14,2,2,3,0
KR_8347445271,200,WIN,868098,14.47,4,3,2,2,11,1,1,0,1
KR_8347417538,100,WIN,883418,14.72,5,2,0,1,14,8,0,3,2
KR_8347417538,200,LOSE,883418,14.72,2,4,1,8,13,0,4,0,0
KR_8346768693,100,LOSE,962287,16.04,1,1,0,2,19,5,0,3,0
KR_8346768693,200,WIN,962287,16.04,1,2,1,1,19,2,1,0,1
KR_8345215945,100,LOSE,687889,11.46,0,3,0,2,7,4,1,3,0
KR_8345215945,200,WIN,687889,11.46,1,0,1,0,5,3,2,0,1
KR_8344356353,100,WIN,1033982,17.23,5,1,1,0,27,7,1,3,0
KR_8344356353,200,LOSE,1033982,17.23,0,6,2,1,20,0,4,0,2
KR_8344267544,100,LOSE,831857,13.86,2,2,1,1,12,1,2,0,1
KR_8344267544,200,WIN,831857,13.86,4,3,0,3,12,4,1,3,0
KR_8344205418,100,WIN,773542,12.89,6,2,1,2,10,2,0,2,1
KR_8344205418,200,LOSE,773542,12.89,3,4,2,3,11,5,2,1,0
KR_8344161237,100,WIN,792122,13.2,1,0,2,0,14,1,1,2,1
KR_8344161237,200,LOSE,792122,13.2,0,2,0,1,12,5,0,1,1
KR_8344107981,100,LOSE,768390,12.81,2,2,0,4,43,2,0,0,0
KR_8344107981,200,WIN,768390,12.81,1,2,2,1,12,3,0,3,2
KR_8344074817,100,WIN,909605,15.16,0,0,3,1,20,6,2,3,1
KR_8344074817,200,LOSE,909605,15.16,1,1,2,2,19,3,3,0,0
KR_8341817149,100,WIN,804949,13.42,1,2,2,3,11,3,4,1,1
KR_8341817149,200,LOSE,804949,13.42,2,3,1,1,12,4,1,2,1
KR_8341667995,100,LOSE,1109102,18.49,2,3,3,5,70,3,3,3,1
KR_8341667995,200,WIN,1109102,18.49,5,2,1,3,28,6,2,0,2
KR_8340890509,100,LOSE,959828,16.0,3,4,4,4,12,11,1,0,1
KR_8340890509,200,WIN,959828,16.0,3,5,3,5,17,8,3,3,1
KR_8338369352,100,WIN,880229,14.67,2,1,0,2,7,0,2,3,2
KR_8338369352,200,LOSE,880229,14.67,0,2,0,2,10,4,2,0,0
KR_8338320583,100,LOSE,684936,11.42,1,3,0,2,3,2,1,3,0
KR_8338320583,200,WIN,684936,11.42,1,1,3,0,8,2,1,0,1
KR_8338307541,100,LOSE,774693,12.91,0,5,0,4,13,2,2,3,0
KR_8338307541,200,WIN,774693,12.91,5,0,4,0,11,5,0,0,1
KR_8354557228,100,LOSE,829746,13.83,1,3,0,3,4,4,3,0,0
KR_8354557228,200,WIN,829746,13.83,5,2,1,1,12,7,2,3,1
KR_8350628739,100,LOSE,920094,15.33,6,3,0,5,20,5,3,0,1
KR_8350628739,200,WIN,920094,15.33,4,6,2,4,16,1,3,3,1
KR_8349705713,100,LOSE,802369,13.37,1,2,1,3,12,1,4,2,0
KR_8349705713,200,WIN,802369,13.37,3,0,0,1,11,3,1,1,1
KR_8349152171,100,LOSE,819697,13.66,1,4,2,5,4,3,2,3,0
KR_8349152171,200,WIN,819697,13.66,4,2,2,2,12,4,1,0,1
KR_8349102429,100,LOSE,912408,15.21,1,2,1,5,57,1,2,3,0
KR_8349102429,200,WIN,912408,15.21,3,3,1,1,15,3,3,0,1
KR_8349065607,100,WIN,878823,14.65,2,3,2,1,13,4,3,3,0
KR_8349065607,200,LOSE,878823,14.65,1,4,0,3,44,3,2,0,1
KR_8347993051,100,LOSE,1089567,18.16,5,1,0,3,25,0,2,3,2
KR_8347993051,200,WIN,1089567,18.16,2,1,0,1,25,4,2,0,0
KR_8344549009,100,WIN,944798,15.75,7,1,1,2,15,4,0,1,1
KR_8344549009,200,LOSE,944798,15.75,0,3,0,5,12,3,6,2,0
KR_8344487865,100,WIN,887322,14.79,0,1,1,2,16,1,2,3,2
KR_8344487865,200,LOSE,887322,14.79,1,1,0,0,13,3,4,0,0
KR_8342985857,100,WIN,1087199,18.12,1,0,1,2,23,2,3,3,3
KR_8342985857,200,LOSE,1087199,18.12,2,1,1,1,26,2,3,0,0
KR_8342936509,100,WIN,762771,12.71,9,4,3,6,10,1,2,3,0
KR_8342936509,200,LOSE,762771,12.71,5,6,1,3,10,5,2,0,1
KR_8339711461,100,LOSE,912550,15.21,1,2,5,4,16,3,2,3,1
KR_8339711461,200,WIN,912550,15.21,5,1,1,5,13,3,3,0,1
KR_8354582867,100,LOSE,860981,14.35,2,4,1,5,13,3,1,0,0
KR_8354582867,200,WIN,860981,14.35,5,3,1,5,12,5,1,3,1
KR_8350846577,100,WIN,782509,13.04,5,2,1,1,12,5,0,3,2
KR_8350846577,200,LOSE,782509,13.04,3,5,0,5,13,2,1,0,0
KR_8350770892,100,LOSE,892787,14.88,2,2,3,3,12,3,0,2,1
KR_8350770892,200,WIN,892787,14.88,3,3,1,3,12,0,3,1,1
KR_8350714695,100,WIN,794140,13.24,1,1,0,2,11,6,0,3,1
KR_8350714695,200,LOSE,794140,13.24,0,3,0,3,11,1,2,0,1
KR_8346705093,100,LOSE,850564,14.18,2,4,0,2,14,4,3,2,1
KR_8346705093,200,WIN,850564,14.18,1,2,1,2,13,7,0,1,1
KR_8346676613,100,LOSE,978999,16.32,1,2,2,2,20,4,5,1,0
KR_8346676613,200,WIN,978999,16.32,0,1,0,2,19,12,3,2,2
KR_8346656380,100,LOSE,1080751,18.01,3,4,0,2,18,2,3,3,0
KR_8346656380,200,WIN,1080751,18.01,5,2,1,2,17,4,1,0,2
KR_8346631680,100,LOSE,805807,13.43,0,0,1,4,9,2,1,0,0
KR_8346631680,200,WIN,805807,13.43,2,0,0,2,45,3,2,3,2
KR_8344463108,100,WIN,864193,14.4,5,1,0,3,16,5,5,0,0
KR_8344463108,200,LOSE,864193,14.4,2,2,0,6,13,7,3,3,1
KR_8344157767,100,WIN,692956,11.55,1,3,2,3,9,4,1,0,1
KR_8344157767,200,LOSE,692956,11.55,5,4,1,2,5,1,1,3,0
KR_8344120283,100,WIN,794074,13.23,6,2,0,5,10,4,1,3,0
KR_8344120283,200,LOSE,794074,13.23,5,5,0,3,9,2,3,0,2
KR_8351640735,100,WIN,863763,14.4,7,2,0,5,8,3,4,2,0
KR_8351640735,200,LOSE,863763,14.4,2,3,0,4,17,2,1,1,2
KR_8350140526,100,WIN,643560,10.73,7,3,0,2,26,0,0,3,1
KR_8350140526,200,LOSE,643560,10.73,1,5,1,2,7,5,2,0,0
KR_8349929703,100,LOSE,988621,16.48,2,5,1,3,24,5,2,3,0
KR_8349929703,200,WIN,988621,16.48,3,4,5,4,15,2,2,0,2
KR_8349921274,100,WIN,644648,10.74,2,1,2,1,11,2,0,3,1
KR_8349921274,200,LOSE,644648,10.74,1,4,0,2,3,2,1,0,0
KR_8354688164,100,LOSE,646008,10.77,1,5,1,4,5,6,2,0,0
KR_8354688164,200,WIN,646008,10.77,2,0,8,3,3,1,2,3,1
KR_8354580188,100,WIN,932990,15.55,3,2,2,2,10,5,0,0,1
KR_8354580188,200,LOSE,932990,15.55,2,2,0,5,15,4,2,3,1
KR_8355213380,100,WIN,1055541,17.59,6,1,0,6,18,4,6,1,1
KR_8355213380,200,LOSE,1055541,17.59,7,4,2,5,11,3,5,2,0
KR_8355179561,100,LOSE,979349,16.32,3,4,1,1,13,4,1,3,0
KR_8355179561,200,WIN,979349,16.32,3,2,2,1,18,0,3,0,2
KR_8352919907,100,LOSE,1062519,17.71,11,5,2,3,23,5,4,2,3
KR_8352919907,200,WIN,1062519,17.71,6,4,0,7,24,4,2,1,0
KR_8352886130,100,WIN,737612,12.29,3,0,1,0,8,3,1,0,0
KR_8352886130,200,LOSE,737612,12.29,0,2,0,3,6,2,0,3,2
KR_8352846588,100,LOSE,854025,14.23,5,3,1,6,10,0,2,0,0
KR_8352846588,200,WIN,854025,14.23,4,2,0,4,10,5,1,3,2
KR_8352796026,100,LOSE,888386,14.81,5,2,1,1,15,4,2,2,1
KR_8352796026,200,WIN,888386,14.81,0,3,0,4,21,4,2,1,1
KR_8352707279,100,LOSE,866168,14.44,3,7,1,3,11,2,1,3,0
KR_8352707279,200,WIN,866168,14.44,3,0,0,3,9,6,1,0,2
KR_8352623604,100,LOSE,1081001,18.02,5,2,3,2,21,7,5,3,0
KR_8352623604,200,WIN,1081001,18.02,1,5,0,6,20,6,2,0,1
KR_8351413150,100,LOSE,840280,14.0,0,3,2,4,13,0,0,0,1
KR_8351413150,200,WIN,840280,14.0,2,1,6,1,9,2,3,3,1
KR_8351373196,100,WIN,673016,11.22,4,2,2,2,3,2,0,3,0
KR_8351373196,200,LOSE,673016,11.22,2,4,0,2,4,0,1,0,1
KR_8350906187,100,WIN,682805,11.38,7,0,1,0,8,4,2,1,1
KR_8350906187,200,LOSE,682805,11.38,1,5,0,3,8,3,1,2,0
KR_8347557367,100,LOSE,1060956,17.68,0,4,2,11,13,4,0,3,1
KR_8347557367,200,WIN,1060956,17.68,4,2,0,2,73,7,2,0,2
KR_8347531800,100,LOSE,859404,14.32,3,2,1,5,11,4,1,0,0
KR_8347531800,200,WIN,859404,14.32,5,1,0,4,13,5,2,3,1
KR_8347513908,100,LOSE,688756,11.48,1,2,2,4,10,6,1,3,0
KR_8347513908,200,WIN,688756,11.48,5,0,0,2,5,4,4,0,1
KR_8342165392,100,WIN,893395,14.89,3,3,0,3,17,6,2,1,0
KR_8342165392,200,LOSE,893395,14.89,2,3,2,2,12,5,1,2,2
KR_8342137942,100,WIN,770609,12.84,1,0,0,2,14,1,2,0,1
KR_8342137942,200,LOSE,770609,12.84,0,2,0,1,15,2,3,3,0
KR_8342126715,100,WIN,880536,14.68,8,2,4,5,9,5,1,2,1
KR_8342126715,200,LOSE,880536,14.68,4,8,0,5,18,3,1,1,1
KR_8342092569,100,WIN,796827,13.28,3,4,2,5,9,4,1,3,1
KR_8342092569,200,LOSE,796827,13.28,5,3,1,3,9,3,2,0,1
KR_8339288276,100,LOSE,915899,15.26,2,2,0,3,9,0,3,3,0
KR_8339288276,200,WIN,915899,15.26,1,1,1,1,26,9,2,0,2
KR_8339269766,100,WIN,898135,14.97,2,3,0,4,11,0,3,3,1
KR_8339269766,200,LOSE,898135,14.97,1,3,0,1,18,5,3,0,1
KR_8339250719,100,WIN,870637,14.51,4,1,2,2,48,6,1,3,1
KR_8339250719,200,LOSE,870637,14.51,0,3,1,4,14,3,2,0,1
KR_8338076577,100,WIN,565803,9.43,6,1,4,4,3,2,0,0,1
KR_8338076577,200,LOSE,565803,9.43,3,7,2,5,17,0,0,0,0
KR_8338070885,100,WIN,806981,13.45,2,4,3,3,9,3,0,3,0
KR_8338070885,200,LOSE,806981,13.45,3,6,1,1,43,2,2,0,1
KR_8338058325,100,LOSE,865791,14.43,2,3,1,0,15,5,0,3,1
KR_8338058325,200,WIN,865791,14.43,3,2,0,1,11,2,1,0,0
KR_8338050160,100,LOSE,975475,16.26,2,5,3,9,21,7,3,2,0
KR_8338050160,200,WIN,975475,16.26,6,4,9,4,14,3,3,0,2
KR_8338027095,100,LOSE,679060,11.32,1,8,0,5,7,0,2,0,0
KR_8338027095,200,WIN,679060,11.32,12,2,2,3,6,3,0,3,1
KR_8351582299,100,LOSE,933180,15.55,0,2,1,1,16,2,5,3,0
KR_8351582299,200,WIN,933180,15.55,3,2,1,1,16,5,0,0,1
KR_8351561948,100,WIN,966739,16.11,3,6,1,6,19,4,0,3,1
KR_8351561948,200,LOSE,966739,16.11,5,1,1,2,20,5,2,0,1
KR_8351564426,100,LOSE,848269,14.14,2,3,0,4,11,1,4,0,0
KR_8351564426,200,WIN,848269,14.14,4,1,1,1,13,5,0,3,2
KR_8351547859,100,WIN,983878,16.4,6,3,0,6,19,3,5,3,1
KR_8351547859,200,LOSE,983878,16.4,12,3,0,3,17,3,3,0,1
KR_8351540770,100,LOSE,1077960,17.97,2,8,3,10,21,10,3,1,0
KR_8351540770,200,WIN,1077960,17.97,8,2,1,3,20,10,5,2,2
KR_8351525988,100,WIN,855091,14.25,2,1,1,2,9,3,1,3,1
KR_8351525988,200,LOSE,855091,14.25,2,2,1,3,11,2,5,0,0
KR_8348974059,100,WIN,918703,15.31,1,3,0,5,13,3,3,3,2
KR_8348974059,200,LOSE,918703,15.31,5,3,3,4,11,2,4,0,0
KR_8348950083,100,LOSE,734096,12.23,0,3,0,5,18,3,5,3,0
KR_8348950083,200,WIN,734096,12.23,6,0,1,1,9,5,0,0,1
KR_8348909555,100,LOSE,957617,15.96,1,6,1,2,21,6,3,3,0
KR_8348909555,200,WIN,957617,15.96,9,2,1,3,13,5,1,0,2
KR_8348876665,100,LOSE,1024942,17.08,5,2,2,3,18,2,5,0,0
KR_8348876665,200,WIN,1024942,17.08,0,4,2,2,14,2,2,3,2
KR_8348855539,100,LOSE,1266620,21.11,0,4,2,4,32,4,4,0,2
KR_8348855539,200,WIN,1266620,21.11,5,0,0,3,26,8,3,3,0
KR_8348836235,100,WIN,942667,15.71,3,4,5,4,19,0,2,3,0
KR_8348836235,200,LOSE,942667,15.71,9,2,0,6,14,2,2,0,1
KR_8348816311,100,WIN,871824,14.53,0,5,0,2,17,2,2,3,1
KR_8348816311,200,LOSE,871824,14.53,5,1,0,1,11,4,0,0,1
KR_8348786759,100,LOSE,688411,11.47,1,3,1,2,11,9,0,1,1
KR_8348786759,200,WIN,688411,11.47,4,3,1,6,7,0,3,2,0
KR_8348764784,100,WIN,854242,14.24,5,4,2,6,13,3,2,3,1
KR_8348764784,200,LOSE,854242,14.24,3,4,1,4,7,8,4,0,0
KR_8348763018,100,WIN,891668,14.86,5,2,1,3,21,3,1,3,1
KR_8348763018,200,LOSE,891668,14.86,3,2,1,4,12,4,3,0,0
KR_8348743202,100,WIN,929327,15.49,4,2,3,1,20,7,1,3,2
KR_8348743202,200,LOSE,929327,15.49,2,4,2,5,16,2,2,0,0
KR_8353187937,100,LOSE,811173,13.52,4,4,0,4,14,3,5,0,0
KR_8353187937,200,WIN,811173,13.52,5,3,0,3,8,7,3,3,1
KR_8353180817,100,WIN,588230,9.8,5,1,1,2,8,3,0,3,1
KR_8353180817,200,LOSE,588230,9.8,2,6,0,3,4,1,3,0,0
KR_8353164589,100,WIN,838275,13.97,1,3,4,4,12,3,1,3,2
KR_8353164589,200,LOSE,838275,13.97,5,4,0,4,10,4,7,0,0
KR_8350189981,100,WIN,882755,14.71,3,3,3,3,15,8,1,2,1
KR_8350189981,200,LOSE,882755,14.71,5,4,1,5,10,2,3,1,1
KR_8350165576,100,WIN,625159,10.42,7,2,0,0,6,1,0,0,1
KR_8350165576,200,LOSE,625159,10.42,2,3,1,4,2,2,1,3,0
KR_8350108399,100,LOSE,710950,11.85,1,3,1,4,8,1,2,0,0
KR_8350108399,200,WIN,710950,11.85,3,2,1,1,8,5,1,3,1
KR_8348775745,100,WIN,1056459,17.61,0,2,0,3,19,6,1,2,1
KR_8348775745,200,LOSE,1056459,17.61,2,2,1,0,16,0,1,1,1
KR_8348770323,100,LOSE,585432,9.76,0,6,0,3,31,0,0,2,0
KR_8348770323,200,WIN,585432,9.76,6,0,1,0,3,2,1,1,1
KR_8348750464,100,WIN,865665,14.43,6,3,1,1,11,3,1,1,2
KR_8348750464,200,LOSE,865665,14.43,2,3,1,4,10,4,2,2,0
KR_8348725308,100,LOSE,1212033,20.2,2,5,0,4,19,6,4,3,0
KR_8348725308,200,WIN,1212033,20.2,8,1,1,2,26,10,3,0,3
KR_8347917698,100,WIN,703603,11.73,4,3,4,2,5,4,2,3,0
KR_8347917698,200,LOSE,703603,11.73,5,3,0,3,11,0,4,0,1
KR_8347884171,100,WIN,783107,13.05,5,1,2,4,10,7,0,3,0
KR_8347884171,200,LOSE,783107,13.05,3,5,1,5,11,1,4,0,1
KR_8347873001,100,WIN,834976,13.92,8,0,3,1,10,5,0,1,1
KR_8347873001,200,LOSE,834976,13.92,0,5,1,4,13,0,4,2,0
KR_8347830761,100,WIN,780074,13.0,6,2,1,5,12,2,5,2,0
KR_8347830761,200,LOSE,780074,13.0,2,4,2,4,15,3,0,1,1
KR_8347803978,100,LOSE,745219,12.42,5,4,2,4,5,3,1,3,1
KR_8347803978,200,WIN,745219,12.42,6,4,2,3,10,2,0,0,0
KR_8347794007,100,LOSE,716950,11.95,2,3,2,4,13,3,0,3,0
KR_8347794007,200,WIN,716950,11.95,3,3,0,2,12,4,2,0,1
KR_8347756844,100,WIN,685550,11.43,3,3,0,2,6,2,1,3,0
KR_8347756844,200,LOSE,685550,11.43,1,2,0,2,32,5,0,0,1
KR_8347658171,100,WIN,818228,13.64,5,2,1,1,10,3,2,2,0
KR_8347658171,200,LOSE,818228,13.64,0,3,1,5,13,7,2,1,1
KR_8347625774,100,LOSE,861431,14.36,3,4,3,4,16,2,2,3,0
KR_8347625774,200,WIN,861431,14.36,4,2,3,3,20,2,4,0,1
KR_8339336541,100,WIN,931223,15.52,3,0,1,2,13,4,2,1,0
KR_8339336541,200,LOSE,931223,15.52,2,2,2,3,11,3,3,2,1
KR_8339319728,100,LOSE,955560,15.93,2,3,0,3,15,2,5,3,0
KR_8339319728,200,WIN,955560,15.93,2,0,4,1,55,5,1,0,1
KR_8338148047,100,LOSE,687414,11.46,0,3,0,1,7,0,2,3,0
KR_8338148047,200,WIN,687414,11.46,4,0,0,0,4,4,0,0,1
KR_8338129743,100,LOSE,767792,12.8,3,4,1,4,10,2,3,0,0
KR_8338129743,200,WIN,767792,12.8,1,3,2,2,6,7,0,3,1
KR_8354640337,100,LOSE,895153,14.92,0,2,2,2,16,4,0,3,0
KR_8354640337,200,WIN,895153,14.92,1,1,0,2,18,3,2,0,1
KR_8354210077,100,WIN,759914,12.67,6,6,1,4,8,2,2,0,1
KR_8354210077,200,LOSE,759914,12.67,3,5,8,3,7,2,0,3,0
KR_8354179381,100,LOSE,941490,15.69,1,4,2,4,11,4,4,0,0
KR_8354179381,200,WIN,941490,15.69,3,0,4,4,8,2,2,3,2
KR_8354175140,100,WIN,850900,14.18,2,0,0,1,10,2,2,3,0
KR_8354175140,200,LOSE,850900,14.18,1,2,1,1,48,2,2,0,1
KR_8354165313,100,WIN,872672,14.54,2,5,0,3,14,9,1,3,0
KR_8354165313,200,LOSE,872672,14.54,7,4,3,3,16,1,1,0,2
KR_8354155476,100,WIN,931935,15.53,7,2,7,4,18,6,0,3,2
KR_8354155476,200,LOSE,931935,15.53,1,6,4,6,10,3,5,0,0
KR_8354158011,100,LOSE,680862,11.35,0,5,0,2,18,4,1,3,1
KR_8354158011,200,WIN,680862,11.35,3,0,1,1,8,3,1,0,0
KR_8354135674,100,LOSE,931339,15.52,3,5,1,5,13,2,1,3,0
KR_8354135674,200,WIN,931339,15.52,4,2,0,1,15,8,1,0,1
KR_8354120145,100,LOSE,728164,12.14,0,3,0,2,10,6,1,3,0
KR_8354120145,200,WIN,728164,12.14,3,1,1,1,10,4,0,0,2
KR_8354095543,100,WIN,793245,13.22,4,4,1,2,38,7,0,1,0
KR_8354095543,200,LOSE,793245,13.22,3,5,1,5,4,2,2,2,1
KR_8354059923,100,WIN,1040531,17.34,6,4,1,3,16,1,1,3,2
KR_8354059923,200,LOSE,1040531,17.34,2,8,3,2,50,2,1,0,0
KR_8354023562,100,LOSE,1088619,18.14,4,2,0,0,24,7,2,3,1
KR_8354023562,200,WIN,1088619,18.14,3,5,0,2,24,2,3,0,1
KR_8353937479,100,LOSE,980861,16.35,0,1,0,0,17,2,2,2,1
KR_8353937479,200,WIN,980861,16.35,1,0,0,1,53,3,1,1,0
KR_8353816211,100,LOSE,797379,13.29,1,5,2,1,7,3,2,1,0
KR_8353816211,200,WIN,797379,13.29,4,3,1,2,5,2,6,1,0
KR_8353121076,100,WIN,693226,11.55,3,2,2,2,9,3,3,3,1
KR_8353121076,200,LOSE,693226,11.55,1,4,2,4,2,4,4,0,0
KR_8353062641,100,WIN,1011749,16.86,13,3,0,4,14,2,1,3,2
KR_8353062641,200,LOSE,1011749,16.86,3,7,1,4,19,8,1,0,0
KR_8353062294,100,WIN,804119,13.4,6,2,2,3,16,2,1,3,0
KR_8353062294,200,LOSE,804119,13.4,1,4,3,4,7,5,2,0,1
KR_8353047468,100,LOSE,855801,14.26,3,5,4,6,52,3,3,0,0
KR_8353047468,200,WIN,855801,14.26,7,4,4,5,4,5,3,3,2
KR_8353027500,100,WIN,965048,16.08,4,4,2,7,20,6,1,3,1
KR_8353027500,200,LOSE,965048,16.08,3,3,2,4,17,3,3,0,0
KR_8353014637,100,LOSE,861823,14.36,4,4,0,4,48,3,3,3,1
KR_8353014637,200,WIN,861823,14.36,5,3,0,4,11,5,1,0,0
KR_8352984970,100,LOSE,1087169,18.12,3,6,2,3,21,9,5,3,1
KR_8352984970,200,WIN,1087169,18.12,3,7,0,6,20,5,2,0,2
KR_8353701243,100,LOSE,835395,13.92,2,3,1,2,17,1,3,0,0
KR_8353701243,200,WIN,835395,13.92,6,1,1,3,11,1,0,3,1
KR_8353634617,100,WIN,782444,13.04,7,3,3,2,7,6,4,0,1
KR_8353634617,200,LOSE,782444,13.04,6,6,0,4,17,3,4,3,0
KR_8350750316,100,WIN,808430,13.47,3,3,7,4,11,2,3,3,1
KR_8350750316,200,LOSE,808430,13.47,5,8,1,5,11,4,2,0,1
KR_8349238701,100,WIN,615462,10.26,5,0,0,0,7,6,0,0,1
KR_8349238701,200,LOSE,615462,10.26,0,5,0,4,9,1,1,3,0
KR_8348057771,100,WIN,927886,15.46,2,3,2,2,12,1,4,1,0
KR_8348057771,200,LOSE,927886,15.46,2,2,1,2,20,8,1,2,2
KR_8346001633,100,LOSE,781417,13.02,0,6,1,6,5,2,0,0,1
KR_8346001633,200,WIN,781417,13.02,4,0,3,2,12,3,0,3,0
KR_8345941430,100,LOSE,735314,12.26,6,3,1,3,8,2,0,0,0
KR_8345941430,200,WIN,735314,12.26,0,3,0,3,5,5,0,3,1
KR_8344716820,100,WIN,982939,16.38,5,5,1,1,22,7,1,3,0
KR_8344716820,200,LOSE,982939,16.38,1,5,2,5,19,2,6,0,1
KR_8343029496,100,WIN,813477,13.56,2,1,0,1,17,7,0,3,0
KR_8343029496,200,LOSE,813477,13.56,1,3,0,3,13,1,4,0,1
KR_8341443209,100,LOSE,591950,9.87,1,4,0,5,3,1,1,0,0
KR_8341443209,200,WIN,591950,9.87,4,0,2,0,6,1,1,3,1
KR_8339797680,100,LOSE,647974,10.8,0,5,0,2,28,4,1,3,0
KR_8339797680,200,WIN,647974,10.8,5,0,1,0,8,3,1,0,0
KR_8338746577,100,LOSE,1133742,18.9,2,5,1,5,20,3,3,1,1
KR_8338746577,200,WIN,1133742,18.9,6,4,1,1,21,5,0,2,2
KR_8337409093,100,LOSE,1113722,18.56,2,3,1,5,25,4,3,2,0
KR_8337409093,200,WIN,1113722,18.56,5,6,0,4,22,4,5,1,3
KR_8347884872,100,WIN,853842,14.23,6,3,3,0,15,5,0,0,1
KR_8347884872,200,LOSE,853842,14.23,1,4,0,5,10,2,3,3,0
KR_8347876097,100,LOSE,987807,16.46,3,2,0,1,34,2,4,0,0
KR_8347876097,200,WIN,987807,16.46,2,3,2,2,18,3,0,3,2
KR_8342460212,100,WIN,769179,12.82,6,0,1,0,10,1,3,1,0
KR_8342460212,200,LOSE,769179,12.82,0,4,0,3,8,2,0,2,2
KR_8342434346,100,WIN,794567,13.24,5,5,3,3,15,4,0,3,2
KR_8342434346,200,LOSE,794567,13.24,4,6,2,3,43,0,4,0,0
KR_8340917039,100,WIN,856577,14.28,4,4,2,7,14,6,4,3,0
KR_8340917039,200,LOSE,856577,14.28,4,4,1,7,15,8,4,0,2
KR_8337374649,100,LOSE,764681,12.74,2,3,0,3,10,6,1,3,1
KR_8337374649,200,WIN,764681,12.74,1,3,0,3,10,7,2,0,0
KR_8337353640,100,LOSE,760052,12.67,0,4,2,5,12,0,5,0,0
KR_8337353640,200,WIN,760052,12.67,4,0,4,1,7,3,0,3,1
KR_8354868797,100,WIN,775610,12.93,5,3,0,4,11,2,1,0,1
KR_8354868797,200,LOSE,775610,12.93,2,3,4,2,7,3,2,3,0
KR_8354832130,100,WIN,942372,15.71,2,4,0,4,10,4,3,0,0
KR_8354832130,200,LOSE,942372,15.71,4,3,1,2,18,5,0,3,2
KR_8354765673,100,WIN,859001,14.32,4,7,1,7,11,3,1,3,1
KR_8354765673,200,LOSE,859001,14.32,4,5,2,4,9,6,3,0,0
KR_8354695104,100,WIN,796925,13.28,4,0,1,0,12,2,1,3,1
KR_8354695104,200,LOSE,796925,13.28,0,2,0,3,42,0,4,0,0
KR_8348189902,100,LOSE,737931,12.3,1,4,0,2,6,0,5,0,0
KR_8348189902,200,WIN,737931,12.3,3,0,2,1,9,4,1,3,1
KR_8347235046,100,WIN,931599,15.53,4,1,2,1,6,11,0,3,1
KR_8347235046,200,LOSE,931599,15.53,1,4,1,4,11,2,6,0,0
KR_8347091320,100,WIN,959875,16.0,2,3,1,1,54,6,3,3,0
KR_8347091320,200,LOSE,959875,16.0,4,3,1,3,12,3,3,0,2
KR_8344985184,100,LOSE,961865,16.03,5,5,2,2,14,3,1,1,0
KR_8344985184,200,WIN,961865,16.03,2,3,2,3,57,3,1,2,1
KR_8344813058,100,WIN,909832,15.16,1,2,0,2,14,8,3,3,1
KR_8344813058,200,LOSE,909832,15.16,0,2,0,3,14,3,3,0,0
KR_8344698655,100,WIN,901581,15.03,7,2,1,5,11,6,3,3,0
KR_8344698655,200,LOSE,901581,15.03,3,2,4,5,10,3,4,0,2
KR_8344522860,100,LOSE,941599,15.69,3,1,0,1,18,3,2,0,1
KR_8344522860,200,WIN,941599,15.69,0,1,3,4,14,2,0,3,0
KR_8344424630,100,WIN,763140,12.72,2,2,6,3,7,2,3,3,1
KR_8344424630,200,LOSE,763140,12.72,1,4,3,1,15,5,3,0,0
KR_8339351760,100,LOSE,832275,13.87,2,3,2,3,14,5,2,3,0
KR_8339351760,200,WIN,832275,13.87,3,2,0,5,10,5,2,0,1
KR_8352943838,100,WIN,982032,16.37,3,4,8,5,17,6,2,2,1
KR_8352943838,200,LOSE,982032,16.37,5,7,5,7,18,1,4,1,0
KR_8352923330,100,LOSE,834537,13.91,1,5,2,1,14,2,0,2,0
KR_8352923330,200,WIN,834537,13.91,4,1,2,2,13,3,1,1,2
KR_8352844968,100,LOSE,734829,12.25,5,5,2,4,10,3,2,0,0
KR_8352844968,200,WIN,734829,12.25,2,6,4,2,7,5,0,3,1
KR_8352825017,100,WIN,629592,10.49,4,3,1,0,31,8,1,3,0
KR_8352825017,200,LOSE,629592,10.49,2,6,1,2,3,1,4,0,0
KR_8352531443,100,LOSE,1005848,16.76,6,4,0,3,12,7,2,3,0
KR_8352531443,200,WIN,1005848,16.76,3,6,1,2,12,3,1,0,2
KR_8352463346,100,LOSE,866186,14.44,2,6,0,4,12,0,3,3,0
KR_8352463346,200,WIN,866186,14.44,6,2,0,1,13,6,1,0,1
KR_8352398431,100,LOSE,791651,13.19,1,2,0,1,10,1,2,1,1
KR_8352398431,200,WIN,791651,13.19,2,0,0,1,10,1,3,2,0
KR_8352322465,100,LOSE,619988,10.33,1,6,0,5,7,3,4,0,0
KR_8352322465,200,WIN,619988,10.33,8,0,5,1,7,1,1,3,1
KR_8352290008,100,WIN,803864,13.4,2,1,3,1,11,5,0,1,0
KR_8352290008,200,LOSE,803864,13.4,0,3,1,4,7,2,3,2,1
KR_8352204362,100,WIN,823291,13.72,2,4,4,4,13,6,0,3,0
KR_8352204362,200,LOSE,823291,13.72,3,4,3,6,12,4,2,0,1
KR_8352142815,100,WIN,1137573,18.96,3,5,3,4,20,4,3,0,1
KR_8352142815,200,LOSE,1137573,18.96,6,5,0,4,23,8,2,3,2
KR_8352113504,100,LOSE,708971,11.82,2,3,1,2,4,1,4,0,0
KR_8352113504,200,WIN,708971,11.82,5,3,2,1,11,3,0,3,1
KR_8352048920,100,WIN,792473,13.21,1,4,1,2,11,4,1,0,0
KR_8352048920,200,LOSE,792473,13.21,5,3,2,1,10,3,2,3,0
KR_8351926027,100,LOSE,956733,15.95,3,0,1,3,19,9,3,0,0
KR_8351926027,200,WIN,956733,15.95,0,2,0,3,19,5,3,3,1
KR_8351479294,100,WIN,788701,13.15,5,4,0,2,11,6,3,0,1
KR_8351479294,200,LOSE,788701,13.15,0,4,1,4,9,6,5,3,0
KR_8351445470,100,WIN,929112,15.49,1,0,3,3,18,3,1,3,2
KR_8351445470,200,LOSE,929112,15.49,3,2,0,4,11,0,2,0,0
KR_8351317964,100,WIN,628749,10.48,4,0,0,0,4,4,1,0,1
KR_8351317964,200,LOSE,628749,10.48,0,3,0,2,7,0,4,3,0
KR_8351176768,100,WIN,776119,12.94,5,4,0,3,6,3,4,0,1
KR_8351176768,200,LOSE,776119,12.94,4,2,0,3,14,7,1,3,0
KR_8350899358,100,LOSE,825379,13.76,4,3,1,4,9,1,1,0,1
KR_8350899358,200,WIN,825379,13.76,4,3,2,4,10,6,0,3,0
KR_8350814818,100,WIN,1015622,16.93,6,2,0,4,17,3,5,0,0
KR_8350814818,200,LOSE,1015622,16.93,3,5,1,4,16,2,1,3,2
KR_8354458867,100,WIN,1018499,16.97,2,7,5,4,15,5,4,3,0
KR_8354458867,200,LOSE,1018499,16.97,6,4,1,6,21,3,4,0,1
KR_8354440155,100,WIN,863459,14.39,2,0,0,1,9,3,1,3,0
KR_8354440155,200,LOSE,863459,14.39,0,1,1,2,10,1,1,0,2
KR_8354398090,100,LOSE,940953,15.68,1,1,0,3,13,6,1,3,1
KR_8354398090,200,WIN,940953,15.68,3,2,0,1,10,1,2,0,0
KR_8349744566,100,WIN,770384,12.84,8,3,1,5,10,4,3,3,0
KR_8349744566,200,LOSE,770384,12.84,1,6,5,3,11,7,3,0,0
KR_8349656390,100,LOSE,773266,12.89,0,5,2,3,12,4,2,1,1
KR_8349656390,200,WIN,773266,12.89,5,2,2,1,8,3,2,2,0
KR_8349507885,100,LOSE,704443,11.74,0,4,0,4,10,2,1,0,0
KR_8349507885,200,WIN,704443,11.74,6,0,2,0,10,4,2,3,1
KR_8349146229,100,WIN,931771,15.53,4,1,2,0,15,6,2,1,0
KR_8349146229,200,LOSE,931771,15.53,1,2,1,5,25,0,3,2,1
KR_8348084733,100,WIN,1034972,17.25,2,6,1,5,14,6,0,2,1
KR_8348084733,200,LOSE,1034972,17.25,1,2,6,2,61,5,3,1,1
KR_8345246205,100,LOSE,704970,11.75,4,3,2,3,6,7,3,3,0
KR_8345246205,200,WIN,704970,11.75,4,4,1,3,21,6,3,0,1
KR_8345223188,100,LOSE,741472,12.36,1,3,0,3,12,1,1,3,0
KR_8345223188,200,WIN,741472,12.36,4,1,0,2,36,2,0,0,2
KR_8345165993,100,LOSE,762846,12.71,5,4,1,2,12,1,2,3,0
KR_8345165993,200,WIN,762846,12.71,3,4,4,2,15,4,1,0,0
KR_8343611542,100,WIN,970622,16.18,6,1,0,1,23,4,4,3,0
KR_8343611542,200,LOSE,970622,16.18,1,3,1,3,59,3,1,0,2
KR_8338472386,100,WIN,888106,14.8,3,4,0,3,22,1,4,0,0
KR_8338472386,200,LOSE,888106,14.8,5,1,3,2,21,2,2,3,1
KR_8337945263,100,LOSE,1076304,17.94,0,4,4,5,21,7,2,2,0
KR_8337945263,200,WIN,1076304,17.94,4,3,1,4,61,4,5,1,2
KR_8337879769,100,WIN,1055279,17.59,1,1,2,4,19,5,2,3,2
KR_8337879769,200,LOSE,1055279,17.59,3,1,2,3,18,2,4,0,0
KR_8343032578,100,WIN,1046627,17.44,1,1,0,1,26,2,2,2,1
KR_8343032578,200,LOSE,1046627,17.44,2,2,0,1,19,0,2,1,1
KR_8342977064,100,WIN,817493,13.62,2,2,6,1,13,1,0,2,2
KR_8342977064,200,LOSE,817493,13.62,1,3,0,4,15,3,2,1,0
KR_8342893240,100,WIN,800604,13.34,8,4,2,1,13,10,0,3,0
KR_8342893240,200,LOSE,800604,13.34,2,6,0,6,10,4,4,0,0
KR_8342770445,100,LOSE,944128,15.74,6,3,0,4,25,7,2,3,0
KR_8342770445,200,WIN,944128,15.74,4,5,4,4,19,1,1,0,2
KR_8342392817,100,LOSE,821535,13.69,0,5,0,4,47,1,2,0,0
KR_8342392817,200,WIN,821535,13.69,3,0,3,0,17,3,1,3,0
KR_8342385143,100,WIN,672863,11.21,3,0,0,1,8,1,0,3,0
KR_8342385143,200,LOSE,672863,11.21,0,2,0,2,6,3,1,0,0
KR_8342361028,100,WIN,929710,15.5,3,0,3,4,20,1,3,0,0
KR_8342361028,200,LOSE,929710,15.5,1,3,1,3,13,6,3,3,2
KR_8339156205,100,WIN,855910,14.27,7,3,1,2,16,5,3,0,0
KR_8339156205,200,LOSE,855910,14.27,5,7,1,6,52,5,3,3,2
KR_8338474967,100,LOSE,965599,16.09,4,5,3,4,12,4,2,3,2
KR_8338474967,200,WIN,965599,16.09,9,5,0,2,17,3,4,0,0
KR_8338463344,100,LOSE,763735,12.73,0,3,0,4,11,4,6,0,0
KR_8338463344,200,WIN,763735,12.73,3,0,2,3,8,6,0,3,1
KR_8338418506,100,LOSE,939866,15.66,2,2,1,4,11,4,1,0,2
KR_8338418506,200,WIN,939866,15.66,2,3,3,1,15,4,1,3,0
KR_8337918504,100,LOSE,773559,12.89,1,2,0,2,40,2,4,3,0
KR_8337918504,200,WIN,773559,12.89,2,1,1,2,9,3,0,0,0
KR_8337494932,100,LOSE,892403,14.87,6,7,3,6,14,1,6,0,0
KR_8337494932,200,WIN,892403,14.87,4,6,2,4,14,9,0,3,0
KR_8354181500,100,WIN,850075,14.17,4,1,0,2,12,8,2,3,2
KR_8354181500,200,LOSE,850075,14.17,3,3,1,2,11,1,2,0,0
KR_8351577085,100,WIN,806141,13.44,3,1,2,5,12,2,1,3,1
KR_8351577085,200,LOSE,806141,13.44,2,4,3,3,11,5,1,0,0
KR_8351569204,100,WIN,1094567,18.24,5,3,1,2,19,9,2,3,2
KR_8351569204,200,LOSE,1094567,18.24,1,1,1,5,17,4,4,0,1
KR_8351552972,100,WIN,829093,13.82,7,1,6,3,11,4,1,3,0
KR_8351552972,200,LOSE,829093,13.82,1,4,0,6,5,3,4,0,0
KR_8351540600,100,WIN,764906,12.75,4,5,1,4,17,2,2,0,0
KR_8351540600,200,LOSE,764906,12.75,4,3,1,1,12,4,2,3,1
KR_8351529799,100,WIN,861550,14.36,1,1,2,3,43,1,2,3,1
KR_8351529799,200,LOSE,861550,14.36,1,5,4,2,19,1,6,0,0
KR_8351511883,100,WIN,687638,11.46,1,1,3,2,6,2,2,3,1
KR_8351511883,200,LOSE,687638,11.46,2,3,2,3,12,1,1,0,0
KR_8351492763,100,WIN,804742,13.41,3,3,0,3,16,7,1,3,0
KR_8351492763,200,LOSE,804742,13.41,2,3,1,4,11,6,3,0,1
KR_8351468251,100,WIN,904498,15.07,4,4,1,5,17,5,0,3,0
KR_8351468251,200,LOSE,904498,15.07,6,3,0,4,8,2,2,0,1
KR_8351420166,100,WIN,798267,13.3,6,0,1,3,11,3,2,0,1
KR_8351420166,200,LOSE,798267,13.3,2,3,0,3,8,3,2,3,1
KR_8355241218,100,WIN,810438,13.51,5,1,1,2,6,10,3,3,1
KR_8355241218,200,LOSE,810438,13.51,3,3,0,3,8,2,6,0,0
KR_8355069058,100,LOSE,889989,14.83,6,5,1,4,10,3,3,3,1
KR_8355069058,200,WIN,889989,14.83,4,4,2,6,31,7,2,0,1
KR_8354902117,100,WIN,1015909,16.93,1,2,0,3,14,6,4,0,2
KR_8354902117,200,LOSE,1015909,16.93,2,1,0,3,18,6,2,3,0
KR_8354823972,100,LOSE,959883,16.0,2,5,1,3,21,3,1,3,0
KR_8354823972,200,WIN,959883,16.0,4,2,1,2,20,4,0,0,2
KR_8350982728,100,WIN,888151,14.8,4,3,1,5,8,1,0,1,0
KR_8350982728,200,LOSE,888151,14.8,4,3,1,3,15,8,1,2,0
KR_8346868745,100,LOSE,1100931,18.35,2,0,2,6,20,3,1,2,0
KR_8346868745,200,WIN,1100931,18.35,5,1,0,3,22,1,2,1,2
KR_8345740215,100,LOSE,963057,16.05,5,5,2,5,21,3,0,3,1
KR_8345740215,200,WIN,963057,16.05,2,6,1,1,49,4,0,0,0
KR_8345701591,100,LOSE,931917,15.53,2,5,0,6,17,2,1,0,2
KR_8345701591,200,WIN,931917,15.53,4,1,4,1,49,1,3,3,0
KR_8342859286,100,LOSE,1124825,18.75,6,3,8,5,25,2,4,1,0
KR_8342859286,200,WIN,1124825,18.75,2,5,3,7,64,5,6,2,1
KR_8342806061,100,WIN,960879,16.01,5,1,0,3,18,1,0,3,0
KR_8342806061,200,LOSE,960879,16.01,2,2,0,2,22,1,1,0,1
KR_8340925222,100,WIN,854505,14.24,10,1,0,1,15,2,0,3,1
KR_8340925222,200,LOSE,854505,14.24,1,7,0,4,9,1,2,0,0
KR_8340810582,100,WIN,909756,15.16,1,0,2,1,12,1,1,2,1
KR_8340810582,200,LOSE,909756,15.16,1,1,0,1,5,0,2,1,1
KR_8354640018,100,LOSE,1005584,16.76,0,2,1,1,24,1,5,3,0
KR_8354640018,200,WIN,1005584,16.76,3,0,1,0,21,5,2,0,2
KR_8354605146,100,LOSE,736345,12.27,0,4,0,3,8,3,0,2,0
KR_8354605146,200,WIN,736345,12.27,4,1,1,0,9,1,1,1,2
KR_8354517355,100,WIN,648958,10.82,3,0,2,0,11,3,1,1,0
KR_8354517355,200,LOSE,648958,10.82,0,2,0,4,4,1,2,2,1
KR_8353864460,100,LOSE,733026,12.22,0,3,0,3,7,4,4,2,0
KR_8353864460,200,WIN,733026,12.22,3,1,0,2,7,8,0,1,1
KR_8353808388,100,LOSE,561272,9.35,0,3,2,2,1,0,1,3,0
KR_8353808388,200,WIN,561272,9.35,2,1,1,1,6,2,1,0,1
KR_8353727927,100,LOSE,1064676,17.74,3,2,3,2,23,5,3,3,0
KR_8353727927,200,WIN,1064676,17.74,4,1,2,4,17,1,5,0,2
KR_8353690584,100,LOSE,703462,11.72,1,2,1,4,9,0,5,0,0
KR_8353690584,200,WIN,703462,11.72,3,1,1,0,8,4,1,3,0
KR_8353488356,100,WIN,819213,13.65,7,0,1,0,12,3,2,3,0
KR_8353488356,200,LOSE,819213,13.65,1,4,1,3,10,1,3,0,0
KR_8354096939,100,WIN,565987,9.43,4,0,2,3,4,2,1,0,1
KR_8354096939,200,LOSE,565987,9.43,2,3,0,1,5,2,2,3,0
KR_8352250541,100,WIN,803675,13.39,2,1,1,0,9,1,0,0,1
KR_8352250541,200,LOSE,803675,13.39,0,3,0,0,7,3,0,3,1
KR_8348983334,100,LOSE,859133,14.32,2,1,0,2,16,3,2,3,0
KR_8348983334,200,WIN,859133,14.32,1,1,1,3,14,2,1,0,2
KR_8347848124,100,LOSE,913307,15.22,6,2,1,1,13,1,4,3,0
KR_8347848124,200,WIN,913307,15.22,1,4,2,3,13,9,2,0,1
KR_8342483586,100,WIN,823123,13.72,5,1,4,0,8,5,0,2,2
KR_8342483586,200,LOSE,823123,13.72,0,6,1,3,9,0,3,1,0
KR_8342439738,100,WIN,954929,15.92,6,2,1,3,12,14,1,3,1
KR_8342439738,200,LOSE,954929,15.92,1,4,2,7,19,8,5,0,0
KR_8342392710,100,LOSE,1081855,18.03,3,4,4,4,19,6,0,3,1
KR_8342392710,200,WIN,1081855,18.03,2,1,2,3,23,6,6,0,1
KR_8340800845,100,WIN,851504,14.19,5,3,4,2,16,7,0,1,2
KR_8340800845,200,LOSE,851504,14.19,4,6,0,5,14,2,5,2,0
KR_8340771977,100,WIN,794683,13.24,3,2,0,1,8,10,3,3,1
KR_8340771977,200,LOSE,794683,13.24,2,4,0,3,41,3,2,0,0
KR_8346503768,100,WIN,736807,12.28,6,2,2,3,11,2,4,3,1
KR_8346503768,200,LOSE,736807,12.28,3,6,4,3,4,3,2,0,0
KR_8346504512,100,WIN,953721,15.9,7,4,4,8,14,5,3,2,0
KR_8346504512,200,LOSE,953721,15.9,2,7,2,4,12,9,2,1,2
KR_8345544096,100,LOSE,964226,16.07,3,2,1,6,16,4,5,2,0
KR_8345544096,200,WIN,964226,16.07,4,4,1,2,12,7,1,1,2
KR_8345408769,100,LOSE,1119684,18.66,9,2,4,5,11,2,2,3,2
KR_8345408769,200,WIN,1119684,18.66,3,4,0,6,17,7,5,0,1
KR_8345405243,100,LOSE,851970,14.2,1,5,1,1,11,5,2,3,0
KR_8345405243,200,WIN,851970,14.2,6,3,1,3,10,3,2,0,1
KR_8344920566,100,WIN,1137835,18.96,8,6,9,7,13,3,3,3,1
KR_8344920566,200,LOSE,1137835,18.96,5,7,1,5,75,8,4,0,1
KR_8344863098,100,WIN,645850,10.76,5,0,0,4,4,4,4,1,0
KR_8344863098,200,LOSE,645850,10.76,2,4,0,5,6,3,2,2,0
KR_8340019661,100,LOSE,944655,15.74,2,3,1,3,19,2,1,1,1
KR_8340019661,200,WIN,944655,15.74,2,2,2,6,15,1,0,2,1
KR_8339974251,100,LOSE,904658,15.08,4,6,0,2,15,8,3,3,0
KR_8339974251,200,WIN,904658,15.08,8,2,2,2,53,1,4,0,1
KR_8339900478,100,WIN,932931,15.55,1,1,1,1,21,9,2,3,0
KR_8339900478,200,LOSE,932931,15.55,2,3,0,5,12,3,4,0,1
KR_8339852351,100,LOSE,863244,14.39,1,5,0,3,8,1,2,3,0
KR_8339852351,200,WIN,863244,14.39,7,1,1,1,11,2,0,0,2
KR_8338866616,100,WIN,716664,11.94,0,2,1,0,13,3,2,3,0
KR_8338866616,200,LOSE,716664,11.94,0,2,0,2,6,2,4,0,1
KR_8338634474,100,WIN,649181,10.82,4,1,0,1,8,3,1,1,0
KR_8338634474,200,LOSE,649181,10.82,0,2,0,1,12,2,2,2,1
KR_8338609302,100,LOSE,966969,16.12,5,5,1,4,17,3,4,0,0
KR_8338609302,200,WIN,966969,16.12,6,2,2,5,28,8,1,3,2
KR_8338564415,100,WIN,1108890,18.48,4,5,1,6,25,4,0,2,0
KR_8338564415,200,LOSE,1108890,18.48,3,4,1,4,19,7,1,1,2
KR_8353845191,100,LOSE,909182,15.15,4,3,2,4,15,5,4,0,0
KR_8353845191,200,WIN,909182,15.15,2,2,2,3,11,8,3,3,1
KR_8353789502,100,LOSE,935278,15.59,4,3,1,5,55,5,3,0,1
KR_8353789502,200,WIN,935278,15.59,7,3,0,2,19,6,0,3,1
KR_8353680744,100,LOSE,991136,16.52,2,1,0,4,19,6,2,0,0
KR_8353680744,200,WIN,991136,16.52,1,5,2,3,18,1,0,3,1
KR_8353623328,100,WIN,909340,15.16,3,3,3,2,14,4,1,3,1
KR_8353623328,200,LOSE,909340,15.16,3,2,2,5,10,5,3,0,1
KR_8353562738,100,LOSE,1042318,17.37,8,8,3,4,21,3,6,0,1
KR_8353562738,200,WIN,1042318,17.37,10,7,3,6,16,5,4,2,0
KR_8353528407,100,LOSE,836810,13.95,3,4,2,2,12,2,2,0,1
KR_8353528407,200,WIN,836810,13.95,6,3,0,2,15,4,1,3,0
KR_8352285803,100,WIN,769752,12.83,8,3,0,3,3,4,0,2,0
KR_8352285803,200,LOSE,769752,12.83,2,5,3,5,7,0,4,1,1
KR_8352237937,100,WIN,622183,10.37,2,0,0,1,7,4,0,3,1
KR_8352237937,200,LOSE,622183,10.37,1,3,0,0,13,1,3,0,0
KR_8347272577,100,WIN,790172,13.17,7,1,1,4,10,3,0,2,1
KR_8347272577,200,LOSE,790172,13.17,4,5,0,7,10,3,3,1,0
KR_8347211673,100,LOSE,936563,15.61,2,3,1,1,51,5,1,3,1
KR_8347211673,200,WIN,936563,15.61,5,0,0,2,15,0,2,0,1
KR_8347178472,100,WIN,941111,15.69,1,3,2,4,11,4,1,0,0
KR_8347178472,200,LOSE,941111,15.69,4,2,0,2,20,3,4,3,1
KR_8347123384,100,LOSE,809099,13.48,2,4,0,5,11,2,5,3,0
KR_8347123384,200,WIN,809099,13.48,9,2,3,1,11,4,2,0,1
KR_8347026550,100,WIN,705029,11.75,12,2,1,5,7,4,1,3,0
KR_8347026550,200,LOSE,705029,11.75,3,5,2,7,7,1,2,0,1
KR_8346966831,100,LOSE,850086,14.17,0,4,0,2,15,2,1,0,0
KR_8346966831,200,WIN,850086,14.17,6,3,1,2,41,4,2,3,1
KR_8355233887,100,LOSE,702609,11.71,1,4,1,7,3,2,2,3,0
KR_8355233887,200,WIN,702609,11.71,4,1,2,3,8,5,0,0,1
KR_8355211781,100,LOSE,888440,14.81,1,4,2,5,11,5,3,0,0
KR_8355211781,200,WIN,888440,14.81,1,2,2,3,56,2,2,3,2
KR_8355188870,100,WIN,985353,16.42,2,6,2,2,24,11,3,3,0
KR_8355188870,200,LOSE,985353,16.42,3,3,7,5,17,3,4,0,1
KR_8355031773,100,WIN,895688,14.93,4,2,0,0,16,2,0,0,1
KR_8355031773,200,LOSE,895688,14.93,1,2,0,4,17,1,2,3,1
KR_8354850478,100,LOSE,1151561,19.19,6,6,0,5,69,5,5,1,1
KR_8354850478,200,WIN,1151561,19.19,7,3,1,5,22,11,2,2,1
KR_8354790747,100,LOSE,1179208,19.65,4,7,1,6,22,5,4,3,0
KR_8354790747,200,WIN,1179208,19.65,6,4,1,6,20,10,3,0,2
KR_8354739765,100,WIN,912701,15.21,4,0,1,5,16,1,2,1,1
KR_8354739765,200,LOSE,912701,15.21,2,3,1,2,14,0,4,2,0
KR_8354700292,100,WIN,937548,15.63,2,2,0,0,22,9,1,2,1
KR_8354700292,200,LOSE,937548,15.63,2,2,0,0,14,2,5,1,1
KR_8354650026,100,LOSE,827454,13.79,2,1,0,1,14,5,3,0,0
KR_8354650026,200,WIN,827454,13.79,2,1,0,3,41,2,2,3,0
KR_8354569201,100,WIN,790390,13.17,6,2,2,2,13,1,1,0,1
KR_8354569201,200,LOSE,790390,13.17,2,4,2,4,5,1,1,3,0
KR_8354538309,100,LOSE,942490,15.71,2,4,4,2,15,1,1,0,0
KR_8354538309,200,WIN,942490,15.71,4,3,3,1,22,2,2,3,2
KR_8354497837,100,WIN,681649,11.36,2,1,1,1,6,4,1,0,0
KR_8354497837,200,LOSE,681649,11.36,2,3,0,3,7,2,2,3,1
KR_8354163788,100,LOSE,625501,10.43,0,5,6,1,5,2,1,3,0
KR_8354163788,200,WIN,625501,10.43,4,3,1,3,4,3,2,0,1
KR_8354164408,100,WIN,859662,14.33,7,5,2,3,16,1,0,3,1
KR_8354164408,200,LOSE,859662,14.33,2,4,0,6,18,5,2,0,0
KR_8354109579,100,WIN,999816,16.66,2,3,2,4,24,5,1,3,0
KR_8354109579,200,LOSE,999816,16.66,1,2,2,4,19,3,2,0,2
KR_8353716179,100,LOSE,715440,11.92,0,0,4,4,8,2,2,2,0
KR_8353716179,200,WIN,715440,11.92,2,0,2,0,12,3,4,1,1
KR_8353649171,100,LOSE,1050033,17.5,4,2,6,4,23,1,3,3,0
KR_8353649171,200,WIN,1050033,17.5,1,5,4,2,16,5,4,0,2
KR_8355231024,100,LOSE,934316,15.57,1,3,2,3,22,5,3,0,0
KR_8355231024,200,WIN,934316,15.57,3,2,0,3,17,4,1,3,2
KR_8355206861,100,WIN,801824,13.36,5,1,1,1,10,6,0,3,1
KR_8355206861,200,LOSE,801824,13.36,1,4,0,4,13,3,5,0,1
KR_8355194752,100,LOSE,678722,11.31,0,5,2,1,12,5,3,3,1
KR_8355194752,200,WIN,678722,11.31,2,0,4,2,7,4,3,0,0
KR_8355059346,100,LOSE,773729,12.9,1,5,0,4,10,4,2,0,1
KR_8355059346,200,WIN,773729,12.9,8,1,0,2,11,4,0,3,0
KR_8354333560,100,LOSE,987047,16.45,2,6,4,8,8,4,3,3,0
KR_8354333560,200,WIN,987047,16.45,9,5,1,7,10,11,0,0,1
KR_8354324103,100,LOSE,767175,12.79,2,3,0,3,12,3,3,1,0
KR_8354324103,200,WIN,767175,12.79,5,0,2,3,6,2,0,2,2
KR_8354094101,100,LOSE,665363,11.09,4,6,1,6,7,1,2,0,0
KR_8354094101,200,WIN,665363,11.09,13,4,1,2,9,0,1,3,1
KR_8354052999,100,WIN,924855,15.41,4,7,1,3,18,5,2,3,0
KR_8354052999,200,LOSE,924855,15.41,4,8,6,1,15,4,2,0,1
KR_8354055522,100,LOSE,742333,12.37,2,4,0,3,35,3,5,0,0
KR_8354055522,200,WIN,742333,12.37,5,1,0,2,11,6,2,3,1
KR_8354033241,100,LOSE,910616,15.18,6,6,0,2,21,6,2,0,1
KR_8354033241,200,WIN,910616,15.18,3,3,3,3,19,3,6,3,0
KR_8354012152,100,LOSE,914536,15.24,0,1,0,3,19,1,4,3,0
KR_8354012152,200,WIN,914536,15.24,2,1,0,0,11,5,1,0,1
KR_8353500081,100,WIN,1038881,17.31,3,1,3,1,58,6,1,3,1
KR_8353500081,200,LOSE,1038881,17.31,2,3,3,4,11,1,3,0,0
KR_8352635816,100,LOSE,784281,13.07,0,3,1,4,13,0,5,0,1
KR_8352635816,200,WIN,784281,13.07,9,1,1,0,10,5,1,3,0
KR_8349055734,100,LOSE,779183,12.99,2,1,1,4,10,1,5,0,0
KR_8349055734,200,WIN,779183,12.99,2,1,2,0,12,4,2,3,1
KR_8347037401,100,WIN,949632,15.83,5,4,1,4,17,5,5,3,0
KR_8347037401,200,LOSE,949632,15.83,2,5,2,5,15,5,5,0,1
KR_8346008488,100,WIN,1018706,16.98,1,0,1,2,22,4,3,3,2
KR_8346008488,200,LOSE,1018706,16.98,0,1,0,1,17,1,3,0,0
KR_8343012927,100,WIN,1053984,17.57,5,1,1,3,11,3,3,3,0
KR_8343012927,200,LOSE,1053984,17.57,4,3,1,3,22,1,1,0,2
KR_8341836531,100,WIN,1025582,17.09,0,4,3,1,25,7,2,3,1
KR_8341836531,200,LOSE,1025582,17.09,2,6,2,3,20,4,1,0,1
KR_8354403292,100,LOSE,804616,13.41,0,2,0,1,43,4,0,3,1
KR_8354403292,200,WIN,804616,13.41,1,2,1,1,7,1,2,0,1
KR_8354383226,100,LOSE,894165,14.9,2,8,4,2,30,7,0,3,1
KR_8354383226,200,WIN,894165,14.9,4,6,7,3,16,1,4,0,0
KR_8354351646,100,WIN,619566,10.33,0,0,1,0,7,3,0,0,1
KR_8354351646,200,LOSE,619566,10.33,0,2,0,1,3,0,0,3,0
KR_8350022647,100,LOSE,807154,13.45,0,2,1,3,11,2,3,0,0
KR_8350022647,200,WIN,807154,13.45,2,1,1,0,11,3,1,3,1
KR_8350012213,100,WIN,954078,15.9,1,3,0,5,12,9,1,3,1
KR_8350012213,200,LOSE,954078,15.9,6,3,2,2,13,1,4,0,1
KR_8354949813,100,LOSE,1130957,18.85,3,4,4,6,26,1,4,0,0
KR_8354949813,200,WIN,1130957,18.85,5,4,4,3,20,6,1,3,2
KR_8354913007,100,LOSE,895545,14.93,11,4,3,6,11,6,2,3,1
KR_8354913007,200,WIN,895545,14.93,4,8,3,6,9,3,5,0,0
KR_8354848188,100,LOSE,982639,16.38,1,3,1,3,17,7,4,3,0
KR_8354848188,200,WIN,982639,16.38,1,4,4,2,14,5,2,0,2
KR_8354781251,100,LOSE,1065998,17.77,3,2,1,6,29,5,2,3,1
KR_8354781251,200,WIN,1065998,17.77,4,5,1,4,22,3,1,0,0
KR_8353479339,100,LOSE,955029,15.92,4,2,1,0,5,4,6,0,0
KR_8353479339,200,WIN,955029,15.92,3,2,2,3,8,3,2,3,2
KR_8352621242,100,LOSE,1151614,19.19,8,6,1,4,28,12,1,0,1
KR_8352621242,200,WIN,1151614,19.19,10,8,0,8,15,1,4,3,1
KR_8352568107,100,LOSE,821496,13.69,0,0,0,1,12,4,5,3,0
KR_8352568107,200,WIN,821496,13.69,0,0,0,0,15,9,1,0,1
KR_8352362605,100,LOSE,889436,14.82,2,2,0,7,11,1,0,0,1
KR_8352362605,200,WIN,889436,14.82,4,3,2,0,18,1,0,3,1
KR_8350514058,100,LOSE,670655,11.18,3,4,0,2,9,2,1,3,0
KR_8350514058,200,WIN,670655,11.18,5,2,1,2,10,0,1,0,0
KR_8348003596,100,LOSE,914715,15.25,1,4,2,1,15,2,4,0,1
KR_8348003596,200,WIN,914715,15.25,5,2,0,1,16,5,1,3,1
KR_8346832571,100,WIN,703735,11.73,3,3,0,0,7,0,1,3,2
KR_8346832571,200,LOSE,703735,11.73,1,2,0,3,11,2,3,0,0
KR_8354370910,100,WIN,1037172,17.29,2,3,2,6,19,6,2,2,0
KR_8354370910,200,LOSE,1037172,17.29,6,4,1,2,22,6,2,1,1
KR_8352059810,100,WIN,1086215,18.1,3,1,0,4,27,4,0,1,0
KR_8352059810,200,LOSE,1086215,18.1,1,2,0,4,68,6,3,2,2
KR_8350021053,100,LOSE,688187,11.47,2,3,1,2,8,2,1,0,0
KR_8350021053,200,WIN,688187,11.47,2,3,2,0,4,1,0,3,0
KR_8349996040,100,WIN,837763,13.96,4,3,1,2,244,9,2,3,1
KR_8349996040,200,LOSE,837763,13.96,4,2,0,4,11,2,5,0,0
KR_8348991927,100,LOSE,853132,14.22,4,6,5,5,12,3,4,0,0
KR_8348991927,200,WIN,853132,14.22,7,5,3,4,15,8,1,3,2
KR_8348774186,100,LOSE,689388,11.49,5,2,1,3,8,2,2,2,1
KR_8348774186,200,WIN,689388,11.49,1,3,4,4,9,1,1,1,0
KR_8347641518,100,WIN,882304,14.71,6,1,0,1,12,2,0,0,1
KR_8347641518,200,LOSE,882304,14.71,2,3,0,4,16,1,1,3,0
KR_8347638260,100,WIN,797500,13.29,4,2,0,4,11,3,2,3,1
KR_8347638260,200,LOSE,797500,13.29,4,2,1,2,8,1,1,0,0
KR_8344332841,100,WIN,1030539,17.18,0,7,3,2,26,5,3,0,2
KR_8344332841,200,LOSE,1030539,17.18,4,6,4,5,15,4,2,3,0
KR_8343284475,100,WIN,825702,13.76,5,0,1,1,11,7,5,1,2
KR_8343284475,200,LOSE,825702,13.76,2,4,2,5,10,2,3,2,0
KR_8340771576,100,LOSE,858984,14.32,2,4,1,4,11,3,2,3,0
KR_8340771576,200,WIN,858984,14.32,1,2,7,0,16,3,3,0,1
KR_8339393444,100,WIN,740681,12.34,4,0,1,1,12,3,2,3,1
KR_8339393444,200,LOSE,740681,12.34,0,2,1,4,9,3,1,0,0
KR_8339376245,100,LOSE,853648,14.23,1,1,2,3,44,5,0,3,0
KR_8339376245,200,WIN,853648,14.23,4,2,0,2,18,2,3,0,2
KR_8353422604,100,WIN,729178,12.15,5,0,1,0,8,0,0,0,0
KR_8353422604,200,LOSE,729178,12.15,0,2,0,3,6,2,0,3,1
KR_8353355932,100,LOSE,920897,15.35,1,5,4,1,15,3,0,1,0
KR_8353355932,200,WIN,920897,15.35,3,2,0,3,18,2,2,2,2
KR_8353339847,100,LOSE,793188,13.22,0,4,2,3,4,5,2,2,1
KR_8353339847,200,WIN,793188,13.22,7,3,0,3,11,2,2,1,0
KR_8353323426,100,WIN,900581,15.01,6,2,4,4,13,8,2,3,1
KR_8353323426,200,LOSE,900581,15.01,3,6,1,7,16,5,4,0,0
KR_8353273269,100,LOSE,804896,13.41,1,0,2,5,10,2,4,1,1
KR_8353273269,200,WIN,804896,13.41,0,0,0,4,12,5,2,2,1
KR_8350108306,100,WIN,742088,12.37,4,1,0,2,6,2,2,0,1
KR_8350108306,200,LOSE,742088,12.37,1,3,0,3,8,3,1,3,0
KR_8350076454,100,LOSE,903845,15.06,2,4,2,6,52,3,1,0,0
KR_8350076454,200,WIN,903845,15.06,5,4,1,1,15,6,2,3,1
KR_8350061340,100,LOSE,910906,15.18,5,4,10,2,12,5,1,3,2
KR_8350061340,200,WIN,910906,15.18,3,8,2,7,12,3,4,0,0
KR_8350050273,100,LOSE,853712,14.23,2,3,3,3,10,4,1,3,0
KR_8350050273,200,WIN,853712,14.23,2,2,1,4,15,4,2,0,1
KR_8350022089,100,LOSE,998148,16.64,2,3,1,3,23,6,2,3,0
KR_8350022089,200,WIN,998148,16.64,3,3,1,0,17,4,4,0,1
KR_8349981585,100,LOSE,779680,12.99,3,5,1,1,13,2,3,3,1
KR_8349981585,200,WIN,779680,12.99,3,2,0,0,11,4,2,0,0
KR_8349967588,100,LOSE,741302,12.36,1,2,1,4,8,6,3,0,0
KR_8349967588,200,WIN,741302,12.36,4,2,0,4,6,6,1,3,0
KR_8349955990,100,WIN,634681,10.58,0,2,0,3,8,2,0,3,1
KR_8349955990,200,LOSE,634681,10.58,2,0,2,0,4,3,0,0,0
KR_8349963101,100,WIN,1005537,16.76,9,3,3,1,19,1,3,3,2
KR_8349963101,200,LOSE,1005537,16.76,0,5,2,7,12,7,3,0,0
KR_8349951159,100,WIN,789407,13.16,3,2,1,2,6,2,3,3,0
KR_8349951159,200,LOSE,789407,13.16,1,3,2,1,9,8,1,0,2
KR_8349934369,100,LOSE,768274,12.8,0,7,2,3,8,3,2,3,1
KR_8349934369,200,WIN,768274,12.8,7,0,2,1,7,7,1,0,1
KR_8349911348,100,WIN,818405,13.64,1,1,0,1,13,3,2,1,2
KR_8349911348,200,LOSE,818405,13.64,1,3,0,1,9,4,2,2,0
KR_8347918893,100,WIN,820436,13.67,7,2,3,1,9,2,0,3,0
KR_8347918893,200,LOSE,820436,13.67,3,4,0,3,10,0,4,0,1
KR_8347906004,100,WIN,1066400,17.77,2,3,1,4,20,8,1,3,2
KR_8347906004,200,LOSE,1066400,17.77,4,4,2,2,18,0,3,0,0
KR_8347879100,100,WIN,1160830,19.35,3,5,1,4,26,6,2,2,0
KR_8347879100,200,LOSE,1160830,19.35,6,3,0,4,18,4,2,1,3
KR_8347232838,100,WIN,1061894,17.7,0,1,3,2,15,7,1,0,1
KR_8347232838,200,LOSE,1061894,17.7,0,3,1,5,13,2,1,3,2
KR_8347185466,100,LOSE,886427,14.77,5,4,0,2,18,3,3,2,0
KR_8347185466,200,WIN,886427,14.77,1,4,2,3,14,6,4,1,1
KR_8346949413,100,WIN,797380,13.29,5,1,0,1,5,6,2,3,1
KR_8346949413,200,LOSE,797380,13.29,2,4,0,3,5,3,6,0,1
KR_8346910489,100,LOSE,890559,14.84,1,3,2,6,14,3,3,2,1
KR_8346910489,200,WIN,890559,14.84,4,3,2,0,16,5,0,1,1
KR_8346896286,100,WIN,881384,14.69,4,1,1,1,13,3,2,3,2
KR_8346896286,200,LOSE,881384,14.69,0,3,1,3,12,4,2,0,0
KR_8346852815,100,LOSE,867584,14.46,5,3,1,3,9,5,2,3,2
KR_8346852815,200,WIN,867584,14.46,4,3,1,2,11,4,4,0,0
KR_8346825487,100,WIN,745488,12.42,6,4,4,2,6,4,1,2,1
KR_8346825487,200,LOSE,745488,12.42,1,6,4,6,8,2,1,1,0
KR_8346782802,100,WIN,783807,13.06,1,1,2,5,12,4,5,3,0
KR_8346782802,200,LOSE,783807,13.06,0,1,3,2,10,8,3,0,1
KR_8346760715,100,WIN,1035341,17.26,5,4,6,2,20,4,2,3,0
KR_8346760715,200,LOSE,1035341,17.26,1,6,2,8,11,1,7,0,1
KR_8345756754,100,WIN,915709,15.26,0,3,0,1,16,9,0,3,0
KR_8345756754,200,LOSE,915709,15.26,4,2,0,2,19,2,2,0,2
KR_8345709274,100,LOSE,792010,13.2,2,4,0,4,10,2,3,3,0
KR_8345709274,200,WIN,792010,13.2,9,3,1,2,10,2,2,0,2
KR_8354715667,100,LOSE,546748,9.11,0,5,0,3,5,2,3,2,0
KR_8354715667,200,WIN,546748,9.11,4,0,1,0,24,5,0,1,1
KR_8354671754,100,LOSE,1031702,17.2,3,2,0,0,16,2,1,1,0
KR_8354671754,200,WIN,1031702,17.2,2,1,0,2,18,4,0,2,2
KR_8350418244,100,WIN,833446,13.89,1,1,1,0,13,6,1,3,1
KR_8350418244,200,LOSE,833446,13.89,1,2,0,2,13,0,3,0,0
KR_8350367947,100,LOSE,909205,15.15,2,3,0,1,13,7,1,3,1
KR_8350367947,200,WIN,909205,15.15,2,2,2,3,9,3,3,0,1
KR_8350337089,100,WIN,953578,15.89,2,3,0,3,11,5,1,3,2
KR_8350337089,200,LOSE,953578,15.89,5,3,0,2,12,5,3,0,0
KR_8347266275,100,WIN,798090,13.3,6,1,3,4,10,2,3,2,0
KR_8347266275,200,LOSE,798090,13.3,6,6,1,4,10,3,2,1,1
KR_8339524953,100,WIN,1083410,18.06,9,5,1,2,25,6,2,3,1
KR_8339524953,200,LOSE,1083410,18.06,0,5,2,6,16,1,5,0,1
KR_8337404949,100,LOSE,769097,12.82,1,5,1,5,6,5,1,3,0
KR_8337404949,200,WIN,769097,12.82,6,0,3,2,8,3,1,0,2
KR_8350756823,100,LOSE,872364,14.54,2,2,0,3,6,6,5,3,0
KR_8350756823,200,WIN,872364,14.54,2,2,2,2,16,4,7,0,1
KR_8350696635,100,WIN,1093456,18.22,5,6,5,4,19,4,4,0,2
KR_8350696635,200,LOSE,1093456,18.22,5,7,1,5,24,7,4,3,0
KR_8350638659,100,WIN,910928,15.18,3,0,0,1,17,4,2,3,1
KR_8350638659,200,LOSE,910928,15.18,0,3,0,2,11,4,0,0,1
KR_8350595274,100,WIN,850617,14.18,3,1,0,1,44,6,2,3,0
KR_8350595274,200,LOSE,850617,14.18,0,4,1,3,9,4,3,0,1
KR_8347272332,100,LOSE,824142,13.74,2,3,1,3,12,3,2,0,0
KR_8347272332,200,WIN,824142,13.74,2,2,0,1,9,3,3,3,2
KR_8347199587,100,WIN,684783,11.41,4,2,3,1,13,3,1,0,1
KR_8347199587,200,LOSE,684783,11.41,2,2,2,8,8,1,0,3,0
KR_8347150360,100,WIN,682489,11.37,5,1,3,1,7,1,2,0,0
KR_8347150360,200,LOSE,682489,11.37,1,2,1,5,1,1,3,3,1
KR_8344779830,100,LOSE,1138263,18.97,2,3,1,5,26,3,2,0,1
KR_8344779830,200,WIN,1138263,18.97,2,4,2,2,34,3,1,3,2
KR_8338546189,100,LOSE,1095613,18.26,5,6,0,5,23,4,4,3,0
KR_8338546189,200,WIN,1095613,18.26,5,2,1,3,26,10,3,0,2
KR_8338506669,100,WIN,881931,14.7,4,0,2,5,10,6,1,3,1
KR_8338506669,200,LOSE,881931,14.7,3,3,2,2,14,4,4,0,1
KR_8346715060,100,LOSE,935585,15.59,1,3,1,2,20,7,3,3,0
KR_8346715060,200,WIN,935585,15.59,1,1,4,1,49,5,3,0,1
KR_8346374194,100,WIN,713921,11.9,2,1,0,1,15,2,0,3,0
KR_8346374194,200,LOSE,713921,11.9,1,3,2,1,6,1,1,0,1
KR_8345602341,100,WIN,881420,14.69,3,0,1,2,12,1,4,0,2
KR_8345602341,200,LOSE,881420,14.69,0,4,0,3,32,2,3,2,0
KR_8342528323,100,WIN,802281,13.37,4,1,2,1,13,5,0,0,1
KR_8342528323,200,LOSE,802281,13.37,2,6,0,3,9,3,0,3,0
KR_8342481447,100,LOSE,981717,16.36,0,3,0,2,21,7,3,1,1
KR_8342481447,200,WIN,981717,16.36,4,1,2,2,10,5,1,2,0
KR_8337299097,100,LOSE,856908,14.28,1,1,2,5,12,3,3,3,0
KR_8337299097,200,WIN,856908,14.28,3,1,2,3,48,5,2,0,0
KR_8337258688,100,WIN,737606,12.29,9,3,5,2,9,2,1,3,1
KR_8337258688,200,LOSE,737606,12.29,2,5,1,6,9,2,5,0,0
KR_8337167470,100,LOSE,824412,13.74,1,5,3,1,6,3,2,3,0
KR_8337167470,200,WIN,824412,13.74,7,3,0,1,10,3,0,0,1
KR_8353889762,100,WIN,941573,15.69,5,3,1,5,18,3,7,3,0
KR_8353889762,200,LOSE,941573,15.69,4,3,7,2,48,4,3,0,2
KR_8353845116,100,WIN,928795,15.48,4,6,5,2,15,4,1,1,1
KR_8353845116,200,LOSE,928795,15.48,2,4,4,3,14,0,2,2,0
KR_8353788366,100,LOSE,932905,15.55,2,3,2,3,9,7,2,3,0
KR_8353788366,200,WIN,932905,15.55,5,2,2,6,14,2,3,0,2
KR_8352586097,100,LOSE,827928,13.8,1,2,2,1,8,2,2,1,0
KR_8352586097,200,WIN,827928,13.8,1,0,1,1,9,0,2,2,2
KR_8344644804,100,WIN,825444,13.76,1,3,3,2,13,4,0,3,1
KR_8344644804,200,LOSE,825444,13.76,4,4,1,2,14,0,2,0,0
KR_8344584584,100,LOSE,964666,16.08,3,0,3,6,22,1,4,0,1
KR_8344584584,200,WIN,964666,16.08,2,4,1,2,19,8,0,3,1
KR_8344540048,100,LOSE,961299,16.02,10,4,1,6,15,4,5,0,1
KR_8344540048,200,WIN,961299,16.02,6,6,4,5,16,5,4,3,1
KR_8344497088,100,LOSE,984957,16.42,4,2,1,1,60,2,1,3,0
KR_8344497088,200,WIN,984957,16.42,1,4,2,2,21,1,2,0,2
KR_8338381385,100,LOSE,789499,13.16,1,2,1,3,7,5,3,1,0
KR_8338381385,200,WIN,789499,13.16,3,3,2,2,11,3,4,2,1
KR_8338340964,100,LOSE,803793,13.4,0,0,2,3,42,3,2,2,0
KR_8338340964,200,WIN,803793,13.4,1,0,0,2,16,6,1,1,2
KR_8338322989,100,WIN,1105207,18.42,7,1,4,4,18,6,2,3,1
KR_8338322989,200,LOSE,1105207,18.42,2,5,2,6,22,4,7,0,1
KR_8337207805,100,LOSE,884571,14.74,0,3,0,2,48,2,1,0,0
KR_8337207805,200,WIN,884571,14.74,3,0,4,0,15,2,1,3,2
KR_8353024876,100,LOSE,1053681,17.56,1,3,1,4,70,4,1,3,1
KR_8353024876,200,WIN,1053681,17.56,1,4,4,1,17,2,2,0,1
KR_8353028253,100,LOSE,777474,12.96,1,8,2,1,9,2,1,0,1
KR_8353028253,200,WIN,777474,12.96,4,2,6,2,6,2,3,3,1
KR_8352999865,100,LOSE,960819,16.01,3,5,0,3,19,3,2,1,0
KR_8352999865,200,WIN,960819,16.01,3,1,3,1,13,4,4,2,1
KR_8352973959,100,WIN,1217104,20.29,3,6,2,6,32,3,3,3,1
KR_8352973959,200,LOSE,1217104,20.29,1,2,2,4,80,9,1,0,2
KR_8352969073,100,LOSE,790420,13.17,0,4,2,4,10,2,2,1,1
KR_8352969073,200,WIN,790420,13.17,1,3,3,2,12,6,2,2,1
KR_8352937138,100,LOSE,1052860,17.55,1,2,1,6,18,2,4,0,0
KR_8352937138,200,WIN,1052860,17.55,2,2,4,1,65,11,0,3,3
KR_8352886321,100,LOSE,857782,14.3,1,3,0,4,17,12,3,0,1
KR_8352886321,200,WIN,857782,14.3,2,5,4,5,11,2,2,3,1
KR_8352840432,100,WIN,856443,14.27,7,0,0,2,11,2,1,3,1
KR_8352840432,200,LOSE,856443,14.27,0,6,2,2,9,0,1,0,1
KR_8352779192,100,WIN,1063869,17.73,4,3,0,5,60,6,4,3,1
KR_8352779192,200,LOSE,1063869,17.73,5,3,0,4,21,5,5,0,1
KR_8352377970,100,LOSE,836373,13.94,1,3,1,7,8,2,5,0,0
KR_8352377970,200,WIN,836373,13.94,2,2,5,2,54,9,1,3,1
KR_8352316649,100,LOSE,1005576,16.76,1,3,0,7,13,1,5,3,0
KR_8352316649,200,WIN,1005576,16.76,6,1,3,2,19,9,4,0,1
KR_8352261172,100,WIN,827941,13.8,5,1,1,1,12,5,2,3,2
KR_8352261172,200,LOSE,827941,13.8,1,5,2,5,5,0,1,0,0
KR_8352219578,100,WIN,908713,15.15,1,3,2,5,15,5,5,3,1
KR_8352219578,200,LOSE,908713,15.15,0,5,1,2,48,3,5,0,0
KR_8352178840,100,LOSE,768590,12.81,1,6,0,2,14,2,5,0,0
KR_8352178840,200,WIN,768590,12.81,7,0,1,2,20,4,0,3,1
KR_8350247557,100,WIN,815955,13.6,10,0,1,0,15,8,2,0,0
KR_8350247557,200,LOSE,815955,13.6,1,8,0,7,37,1,5,3,2
KR_8350217099,100,WIN,728035,12.13,3,2,3,4,13,2,4,0,0
KR_8350217099,200,LOSE,728035,12.13,2,5,1,1,37,5,1,3,1
KR_8350122180,100,WIN,705774,11.76,1,2,2,2,4,4,3,0,0
KR_8350122180,200,LOSE,705774,11.76,2,4,1,3,35,5,0,3,1
KR_8345738685,100,LOSE,772648,12.88,0,6,0,2,4,5,0,3,0
KR_8345738685,200,WIN,772648,12.88,6,0,1,0,11,1,1,0,2
KR_8345702790,100,WIN,920162,15.34,0,4,4,2,13,7,0,3,1
KR_8345702790,200,LOSE,920162,15.34,3,5,0,4,12,3,2,0,0
KR_8345672317,100,LOSE,923176,15.39,3,2,5,5,12,2,4,0,1
KR_8345672317,200,WIN,923176,15.39,2,3,0,1,18,12,2,3,1
KR_8345012524,100,LOSE,830450,13.84,2,3,0,4,8,0,4,0,0
KR_8345012524,200,WIN,830450,13.84,5,2,0,0,19,3,1,3,1
KR_8344958039,100,LOSE,793016,13.22,2,4,0,1,10,1,1,0,0
KR_8344958039,200,WIN,793016,13.22,2,0,0,2,11,6,0,3,2
KR_8344896054,100,WIN,892597,14.88,6,1,0,1,16,6,2,2,0
KR_8344896054,200,LOSE,892597,14.88,4,5,0,3,13,2,3,1,2
KR_8344825008,100,WIN,885506,14.76,2,1,0,2,14,3,1,2,2
KR_8344825008,200,LOSE,885506,14.76,0,2,3,0,8,1,2,1,0
KR_8341319441,100,LOSE,907149,15.12,5,0,1,2,20,2,1,2,0
KR_8341319441,200,WIN,907149,15.12,1,3,0,3,14,2,0,1,2
KR_8341279018,100,LOSE,962453,16.04,3,3,1,4,16,4,2,0,0
KR_8341279018,200,WIN,962453,16.04,4,5,1,1,13,9,4,3,1
KR_8341239137,100,LOSE,799470,13.32,2,5,2,2,9,4,2,3,0
KR_8341239137,200,WIN,799470,13.32,4,4,1,4,9,3,3,0,1
KR_8341179535,100,LOSE,745597,12.43,1,2,1,3,7,3,2,1,0
KR_8341179535,200,WIN,745597,12.43,2,0,1,2,9,5,1,2,2
KR_8337439378,100,WIN,915858,15.26,2,3,0,6,16,2,1,3,0
KR_8337439378,200,LOSE,915858,15.26,8,1,1,3,11,2,1,0,2
KR_8337405610,100,LOSE,825523,13.76,5,7,1,8,11,0,3,0,0
KR_8337405610,200,WIN,825523,13.76,10,3,4,4,8,4,2,3,2
KR_8353707591,100,LOSE,775199,12.92,8,3,0,2,8,1,3,0,1
KR_8353707591,200,WIN,775199,12.92,2,5,1,3,8,4,2,3,1
KR_8353643231,100,WIN,711092,11.85,2,2,0,0,9,3,1,3,1
KR_8353643231,200,LOSE,711092,11.85,2,1,0,2,8,0,2,0,0
KR_8353573681,100,LOSE,1105532,18.43,1,3,2,1,14,5,2,3,0
KR_8353573681,200,WIN,1105532,18.43,1,3,0,4,21,3,1,0,3
KR_8346857995,100,LOSE,826323,13.77,1,6,1,5,14,3,4,0,0
KR_8346857995,200,WIN,826323,13.77,7,1,2,0,12,5,4,3,1
KR_8346844457,100,WIN,777142,12.95,5,0,0,0,7,2,0,3,1
KR_8346844457,200,LOSE,777142,12.95,0,4,0,2,9,0,1,0,0
KR_8346806676,100,LOSE,1109424,18.49,0,4,1,2,21,10,2,3,0
KR_8346806676,200,WIN,1109424,18.49,3,1,1,3,29,6,5,0,2
KR_8346775656,100,WIN,905496,15.09,1,6,2,6,14,9,1,1,0
KR_8346775656,200,LOSE,905496,15.09,7,4,2,4,12,3,2,2,2
KR_8339274713,100,LOSE,899364,14.99,3,3,0,1,38,6,1,0,1
KR_8339274713,200,WIN,899364,14.99,2,2,1,2,15,2,2,3,1
KR_8339251952,100,LOSE,887979,14.8,2,5,3,3,11,6,3,0,1
KR_8339251952,200,WIN,887979,14.8,5,4,1,2,49,4,3,3,1
KR_8338174052,100,WIN,858245,14.3,7,2,1,2,18,2,2,3,2
KR_8338174052,200,LOSE,858245,14.3,1,4,0,4,19,2,1,0,0
KR_8338148828,100,LOSE,801408,13.36,0,3,1,1,9,0,1,0,0
KR_8338148828,200,WIN,801408,13.36,2,0,0,1,12,3,0,3,2
KR_8338134538,100,LOSE,860771,14.35,2,5,3,4,14,3,1,2,0
KR_8338134538,200,WIN,860771,14.35,9,3,1,4,11,2,1,1,2
KR_8338121933,100,LOSE,683743,11.4,0,4,0,1,10,4,0,3,0
KR_8338121933,200,WIN,683743,11.4,4,1,0,1,9,1,1,0,1
KR_8338112936,100,LOSE,1051844,17.53,2,4,2,2,18,5,2,2,1
KR_8338112936,200,WIN,1051844,17.53,5,4,1,1,15,4,2,1,1
KR_8338110909,100,LOSE,682827,11.38,1,5,1,0,8,3,2,3,0
KR_8338110909,200,WIN,682827,11.38,2,1,3,0,4,4,2,0,1
KR_8338106661,100,WIN,790938,13.18,3,3,0,1,14,4,2,0,0
KR_8338106661,200,LOSE,790938,13.18,1,3,2,0,7,2,2,3,1
KR_8338092464,100,WIN,826987,13.78,2,1,0,2,10,7,2,0,1
KR_8338092464,200,LOSE,826987,13.78,1,1,1,4,10,2,5,0,0
KR_8338074126,100,WIN,677182,11.29,3,0,1,1,7,4,4,0,1
KR_8338074126,200,LOSE,677182,11.29,1,3,0,1,10,2,3,3,0
KR_8338063633,100,WIN,774052,12.9,1,2,0,1,6,1,1,0,1
KR_8338063633,200,LOSE,774052,12.9,2,2,1,2,9,3,2,3,0
KR_8338063047,100,LOSE,826556,13.78,2,1,0,5,12,0,3,0,1
KR_8338063047,200,WIN,826556,13.78,2,2,0,1,49,6,2,3,0
KR_8354877168,100,LOSE,1034532,17.24,2,2,0,3,15,7,3,0,1
KR_8354877168,200,WIN,1034532,17.24,2,1,0,4,14,2,6,3,1
KR_8354086901,100,WIN,834778,13.91,3,3,1,2,14,5,0,3,2
KR_8354086901,200,LOSE,834778,13.91,4,4,1,5,11,2,0,0,0
KR_8353823155,100,LOSE,906990,15.12,0,4,0,1,14,4,2,0,1
KR_8353823155,200,WIN,906990,15.12,6,1,0,2,47,2,2,3,0
KR_8353470757,100,LOSE,918101,15.3,5,3,2,0,17,5,1,3,0
KR_8353470757,200,WIN,918101,15.3,1,5,2,3,17,0,2,0,0
KR_8349927686,100,LOSE,958599,15.98,1,2,1,6,13,3,1,1,0
KR_8349927686,200,WIN,958599,15.98,4,2,1,1,31,3,0,2,1
KR_8349376201,100,LOSE,1015124,16.92,4,3,5,6,16,6,4,2,0
KR_8349376201,200,WIN,1015124,16.92,1,2,6,10,10,4,3,1,1
KR_8348643159,100,WIN,727670,12.13,5,1,0,1,5,3,1,0,0
KR_8348643159,200,LOSE,727670,12.13,1,2,1,4,41,0,5,0,0
KR_8348300979,100,WIN,850934,14.18,2,3,0,6,13,2,2,2,1
KR_8348300979,200,LOSE,850934,14.18,6,2,0,1,12,5,2,1,1
KR_8348246099,100,LOSE,915036,15.25,5,0,3,2,18,4,4,0,1
KR_8348246099,200,WIN,915036,15.25,0,4,2,6,11,1,0,3,1
KR_8347886269,100,LOSE,911623,15.19,1,4,0,5,17,1,4,0,0
KR_8347886269,200,WIN,911623,15.19,6,2,1,0,16,6,0,3,1
KR_8347848278,100,WIN,887735,14.8,5,4,7,2,16,4,2,0,2
KR_8347848278,200,LOSE,887735,14.8,3,6,2,6,18,3,4,3,0
KR_8345357004,100,WIN,941132,15.69,4,3,1,3,11,2,3,2,0
KR_8345357004,200,LOSE,941132,15.69,5,3,1,2,17,3,2,1,2
KR_8342839739,100,WIN,822606,13.71,10,1,0,3,11,3,0,3,2
KR_8342839739,200,LOSE,822606,13.71,1,5,1,4,13,3,3,0,0
KR_8342797495,100,WIN,797722,13.3,1,0,3,0,12,3,0,1,2
KR_8342797495,200,LOSE,797722,13.3,0,1,0,4,6,2,1,2,0
KR_8342745936,100,LOSE,776886,12.95,0,4,1,5,11,1,3,3,0
KR_8342745936,200,WIN,776886,12.95,3,1,3,0,44,1,2,0,1
KR_8342722464,100,LOSE,861123,14.35,1,5,0,5,16,4,2,2,0
KR_8342722464,200,WIN,861123,14.35,6,1,1,3,52,6,2,1,2
KR_8342678598,100,WIN,969531,16.16,5,0,1,0,20,13,1,3,1
KR_8342678598,200,LOSE,969531,16.16,2,6,0,7,13,1,5,0,1
KR_8339910001,100,WIN,687684,11.46,3,1,1,0,6,2,0,3,0
KR_8339910001,200,LOSE,687684,11.46,2,2,0,2,13,2,1,0,1
KR_8339861827,100,WIN,881193,14.69,10,3,2,4,20,1,1,3,1
KR_8339861827,200,LOSE,881193,14.69,4,6,0,3,12,0,2,0,0
KR_8339820215,100,LOSE,1001620,16.69,2,1,0,3,17,7,0,1,0
KR_8339820215,200,WIN,1001620,16.69,3,2,0,2,17,2,1,2,2
KR_8339756945,100,LOSE,1021519,17.03,0,7,3,3,14,4,4,1,0
KR_8339756945,200,WIN,1021519,17.03,6,2,0,3,30,2,1,2,1
KR_8339715728,100,LOSE,936044,15.6,2,3,0,2,10,3,3,1,0
KR_8339715728,200,WIN,936044,15.6,4,1,0,1,52,2,4,2,1
KR_8339673744,100,WIN,734987,12.25,4,2,1,2,9,3,2,0,1
KR_8339673744,200,LOSE,734987,12.25,2,2,1,4,12,2,2,3,0
KR_8339664232,100,LOSE,683126,11.39,1,5,1,5,8,1,3,0,0
KR_8339664232,200,WIN,683126,11.39,7,2,6,0,6,4,1,3,1
KR_8339638175,100,WIN,962838,16.05,2,4,4,6,10,3,2,3,2
KR_8339638175,200,LOSE,962838,16.05,7,5,1,5,13,4,5,0,0
KR_8355091766,100,LOSE,930657,15.51,4,6,0,5,21,3,2,3,0
KR_8355091766,200,WIN,930657,15.51,4,4,4,3,11,5,5,0,1
KR_8354979448,100,LOSE,742933,12.38,3,5,5,3,7,2,0,3,0
KR_8354979448,200,WIN,742933,12.38,4,2,1,5,11,3,1,0,1
KR_8354906312,100,WIN,1143080,19.05,1,4,0,0,29,8,4,2,0
KR_8354906312,200,LOSE,1143080,19.05,5,4,1,1,25,3,5,1,3
KR_8353686026,100,WIN,643740,10.73,5,1,1,2,11,2,1,3,0
KR_8353686026,200,LOSE,643740,10.73,2,2,0,4,3,3,1,0,0
KR_8353605404,100,WIN,913322,15.22,6,6,0,3,18,4,1,3,1
KR_8353605404,200,LOSE,913322,15.22,2,4,2,5,18,5,4,0,1
KR_8351591519,100,WIN,822419,13.71,6,5,2,5,11,1,4,0,1
KR_8351591519,200,LOSE,822419,13.71,7,4,2,5,40,5,0,3,0
KR_8348992408,100,WIN,921896,15.36,3,1,0,0,17,4,1,3,0
KR_8348992408,200,LOSE,921896,15.36,1,5,1,1,51,1,2,0,1
KR_8348960016,100,LOSE,976194,16.27,3,2,1,3,67,4,5,2,0
KR_8348960016,200,WIN,976194,16.27,2,3,2,2,16,4,2,1,2
KR_8347240725,100,LOSE,598106,9.97,1,3,1,3,9,4,1,2,0
KR_8347240725,200,WIN,598106,9.97,3,2,1,3,7,4,0,0,1
KR_8339931822,100,LOSE,1026402,17.11,3,7,1,6,21,5,1,3,0
KR_8339931822,200,WIN,1026402,17.11,3,2,5,6,14,5,4,0,1
KR_8339883073,100,WIN,891177,14.85,3,4,3,1,13,5,1,3,0
KR_8339883073,200,LOSE,891177,14.85,4,3,0,4,44,2,4,0,2
KR_8339732438,100,LOSE,864005,14.4,7,3,0,5,21,2,5,0,1
KR_8339732438,200,WIN,864005,14.4,2,7,4,1,14,7,3,3,1
KR_8348638367,100,LOSE,892602,14.88,3,7,1,4,11,2,4,3,0
KR_8348638367,200,WIN,892602,14.88,4,5,1,4,16,9,2,0,1
KR_8348618892,100,LOSE,884596,14.74,1,3,2,2,10,3,1,3,0
KR_8348618892,200,WIN,884596,14.74,3,3,4,2,12,2,3,0,1
KR_8347324901,100,LOSE,744798,12.41,1,2,0,3,9,3,5,0,0
KR_8347324901,200,WIN,744798,12.41,2,1,2,2,7,6,0,3,1
KR_8342236458,100,WIN,996120,16.6,1,3,1,1,23,3,2,3,1
KR_8342236458,200,LOSE,996120,16.6,0,1,0,2,28,5,1,0,0
KR_8342223895,100,WIN,760532,12.68,3,1,0,3,9,1,4,3,0
KR_8342223895,200,LOSE,760532,12.68,2,3,2,2,11,8,3,0,1
KR_8337864487,100,LOSE,743837,12.4,1,3,1,2,6,1,1,1,1
KR_8337864487,200,WIN,743837,12.4,2,0,3,2,10,5,2,2,1
KR_8337667736,100,WIN,896456,14.94,8,1,0,1,13,2,2,3,0
KR_8337667736,200,LOSE,896456,14.94,1,4,0,4,10,0,1,0,2
KR_8352984527,100,LOSE,850930,14.18,2,6,2,3,16,7,2,3,0
KR_8352984527,200,WIN,850930,14.18,8,4,2,3,8,1,1,0,1
KR_8352960973,100,LOSE,887828,14.8,3,4,2,3,13,3,5,0,2
KR_8352960973,200,WIN,887828,14.8,4,2,1,1,15,4,6,3,0
KR_8352939926,100,LOSE,670657,11.18,1,3,0,2,13,3,2,3,0
KR_8352939926,200,WIN,670657,11.18,5,1,2,0,6,2,1,0,1
KR_8352874480,100,LOSE,911776,15.2,1,2,1,1,12,2,2,3,1
KR_8352874480,200,WIN,911776,15.2,2,0,2,3,9,2,2,0,1
KR_8352832942,100,WIN,836690,13.94,2,1,0,0,13,3,0,3,0
KR_8352832942,200,LOSE,836690,13.94,1,2,0,0,8,2,1,0,1
KR_8352596099,100,LOSE,847328,14.12,2,4,2,3,11,3,3,3,1
KR_8352596099,200,WIN,847328,14.12,7,1,1,3,11,4,3,0,0
KR_8346407777,100,LOSE,708491,11.81,1,5,0,2,10,2,4,1,1
KR_8346407777,200,WIN,708491,11.81,1,1,3,0,38,8,3,2,0
KR_8352418766,100,LOSE,985243,16.42,1,5,3,2,17,5,1,3,2
KR_8352418766,200,WIN,985243,16.42,4,2,1,3,18,4,2,0,0
KR_8352341017,100,WIN,937798,15.63,5,3,0,0,14,5,1,3,1
KR_8352341017,200,LOSE,937798,15.63,3,2,2,4,12,3,3,0,1
KR_8351379905,100,LOSE,1006641,16.78,6,5,4,2,58,0,8,1,1
KR_8351379905,200,WIN,1006641,16.78,7,4,1,2,24,5,3,2,0
KR_8351322816,100,LOSE,867376,14.46,1,5,0,4,9,5,2,2,0
KR_8351322816,200,WIN,867376,14.46,3,1,4,4,47,4,1,1,1
KR_8344130879,100,LOSE,854370,14.24,1,3,2,4,15,0,2,1,0
KR_8344130879,200,WIN,854370,14.24,5,2,0,2,14,6,0,2,2
KR_8344005474,100,WIN,912464,15.21,5,6,5,4,15,3,6,0,0
KR_8344005474,200,LOSE,912464,15.21,12,8,3,3,14,2,4,3,1
KR_8343971800,100,WIN,913155,15.22,3,2,1,3,7,2,3,2,0
KR_8343971800,200,LOSE,913155,15.22,1,3,2,2,11,7,2,1,2
KR_8343954657,100,WIN,865370,14.42,5,2,1,0,9,3,3,3,1
KR_8343954657,200,LOSE,865370,14.42,2,2,2,3,14,1,2,0,1
KR_8340056305,100,WIN,911425,15.19,13,5,1,4,16,2,4,3,1
KR_8340056305,200,LOSE,911425,15.19,10,8,3,7,14,4,4,0,1
KR_8340001655,100,LOSE,1076931,17.95,6,4,0,3,24,3,2,0,1
KR_8340001655,200,WIN,1076931,17.95,2,3,0,3,27,1,2,3,1
KR_8339937272,100,LOSE,891686,14.86,2,2,1,1,13,2,1,3,1
KR_8339937272,200,WIN,891686,14.86,1,1,0,3,12,2,3,0,0
KR_8339837797,100,LOSE,827729,13.8,1,1,1,6,48,2,6,0,0
KR_8339837797,200,WIN,827729,13.8,2,1,1,1,19,7,1,3,2
KR_8353964843,100,WIN,1069195,17.82,4,1,0,2,14,4,0,0,1
KR_8353964843,200,LOSE,1069195,17.82,0,1,1,4,21,6,4,3,0
KR_8353908773,100,LOSE,858461,14.31,3,3,3,4,10,1,8,0,0
KR_8353908773,200,WIN,858461,14.31,5,3,2,4,14,4,2,3,1
KR_8352749524,100,WIN,915546,15.26,3,3,1,3,14,3,2,2,0
KR_8352749524,200,LOSE,915546,15.26,8,4,2,4,11,1,3,1,2
KR_8351373812,100,LOSE,804644,13.41,1,4,0,2,9,1,5,3,0
KR_8351373812,200,WIN,804644,13.41,5,1,2,1,48,6,0,0,2
KR_8351308427,100,LOSE,905316,15.09,4,2,0,1,18,5,3,0,1
KR_8351308427,200,WIN,905316,15.09,3,3,0,3,14,2,3,3,1
KR_8349717704,100,WIN,791118,13.19,1,1,2,2,40,1,3,0,1
KR_8349717704,200,LOSE,791118,13.19,1,4,1,0,11,6,0,3,1
KR_8349635687,100,WIN,1076416,17.94,2,6,0,2,22,12,1,3,0
KR_8349635687,200,LOSE,1076416,17.94,4,4,1,2,21,3,3,0,2
KR_8348446252,100,LOSE,839425,13.99,3,4,0,4,22,0,2,0,0
KR_8348446252,200,WIN,839425,13.99,2,2,6,1,13,4,1,3,0
KR_8348389746,100,LOSE,993189,16.55,3,3,1,3,20,3,2,0,1
KR_8348389746,200,WIN,993189,16.55,3,2,0,4,18,2,3,3,0
KR_8347399063,100,WIN,816445,13.61,2,1,4,4,14,4,2,0,1
KR_8347399063,200,LOSE,816445,13.61,3,5,3,3,47,2,1,3,0
KR_8347344046,100,LOSE,744218,12.4,1,1,1,3,7,3,1,3,0
KR_8347344046,200,WIN,744218,12.4,1,2,0,1,8,6,1,0,0
KR_8347276365,100,WIN,904975,15.08,3,2,4,5,16,4,1,3,2
KR_8347276365,200,LOSE,904975,15.08,4,3,1,4,11,5,3,0,0
KR_8346280732,100,WIN,1024339,17.07,1,3,2,1,30,7,2,0,1
KR_8346280732,200,LOSE,1024339,17.07,2,1,0,4,58,2,3,3,2
KR_8346235657,100,WIN,834869,13.91,4,1,3,1,12,7,1,3,1
KR_8346235657,200,LOSE,834869,13.91,1,4,1,2,46,2,3,0,1
KR_8354833262,100,WIN,908834,15.15,2,1,0,3,16,2,0,3,1
KR_8354833262,200,LOSE,908834,15.15,1,1,0,2,14,2,1,0,1
KR_8354238647,100,WIN,876084,14.6,6,1,1,2,14,5,1,3,0
KR_8354238647,200,LOSE,876084,14.6,0,4,1,5,13,3,4,0,2
KR_8354113626,100,WIN,927913,15.47,4,4,1,4,13,8,4,1,1
KR_8354113626,200,LOSE,927913,15.47,4,3,2,3,12,5,4,2,0
KR_8354102244,100,WIN,989818,16.5,1,3,2,4,16,5,3,3,0
KR_8354102244,200,LOSE,989818,16.5,3,2,5,3,23,2,3,0,2
KR_8352985592,100,LOSE,1033289,17.22,4,7,1,9,15,9,4,3,0
KR_8352985592,200,WIN,1033289,17.22,6,5,0,3,24,10,3,0,2
KR_8352888336,100,LOSE,790837,13.18,0,4,1,2,41,2,1,3,0
KR_8352888336,200,WIN,790837,13.18,3,1,2,0,12,1,2,0,2
KR_8352861542,100,LOSE,913362,15.22,2,1,0,4,14,3,4,0,0
KR_8352861542,200,WIN,913362,15.22,4,1,2,1,17,2,1,3,2
KR_8352838302,100,LOSE,705918,11.77,3,5,0,4,6,1,2,0,0
KR_8352838302,200,WIN,705918,11.77,5,1,1,3,14,6,0,3,1
KR_8351772875,100,WIN,654706,10.91,7,1,1,1,5,1,0,3,1
KR_8351772875,200,LOSE,654706,10.91,1,6,1,2,9,0,1,0,0
KR_8347452994,100,LOSE,731064,12.18,0,2,10,3,8,1,3,3,0
KR_8347452994,200,WIN,731064,12.18,3,2,1,4,9,5,2,0,1
KR_8347439136,100,LOSE,860144,14.34,2,6,2,3,51,3,5,0,0
KR_8347439136,200,WIN,860144,14.34,7,3,1,2,14,2,0,3,2
KR_8347397917,100,WIN,853903,14.23,6,2,2,4,14,5,2,1,0
KR_8347397917,200,LOSE,853903,14.23,4,5,0,4,8,10,4,2,1
KR_8347068783,100,WIN,826930,13.78,4,2,1,1,14,2,2,2,1
KR_8347068783,200,LOSE,826930,13.78,2,3,0,4,11,4,2,1,0
KR_8346114908,100,LOSE,991677,16.53,7,4,0,5,12,0,3,0,0
KR_8346114908,200,WIN,991677,16.53,6,5,2,2,21,5,1,3,2
KR_8345835118,100,WIN,824583,13.74,1,3,1,1,113,1,2,1,0
KR_8345835118,200,LOSE,824583,13.74,3,2,1,1,47,2,0,2,1
KR_8345801486,100,WIN,886623,14.78,2,4,2,3,12,1,5,2,0
KR_8345801486,200,LOSE,886623,14.78,5,4,2,1,13,2,2,1,2
KR_8344601808,100,WIN,718208,11.97,0,1,1,0,5,6,1,0,1
KR_8344601808,200,LOSE,718208,11.97,2,4,1,4,6,1,1,3,0
KR_8344543560,100,LOSE,734517,12.24,4,4,0,5,10,1,2,0,0
KR_8344543560,200,WIN,734517,12.24,4,2,3,2,7,5,1,3,1
KR_8344489821,100,LOSE,760439,12.67,2,4,2,5,13,0,0,0,1
KR_8344489821,200,WIN,760439,12.67,3,2,6,3,12,0,0,3,1
KR_8344370273,100,LOSE,850517,14.18,2,4,1,5,16,3,1,2,0
KR_8344370273,200,WIN,850517,14.18,3,1,1,2,13,6,2,1,2
KR_8344317281,100,LOSE,700501,11.68,1,4,0,4,6,3,1,3,0
KR_8344317281,200,WIN,700501,11.68,3,1,5,0,12,2,4,0,1
KR_8343492553,100,LOSE,985836,16.43,6,6,0,3,30,1,7,1,0
KR_8343492553,200,WIN,985836,16.43,3,5,0,3,22,16,1,2,1
KR_8343434070,100,LOSE,770444,12.84,0,4,0,6,12,2,1,3,0
KR_8343434070,200,WIN,770444,12.84,7,0,1,1,13,3,1,0,1
KR_8346501753,100,LOSE,732889,12.21,3,3,2,5,8,1,4,3,0
KR_8346501753,200,WIN,732889,12.21,5,2,1,4,12,4,1,0,1
KR_8345809058,100,WIN,1095759,18.26,4,2,0,4,31,6,5,0,0
KR_8345809058,200,LOSE,1095759,18.26,3,4,1,3,17,7,0,3,3
KR_8345757190,100,WIN,868609,14.48,6,3,0,0,9,4,0,1,2
KR_8345757190,200,LOSE,868609,14.48,0,4,0,5,40,3,1,2,0
KR_8345672733,100,LOSE,1091030,18.18,2,0,2,2,17,2,1,0,1
KR_8345672733,200,WIN,1091030,18.18,1,1,1,1,28,2,3,3,1
KR_8345632519,100,WIN,764152,12.74,7,1,3,1,12,0,0,3,0
KR_8345632519,200,LOSE,764152,12.74,0,4,0,4,9,5,2,0,1
KR_8345600263,100,LOSE,858211,14.3,3,5,4,2,51,1,2,2,0
KR_8345600263,200,WIN,858211,14.3,3,4,0,2,14,6,1,1,1
KR_8345573011,100,WIN,968028,16.13,1,1,1,2,21,5,1,3,1
KR_8345573011,200,LOSE,968028,16.13,2,1,0,2,64,2,2,0,1
KR_8345537123,100,LOSE,792198,13.2,0,2,2,6,11,3,3,0,0
KR_8345537123,200,WIN,792198,13.2,6,2,1,0,11,5,3,3,1
KR_8345502459,100,LOSE,921788,15.36,1,3,2,2,55,4,2,0,2
KR_8345502459,200,WIN,921788,15.36,6,2,0,3,15,1,2,3,0
KR_8345457246,100,WIN,880978,14.68,3,6,1,5,10,3,1,3,0
KR_8345457246,200,LOSE,880978,14.68,11,4,2,3,9,1,2,0,2
KR_8345439210,100,LOSE,846204,14.1,2,4,1,2,12,2,3,1,0
KR_8345439210,200,WIN,846204,14.1,4,0,1,4,13,1,0,2,2
KR_8345421459,100,LOSE,617564,10.29,1,6,2,1,0,0,2,0,0
KR_8345421459,200,WIN,617564,10.29,7,1,1,2,7,1,0,3,1
KR_8345404729,100,LOSE,998501,16.64,3,5,1,6,11,8,1,3,1
KR_8345404729,200,WIN,998501,16.64,4,7,5,2,19,5,2,0,0
KR_8345392582,100,LOSE,962205,16.04,0,2,6,4,15,4,3,2,1
KR_8345392582,200,WIN,962205,16.04,1,2,11,4,13,5,1,1,1
KR_8345381585,100,LOSE,927235,15.45,4,2,1,5,11,4,3,3,0
KR_8345381585,200,WIN,927235,15.45,5,2,1,3,31,2,2,0,2
KR_8345388125,100,LOSE,798140,13.3,2,2,1,3,40,2,4,3,0
KR_8345388125,200,WIN,798140,13.3,3,0,1,1,13,3,4,0,2
KR_8345367823,100,WIN,788111,13.14,5,2,1,1,9,2,2,0,0
KR_8345367823,200,LOSE,788111,13.14,2,3,0,2,7,3,1,3,1
KR_8345358847,100,LOSE,916235,15.27,1,2,1,5,48,5,2,3,1
KR_8345358847,200,WIN,916235,15.27,1,0,3,3,17,1,3,0,1
KR_8354742566,100,LOSE,711484,11.86,1,3,1,0,9,2,1,2,1
KR_8354742566,200,WIN,711484,11.86,3,2,0,1,7,3,1,1,0
KR_8352421520,100,WIN,790052,13.17,3,1,5,3,5,5,0,3,2
KR_8352421520,200,LOSE,790052,13.17,1,4,2,3,12,1,2,0,0
KR_8352362319,100,WIN,852846,14.21,2,1,3,1,14,3,0,3,0
KR_8352362319,200,LOSE,852846,14.21,0,2,2,4,9,0,2,0,2
KR_8352311102,100,LOSE,714004,11.9,1,4,0,4,9,2,4,1,0
KR_8352311102,200,WIN,714004,11.9,5,2,3,0,8,4,1,2,1
KR_8352191609,100,LOSE,964255,16.07,2,2,1,2,15,2,1,2,2
KR_8352191609,200,WIN,964255,16.07,3,2,0,2,10,4,1,1,0
KR_8351732589,100,WIN,821141,13.69,6,4,3,4,6,2,2,2,0
KR_8351732589,200,LOSE,821141,13.69,2,6,4,3,9,7,3,1,0
KR_8351601167,100,LOSE,866144,14.44,1,3,1,2,14,1,3,2,0
KR_8351601167,200,WIN,866144,14.44,4,1,2,2,7,2,0,1,2
KR_8350696228,100,LOSE,899285,14.99,4,3,1,5,13,4,3,0,0
KR_8350696228,200,WIN,899285,14.99,2,3,1,1,15,6,3,3,1
KR_8349141311,100,LOSE,787893,13.13,1,4,1,6,9,2,3,1,0
KR_8349141311,200,WIN,787893,13.13,3,1,8,1,8,3,2,2,2
KR_8343034404,100,LOSE,911062,15.18,1,6,1,4,13,6,2,0,0
KR_8343034404,200,WIN,911062,15.18,4,4,3,5,13,8,0,3,1
KR_8342968393,100,LOSE,992355,16.54,3,1,0,3,16,3,2,3,0
KR_8342968393,200,WIN,992355,16.54,2,2,0,1,18,1,0,0,2
KR_8342834441,100,WIN,748641,12.48,3,1,1,1,13,3,1,3,1
KR_8342834441,200,LOSE,748641,12.48,2,4,0,3,12,2,2,0,0
KR_8342788828,100,WIN,816611,13.61,6,2,3,3,12,2,1,3,0
KR_8342788828,200,LOSE,816611,13.61,3,4,2,5,8,2,2,0,1
KR_8342730484,100,WIN,503356,8.39,3,1,1,2,4,0,1,0,1
KR_8342730484,200,LOSE,503356,8.39,2,2,1,1,22,1,1,2,0
KR_8342660171,100,LOSE,915942,15.27,2,2,0,2,14,5,3,2,0
KR_8342660171,200,WIN,915942,15.27,1,2,5,3,13,3,3,1,2
KR_8354970401,100,WIN,825532,13.76,5,0,8,5,14,3,2,0,1
KR_8354970401,200,LOSE,825532,13.76,2,9,1,4,10,3,6,3,0
KR_8352961934,100,LOSE,935982,15.6,0,3,0,4,25,2,1,3,0
KR_8352961934,200,WIN,935982,15.6,4,0,3,0,9,4,1,0,2
KR_8352934929,100,LOSE,909814,15.16,3,3,1,4,12,7,1,3,1
KR_8352934929,200,WIN,909814,15.16,2,6,2,3,15,5,3,0,1
KR_8352912334,100,LOSE,701405,11.69,7,6,1,6,7,2,1,3,0
KR_8352912334,200,WIN,701405,11.69,1,6,8,3,7,4,1,0,1
KR_8352542212,100,WIN,1018974,16.98,3,0,0,1,15,2,1,3,1
KR_8352542212,200,LOSE,1018974,16.98,1,0,1,4,14,3,0,0,0
KR_8352486162,100,WIN,771279,12.85,5,2,6,1,13,2,3,0,0
KR_8352486162,200,LOSE,771279,12.85,2,5,1,4,43,3,3,3,0
KR_8352225508,100,WIN,743131,12.39,6,2,2,2,15,8,0,3,1
KR_8352225508,200,LOSE,743131,12.39,5,4,0,6,11,1,5,0,0
KR_8351977580,100,WIN,621269,10.35,2,1,2,1,4,2,1,0,1
KR_8351977580,200,LOSE,621269,10.35,1,4,0,1,11,1,1,3,0
KR_8349621584,100,WIN,1130908,18.85,0,4,0,5,23,6,5,2,1
KR_8349621584,200,LOSE,1130908,18.85,2,0,0,3,26,5,1,1,2
KR_8349574486,100,WIN,913298,15.22,1,4,0,3,19,5,2,3,0
KR_8349574486,200,LOSE,913298,15.22,5,3,3,3,11,2,3,0,1
KR_8347946828,100,WIN,963346,16.06,3,4,1,8,16,6,2,1,1
KR_8347946828,200,LOSE,963346,16.06,4,2,3,5,16,3,3,1,1
KR_8350391866,100,WIN,768440,12.81,3,3,1,3,8,1,6,3,0
KR_8350391866,200,LOSE,768440,12.81,2,1,3,3,18,5,2,0,1
KR_8350360707,100,WIN,668525,11.14,4,0,0,1,12,4,0,3,1
KR_8350360707,200,LOSE,668525,11.14,0,5,1,3,11,0,2,0,0
KR_8350333660,100,LOSE,797154,13.29,0,3,2,5,12,1,5,0,1
KR_8350333660,200,WIN,797154,13.29,5,1,2,2,9,8,0,3,0
KR_8345533741,100,WIN,919116,15.32,5,1,3,7,10,9,1,1,1
KR_8345533741,200,LOSE,919116,15.32,2,6,4,5,17,3,3,2,0
KR_8345529008,100,WIN,609322,10.16,3,0,0,1,7,1,3,0,1
KR_8345529008,200,LOSE,609322,10.16,1,2,0,2,8,1,1,3,0
KR_8345510292,100,WIN,901165,15.02,6,2,6,2,15,5,0,3,2
KR_8345510292,200,LOSE,901165,15.02,2,6,0,4,13,4,2,0,0
KR_8345477951,100,LOSE,932043,15.53,2,2,0,2,16,5,3,3,1
KR_8345477951,200,WIN,932043,15.53,4,2,4,4,63,1,1,0,1
KR_8339320863,100,LOSE,1008813,16.81,3,3,0,3,22,3,4,3,0
KR_8339320863,200,WIN,1008813,16.81,2,4,1,3,14,5,0,0,2
KR_8338449893,100,WIN,914835,15.25,6,3,3,3,14,5,0,3,1
KR_8338449893,200,LOSE,914835,15.25,5,5,0,6,11,6,2,0,1
KR_8338371881,100,LOSE,869697,14.49,4,5,4,4,10,2,2,3,0
KR_8338371881,200,WIN,869697,14.49,7,4,0,4,12,6,1,0,1
KR_8336934470,100,LOSE,1222730,20.38,1,1,0,4,26,3,5,0,0
KR_8336934470,200,WIN,1222730,20.38,4,2,2,2,24,7,1,3,3
KR_8355056177,100,WIN,922066,15.37,1,3,0,1,13,5,1,3,2
KR_8355056177,200,LOSE,922066,15.37,1,2,0,4,14,5,2,0,0
KR_8346325741,100,WIN,959897,16.0,4,6,1,6,63,7,1,3,0
KR_8346325741,200,LOSE,959897,16.0,3,4,3,6,19,6,0,0,2
KR_8346300741,100,LOSE,778988,12.98,3,5,0,6,7,4,3,0,0
KR_8346300741,200,WIN,778988,12.98,6,2,1,2,10,6,0,3,1
KR_8346266397,100,WIN,764831,12.75,3,3,0,3,12,8,3,3,0
KR_8346266397,200,LOSE,764831,12.75,2,4,2,4,7,4,2,0,1
KR_8341974167,100,LOSE,860806,14.35,0,2,0,2,13,2,0,3,2
KR_8341974167,200,WIN,860806,14.35,2,0,0,1,14,3,1,0,0
KR_8340988071,100,LOSE,836188,13.94,2,3,1,3,10,5,0,3,1
KR_8340988071,200,WIN,836188,13.94,2,3,2,3,42,3,4,0,1
KR_8340940431,100,WIN,641493,10.69,0,0,0,3,7,1,0,1,1
KR_8340940431,200,LOSE,641493,10.69,2,0,0,0,36,0,1,2,0
KR_8339169899,100,LOSE,606900,10.12,0,1,0,2,10,3,0,0,0
KR_8339169899,200,WIN,606900,10.12,3,1,0,0,5,1,2,3,1
KR_8339123302,100,WIN,793330,13.22,2,1,1,1,16,6,4,0,1
KR_8339123302,200,LOSE,793330,13.22,1,2,1,4,11,5,0,3,0
KR_8338948497,100,WIN,842156,14.04,0,2,0,0,45,4,0,2,0
KR_8338948497,200,LOSE,842156,14.04,1,2,2,2,11,1,3,1,1
KR_8354514980,100,LOSE,716385,11.94,1,6,2,6,11,7,2,0,0
KR_8354514980,200,WIN,716385,11.94,5,2,2,3,10,9,1,3,1
KR_8348302507,100,WIN,1002880,16.71,5,3,2,2,15,3,0,1,2
KR_8348302507,200,LOSE,1002880,16.71,7,4,1,5,17,2,3,2,0
KR_8346178609,100,WIN,1004637,16.74,5,2,1,4,20,7,3,0,0
KR_8346178609,200,LOSE,1004637,16.74,3,2,2,5,61,3,3,3,2
KR_8346115646,100,WIN,971600,16.19,0,3,4,4,8,3,4,1,0
KR_8346115646,200,LOSE,971600,16.19,4,3,1,2,13,6,2,2,1
KR_8346074310,100,LOSE,801952,13.37,1,1,0,2,13,2,2,0,0
KR_8346074310,200,WIN,801952,13.37,1,2,0,1,10,5,0,3,1
KR_8346010912,100,LOSE,709021,11.82,1,3,1,6,6,5,2,2,0
KR_8346010912,200,WIN,709021,11.82,4,0,4,1,6,4,1,1,0
KR_8341791973,100,WIN,941627,15.69,3,5,0,7,17,10,4,3,0
KR_8341791973,200,LOSE,941627,15.69,4,2,0,7,14,3,4,0,2
KR_8339746060,100,LOSE,700639,11.68,2,8,1,6,7,3,3,0,0
KR_8339746060,200,WIN,700639,11.68,5,2,6,0,9,8,3,3,1
KR_8339713204,100,WIN,895156,14.92,4,0,1,1,11,1,0,3,2
KR_8339713204,200,LOSE,895156,14.92,1,3,0,1,8,0,3,0,0
KR_8338497933,100,LOSE,860772,14.35,1,5,0,6,8,3,4,0,0
KR_8338497933,200,WIN,860772,14.35,6,1,3,1,11,1,4,3,2
KR_8349247053,100,LOSE,846588,14.11,0,3,1,4,13,4,1,3,0
KR_8349247053,200,WIN,846588,14.11,2,3,3,2,12,3,1,0,1
KR_8349192446,100,LOSE,730494,12.17,1,2,0,2,11,0,5,0,0
KR_8349192446,200,WIN,730494,12.17,3,1,1,0,12,3,0,3,2
KR_8347285709,100,WIN,1005272,16.75,1,5,1,5,21,13,3,0,0
KR_8347285709,200,LOSE,1005272,16.75,4,5,2,6,20,5,4,3,2
KR_8347243113,100,LOSE,802880,13.38,5,3,3,6,19,1,4,3,0
KR_8347243113,200,WIN,802880,13.38,9,3,0,3,9,3,3,0,1
KR_8347057440,100,WIN,799392,13.32,4,1,0,1,11,4,1,3,1
KR_8347057440,200,LOSE,799392,13.32,2,3,0,2,11,0,2,0,1
KR_8346996847,100,LOSE,908419,15.14,5,4,1,2,5,1,3,0,1
KR_8346996847,200,WIN,908419,15.14,3,5,3,2,15,3,2,3,1
KR_8346485954,100,LOSE,976612,16.28,3,6,1,3,55,3,2,3,0
KR_8346485954,200,WIN,976612,16.28,4,3,1,2,16,3,2,0,2
KR_8346481849,100,LOSE,779858,13.0,2,4,1,6,14,2,5,0,0
KR_8346481849,200,WIN,779858,13.0,6,0,3,2,10,9,2,3,1
KR_8346487461,100,WIN,753239,12.55,6,1,2,3,9,3,2,3,1
KR_8346487461,200,LOSE,753239,12.55,1,5,1,4,11,3,2,0,0
KR_8346473702,100,LOSE,731703,12.2,5,1,1,5,15,1,4,0,0
KR_8346473702,200,WIN,731703,12.2,2,3,1,2,8,8,0,3,1
KR_8345296614,100,WIN,757500,12.62,7,0,0,3,15,11,0,3,1
KR_8345296614,200,LOSE,757500,12.62,1,6,2,3,10,2,4,0,0
KR_8345288138,100,WIN,840419,14.01,2,0,0,3,16,3,4,0,1
KR_8345288138,200,LOSE,840419,14.01,2,0,0,2,22,4,0,3,0
KR_8339240446,100,WIN,1037176,17.29,1,1,0,0,20,6,0,2,1
KR_8339240446,200,LOSE,1037176,17.29,0,2,1,2,16,1,3,1,1
KR_8339218728,100,WIN,802765,13.38,5,1,0,2,14,5,1,3,1
KR_8339218728,200,LOSE,802765,13.38,2,5,2,6,8,1,3,0,1
KR_8339209152,100,WIN,933660,15.56,3,1,7,2,18,4,2,1,0
KR_8339209152,200,LOSE,933660,15.56,0,4,3,5,20,2,3,2,2
KR_8338781676,100,WIN,732032,12.2,4,0,0,1,11,1,3,2,0
KR_8338781676,200,LOSE,732032,12.2,1,2,0,3,8,3,2,1,0
KR_8338742114,100,WIN,1081614,18.03,3,3,4,3,21,3,2,3,0
KR_8338742114,200,LOSE,1081614,18.03,4,5,1,4,26,1,3,0,1
KR_8338676836,100,WIN,941615,15.69,1,2,2,3,56,3,3,3,0
KR_8338676836,200,LOSE,941615,15.69,3,2,1,2,16,2,1,0,1
KR_8353276450,100,LOSE,912094,15.2,3,6,0,4,15,2,3,0,0
KR_8353276450,200,WIN,912094,15.2,5,1,1,2,9,5,2,3,1
KR_8353250500,100,WIN,952646,15.88,2,5,6,3,17,3,1,3,0
KR_8353250500,200,LOSE,952646,15.88,5,4,4,4,14,1,3,0,2
KR_8348195104,100,WIN,892200,14.87,3,1,3,1,9,2,1,0,0
KR_8348195104,200,LOSE,892200,14.87,0,6,3,1,14,3,0,3,2
KR_8348128863,100,WIN,910594,15.18,7,4,1,1,18,2,0,1,0
KR_8348128863,200,LOSE,910594,15.18,3,4,2,4,15,1,1,2,1
KR_8348081226,100,WIN,952979,15.88,6,3,3,2,14,0,3,0,0
KR_8348081226,200,LOSE,952979,15.88,3,2,1,5,24,3,1,3,2
KR_8351735301,100,WIN,848272,14.14,4,1,1,0,14,6,0,3,0
KR_8351735301,200,LOSE,848272,14.14,2,6,0,2,10,3,3,0,1
KR_8351695197,100,WIN,916685,15.28,1,3,2,4,12,6,4,3,0
KR_8351695197,200,LOSE,916685,15.28,3,2,1,3,11,8,1,0,1
KR_8351672561,100,LOSE,860310,14.34,3,5,0,3,7,2,4,0,1
KR_8351672561,200,WIN,860310,14.34,4,1,2,1,21,5,2,3,0
KR_8351642975,100,WIN,932707,15.55,3,3,0,2,19,1,3,0,1
KR_8351642975,200,LOSE,932707,15.55,3,5,3,3,25,4,1,3,0
KR_8350742132,100,WIN,918410,15.31,8,2,0,4,15,3,2,2,1
KR_8350742132,200,LOSE,918410,15.31,2,6,1,3,20,5,7,1,0
KR_8350676135,100,LOSE,780596,13.01,2,5,1,4,20,1,2,3,0
KR_8350676135,200,WIN,780596,13.01,5,1,0,5,10,3,1,0,1
KR_8350623253,100,LOSE,975502,16.26,6,4,3,3,22,2,4,0,2
KR_8350623253,200,WIN,975502,16.26,2,5,3,4,21,10,2,3,0
KR_8350564504,100,LOSE,778516,12.98,1,3,1,2,14,2,0,3,1
KR_8350564504,200,WIN,778516,12.98,5,2,0,1,8,2,1,0,1
KR_8350101078,100,WIN,593131,9.89,7,0,1,1,2,2,3,0,0
KR_8350101078,200,LOSE,593131,9.89,1,4,0,5,2,3,2,3,0
KR_8350080135,100,LOSE,960568,16.01,9,2,0,6,22,2,4,0,2
KR_8350080135,200,WIN,960568,16.01,4,6,4,2,18,3,3,3,0
KR_8337602138,100,WIN,812741,13.55,5,5,3,5,10,5,4,0,2
KR_8337602138,200,LOSE,812741,13.55,5,4,0,7,13,7,2,3,0
KR_8338589503,100,LOSE,1180158,19.67,2,3,1,2,32,3,2,3,1
KR_8338589503,200,WIN,1180158,19.67,3,2,1,3,19,2,2,0,1
KR_8353951151,100,LOSE,1005504,16.76,2,1,2,5,15,6,3,0,1
KR_8353951151,200,WIN,1005504,16.76,0,2,3,4,15,3,1,3,1
KR_8353890921,100,WIN,912890,15.21,3,1,2,2,10,3,1,3,2
KR_8353890921,200,LOSE,912890,15.21,3,4,1,0,7,1,2,0,0
KR_8353837749,100,LOSE,834980,13.92,1,5,0,4,13,3,0,3,0
KR_8353837749,200,WIN,834980,13.92,4,1,3,0,13,2,5,0,0
KR_8351210602,100,WIN,947243,15.79,5,1,0,2,50,6,4,3,0
KR_8351210602,200,LOSE,947243,15.79,0,2,1,4,15,3,4,0,1
KR_8351136131,100,LOSE,953845,15.9,1,2,3,0,14,5,4,3,1
KR_8351136131,200,WIN,953845,15.9,1,1,2,4,9,2,2,0,0
KR_8351041803,100,LOSE,773088,12.88,1,3,0,3,40,3,4,0,1
KR_8351041803,200,WIN,773088,12.88,4,0,5,1,7,1,2,3,0
KR_8347246840,100,WIN,924192,15.4,5,3,1,3,14,7,2,3,1
KR_8347246840,200,LOSE,924192,15.4,3,3,0,6,13,6,2,0,0
KR_8347193865,100,WIN,820277,13.67,3,3,2,2,9,3,0,3,0
KR_8347193865,200,LOSE,820277,13.67,2,3,0,3,11,2,1,0,1
KR_8345086193,100,LOSE,800620,13.34,2,4,2,7,8,3,2,3,0
KR_8345086193,200,WIN,800620,13.34,6,3,1,1,5,5,1,0,1
KR_8343337801,100,LOSE,593457,9.89,1,2,1,2,7,2,1,0,0
KR_8343337801,200,WIN,593457,9.89,3,0,1,1,4,5,0,3,1
KR_8343279151,100,WIN,931289,15.52,8,1,0,0,53,6,0,2,1
KR_8343279151,200,LOSE,931289,15.52,1,3,0,6,15,1,4,1,1
KR_8343203720,100,WIN,913872,15.23,3,5,4,4,11,4,3,3,1
KR_8343203720,200,LOSE,913872,15.23,5,6,2,1,15,7,3,0,0
KR_8343136845,100,WIN,832289,13.87,6,4,4,3,11,4,5,3,0
KR_8343136845,200,LOSE,832289,13.87,6,4,0,7,6,3,3,0,1
KR_8343071506,100,LOSE,879122,14.65,1,4,1,2,13,3,1,0,0
KR_8343071506,200,WIN,879122,14.65,3,3,2,1,49,2,0,3,2
KR_8338097211,100,WIN,680820,11.35,2,0,1,0,6,4,2,1,1
KR_8338097211,200,LOSE,680820,11.35,1,5,0,2,10,1,2,2,0
KR_8338073857,100,WIN,726997,12.12,3,0,1,1,15,1,1,0,0
KR_8338073857,200,LOSE,726997,12.12,0,2,1,1,10,1,3,3,0
KR_8338065924,100,WIN,1082772,18.05,1,3,2,2,15,5,1,3,1
KR_8338065924,200,LOSE,1082772,18.05,2,1,1,2,12,8,4,0,0
KR_8338041400,100,LOSE,939549,15.66,1,2,2,3,49,7,0,3,2
KR_8338041400,200,WIN,939549,15.66,5,1,0,1,13,1,5,0,0
KR_8338031383,100,LOSE,938211,15.64,6,4,3,6,10,1,5,3,0
KR_8338031383,200,WIN,938211,15.64,8,3,0,4,12,10,4,0,1
KR_8339550117,100,WIN,889535,14.83,5,1,0,1,13,3,2,0,0
KR_8339550117,200,LOSE,889535,14.83,1,3,0,3,11,3,0,3,1
KR_8339511717,100,LOSE,964783,16.08,6,4,0,5,16,4,3,3,0
KR_8339511717,200,WIN,964783,16.08,4,4,2,5,12,5,3,0,1
KR_8343211805,100,LOSE,994920,16.58,7,5,1,0,17,4,6,3,0
KR_8343211805,200,WIN,994920,16.58,5,3,3,5,11,2,5,0,2
KR_8343171465,100,WIN,859696,14.33,8,1,1,0,10,3,1,3,2
KR_8343171465,200,LOSE,859696,14.33,1,7,0,3,7,3,2,0,0
KR_8339917133,100,LOSE,617107,10.29,0,4,0,1,13,3,3,0,0
KR_8339917133,200,WIN,617107,10.29,3,0,2,1,13,4,0,3,1
KR_8354006991,100,LOSE,914562,15.24,1,5,2,3,11,3,1,3,0
KR_8354006991,200,WIN,914562,15.24,6,0,0,1,9,3,2,0,2
KR_8347992716,100,WIN,986508,16.44,7,5,1,3,17,3,0,0,1
KR_8347992716,200,LOSE,986508,16.44,2,6,1,7,8,7,2,3,1
KR_8347960757,100,WIN,940049,15.67,2,6,2,3,19,3,4,3,0
KR_8347960757,200,LOSE,940049,15.67,8,3,2,3,29,4,2,0,2
KR_8347932386,100,LOSE,802671,13.38,0,4,4,3,10,3,1,2,0
KR_8347932386,200,WIN,802671,13.38,3,1,3,1,2,2,1,1,1
KR_8353980856,100,WIN,908340,15.14,2,1,0,3,47,6,2,3,0
KR_8353980856,200,LOSE,908340,15.14,2,2,3,3,16,2,1,0,2
KR_8344715982,100,LOSE,815916,13.6,2,5,0,1,14,4,1,0,0
KR_8344715982,200,WIN,815916,13.6,4,0,2,2,12,2,1,3,2
KR_8343403494,100,LOSE,1179229,19.65,3,5,0,4,21,3,2,0,0
KR_8343403494,200,WIN,1179229,19.65,5,4,0,5,41,5,2,3,3
KR_8340963065,100,LOSE,826151,13.77,3,3,0,5,10,2,1,0,1
KR_8340963065,200,WIN,826151,13.77,4,2,2,3,9,2,0,3,1
KR_8340925245,100,LOSE,822947,13.72,2,5,1,3,46,8,4,1,0
KR_8340925245,200,WIN,822947,13.72,4,4,1,6,10,4,0,2,2
KR_8340888053,100,WIN,995005,16.58,5,3,4,2,12,2,1,3,0
KR_8340888053,200,LOSE,995005,16.58,3,3,3,5,11,2,6,0,2
KR_8340852819,100,WIN,652637,10.88,9,1,4,5,6,2,0,3,0
KR_8340852819,200,LOSE,652637,10.88,5,6,0,6,4,0,4,0,0
KR_8340480784,100,WIN,979031,16.32,0,3,3,3,12,3,3,0,0
KR_8340480784,200,LOSE,979031,16.32,3,4,2,1,13,4,0,3,2
KR_8340427779,100,WIN,856777,14.28,2,4,0,3,6,4,1,0,2
KR_8340427779,200,LOSE,856777,14.28,5,3,0,2,43,5,2,3,0
KR_8340105356,100,LOSE,1003867,16.73,5,2,1,4,13,7,4,3,2
KR_8340105356,200,WIN,1003867,16.73,2,2,2,6,56,8,5,0,0
KR_8337454098,100,WIN,765260,12.75,2,3,1,4,12,1,0,0,1
KR_8337454098,200,LOSE,765260,12.75,3,0,2,3,14,4,3,3,0
KR_8350401442,100,WIN,1028986,17.15,4,3,1,1,14,4,3,2,1
KR_8350401442,200,LOSE,1028986,17.15,1,3,0,3,16,7,3,1,1
KR_8344296051,100,WIN,870544,14.51,6,4,7,0,11,8,2,3,1
KR_8344296051,200,LOSE,870544,14.51,1,7,0,9,9,5,4,0,1
KR_8344099448,100,LOSE,858523,14.31,2,2,3,1,16,4,4,3,0
KR_8344099448,200,WIN,858523,14.31,1,5,1,3,14,7,1,0,1
KR_8341335742,100,WIN,932010,15.53,4,3,2,3,12,5,2,0,1
KR_8341335742,200,LOSE,932010,15.53,3,3,0,4,18,0,3,3,1
KR_8353361925,100,WIN,855113,14.25,3,4,3,3,7,3,2,0,0
KR_8353361925,200,LOSE,855113,14.25,5,3,0,5,13,3,1,3,1
KR_8353322885,100,LOSE,762225,12.7,0,4,0,2,3,0,0,3,0
KR_8353322885,200,WIN,762225,12.7,5,0,1,0,9,1,1,0,2
KR_8353315164,100,WIN,825258,13.75,6,2,1,2,10,5,1,1,0
KR_8353315164,200,LOSE,825258,13.75,1,5,0,3,5,2,2,2,1
KR_8345569239,100,LOSE,966882,16.11,3,3,0,2,11,3,0,1,2
KR_8345569239,200,WIN,966882,16.11,4,1,0,4,20,1,1,2,0
KR_8345533584,100,LOSE,1116102,18.6,8,2,4,2,21,8,3,0,1
KR_8345533584,200,WIN,1116102,18.6,2,6,1,8,18,3,2,3,1
KR_8345419954,100,LOSE,904858,15.08,3,1,1,4,10,4,1,3,0
KR_8345419954,200,WIN,904858,15.08,3,3,0,2,12,2,3,0,1
KR_8345424423,100,WIN,887351,14.79,8,2,1,4,11,2,3,3,0
KR_8345424423,200,LOSE,887351,14.79,2,4,3,6,12,4,2,0,0
KR_8345401860,100,LOSE,931938,15.53,2,1,0,2,17,1,2,3,0
KR_8345401860,200,WIN,931938,15.53,4,0,3,4,10,1,1,0,2
KR_8338140025,100,WIN,1206991,20.12,3,3,1,3,26,8,5,0,0
KR_8338140025,200,LOSE,1206991,20.12,3,4,1,5,22,8,3,3,3
KR_8338129571,100,LOSE,939913,15.67,3,5,1,1,16,3,2,0,1
KR_8338129571,200,WIN,939913,15.67,3,1,1,4,14,3,3,3,0
KR_8338126275,100,LOSE,1026474,17.11,3,3,2,4,18,2,2,3,2
KR_8338126275,200,WIN,1026474,17.11,3,5,2,6,16,2,3,0,0
KR_8338129014,100,LOSE,1123697,18.73,2,8,3,6,12,2,1,3,0
KR_8338129014,200,WIN,1123697,18.73,5,1,2,6,18,5,0,0,2
KR_8338104746,100,WIN,1064924,17.75,4,3,3,4,11,8,2,0,0
KR_8338104746,200,LOSE,1064924,17.75,1,4,2,4,22,8,3,3,1
KR_8337016183,100,LOSE,1015325,16.92,2,4,1,3,17,3,3,2,0
KR_8337016183,200,WIN,1015325,16.92,5,3,2,2,19,6,2,1,2
KR_8336995287,100,LOSE,917275,15.29,1,3,2,5,127,1,0,0,1
KR_8336995287,200,WIN,917275,15.29,3,2,4,6,9,5,1,3,1
KR_8336985190,100,LOSE,833765,13.9,1,1,1,3,10,3,1,3,1
KR_8336985190,200,WIN,833765,13.9,2,2,1,0,10,5,2,0,0
KR_8347766244,100,WIN,873735,14.56,5,6,2,4,15,2,1,1,1
KR_8347766244,200,LOSE,873735,14.56,2,6,8,4,6,1,0,2,1
KR_8339640409,100,LOSE,886689,14.78,0,0,0,3,13,6,2,2,1
KR_8339640409,200,WIN,886689,14.78,2,2,0,2,126,5,1,1,0
KR_8339342773,100,LOSE,591418,9.86,0,4,1,4,5,0,2,3,0
KR_8339342773,200,WIN,591418,9.86,5,0,3,1,28,4,1,0,0
KR_8338335400,100,LOSE,742160,12.37,2,2,3,2,4,2,0,3,1
KR_8338335400,200,WIN,742160,12.37,2,2,1,2,7,2,2,0,0
KR_8338301996,100,LOSE,968273,16.14,5,2,4,2,17,3,4,0,0
KR_8338301996,200,WIN,968273,16.14,0,8,3,1,23,6,1,3,2
KR_8336961129,100,WIN,978769,16.31,3,2,5,2,9,4,1,3,0
KR_8336961129,200,LOSE,978769,16.31,2,6,2,3,17,4,1,0,2
KR_8349283237,100,WIN,737302,12.29,3,2,4,0,24,3,1,0,1
KR_8349283237,200,LOSE,737302,12.29,0,4,1,3,7,2,2,3,0
KR_8349227698,100,LOSE,893266,14.89,3,4,1,4,12,0,4,0,0
KR_8349227698,200,WIN,893266,14.89,4,5,3,0,10,3,1,3,1
KR_8349170545,100,WIN,1051163,17.52,3,3,0,3,14,8,1,3,1
KR_8349170545,200,LOSE,1051163,17.52,3,3,1,4,17,3,1,0,2
KR_8345197271,100,WIN,768772,12.81,4,1,2,1,13,2,3,1,2
KR_8345197271,200,LOSE,768772,12.81,2,5,1,3,6,0,3,2,0
KR_8345144359,100,LOSE,799653,13.33,4,3,2,4,6,3,1,3,2
KR_8345144359,200,WIN,799653,13.33,6,2,0,4,9,2,4,0,0
KR_8354413234,100,WIN,808696,13.48,1,4,3,5,9,5,2,3,0
KR_8354413234,200,LOSE,808696,13.48,6,4,2,5,10,2,2,0,1
KR_8354376945,100,LOSE,785483,13.09,0,4,2,2,14,2,1,0,0
KR_8354376945,200,WIN,785483,13.09,5,1,0,3,8,0,2,3,0
KR_8354366502,100,LOSE,960715,16.01,0,6,2,5,13,2,4,0,0
KR_8354366502,200,WIN,960715,16.01,6,0,0,3,15,10,2,3,1
KR_8354335853,100,WIN,851505,14.19,5,2,0,2,11,5,3,0,0
KR_8354335853,200,LOSE,851505,14.19,3,2,3,4,13,3,2,3,2
KR_8354325223,100,WIN,1017518,16.96,0,3,1,3,21,7,1,0,1
KR_8354325223,200,LOSE,1017518,16.96,5,3,0,3,52,5,4,3,1
KR_8354303184,100,LOSE,962210,16.04,4,3,3,4,14,4,0,3,2
KR_8354303184,200,WIN,962210,16.04,3,6,1,4,19,1,2,0,0
KR_8354262877,100,WIN,771939,12.87,2,1,2,1,117,1,0,0,1
KR_8354262877,200,LOSE,771939,12.87,1,2,1,3,7,1,2,3,1
KR_8352963493,100,LOSE,1111569,18.53,4,4,2,6,18,3,7,0,0
KR_8352963493,200,WIN,1111569,18.53,10,5,2,5,18,5,3,3,3
KR_8345910245,100,LOSE,555616,9.26,1,5,2,2,2,2,0,3,0
KR_8345910245,200,WIN,555616,9.26,4,1,3,1,4,1,2,0,0
KR_8345842871,100,LOSE,870740,14.51,5,3,0,4,13,3,1,1,1
KR_8345842871,200,WIN,870740,14.51,2,2,2,3,12,2,2,2,0
KR_8345831314,100,WIN,856113,14.27,4,1,0,0,12,4,2,3,2
KR_8345831314,200,LOSE,856113,14.27,3,7,0,5,8,4,5,0,0
KR_8345780962,100,LOSE,966263,16.1,3,3,0,3,10,3,3,0,0
KR_8345780962,200,WIN,966263,16.1,4,2,1,2,17,1,2,3,2
KR_8345710613,100,LOSE,676852,11.28,1,2,0,3,5,3,3,3,0
KR_8345710613,200,WIN,676852,11.28,4,1,1,0,4,2,0,0,1
KR_8345691564,100,WIN,887563,14.79,7,2,1,2,16,8,1,3,1
KR_8345691564,200,LOSE,887563,14.79,4,3,0,5,9,1,3,0,0
KR_8347851379,100,WIN,912948,15.22,2,2,2,0,11,1,2,3,0
KR_8347851379,200,LOSE,912948,15.22,1,4,0,1,13,1,3,0,1
KR_8347806282,100,LOSE,875559,14.59,2,7,6,5,10,3,0,1,1
KR_8347806282,200,WIN,875559,14.59,7,4,1,4,14,4,4,2,1
KR_8347784322,100,WIN,601806,10.03,8,2,0,2,5,4,2,0,0
KR_8347784322,200,LOSE,601806,10.03,2,4,2,5,7,0,2,0,0
KR_8347755652,100,WIN,1079108,17.99,5,5,2,4,22,4,1,3,2
KR_8347755652,200,LOSE,1079108,17.99,4,5,1,3,16,8,2,0,0
KR_8347738475,100,WIN,1087310,18.12,6,2,3,3,15,8,2,0,1
KR_8347738475,200,LOSE,1087310,18.12,2,3,1,7,17,2,3,3,1
KR_8347719445,100,LOSE,936332,15.61,2,2,0,2,16,1,3,1,0
KR_8347719445,200,WIN,936332,15.61,2,3,0,2,49,7,2,2,1
KR_8343040220,100,WIN,770468,12.84,3,0,0,1,7,2,1,3,0
KR_8343040220,200,LOSE,770468,12.84,0,3,0,2,14,3,1,0,1
KR_8342972662,100,WIN,1081778,18.03,3,0,0,2,13,6,2,2,2
KR_8342972662,200,LOSE,1081778,18.03,1,2,0,3,15,4,1,1,0
KR_8342913493,100,WIN,944734,15.75,4,3,1,4,12,4,3,3,0
KR_8342913493,200,LOSE,944734,15.75,2,5,3,3,8,3,1,0,2
KR_8353772820,100,LOSE,799605,13.33,3,3,1,4,6,1,3,0,0
KR_8353772820,200,WIN,799605,13.33,3,2,1,2,11,3,1,3,2
KR_8343836843,100,WIN,759658,12.66,11,3,3,3,11,0,1,3,1
KR_8343836843,200,LOSE,759658,12.66,4,6,0,5,9,3,5,0,0
KR_8354722829,100,LOSE,1003731,16.73,3,6,3,4,19,4,2,3,1
KR_8354722829,200,WIN,1003731,16.73,6,2,2,5,19,3,3,0,1
KR_8349900582,100,WIN,680386,11.34,5,1,1,1,8,1,1,3,0
KR_8349900582,200,LOSE,680386,11.34,1,2,1,4,8,2,3,0,1
KR_8349880288,100,WIN,761693,12.69,9,1,2,1,10,3,2,2,1
KR_8349880288,200,LOSE,761693,12.69,1,6,1,5,8,2,5,1,0
KR_8349818217,100,WIN,860726,14.35,1,3,0,3,9,5,2,1,1
KR_8349818217,200,LOSE,860726,14.35,3,1,1,1,7,0,3,2,1
KR_8353324927,100,LOSE,682332,11.37,1,4,2,1,11,2,2,3,0
KR_8353324927,200,WIN,682332,11.37,4,1,0,3,8,4,1,0,1
KR_8353020393,100,WIN,934713,15.58,3,2,0,1,15,4,6,0,2
KR_8353020393,200,LOSE,934713,15.58,2,2,3,0,51,3,5,3,0
KR_8352894699,100,WIN,854631,14.24,4,2,2,2,13,3,2,0,0
KR_8352894699,200,LOSE,854631,14.24,6,2,1,5,15,0,4,3,1
KR_8352855419,100,WIN,964363,16.07,2,2,0,2,10,1,1,0,1
KR_8352855419,200,LOSE,964363,16.07,4,1,0,2,11,1,1,3,0
KR_8354515597,100,LOSE,792273,13.2,5,2,0,2,11,0,4,0,1
KR_8354515597,200,WIN,792273,13.2,2,3,2,2,9,4,1,3,1
KR_8340812944,100,LOSE,923348,15.39,1,3,2,1,16,0,4,2,0
KR_8340812944,200,WIN,923348,15.39,4,0,2,1,17,1,2,1,1
KR_8340462682,100,WIN,917267,15.29,8,0,1,1,11,4,1,0,2
KR_8340462682,200,LOSE,917267,15.29,0,5,1,3,14,2,5,3,0
KR_8339770559,100,LOSE,927126,15.45,2,1,1,1,18,1,0,3,0
KR_8339770559,200,WIN,927126,15.45,1,1,0,1,11,0,2,0,2
KR_8339596339,100,WIN,960915,16.02,5,5,2,2,16,4,1,3,1
KR_8339596339,200,LOSE,960915,16.02,2,3,2,4,17,3,4,0,0
KR_8339561226,100,LOSE,821850,13.7,0,2,1,3,10,6,0,0,0
KR_8339561226,200,WIN,821850,13.7,3,0,0,2,10,3,2,3,1
KR_8338506348,100,LOSE,1015295,16.92,9,5,0,7,6,2,4,0,2
KR_8338506348,200,WIN,1015295,16.92,8,6,0,3,12,5,2,3,0
KR_8337238954,100,LOSE,957294,15.95,2,2,1,5,15,8,3,3,0
KR_8337238954,200,WIN,957294,15.95,3,2,3,5,12,2,5,0,1
KR_8354465473,100,LOSE,967908,16.13,4,3,1,7,17,4,1,3,0
KR_8354465473,200,WIN,967908,16.13,6,4,3,2,13,3,2,0,1
KR_8354442480,100,WIN,788128,13.14,2,0,2,2,7,5,2,0,1
KR_8354442480,200,LOSE,788128,13.14,1,2,2,2,22,2,3,3,0
KR_8354423129,100,LOSE,798441,13.31,1,3,0,5,10,4,0,3,0
KR_8354423129,200,WIN,798441,13.31,6,2,0,1,12,1,0,0,1
KR_8354389706,100,WIN,559828,9.33,4,1,1,0,2,0,1,0,1
KR_8354389706,200,LOSE,559828,9.33,1,1,0,3,6,3,2,3,0
KR_8352618730,100,LOSE,657936,10.97,1,6,0,5,4,0,1,0,0
KR_8352618730,200,WIN,657936,10.97,8,1,2,0,10,4,0,3,1
KR_8352582208,100,WIN,674265,11.24,9,0,2,1,5,4,1,0,0
KR_8352582208,200,LOSE,674265,11.24,2,4,0,5,8,0,6,0,0
KR_8352530708,100,LOSE,764672,12.74,3,7,2,6,9,2,3,0,0
KR_8352530708,200,WIN,764672,12.74,7,2,7,3,8,1,1,3,2
KR_8352457292,100,LOSE,700094,11.67,0,2,1,1,11,2,1,3,0
KR_8352457292,200,WIN,700094,11.67,1,0,4,1,8,3,2,0,1
KR_8352398224,100,LOSE,1132498,18.87,3,4,1,3,41,3,3,1,1
KR_8352398224,200,WIN,1132498,18.87,4,2,1,3,22,2,6,2,0
KR_8352334663,100,WIN,831651,13.86,7,1,1,1,10,9,2,3,0
KR_8352334663,200,LOSE,831651,13.86,1,5,1,4,11,1,3,0,1
KR_8352266953,100,LOSE,1042845,17.38,3,2,1,1,13,11,1,0,2
KR_8352266953,200,WIN,1042845,17.38,2,3,0,7,24,4,5,3,0
KR_8352220684,100,LOSE,1007863,16.8,8,5,2,5,18,3,3,3,0
KR_8352220684,200,WIN,1007863,16.8,7,3,2,5,18,3,3,0,2
KR_8352164865,100,LOSE,876454,14.61,1,5,2,3,15,7,1,3,0
KR_8352164865,200,WIN,876454,14.61,7,0,1,2,14,2,4,0,1
KR_8345220288,100,LOSE,979593,16.33,4,4,3,3,14,1,3,0,1
KR_8345220288,200,WIN,979593,16.33,2,4,1,2,12,4,1,3,1
KR_8345191325,100,LOSE,803349,13.39,1,5,2,5,9,8,2,0,0
KR_8345191325,200,WIN,803349,13.39,4,3,3,5,9,4,2,3,2
KR_8347286643,100,WIN,1041956,17.37,1,5,5,1,17,1,3,3,0
KR_8347286643,200,LOSE,1041956,17.37,4,2,0,3,20,5,3,0,1
KR_8346287612,100,LOSE,825096,13.75,4,1,2,3,12,3,4,2,1
KR_8346287612,200,WIN,825096,13.75,4,5,0,2,10,6,2,1,1
KR_8346095332,100,LOSE,830569,13.84,2,3,2,2,4,4,2,3,0
KR_8346095332,200,WIN,830569,13.84,4,1,0,5,7,2,1,0,1
KR_8344008039,100,WIN,935354,15.59,1,4,4,5,14,7,3,0,0
KR_8344008039,200,LOSE,935354,15.59,5,6,1,4,11,3,2,3,1
KR_8342823858,100,WIN,807336,13.46,3,0,0,2,7,3,1,3,0
KR_8342823858,200,LOSE,807336,13.46,2,2,0,2,8,0,1,0,1
KR_8352311133,100,LOSE,731097,12.18,1,3,1,3,32,3,1,3,0
KR_8352311133,200,WIN,731097,12.18,4,0,0,2,9,3,5,0,1
KR_8349071285,100,LOSE,942602,15.71,3,1,1,3,12,5,3,3,0
KR_8349071285,200,WIN,942602,15.71,4,3,1,1,10,2,3,0,1
KR_8348777398,100,LOSE,1024490,17.07,4,3,1,4,17,6,1,0,1
KR_8348777398,200,WIN,1024490,17.07,2,5,2,5,19,1,3,3,1
KR_8348761041,100,WIN,1176111,19.6,7,4,0,2,16,12,6,0,0
KR_8348761041,200,LOSE,1176111,19.6,3,5,2,4,12,5,7,3,1
KR_8348732782,100,LOSE,998245,16.64,2,3,3,5,18,5,3,0,0
KR_8348732782,200,WIN,998245,16.64,7,4,1,5,10,1,5,3,0
KR_8348721346,100,LOSE,1216943,20.28,1,3,0,4,16,2,5,3,0
KR_8348721346,200,WIN,1216943,20.28,4,2,0,1,24,5,2,0,3
KR_8348700420,100,LOSE,789261,13.15,2,4,1,3,10,3,1,0,0
KR_8348700420,200,WIN,789261,13.15,2,2,3,2,7,4,1,3,1
KR_8348681640,100,WIN,714312,11.91,3,1,3,0,5,1,0,0,1
KR_8348681640,200,LOSE,714312,11.91,0,5,1,3,5,2,0,3,0
KR_8348680468,100,WIN,901943,15.03,3,3,0,3,10,4,3,0,1
KR_8348680468,200,LOSE,901943,15.03,4,3,0,3,10,2,1,3,1
KR_8348682185,100,LOSE,955141,15.92,4,3,0,1,15,1,3,1,0
KR_8348682185,200,WIN,955141,15.92,0,1,0,3,11,7,1,2,2
KR_8348671241,100,LOSE,885876,14.76,3,3,0,3,45,4,3,3,2
KR_8348671241,200,WIN,885876,14.76,0,4,3,2,11,7,2,0,0
KR_8348653812,100,WIN,641471,10.69,2,1,3,3,4,2,0,3,0
KR_8348653812,200,LOSE,641471,10.69,4,2,0,3,2,0,1,0,1
KR_8348648607,100,LOSE,554384,9.24,0,2,1,4,2,1,1,3,0
KR_8348648607,200,WIN,554384,9.24,2,1,4,1,4,1,0,0,1
KR_8348630738,100,WIN,767270,12.79,4,1,1,6,7,4,0,3,1
KR_8348630738,200,LOSE,767270,12.79,2,2,2,3,9,4,2,0,1
KR_8348623194,100,WIN,772561,12.88,1,2,1,1,5,4,1,2,1
KR_8348623194,200,LOSE,772561,12.88,2,2,0,1,21,2,0,1,0
KR_8346651622,100,LOSE,1002990,16.72,2,3,2,3,11,3,4,3,0
KR_8346651622,200,WIN,1002990,16.72,5,4,1,1,18,4,0,0,2
KR_8346630076,100,LOSE,961914,16.03,1,4,0,2,12,3,0,2,0
KR_8346630076,200,WIN,961914,16.03,4,1,2,1,14,1,2,1,2
KR_8346615333,100,WIN,905271,15.09,6,2,1,2,10,5,0,3,1
KR_8346615333,200,LOSE,905271,15.09,1,5,2,4,4,2,4,0,0
KR_8346586794,100,LOSE,933122,15.55,1,4,1,4,15,4,1,1,1
KR_8346586794,200,WIN,933122,15.55,6,1,0,1,12,3,1,2,1
KR_8346587022,100,LOSE,702757,11.71,1,4,0,4,5,0,0,3,0
KR_8346587022,200,WIN,702757,11.71,4,0,0,1,16,4,0,0,1
KR_8346553957,100,LOSE,821640,13.69,0,2,0,3,8,2,0,0,0
KR_8346553957,200,WIN,821640,13.69,1,0,0,0,11,4,1,3,1
KR_8346553440,100,WIN,1078179,17.97,1,2,0,2,16,4,0,3,0
KR_8346553440,200,LOSE,1078179,17.97,2,2,0,0,8,3,4,0,1
KR_8346524665,100,LOSE,1035980,17.27,0,2,2,4,13,4,1,1,1
KR_8346524665,200,WIN,1035980,17.27,4,1,1,4,17,4,5,2,0
KR_8346505969,100,LOSE,1004471,16.74,3,3,3,4,12,1,1,3,1
KR_8346505969,200,WIN,1004471,16.74,4,3,1,2,14,6,3,0,0
KR_8352457173,100,WIN,836669,13.94,3,4,3,4,10,7,3,1,1
KR_8352457173,200,LOSE,836669,13.94,5,4,4,2,14,1,1,2,1
KR_8350585582,100,WIN,875996,14.6,3,1,1,2,9,6,0,2,2
KR_8350585582,200,LOSE,875996,14.6,1,5,0,3,15,3,2,1,0
KR_8350530651,100,LOSE,738469,12.31,1,6,2,5,9,6,1,3,1
KR_8350530651,200,WIN,738469,12.31,1,3,4,2,10,5,3,0,0
KR_8349785470,100,LOSE,965465,16.09,3,4,4,1,58,8,3,0,0
KR_8349785470,200,WIN,965465,16.09,2,4,1,7,9,7,3,3,1
KR_8349739360,100,WIN,936549,15.61,2,4,2,3,17,4,3,2,0
KR_8349739360,200,LOSE,936549,15.61,1,2,2,5,11,7,1,1,2
KR_8349676968,100,LOSE,938615,15.64,1,3,0,2,10,3,0,3,1
KR_8349676968,200,WIN,938615,15.64,2,1,0,2,14,4,4,0,1
KR_8349619070,100,WIN,637970,10.63,5,0,2,2,7,2,1,0,0
KR_8349619070,200,LOSE,637970,10.63,1,4,1,3,6,1,2,1,0
KR_8349548786,100,WIN,953301,15.89,1,2,0,0,15,7,1,3,0
KR_8349548786,200,LOSE,953301,15.89,2,3,0,3,8,2,1,0,2
KR_8348593346,100,WIN,1009040,16.82,5,3,1,6,11,6,6,2,0
KR_8348593346,200,LOSE,1009040,16.82,7,2,0,6,18,8,3,1,2
KR_8348562685,100,LOSE,825506,13.76,5,5,1,5,10,2,1,0,0
KR_8348562685,200,WIN,825506,13.76,1,3,3,2,8,3,1,3,2
KR_8348536691,100,WIN,975975,16.27,6,2,2,1,16,7,1,0,2
KR_8348536691,200,LOSE,975975,16.27,1,3,0,5,13,3,1,3,0
KR_8348360721,100,LOSE,792959,13.22,0,4,0,4,11,3,3,1,0
KR_8348360721,200,WIN,792959,13.22,3,0,2,1,9,4,3,2,1
KR_8348316322,100,WIN,889224,14.82,2,2,0,0,12,3,1,0,1
KR_8348316322,200,LOSE,889224,14.82,2,2,0,3,12,0,2,3,0
KR_8348252730,100,WIN,825049,13.75,1,1,2,2,9,1,0,3,0
KR_8348252730,200,LOSE,825049,13.75,0,2,1,1,9,5,2,0,2
KR_8346498531,100,WIN,1002155,16.7,3,3,0,3,16,2,3,3,1
KR_8346498531,200,LOSE,1002155,16.7,2,4,5,1,14,5,1,0,1
KR_8346499295,100,LOSE,886694,14.78,0,0,2,2,7,0,3,0,0
KR_8346499295,200,WIN,886694,14.78,3,1,0,0,10,4,0,3,1
KR_8345330647,100,LOSE,827070,13.78,3,2,0,2,11,2,0,3,0
KR_8345330647,200,WIN,827070,13.78,4,1,0,2,6,0,0,0,1
KR_8345316498,100,LOSE,932595,15.54,5,3,1,3,12,9,2,1,2
KR_8345316498,200,WIN,932595,15.54,3,3,1,5,131,2,7,2,0
KR_8343798840,100,WIN,804745,13.41,0,0,0,0,8,5,1,3,1
KR_8343798840,200,LOSE,804745,13.41,0,2,1,2,8,1,1,0,0
KR_8343789770,100,LOSE,1030600,17.18,4,2,0,2,16,2,4,0,1
KR_8343789770,200,WIN,1030600,17.18,3,2,1,4,16,3,1,3,1
KR_8343785268,100,WIN,858096,14.3,4,1,0,4,7,7,0,3,1
KR_8343785268,200,LOSE,858096,14.3,1,5,1,5,18,2,4,0,0
KR_8342903297,100,LOSE,1006496,16.77,2,0,1,1,9,4,1,1,0
KR_8342903297,200,WIN,1006496,16.77,1,0,0,3,10,0,3,2,2
KR_8342168819,100,WIN,1006519,16.78,2,2,0,2,63,6,2,3,2
KR_8342168819,200,LOSE,1006519,16.78,4,4,0,3,9,3,4,0,0
KR_8341433882,100,WIN,1131803,18.86,1,7,0,3,18,7,2,3,2
KR_8341433882,200,LOSE,1131803,18.86,11,2,0,3,18,3,4,0,1
KR_8341373688,100,LOSE,1213135,20.22,2,3,0,4,29,1,2,2,0
KR_8341373688,200,WIN,1213135,20.22,5,1,1,0,25,8,3,1,2
KR_8340874105,100,LOSE,940921,15.68,2,1,1,1,12,3,3,0,1
KR_8340874105,200,WIN,940921,15.68,4,2,0,1,16,2,2,3,1
KR_8354672628,100,LOSE,989291,16.49,2,6,2,2,14,5,4,1,2
KR_8354672628,200,WIN,989291,16.49,4,4,2,2,18,5,4,2,0
KR_8354633510,100,WIN,1030347,17.17,5,1,1,0,15,4,0,3,2
KR_8354633510,200,LOSE,1030347,17.17,0,5,0,3,15,2,3,0,0
KR_8345442714,100,WIN,863792,14.4,7,0,3,0,12,5,1,1,1
KR_8345442714,200,LOSE,863792,14.4,0,5,0,3,5,1,4,2,0
KR_8349031089,100,LOSE,509413,8.49,0,0,1,1,4,2,0,0,0
KR_8349031089,200,WIN,509413,8.49,0,1,1,0,4,2,1,0,1
KR_8342789107,100,LOSE,1079576,17.99,5,2,0,6,27,9,3,1,1
KR_8342789107,200,WIN,1079576,17.99,5,5,2,5,15,6,3,2,1
KR_8342746292,100,WIN,798789,13.31,1,0,1,0,12,8,1,0,1
KR_8342746292,200,LOSE,798789,13.31,0,3,0,3,18,3,3,3,0
KR_8348225932,100,LOSE,988582,16.48,5,6,5,4,19,5,3,0,0
KR_8348225932,200,WIN,988582,16.48,8,8,1,3,16,5,1,3,2
KR_8348174382,100,LOSE,772160,12.87,2,5,1,7,5,6,0,3,0
KR_8348174382,200,WIN,772160,12.87,8,3,1,2,10,3,1,0,1
KR_8348102915,100,LOSE,712528,11.88,3,5,1,3,6,4,0,2,0
KR_8348102915,200,WIN,712528,11.88,7,2,0,3,6,1,1,1,1
KR_8346073739,100,LOSE,982964,16.38,4,5,1,4,13,10,1,3,0
KR_8346073739,200,WIN,982964,16.38,3,2,2,7,12,9,3,0,2
KR_8346030203,100,WIN,765558,12.76,6,1,0,1,7,2,2,0,1
KR_8346030203,200,LOSE,765558,12.76,1,2,0,3,11,5,3,3,0
KR_8345966340,100,LOSE,800408,13.34,1,1,0,2,6,1,2,0,1
KR_8345966340,200,WIN,800408,13.34,1,1,2,1,9,1,0,3,0
KR_8344296947,100,LOSE,839210,13.99,3,5,1,3,40,2,1,0,0
KR_8344296947,200,WIN,839210,13.99,7,3,0,2,127,3,1,3,2
KR_8344250551,100,LOSE,762037,12.7,5,6,0,1,9,7,1,1,0
KR_8344250551,200,WIN,762037,12.7,5,3,2,3,10,1,2,2,1
KR_8344197339,100,WIN,882464,14.71,5,2,2,0,16,5,0,1,0
KR_8344197339,200,LOSE,882464,14.71,1,5,1,6,17,1,3,2,2
KR_8344145539,100,LOSE,769314,12.82,0,3,0,3,15,1,2,3,0
KR_8344145539,200,WIN,769314,12.82,2,0,0,1,10,7,0,0,1
KR_8344102735,100,LOSE,884382,14.74,1,5,1,4,13,4,3,3,0
KR_8344102735,200,WIN,884382,14.74,9,1,2,4,33,4,1,0,2
KR_8343373298,100,LOSE,796981,13.28,2,4,0,3,17,0,1,2,0
KR_8343373298,200,WIN,796981,13.28,3,1,4,1,11,2,0,1,1
KR_8343301034,100,LOSE,956095,15.93,5,6,3,6,10,3,2,3,0
KR_8343301034,200,WIN,956095,15.93,6,5,2,6,6,4,2,0,1
KR_8343240235,100,LOSE,735412,12.26,3,2,1,5,32,0,0,3,1
KR_8343240235,200,WIN,735412,12.26,4,3,1,1,3,0,0,0,0
KR_8343180162,100,LOSE,816782,13.61,5,4,0,4,21,1,5,0,0
KR_8343180162,200,WIN,816782,13.61,7,2,1,3,5,5,1,3,2
KR_8343106365,100,WIN,823017,13.72,2,2,4,1,12,2,1,0,0
KR_8343106365,200,LOSE,823017,13.72,1,3,2,3,10,3,1,3,0
KR_8343040127,100,LOSE,799741,13.33,6,7,0,5,7,2,3,3,0
KR_8343040127,200,WIN,799741,13.33,6,3,5,4,10,4,1,0,1
KR_8342960123,100,WIN,852845,14.21,1,2,1,3,12,6,5,1,1
KR_8342960123,200,LOSE,852845,14.21,2,2,4,2,6,4,1,2,0
KR_8342881920,100,LOSE,1005225,16.75,4,4,1,2,12,5,2,3,1
KR_8342881920,200,WIN,1005225,16.75,6,5,1,1,15,4,2,0,1
KR_8340410873,100,WIN,805592,13.43,4,0,3,3,5,8,1,0,1
KR_8340410873,200,LOSE,805592,13.43,3,3,0,5,9,3,3,3,1
KR_8340358064,100,LOSE,876827,14.61,2,3,2,8,10,2,3,0,0
KR_8340358064,200,WIN,876827,14.61,8,2,1,4,11,7,1,3,1
KR_8340289722,100,LOSE,857003,14.28,0,7,0,5,12,0,0,0,0
KR_8340289722,200,WIN,857003,14.28,11,0,0,0,9,1,2,3,2
KR_8340206653,100,LOSE,927295,15.45,2,6,0,6,3,3,4,3,0
KR_8340206653,200,WIN,927295,15.45,7,1,1,2,10,8,3,0,2
KR_8340151605,100,WIN,816537,13.61,8,0,1,0,2,2,0,0,1
KR_8340151605,200,LOSE,816537,13.61,0,5,0,5,8,3,2,3,0
KR_8352571368,100,LOSE,882999,14.72,3,7,2,1,12,4,4,0,0
KR_8352571368,200,WIN,882999,14.72,7,4,3,3,16,4,2,3,2
KR_8352507096,100,LOSE,898294,14.97,1,6,1,5,7,0,2,0,0
KR_8352507096,200,WIN,898294,14.97,8,0,1,1,14,7,0,3,2
KR_8352452610,100,WIN,866579,14.44,5,3,2,5,5,3,0,3,1
KR_8352452610,200,LOSE,866579,14.44,3,6,1,3,18,3,1,0,1
KR_8347832160,100,LOSE,878391,14.64,1,2,1,2,14,3,2,3,1
KR_8347832160,200,WIN,878391,14.64,3,3,0,0,8,3,2,0,0
KR_8347796744,100,LOSE,800761,13.35,2,4,1,2,14,1,2,3,0
KR_8347796744,200,WIN,800761,13.35,1,1,1,2,14,6,2,0,0
KR_8345510010,100,LOSE,931837,15.53,1,3,1,4,15,11,1,3,1
KR_8345510010,200,WIN,931837,15.53,6,4,0,4,30,4,1,0,0
KR_8345450785,100,WIN,792490,13.21,1,3,1,5,6,9,3,3,0
KR_8345450785,200,LOSE,792490,13.21,3,4,6,4,7,2,2,0,1
KR_8340857157,100,LOSE,737811,12.3,1,3,0,3,14,1,3,0,0
KR_8340857157,200,WIN,737811,12.3,1,0,1,1,10,7,0,3,1
KR_8340822353,100,WIN,925583,15.43,5,2,2,3,11,2,1,2,2
KR_8340822353,200,LOSE,925583,15.43,0,5,1,3,5,7,2,1,0
KR_8339391670,100,LOSE,1016337,16.94,3,3,2,2,36,4,3,1,1
KR_8339391670,200,WIN,1016337,16.94,2,4,1,3,19,3,0,2,0
KR_8337114718,100,WIN,711119,11.85,0,1,0,3,6,1,2,3,1
KR_8337114718,200,LOSE,711119,11.85,2,0,1,0,34,6,0,0,1
KR_8337105176,100,WIN,935435,15.59,4,3,1,1,21,2,3,3,1
KR_8337105176,200,LOSE,935435,15.59,5,4,0,3,15,0,3,0,0
KR_8353577189,100,LOSE,920053,15.33,0,3,1,2,8,1,1,0,0
KR_8353577189,200,WIN,920053,15.33,2,0,0,0,9,4,3,3,2
KR_8353521463,100,LOSE,803768,13.4,1,3,2,2,6,8,3,3,0
KR_8353521463,200,WIN,803768,13.4,5,2,1,3,17,1,2,0,1
KR_8353491197,100,LOSE,1033325,17.22,1,4,7,4,14,3,2,0,0
KR_8353491197,200,WIN,1033325,17.22,5,4,2,4,18,2,2,3,1
KR_8353382827,100,LOSE,853665,14.23,2,3,0,3,10,2,2,3,0
KR_8353382827,200,WIN,853665,14.23,3,2,0,2,50,5,2,0,2
KR_8353306828,100,LOSE,832199,13.87,2,3,0,3,10,2,1,0,1
KR_8353306828,200,WIN,832199,13.87,4,2,2,1,14,2,2,3,0
KR_8353223972,100,LOSE,1059450,17.66,5,0,4,0,12,5,0,2,2
KR_8353223972,200,WIN,1059450,17.66,1,5,0,3,20,0,3,1,0
KR_8350462779,100,WIN,955231,15.92,4,2,1,2,12,8,2,3,0
KR_8350462779,200,LOSE,955231,15.92,1,4,1,4,14,6,3,0,1
KR_8350426080,100,WIN,1073807,17.9,1,2,0,4,15,2,2,3,1
KR_8350426080,200,LOSE,1073807,17.9,4,2,0,3,12,1,3,0,2
KR_8350352989,100,LOSE,1212957,20.22,3,3,0,1,20,1,2,3,1
KR_8350352989,200,WIN,1212957,20.22,1,2,1,2,10,1,0,0,1
KR_8350320460,100,WIN,953843,15.9,3,4,1,1,10,3,2,3,2
KR_8350320460,200,LOSE,953843,15.9,3,2,0,3,17,5,2,0,0
KR_8347253895,100,WIN,775996,12.93,2,5,5,1,5,7,1,3,1
KR_8347253895,200,LOSE,775996,12.93,6,4,1,4,9,3,3,0,0
KR_8340966617,100,WIN,927515,15.46,3,4,1,5,11,1,3,0,0
KR_8340966617,200,LOSE,927515,15.46,4,3,1,2,10,5,3,3,0
KR_8340011946,100,LOSE,892387,14.87,2,4,4,3,10,3,2,3,0
KR_8340011946,200,WIN,892387,14.87,3,3,1,2,15,5,2,0,1
KR_8354629925,100,LOSE,883259,14.72,2,7,2,2,13,2,2,0,0
KR_8354629925,200,WIN,883259,14.72,6,2,1,1,8,0,4,3,1
KR_8354604650,100,WIN,1032649,17.21,4,1,4,3,18,8,1,2,1
KR_8354604650,200,LOSE,1032649,17.21,3,3,0,3,12,1,2,1,1
KR_8354584528,100,WIN,822781,13.71,2,1,3,2,10,5,0,3,2
KR_8354584528,200,LOSE,822781,13.71,1,4,0,5,7,3,3,0,0
KR_8354560092,100,LOSE,563490,9.39,0,2,2,2,21,5,0,0,0
KR_8354560092,200,WIN,563490,9.39,4,2,0,3,4,0,2,0,0
KR_8354531508,100,WIN,915088,15.25,6,2,1,0,12,4,0,3,1
KR_8354531508,200,LOSE,915088,15.25,2,3,1,3,14,0,2,0,0
KR_8354500115,100,WIN,1012332,16.87,2,4,1,3,15,4,1,1,2
KR_8354500115,200,LOSE,1012332,16.87,3,1,0,4,13,5,1,2,0
KR_8354463238,100,LOSE,1000523,16.68,2,2,4,3,16,11,1,2,1
KR_8354463238,200,WIN,1000523,16.68,1,1,1,6,13,4,5,1,1
KR_8354446048,100,LOSE,910546,15.18,2,2,0,4,11,6,2,3,0
KR_8354446048,200,WIN,910546,15.18,3,5,1,3,8,5,0,0,2
KR_8354422006,100,WIN,833328,13.89,3,0,0,2,15,5,1,0,1
KR_8354422006,200,LOSE,833328,13.89,2,3,1,2,7,4,4,3,0
KR_8354843501,100,LOSE,966636,16.11,3,3,2,2,13,6,2,0,0
KR_8354843501,200,WIN,966636,16.11,4,2,1,4,13,1,6,3,1
KR_8353667594,100,WIN,966916,16.12,3,4,1,5,15,2,3,3,0
KR_8353667594,200,LOSE,966916,16.12,6,2,1,2,16,8,2,0,2
KR_8353588294,100,WIN,882074,14.7,1,5,2,1,11,5,1,3,1
KR_8353588294,200,LOSE,882074,14.7,3,2,1,3,13,1,1,0,1
KR_8353521338,100,LOSE,903378,15.06,3,4,1,1,10,5,2,0,0
KR_8353521338,200,WIN,903378,15.06,4,4,0,2,26,4,2,3,1
KR_8352808129,100,WIN,889559,14.83,6,3,4,3,13,2,2,3,1
KR_8352808129,200,LOSE,889559,14.83,3,5,1,5,13,4,5,0,1
KR_8352733915,100,WIN,1033589,17.23,5,1,0,2,19,9,1,2,1
KR_8352733915,200,LOSE,1033589,17.23,0,3,0,4,15,2,3,1,1
KR_8352616820,100,WIN,1029540,17.16,3,0,1,0,16,6,2,0,2
KR_8352616820,200,LOSE,1029540,17.16,0,2,1,5,12,2,2,3,0
KR_8352542580,100,WIN,957509,15.96,2,1,6,4,17,7,3,2,0
KR_8352542580,200,LOSE,957509,15.96,0,3,1,1,12,10,6,1,2
KR_8351970296,100,LOSE,999417,16.66,2,4,2,3,9,3,4,2,0
KR_8351970296,200,WIN,999417,16.66,3,4,1,2,11,9,3,1,1
KR_8351916001,100,LOSE,711636,11.86,0,0,0,4,4,4,3,1,0
KR_8351916001,200,WIN,711636,11.86,1,1,4,0,12,0,1,2,1
KR_8351861854,100,LOSE,960760,16.01,3,1,2,1,54,6,0,3,1
KR_8351861854,200,WIN,960760,16.01,1,2,1,3,12,2,2,0,1
KR_8351715869,100,WIN,729245,12.15,1,0,2,2,6,6,0,1,1
KR_8351715869,200,LOSE,729245,12.15,1,3,0,2,4,2,1,2,0
KR_8351693690,100,WIN,874637,14.58,3,0,2,1,11,5,1,3,1
KR_8351693690,200,LOSE,874637,14.58,0,1,0,2,20,0,3,0,0
KR_8351681361,100,LOSE,622198,10.37,0,3,0,1,6,5,1,1,0
KR_8351681361,200,WIN,622198,10.37,5,1,0,1,6,1,1,2,1
KR_8350284899,100,LOSE,858006,14.3,2,8,2,4,13,3,2,3,1
KR_8350284899,200,WIN,858006,14.3,11,5,1,3,9,0,3,0,1
KR_8350245927,100,WIN,942889,15.71,1,4,3,4,13,7,1,3,1
KR_8350245927,200,LOSE,942889,15.71,4,3,0,4,12,4,2,0,1
KR_8348158239,100,WIN,918285,15.3,1,1,1,0,30,5,5,0,0
KR_8348158239,200,LOSE,918285,15.3,2,2,1,2,11,2,2,3,1
KR_8348092340,100,LOSE,1011329,16.86,3,3,4,3,13,4,2,0,2
KR_8348092340,200,WIN,1011329,16.86,3,3,0,4,11,2,1,3,0
KR_8348057682,100,WIN,645942,10.77,6,1,1,2,28,5,1,3,1
KR_8348057682,200,LOSE,645942,10.77,2,5,1,5,8,1,2,0,0
KR_8344965387,100,WIN,819336,13.66,0,0,0,1,6,1,0,0,1
KR_8344965387,200,LOSE,819336,13.66,0,0,0,0,16,1,4,3,0
KR_8344902431,100,LOSE,963368,16.06,1,5,0,2,11,3,0,3,2
KR_8344902431,200,WIN,963368,16.06,8,1,0,3,10,3,3,0,0
KR_8344818460,100,WIN,1100713,18.35,5,2,4,2,23,11,3,1,1
KR_8344818460,200,LOSE,1100713,18.35,4,4,1,4,30,4,9,2,1
KR_8347387398,100,LOSE,732027,12.2,1,4,2,4,18,4,1,2,0
KR_8347387398,200,WIN,732027,12.2,2,1,0,4,10,6,2,1,1
KR_8342983099,100,WIN,880253,14.67,8,3,0,0,15,4,0,3,1
KR_8342983099,200,LOSE,880253,14.67,1,6,1,3,13,1,4,0,0
KR_8342914018,100,LOSE,869198,14.49,4,2,1,2,9,3,1,0,0
KR_8342914018,200,WIN,869198,14.49,3,2,0,2,12,2,1,3,2
KR_8342839794,100,WIN,831186,13.85,3,0,1,0,13,3,4,3,1
KR_8342839794,200,LOSE,831186,13.85,0,2,0,1,44,3,2,0,0
KR_8342012927,100,LOSE,674162,11.24,1,0,0,2,8,0,0,2,0
KR_8342012927,200,WIN,674162,11.24,2,0,0,1,8,0,4,1,1
KR_8341955934,100,WIN,1079541,17.99,7,5,3,4,15,5,3,3,2
KR_8341955934,200,LOSE,1079541,17.99,2,8,2,6,16,10,0,0,0
KR_8341908404,100,LOSE,714920,11.92,2,5,3,3,11,3,4,1,0
KR_8341908404,200,WIN,714920,11.92,5,4,0,5,8,1,3,2,1
KR_8338352688,100,WIN,856079,14.27,8,5,5,4,11,1,4,0,2
KR_8338352688,200,LOSE,856079,14.27,6,8,2,6,10,4,2,3,0
KR_8350663329,100,WIN,861750,14.36,5,2,5,1,11,8,2,2,1
KR_8350663329,200,LOSE,861750,14.36,1,5,0,6,12,2,5,1,0
KR_8350619073,100,LOSE,947106,15.79,1,5,0,2,47,7,1,3,0
KR_8350619073,200,WIN,947106,15.79,5,1,2,3,16,0,4,0,2
KR_8350568452,100,LOSE,777340,12.96,0,5,1,5,7,4,2,0,0
KR_8350568452,200,WIN,777340,12.96,4,1,2,0,10,7,2,3,1
KR_8350516854,100,LOSE,1042459,17.37,1,3,1,2,11,5,2,0,2
KR_8350516854,200,WIN,1042459,17.37,2,3,2,1,13,1,4,3,0
KR_8350482405,100,WIN,859842,14.33,4,5,3,4,134,4,1,0,1
KR_8350482405,200,LOSE,859842,14.33,5,1,1,7,10,4,2,3,1
KR_8350420427,100,LOSE,905426,15.09,4,4,0,6,11,1,1,2,1
KR_8350420427,200,WIN,905426,15.09,3,2,3,1,12,4,2,1,1
KR_8350360156,100,LOSE,1003085,16.72,2,0,3,2,55,3,4,2,0
KR_8350360156,200,WIN,1003085,16.72,1,2,3,3,13,4,3,1,2
KR_8349662273,100,LOSE,990668,16.51,4,2,1,4,20,2,6,1,0
KR_8349662273,200,WIN,990668,16.51,1,2,3,5,17,6,4,2,1
KR_8349505566,100,LOSE,791960,13.2,3,2,3,6,11,5,2,0,0
KR_8349505566,200,WIN,791960,13.2,5,5,2,2,12,6,3,3,1
KR_8349378073,100,WIN,878131,14.64,7,1,1,4,12,0,2,0,0
KR_8349378073,200,LOSE,878131,14.64,1,3,3,4,9,1,1,3,2
KR_8349309693,100,WIN,1080143,18.0,2,1,0,2,19,14,5,3,1
KR_8349309693,200,LOSE,1080143,18.0,3,2,1,3,14,1,8,0,1
KR_8349241630,100,LOSE,787869,13.13,0,1,0,3,11,0,3,0,0
KR_8349241630,200,WIN,787869,13.13,2,0,3,0,9,8,0,3,0
KR_8349208221,100,WIN,827066,13.78,0,1,2,3,14,2,1,3,1
KR_8349208221,200,LOSE,827066,13.78,1,1,1,1,39,4,2,0,0
KR_8344199143,100,WIN,1010097,16.83,3,3,1,1,18,7,2,2,1
KR_8344199143,200,LOSE,1010097,16.83,2,2,1,2,15,2,3,1,1
KR_8344130681,100,WIN,981648,16.36,0,6,2,1,17,3,3,3,1
KR_8344130681,200,LOSE,981648,16.36,4,1,1,2,13,4,2,0,0
KR_8344097058,100,WIN,769571,12.83,3,1,0,1,18,1,1,0,1
KR_8344097058,200,LOSE,769571,12.83,3,0,0,3,10,3,1,3,0
KR_8344025979,100,LOSE,927899,15.46,6,3,1,4,11,3,0,0,0
KR_8344025979,200,WIN,927899,15.46,1,3,1,6,20,5,2,3,2
KR_8343539607,100,WIN,737906,12.3,7,2,4,1,7,6,2,3,0
KR_8343539607,200,LOSE,737906,12.3,2,6,0,5,5,2,2,0,0
KR_8343477542,100,WIN,861333,14.36,1,3,1,1,15,7,2,3,2
KR_8343477542,200,LOSE,861333,14.36,4,3,1,0,14,2,5,0,0
KR_8337620193,100,WIN,1039154,17.32,3,1,2,1,16,1,0,0,1
KR_8337620193,200,LOSE,1039154,17.32,1,3,0,2,16,2,2,3,0
KR_8337522370,100,LOSE,692613,11.54,1,3,1,4,9,4,1,3,1
KR_8337522370,200,WIN,692613,11.54,4,2,2,2,3,1,1,0,0
KR_8338725488,100,LOSE,593030,9.88,1,3,0,4,3,3,2,3,0
KR_8338725488,200,WIN,593030,9.88,5,0,3,1,10,2,3,0,1
KR_8338656777,100,LOSE,766915,12.78,3,2,2,6,1,5,2,2,0
KR_8338656777,200,WIN,766915,12.78,3,3,0,5,14,5,2,1,1
KR_8339613210,100,WIN,917982,15.3,4,4,0,4,13,9,1,0,0
KR_8339613210,200,LOSE,917982,15.3,2,3,7,5,13,0,3,3,1
KR_8339570925,100,WIN,738790,12.31,4,4,2,1,8,9,0,0,1
KR_8339570925,200,LOSE,738790,12.31,4,8,0,6,9,1,2,3,0
KR_8339544224,100,LOSE,1254144,20.9,6,5,3,5,46,1,4,3,2
KR_8339544224,200,WIN,1254144,20.9,4,5,4,4,27,6,6,0,0
KR_8348701353,100,LOSE,981831,16.36,1,5,3,4,51,3,4,3,0
KR_8348701353,200,WIN,981831,16.36,9,3,0,2,7,4,1,0,2
KR_8348683953,100,WIN,1133047,18.88,2,4,0,1,13,11,2,0,2
KR_8348683953,200,LOSE,1133047,18.88,6,3,1,6,17,3,10,3,1
KR_8348678555,100,WIN,957052,15.95,5,2,1,4,14,7,2,3,1
KR_8348678555,200,LOSE,957052,15.95,4,3,1,4,10,5,3,0,0
KR_8346943471,100,WIN,798688,13.31,4,2,3,4,12,3,0,2,1
KR_8346943471,200,LOSE,798688,13.31,3,3,2,5,16,1,2,1,0
KR_8346904938,100,LOSE,830143,13.84,0,4,0,2,10,2,1,1,0
KR_8346904938,200,WIN,830143,13.84,4,0,1,0,9,4,1,2,1
KR_8346886374,100,WIN,885061,14.75,3,3,8,3,9,1,1,3,2
KR_8346886374,200,LOSE,885061,14.75,3,4,0,5,14,3,2,0,0
KR_8346840719,100,LOSE,968674,16.14,6,4,6,2,13,2,3,0,2
KR_8346840719,200,WIN,968674,16.14,3,5,2,6,16,10,3,3,0
KR_8346812923,100,WIN,614873,10.25,6,0,1,0,5,3,1,3,1
KR_8346812923,200,LOSE,614873,10.25,0,5,1,3,5,0,2,0,0
KR_8345031054,100,WIN,692067,11.53,5,2,2,2,9,1,1,0,0
KR_8345031054,200,LOSE,692067,11.53,2,2,2,5,10,2,1,3,0
KR_8344939554,100,LOSE,863119,14.39,3,5,2,3,11,5,1,0,1
KR_8344939554,200,WIN,863119,14.39,2,3,2,2,17,6,2,3,1
KR_8344855923,100,WIN,792625,13.21,6,6,8,2,10,6,2,3,0
KR_8344855923,200,LOSE,792625,13.21,3,7,2,8,5,4,3,0,1
KR_8344685845,100,LOSE,1160730,19.35,2,2,1,3,22,5,3,2,0
KR_8344685845,200,WIN,1160730,19.35,3,2,1,3,14,3,1,1,3
KR_8344596622,100,LOSE,892118,14.87,1,7,3,7,16,2,2,3,0
KR_8344596622,200,WIN,892118,14.87,4,3,3,3,16,8,2,0,2
KR_8343010640,100,WIN,1036794,17.28,8,0,2,2,14,2,2,3,2
KR_8343010640,200,LOSE,1036794,17.28,1,5,1,5,15,2,1,0,0
KR_8342950600,100,LOSE,1083491,18.06,1,3,4,0,19,5,3,0,0
KR_8342950600,200,WIN,1083491,18.06,1,5,3,3,13,2,3,3,1
KR_8341269644,100,WIN,836283,13.94,1,2,1,3,17,4,2,3,2
KR_8341269644,200,LOSE,836283,13.94,2,2,0,1,16,3,5,0,0
KR_8348122415,100,WIN,912798,15.21,5,4,8,1,20,7,1,3,1
KR_8348122415,200,LOSE,912798,15.21,3,6,1,8,10,3,4,0,0
KR_8348070171,100,WIN,914827,15.25,5,2,2,2,52,2,0,3,1
KR_8348070171,200,LOSE,914827,15.25,3,3,1,3,10,2,5,0,0
KR_8348037658,100,LOSE,913614,15.23,1,3,0,4,16,1,7,0,0
KR_8348037658,200,WIN,913614,15.23,4,1,3,0,55,7,1,3,2
KR_8348004299,100,LOSE,855126,14.25,3,3,2,6,11,3,3,1,1
KR_8348004299,200,WIN,855126,14.25,6,3,1,3,46,3,4,2,0
KR_8347966645,100,WIN,1030004,17.17,2,5,3,2,23,7,3,0,1
KR_8347966645,200,LOSE,1030004,17.17,5,3,0,3,16,6,4,3,1
KR_8347951159,100,LOSE,791239,13.19,1,6,0,1,20,5,6,1,0
KR_8347951159,200,WIN,791239,13.19,5,2,2,1,11,7,1,2,1
KR_8347910940,100,LOSE,1233347,20.56,6,6,1,7,73,4,5,0,1
KR_8347910940,200,WIN,1233347,20.56,10,2,1,5,20,3,3,3,2
KR_8347880508,100,LOSE,1027958,17.13,0,3,1,5,7,4,1,3,0
KR_8347880508,200,WIN,1027958,17.13,5,1,3,0,18,3,1,0,2
KR_8347863335,100,LOSE,850313,14.17,4,3,3,2,49,3,5,0,0
KR_8347863335,200,WIN,850313,14.17,5,4,1,4,10,4,3,3,1
KR_8347828446,100,LOSE,1306465,21.77,3,4,4,5,13,3,3,0,1
KR_8347828446,200,WIN,1306465,21.77,1,5,5,5,13,8,3,3,2
KR_8347814139,100,WIN,916635,15.28,5,0,1,2,15,6,3,1,1
KR_8347814139,200,LOSE,916635,15.28,0,3,2,6,13,2,3,2,0
KR_8347780429,100,WIN,967542,16.13,3,0,2,1,11,2,2,2,2
KR_8347780429,200,LOSE,967542,16.13,1,3,1,3,12,4,2,1,0
KR_8347737637,100,LOSE,835615,13.93,1,4,1,3,10,2,5,0,0
KR_8347737637,200,WIN,835615,13.93,3,2,3,2,13,4,0,3,2
KR_8347717805,100,LOSE,855683,14.26,1,0,0,3,35,4,1,3,0
KR_8347717805,200,WIN,855683,14.26,2,2,0,3,48,3,1,0,1
KR_8353561415,100,WIN,918793,15.31,2,1,1,0,14,2,1,2,1
KR_8353561415,200,LOSE,918793,15.31,0,1,0,2,15,1,2,1,0
KR_8352615648,100,WIN,937969,15.63,5,2,0,3,12,2,2,3,1
KR_8352615648,200,LOSE,937969,15.63,2,2,1,4,12,6,3,0,1
KR_8352546704,100,WIN,979240,16.32,6,5,1,2,15,3,0,3,1
KR_8352546704,200,LOSE,979240,16.32,3,3,0,2,18,6,3,0,1
KR_8351435782,100,WIN,494521,8.24,3,0,2,0,1,0,1,0,0
KR_8351435782,200,LOSE,494521,8.24,0,3,4,2,3,0,2,0,0
KR_8349482159,100,WIN,819916,13.67,4,0,3,0,8,1,1,3,1
KR_8349482159,200,LOSE,819916,13.67,0,3,0,2,7,2,4,0,0
KR_8347073683,100,LOSE,792732,13.21,0,1,0,2,3,0,1,3,0
KR_8347073683,200,WIN,792732,13.21,2,0,0,0,7,3,0,0,1
KR_8347020364,100,LOSE,1256482,20.94,5,2,0,1,29,1,5,0,0
KR_8347020364,200,WIN,1256482,20.94,2,2,1,3,20,4,3,3,3
KR_8341698968,100,WIN,600370,10.01,8,0,0,3,7,1,1,3,0
KR_8341698968,200,LOSE,600370,10.01,2,4,1,4,6,0,2,0,1
KR_8350382935,100,LOSE,911697,15.19,0,5,1,5,10,0,0,2,0
KR_8350382935,200,WIN,911697,15.19,5,1,0,0,15,8,1,1,2
KR_8345117857,100,WIN,938534,15.64,1,2,5,1,13,15,1,0,1
KR_8345117857,200,LOSE,938534,15.64,1,3,2,5,18,2,6,3,1
KR_8345076394,100,WIN,885043,14.75,4,2,0,0,16,4,2,0,1
KR_8345076394,200,LOSE,885043,14.75,1,3,0,4,12,3,1,3,0
KR_8345014707,100,LOSE,679562,11.33,2,4,1,4,7,0,2,3,0
KR_8345014707,200,WIN,679562,11.33,4,2,1,1,5,7,1,0,1
KR_8344973694,100,WIN,821332,13.69,1,3,0,4,42,1,1,1,0
KR_8344973694,200,LOSE,821332,13.69,7,1,1,2,6,4,0,2,1
KR_8338903268,100,WIN,798875,13.31,7,3,1,4,7,2,2,0,1
KR_8338903268,200,LOSE,798875,13.31,3,10,4,3,10,4,3,3,0
KR_8338847718,100,WIN,775018,12.92,5,1,3,2,12,2,3,3,0
KR_8338847718,200,LOSE,775018,12.92,1,6,0,4,15,3,2,0,1
KR_8338785478,100,LOSE,921611,15.36,8,7,3,4,10,5,2,3,0
KR_8338785478,200,WIN,921611,15.36,5,8,4,7,17,2,6,0,1
KR_8350074316,100,WIN,712495,11.87,3,1,0,2,4,3,0,3,0
KR_8350074316,200,LOSE,712495,11.87,2,0,0,4,6,1,2,0,1
KR_8350055280,100,LOSE,776101,12.94,0,3,1,2,8,0,1,0,0
KR_8350055280,200,WIN,776101,12.94,4,0,1,1,10,1,0,3,2
KR_8350036099,100,LOSE,814172,13.57,2,2,0,1,7,0,5,1,0
KR_8350036099,200,WIN,814172,13.57,3,0,3,2,12,5,0,2,1
KR_8344366172,100,WIN,824606,13.74,2,2,1,1,10,1,2,0,0
KR_8344366172,200,LOSE,824606,13.74,1,1,2,3,14,0,0,3,1
KR_8344302121,100,WIN,769917,12.83,1,0,4,2,9,3,1,3,1
KR_8344302121,200,LOSE,769917,12.83,1,3,0,2,38,1,1,0,1
KR_8342274640,100,WIN,909835,15.16,1,1,3,2,17,2,4,2,2
KR_8342274640,200,LOSE,909835,15.16,1,2,2,4,18,5,4,1,0
KR_8342266514,100,LOSE,707644,11.79,2,2,0,4,10,3,2,0,0
KR_8342266514,200,WIN,707644,11.79,2,1,3,1,6,0,2,3,2
KR_8342249646,100,WIN,826089,13.77,4,1,3,5,14,4,2,3,0
KR_8342249646,200,LOSE,826089,13.77,1,3,0,4,11,2,2,0,2
KR_8340755810,100,WIN,768205,12.8,6,2,2,0,13,5,3,1,1
KR_8340755810,200,LOSE,768205,12.8,0,4,3,6,11,1,4,2,0
KR_8337375406,100,WIN,880717,14.68,8,0,0,1,21,12,1,3,2
KR_8337375406,200,LOSE,880717,14.68,1,6,0,5,9,4,5,0,0
KR_8340124630,100,LOSE,810053,13.5,0,2,0,2,3,1,2,2,0
KR_8340124630,200,WIN,810053,13.5,2,1,1,1,9,4,1,1,1
KR_8339172990,100,WIN,867758,14.46,4,0,0,3,59,7,1,3,1
KR_8339172990,200,LOSE,867758,14.46,1,4,2,5,9,2,4,0,0
KR_8349127040,100,WIN,1016688,16.94,5,2,3,3,10,3,1,3,1
KR_8349127040,200,LOSE,1016688,16.94,1,4,1,2,12,5,5,0,0
KR_8348339810,100,LOSE,781656,13.03,1,2,1,3,11,4,3,3,0
KR_8348339810,200,WIN,781656,13.03,6,1,0,2,6,0,3,0,1
KR_8343607151,100,LOSE,673399,11.22,4,3,0,3,5,5,2,3,0
KR_8343607151,200,WIN,673399,11.22,5,3,0,3,9,2,2,0,1
KR_8354610773,100,LOSE,867968,14.47,1,3,2,5,8,9,1,3,1
KR_8354610773,200,WIN,867968,14.47,4,2,0,6,11,6,4,0,0
KR_8341102190,100,LOSE,862336,14.37,2,4,0,4,8,3,4,0,1
KR_8341102190,200,WIN,862336,14.37,7,2,2,2,6,4,3,3,0
KR_8341060717,100,LOSE,718477,11.97,0,2,0,4,9,2,0,3,0
KR_8341060717,200,WIN,718477,11.97,3,0,2,0,8,3,1,0,1
KR_8340818881,100,LOSE,1027272,17.12,0,3,5,0,33,2,4,0,1
KR_8340818881,200,WIN,1027272,17.12,4,3,0,3,15,1,4,3,1
KR_8340800510,100,WIN,705649,11.76,5,1,1,1,9,0,4,2,0
KR_8340800510,200,LOSE,705649,11.76,0,7,2,0,11,5,1,1,0
KR_8340689304,100,WIN,929894,15.5,2,6,6,6,16,0,3,3,1
KR_8340689304,200,LOSE,929894,15.5,6,3,7,3,12,3,2,0,1
KR_8340659992,100,LOSE,1085382,18.09,3,1,0,2,18,3,3,1,0
KR_8340659992,200,WIN,1085382,18.09,2,2,0,2,17,2,2,2,2
KR_8340653867,100,LOSE,768739,12.81,1,0,1,3,15,6,4,3,1
KR_8340653867,200,WIN,768739,12.81,1,0,2,2,6,6,3,0,0
KR_8340653291,100,LOSE,651350,10.86,2,2,0,4,4,6,2,0,0
KR_8340653291,200,WIN,651350,10.86,0,4,3,1,2,6,0,3,1
KR_8353503453,100,LOSE,828637,13.81,3,3,0,7,8,5,1,0,1
KR_8353503453,200,WIN,828637,13.81,8,4,0,4,10,3,0,3,0
KR_8352768449,100,WIN,685368,11.42,6,1,3,2,8,2,1,3,1
KR_8352768449,200,LOSE,685368,11.42,0,4,0,6,6,2,2,0,0
KR_8352712297,100,LOSE,909646,15.16,1,3,1,5,10,4,1,1,0
KR_8352712297,200,WIN,909646,15.16,5,0,1,2,10,3,3,2,1
KR_8352679010,100,WIN,757845,12.63,6,0,5,1,13,1,0,0,1
KR_8352679010,200,LOSE,757845,12.63,0,7,0,5,11,1,5,3,0
KR_8352292501,100,WIN,596203,9.94,1,2,1,1,4,2,0,3,0
KR_8352292501,200,LOSE,596203,9.94,2,2,1,0,4,0,1,0,0
KR_8352201583,100,WIN,795190,13.25,3,0,1,2,12,6,1,3,1
KR_8352201583,200,LOSE,795190,13.25,1,2,1,3,9,4,2,0,0
KR_8353572104,100,LOSE,945660,15.76,4,1,0,5,12,3,6,3,1
KR_8353572104,200,WIN,945660,15.76,2,3,2,2,15,5,3,0,1
KR_8348260990,100,LOSE,816681,13.61,6,4,2,3,11,0,4,1,0
KR_8348260990,200,WIN,816681,13.61,1,3,3,4,7,6,1,2,2
KR_8348220184,100,LOSE,850360,14.17,7,2,1,1,42,1,2,0,0
KR_8348220184,200,WIN,850360,14.17,1,5,1,3,14,2,0,3,2
KR_8348144252,100,WIN,866064,14.43,1,3,0,4,16,5,1,3,0
KR_8348144252,200,LOSE,866064,14.43,4,3,2,2,15,1,1,0,2
KR_8348085536,100,LOSE,804959,13.42,5,4,5,3,6,3,0,2,1
KR_8348085536,200,WIN,804959,13.42,4,5,0,4,8,2,2,1,0
KR_8347925424,100,LOSE,854464,14.24,4,4,2,4,47,2,2,0,0
KR_8347925424,200,WIN,854464,14.24,2,3,1,2,15,6,4,3,1
KR_8345160260,100,WIN,824303,13.74,4,2,2,1,7,1,2,1,1
KR_8345160260,200,LOSE,824303,13.74,2,5,0,1,17,2,2,2,1
KR_8340310563,100,LOSE,741254,12.35,0,5,0,4,20,0,3,1,0
KR_8340310563,200,WIN,741254,12.35,5,0,2,1,11,7,1,2,1
KR_8352096251,100,WIN,729248,12.15,5,2,1,2,9,1,1,3,1
KR_8352096251,200,LOSE,729248,12.15,2,2,2,1,22,1,3,0,0
KR_8354748242,100,LOSE,1105343,18.42,2,3,0,3,13,4,1,0,0
KR_8354748242,200,WIN,1105343,18.42,6,0,0,2,20,4,3,3,1
KR_8354706346,100,LOSE,847256,14.12,1,4,1,1,5,5,3,1,0
KR_8354706346,200,WIN,847256,14.12,4,1,0,4,8,6,1,2,2
KR_8354604928,100,WIN,855122,14.25,1,6,3,5,10,1,4,3,0
KR_8354604928,200,LOSE,855122,14.25,5,3,4,1,9,4,2,0,2
KR_8353285251,100,WIN,935418,15.59,3,6,0,5,13,2,2,3,1
KR_8353285251,200,LOSE,935418,15.59,2,2,3,2,13,6,2,0,1
KR_8353266263,100,WIN,795999,13.27,3,3,3,4,4,2,2,3,0
KR_8353266263,200,LOSE,795999,13.27,7,2,1,5,11,2,2,0,1
KR_8351293889,100,LOSE,906050,15.1,1,4,1,3,9,4,0,1,2
KR_8351293889,200,WIN,906050,15.1,2,3,2,3,12,5,4,2,0
KR_8351216245,100,WIN,779846,13.0,3,2,0,3,13,3,0,3,2
KR_8351216245,200,LOSE,779846,13.0,2,1,1,2,41,3,2,0,0
KR_8348672164,100,LOSE,827500,13.79,5,5,2,6,9,0,3,0,0
KR_8348672164,200,WIN,827500,13.79,4,5,8,2,11,2,0,3,0
KR_8342785283,100,WIN,840259,14.0,1,1,1,2,15,3,1,3,0
KR_8342785283,200,LOSE,840259,14.0,2,1,0,2,16,1,4,0,1
KR_8340070069,100,WIN,732700,12.21,8,2,1,1,11,6,1,3,0
KR_8340070069,200,LOSE,732700,12.21,3,5,0,6,12,1,4,0,0
KR_8339988632,100,WIN,869708,14.5,2,1,2,1,12,3,0,0,1
KR_8339988632,200,LOSE,869708,14.5,1,4,1,2,45,1,0,3,0
KR_8339836454,100,WIN,1007034,16.78,2,3,1,5,13,7,5,0,0
KR_8339836454,200,LOSE,1007034,16.78,6,2,2,3,22,3,2,3,2
KR_8348093104,100,LOSE,864780,14.41,2,2,1,2,15,3,2,3,0
KR_8348093104,200,WIN,864780,14.41,2,0,2,5,13,1,2,0,1
KR_8346623665,100,WIN,830405,13.84,9,1,1,1,13,1,3,0,1
KR_8346623665,200,LOSE,830405,13.84,3,5,1,3,14,5,2,3,0
KR_8346614252,100,LOSE,992113,16.54,3,4,5,3,17,7,2,3,2
KR_8346614252,200,WIN,992113,16.54,7,6,2,3,50,2,6,0,0
KR_8346594325,100,WIN,1107146,18.45,7,4,0,3,16,3,3,3,2
KR_8346594325,200,LOSE,1107146,18.45,4,4,3,4,24,4,3,0,1
KR_8346551157,100,WIN,1009322,16.82,4,2,1,2,37,3,3,1,1
KR_8346551157,200,LOSE,1009322,16.82,1,3,1,3,12,5,1,2,1
KR_8346536603,100,WIN,880628,14.68,7,5,0,5,12,2,5,1,1
KR_8346536603,200,LOSE,880628,14.68,3,5,3,6,17,8,2,2,1
KR_8348717412,100,LOSE,929921,15.5,5,5,5,3,24,2,2,2,1
KR_8348717412,200,WIN,929921,15.5,8,6,1,4,10,2,2,1,0
KR_8345555323,100,WIN,764043,12.73,8,1,1,3,10,3,0,3,1
KR_8345555323,200,LOSE,764043,12.73,1,5,0,4,4,2,4,0,0
KR_8345533723,100,WIN,883643,14.73,5,4,4,3,14,0,2,3,0
KR_8345533723,200,LOSE,883643,14.73,2,4,4,4,11,2,2,0,1
KR_8342317858,100,LOSE,896620,14.94,4,3,0,1,9,0,3,0,0
KR_8342317858,200,WIN,896620,14.94,0,1,2,3,10,6,1,3,1
KR_8345403398,100,WIN,707186,11.79,4,1,1,4,7,0,1,3,0
KR_8345403398,200,LOSE,707186,11.79,1,4,2,0,10,1,1,0,1
KR_8341528259,100,WIN,976912,16.28,4,2,0,3,20,4,5,1,1
KR_8341528259,200,LOSE,976912,16.28,4,1,0,3,19,6,3,2,1
KR_8340157863,100,LOSE,963528,16.06,2,2,2,6,10,2,4,3,0
KR_8340157863,200,WIN,963528,16.06,3,6,3,1,19,9,3,0,1
KR_8337707210,100,WIN,908041,15.13,7,1,1,3,11,7,3,0,0
KR_8337707210,200,LOSE,908041,15.13,0,6,3,7,17,3,1,3,1
KR_8339818723,100,LOSE,913664,15.23,6,4,2,2,14,3,3,0,1
KR_8339818723,200,WIN,913664,15.23,3,3,4,5,15,2,2,3,1
KR_8339626225,100,WIN,820116,13.67,2,3,3,1,10,3,0,3,0
KR_8339626225,200,LOSE,820116,13.67,2,2,2,3,9,1,2,0,1
KR_8354176601,100,LOSE,1083455,18.06,3,4,0,2,21,0,1,0,2
KR_8354176601,200,WIN,1083455,18.06,2,4,3,0,19,4,1,3,0
KR_8354176097,100,LOSE,804352,13.41,2,7,2,4,12,8,1,1,0
KR_8354176097,200,WIN,804352,13.41,7,1,3,5,13,2,1,2,1
KR_8354163504,100,LOSE,984407,16.41,3,2,2,7,12,1,1,2,0
KR_8354163504,200,WIN,984407,16.41,7,5,0,0,12,5,2,1,2
KR_8354158472,100,WIN,652217,10.87,8,1,1,4,8,0,0,3,1
KR_8354158472,200,LOSE,652217,10.87,2,4,3,3,7,1,2,0,0
KR_8354149373,100,WIN,895723,14.93,1,3,3,3,22,4,1,3,0
KR_8354149373,200,LOSE,895723,14.93,1,2,0,4,12,6,2,0,1
KR_8354127578,100,LOSE,882672,14.71,4,3,0,0,12,1,4,0,0
KR_8354127578,200,WIN,882672,14.71,1,3,1,2,14,4,0,3,2
KR_8354119334,100,WIN,886955,14.78,7,3,1,5,8,9,4,3,1
KR_8354119334,200,LOSE,886955,14.78,6,7,1,4,15,6,3,0,1
KR_8354111041,100,WIN,883371,14.72,3,1,0,4,13,5,4,0,0
KR_8354111041,200,LOSE,883371,14.72,5,1,1,4,17,4,2,3,1
KR_8354085634,100,WIN,885504,14.76,2,3,1,2,15,2,2,0,0
KR_8354085634,200,LOSE,885504,14.76,1,3,3,0,18,4,1,3,2
KR_8354078170,100,LOSE,708468,11.81,2,6,0,4,9,0,2,0,0
KR_8354078170,200,WIN,708468,11.81,2,2,4,0,6,4,0,3,0
KR_8354055130,100,WIN,865240,14.42,1,5,1,6,13,7,0,1,2
KR_8354055130,200,LOSE,865240,14.42,6,2,1,3,12,3,3,2,0
KR_8354017288,100,LOSE,620473,10.34,0,3,0,2,4,2,0,3,0
KR_8354017288,200,WIN,620473,10.34,5,0,0,0,6,0,1,0,1
KR_8353969673,100,WIN,1034218,17.24,7,8,0,3,16,7,1,0,2
KR_8353969673,200,LOSE,1034218,17.24,8,7,0,4,23,1,4,3,0
KR_8349979148,100,LOSE,822567,13.71,4,5,0,5,8,8,0,3,0
KR_8349979148,200,WIN,822567,13.71,5,3,1,5,10,4,1,0,2
KR_8349956788,100,LOSE,974780,16.25,0,3,0,3,14,1,1,3,1
KR_8349956788,200,WIN,974780,16.25,4,0,3,1,157,4,2,0,1
KR_8349949817,100,WIN,894369,14.91,3,4,0,2,14,5,3,3,0
KR_8349949817,200,LOSE,894369,14.91,5,4,1,3,11,0,2,0,0
KR_8349949348,100,WIN,1019671,16.99,5,3,1,3,20,7,1,0,1
KR_8349949348,200,LOSE,1019671,16.99,3,4,0,5,19,4,0,3,1
KR_8349923950,100,WIN,779278,12.99,6,1,0,3,9,7,1,0,0
KR_8349923950,200,LOSE,779278,12.99,4,5,0,3,9,0,3,3,1
KR_8349913801,100,LOSE,927284,15.45,1,6,1,4,10,3,2,3,0
KR_8349913801,200,WIN,927284,15.45,7,1,3,1,17,4,4,0,1
KR_8349907192,100,WIN,954863,15.91,5,1,0,2,11,8,1,2,1
KR_8349907192,200,LOSE,954863,15.91,2,3,0,4,12,3,6,1,0
KR_8349878462,100,LOSE,920450,15.34,4,4,0,5,8,5,2,0,1
KR_8349878462,200,WIN,920450,15.34,4,5,0,3,13,6,0,3,1
KR_8349842797,100,WIN,795589,13.26,6,1,0,2,11,6,2,0,0
KR_8349842797,200,LOSE,795589,13.26,1,7,0,3,26,6,3,3,1
KR_8338659620,100,WIN,1008767,16.81,2,3,2,4,15,3,1,0,0
KR_8338659620,200,LOSE,1008767,16.81,2,2,1,5,19,6,3,3,1
KR_8350780404,100,WIN,1066525,17.78,2,2,1,2,19,4,0,0,0
KR_8350780404,200,LOSE,1066525,17.78,1,2,0,0,35,3,3,3,1
KR_8350727257,100,WIN,996863,16.61,2,3,2,4,13,6,0,3,0
KR_8350727257,200,LOSE,996863,16.61,2,3,2,5,19,1,3,0,0
KR_8350687735,100,WIN,763133,12.72,5,0,2,0,6,1,2,3,1
KR_8350687735,200,LOSE,763133,12.72,0,4,1,4,11,3,0,0,0
KR_8352299624,100,LOSE,927963,15.47,0,2,1,4,12,3,5,2,0
KR_8352299624,200,WIN,927963,15.47,2,1,1,0,11,7,1,1,2
KR_8352264377,100,LOSE,904076,15.07,3,5,4,4,12,6,3,3,0
KR_8352264377,200,WIN,904076,15.07,1,5,6,1,16,1,3,0,1
KR_8352203755,100,WIN,946763,15.78,11,1,1,2,12,2,8,1,0
KR_8352203755,200,LOSE,946763,15.78,2,6,1,7,11,7,3,2,2
KR_8352178103,100,WIN,884719,14.75,5,0,0,6,9,3,2,3,1
KR_8352178103,200,LOSE,884719,14.75,0,5,3,2,14,3,4,0,0
KR_8352106952,100,LOSE,783918,13.07,2,2,2,3,9,1,4,0,0
KR_8352106952,200,WIN,783918,13.07,3,1,0,2,6,4,1,3,1
KR_8352066404,100,WIN,725934,12.1,4,0,2,1,5,2,4,0,0
KR_8352066404,200,LOSE,725934,12.1,0,4,0,4,3,6,1,3,1
KR_8352023477,100,LOSE,949378,15.82,1,5,1,5,8,7,2,0,1
KR_8352023477,200,WIN,949378,15.82,8,1,0,3,9,3,2,3,1
KR_8351982890,100,WIN,779515,12.99,11,0,2,1,8,5,1,3,1
KR_8351982890,200,LOSE,779515,12.99,0,7,1,7,8,2,3,0,0
KR_8351939150,100,WIN,824020,13.73,2,0,4,1,9,3,0,2,2
KR_8351939150,200,LOSE,824020,13.73,0,5,0,1,7,2,3,1,0
KR_8350694357,100,LOSE,934178,15.57,0,9,0,2,12,9,4,3,1
KR_8350694357,200,WIN,934178,15.57,8,1,3,1,8,7,4,0,1
KR_8350635738,100,LOSE,782894,13.05,2,3,1,2,122,3,2,0,0
KR_8350635738,200,WIN,782894,13.05,2,0,1,1,7,4,1,3,1
KR_8350520815,100,LOSE,909706,15.16,6,4,3,3,9,1,1,2,1
KR_8350520815,200,WIN,909706,15.16,6,3,0,5,10,3,2,1,1
KR_8350484985,100,LOSE,892851,14.88,1,4,1,5,16,8,4,0,1
KR_8350484985,200,WIN,892851,14.88,10,1,2,5,10,3,3,3,1
KR_8350442457,100,WIN,793826,13.23,3,1,2,4,6,6,0,0,1
KR_8350442457,200,LOSE,793826,13.23,3,4,1,4,10,2,2,3,0
KR_8350385021,100,LOSE,1008209,16.8,3,1,0,3,10,1,1,0,1
KR_8350385021,200,WIN,1008209,16.8,3,0,0,1,15,2,4,3,1
KR_8349697475,100,WIN,958926,15.98,4,0,1,1,10,6,3,0,0
KR_8349697475,200,LOSE,958926,15.98,1,4,0,3,10,3,2,3,1
KR_8349636158,100,LOSE,844382,14.07,4,5,1,4,5,2,3,0,1
KR_8349636158,200,WIN,844382,14.07,5,3,2,2,9,5,0,3,1
KR_8349569828,100,WIN,1063219,17.72,6,4,1,3,14,5,2,0,2
KR_8349569828,200,LOSE,1063219,17.72,1,6,4,3,14,4,3,3,0
KR_8349508178,100,LOSE,1064426,17.74,6,5,0,3,13,4,2,2,0
KR_8349508178,200,WIN,1064426,17.74,4,4,3,3,14,3,0,1,2
KR_8349434467,100,LOSE,1118741,18.65,1,5,2,3,14,8,0,3,0
KR_8349434467,200,WIN,1118741,18.65,3,4,2,3,15,5,1,0,3
KR_8349346653,100,WIN,886574,14.78,7,3,2,3,10,0,1,3,2
KR_8349346653,200,LOSE,886574,14.78,0,5,4,4,12,2,2,0,0
KR_8349287539,100,LOSE,1211418,20.19,6,0,2,1,23,5,2,0,2
KR_8349287539,200,WIN,1211418,20.19,1,4,1,4,25,2,5,3,1
KR_8345001362,100,WIN,849616,14.16,6,1,0,0,13,6,1,3,2
KR_8345001362,200,LOSE,849616,14.16,0,3,0,3,11,4,3,0,0
KR_8344921267,100,WIN,1035597,17.26,4,4,1,2,18,8,4,3,1
KR_8344921267,200,LOSE,1035597,17.26,4,2,3,2,14,4,5,0,0
KR_8352341373,100,WIN,911052,15.18,6,2,2,3,13,4,4,1,1
KR_8352341373,200,LOSE,911052,15.18,4,3,0,8,19,6,3,2,0
KR_8344539086,100,WIN,889172,14.82,7,3,2,3,10,2,1,3,0
KR_8344539086,200,LOSE,889172,14.82,2,3,1,5,13,7,2,0,1
KR_8352046066,100,WIN,771236,12.85,6,1,1,1,6,2,0,0,1
KR_8352046066,200,LOSE,771236,12.85,1,2,0,6,7,1,1,3,0
KR_8342627481,100,LOSE,505938,8.43,0,1,0,1,4,3,0,0,0
KR_8342627481,200,WIN,505938,8.43,0,0,1,0,6,1,0,0,1
KR_8345026064,100,WIN,971057,16.18,1,4,2,3,16,13,4,2,2
KR_8345026064,200,LOSE,971057,16.18,6,1,2,3,4,6,6,1,0
KR_8344937966,100,WIN,708491,11.81,11,0,0,0,6,1,5,0,0
KR_8344937966,200,LOSE,708491,11.81,1,8,0,2,37,3,2,3,0
KR_8344909373,100,LOSE,863298,14.39,2,8,1,5,10,3,3,0,0
KR_8344909373,200,WIN,863298,14.39,9,2,2,3,14,4,2,3,1
KR_8344842066,100,WIN,855234,14.25,1,2,1,2,13,7,0,3,1
KR_8344842066,200,LOSE,855234,14.25,2,3,1,4,17,1,2,0,0
KR_8344750901,100,LOSE,905215,15.09,1,3,0,3,51,4,1,3,0
KR_8344750901,200,WIN,905215,15.09,2,1,3,0,9,2,2,0,2
KR_8344689518,100,WIN,860299,14.34,2,4,1,3,14,2,3,3,0
KR_8344689518,200,LOSE,860299,14.34,2,3,3,1,8,5,1,0,1
KR_8339628481,100,LOSE,868145,14.47,0,3,0,2,10,4,1,2,0
KR_8339628481,200,WIN,868145,14.47,3,1,2,1,13,1,2,1,2
KR_8354030166,100,WIN,805568,13.43,9,2,1,3,7,5,1,1,2
KR_8354030166,200,LOSE,805568,13.43,3,6,3,6,10,1,2,2,0
KR_8353976682,100,WIN,722517,12.04,5,1,0,1,9,6,0,3,0
KR_8353976682,200,LOSE,722517,12.04,2,3,0,5,11,1,4,0,1
KR_8353921374,100,LOSE,955189,15.92,0,1,1,0,14,3,2,0,1
KR_8353921374,200,WIN,955189,15.92,1,1,0,0,12,4,0,3,1
KR_8353845636,100,WIN,995447,16.59,2,1,0,3,14,6,2,3,0
KR_8353845636,200,LOSE,995447,16.59,1,4,1,3,147,2,3,0,1
KR_8342464121,100,LOSE,765022,12.75,1,5,1,1,8,3,0,1,0
KR_8342464121,200,WIN,765022,12.75,6,2,0,2,13,0,0,2,2
KR_8347358216,100,WIN,890008,14.83,5,4,2,3,46,0,3,0,2
KR_8347358216,200,LOSE,890008,14.83,2,5,1,4,21,5,1,3,0
KR_8349052773,100,WIN,796563,13.28,2,3,3,0,11,1,1,2,0
KR_8349052773,200,LOSE,796563,13.28,2,3,1,3,4,3,1,1,0
KR_8349013360,100,WIN,743824,12.4,3,3,0,1,5,1,0,3,0
KR_8349013360,200,LOSE,743824,12.4,1,2,1,2,9,1,2,0,1
KR_8347872557,100,WIN,825055,13.75,5,2,1,2,7,4,3,3,1
KR_8347872557,200,LOSE,825055,13.75,1,4,1,4,10,6,3,0,0
KR_8347840683,100,WIN,992522,16.54,2,1,3,3,59,1,2,3,0
KR_8347840683,200,LOSE,992522,16.54,1,1,4,3,12,1,4,0,2
KR_8347826117,100,WIN,698589,11.64,2,2,0,2,7,5,3,3,0
KR_8347826117,200,LOSE,698589,11.64,4,0,1,1,11,3,3,0,1
KR_8347811129,100,WIN,791712,13.2,5,2,5,2,10,2,0,3,0
KR_8347811129,200,LOSE,791712,13.2,1,3,1,4,8,2,1,0,1
KR_8347730104,100,WIN,820565,13.68,5,2,2,1,9,3,2,0,1
KR_8347730104,200,LOSE,820565,13.68,1,5,0,2,16,2,2,3,1
KR_8347674905,100,LOSE,1157183,19.29,7,2,0,7,14,4,3,3,0
KR_8347674905,200,WIN,1157183,19.29,5,2,2,4,19,4,5,0,2
KR_8342853212,100,WIN,1035961,17.27,2,1,0,2,15,3,2,3,0
KR_8342853212,200,LOSE,1035961,17.27,0,1,0,0,16,4,2,0,2
KR_8342662740,100,LOSE,1042102,17.37,1,6,3,3,17,7,2,1,1
KR_8342662740,200,WIN,1042102,17.37,6,3,0,7,19,6,2,2,1
KR_8342605910,100,WIN,1035391,17.26,9,3,1,5,11,7,0,0,2
KR_8342605910,200,LOSE,1035391,17.26,3,5,1,6,16,10,1,3,0
KR_8342446411,100,WIN,959949,16.0,0,2,1,1,15,5,3,3,1
KR_8342446411,200,LOSE,959949,16.0,0,1,0,1,12,5,1,0,1
KR_8342422228,100,LOSE,911051,15.18,1,2,1,3,7,8,3,0,1
KR_8342422228,200,WIN,911051,15.18,3,3,2,5,12,6,4,3,0
KR_8342387060,100,LOSE,954706,15.91,0,3,3,4,13,2,4,0,0
KR_8342387060,200,WIN,954706,15.91,1,1,3,3,16,2,3,3,2
KR_8342334231,100,WIN,1103376,18.39,4,2,3,0,21,4,1,2,2
KR_8342334231,200,LOSE,1103376,18.39,0,4,1,3,20,1,5,1,0
KR_8345822850,100,LOSE,769046,12.82,0,3,2,3,7,2,2,1,0
KR_8345822850,200,WIN,769046,12.82,2,1,5,0,10,0,2,2,1
KR_8354951360,100,LOSE,972271,16.2,6,4,0,6,7,5,5,0,1
KR_8354951360,200,WIN,972271,16.2,7,3,4,6,6,3,2,3,0
KR_8354719284,100,LOSE,696707,11.61,1,1,0,2,5,6,2,0,1
KR_8354719284,200,WIN,696707,11.61,1,2,0,1,8,6,3,3,0
KR_8353587537,100,WIN,759301,12.66,14,3,2,4,9,1,2,0,1
KR_8353587537,200,LOSE,759301,12.66,4,7,3,8,4,4,2,3,0
KR_8352662750,100,WIN,912672,15.21,1,3,0,1,23,4,1,3,1
KR_8352662750,200,LOSE,912672,15.21,4,1,0,2,11,4,3,0,1
KR_8346335857,100,LOSE,833194,13.89,0,4,2,3,11,3,1,0,0
KR_8346335857,200,WIN,833194,13.89,1,0,1,2,12,4,0,3,2
KR_8346310566,100,LOSE,939113,15.65,1,4,0,5,12,0,3,0,0
KR_8346310566,200,WIN,939113,15.65,5,1,1,1,12,6,1,3,1
KR_8346268443,100,LOSE,941372,15.69,4,4,1,4,12,8,3,3,1
KR_8346268443,200,WIN,941372,15.69,7,4,2,3,8,2,4,0,1
KR_8346201856,100,LOSE,988010,16.47,1,3,1,6,11,4,3,2,0
KR_8346201856,200,WIN,988010,16.47,1,0,1,2,13,7,2,1,2
KR_8346147530,100,LOSE,886281,14.77,1,2,1,6,10,5,4,3,0
KR_8346147530,200,WIN,886281,14.77,3,2,5,3,13,5,3,0,1
KR_8344705367,100,WIN,1003417,16.72,3,5,9,3,17,1,2,0,2
KR_8344705367,200,LOSE,1003417,16.72,6,6,1,6,22,6,0,3,0
KR_8350036485,100,LOSE,650013,10.83,2,3,0,5,3,3,1,0,0
KR_8350036485,200,WIN,650013,10.83,3,1,3,2,8,0,1,3,1
KR_8350016567,100,WIN,1002744,16.71,8,3,0,4,14,6,1,0,0
KR_8350016567,200,LOSE,1002744,16.71,4,5,1,6,12,4,2,3,1
KR_8349996744,100,WIN,822013,13.7,2,2,3,3,11,6,1,1,1
KR_8349996744,200,LOSE,822013,13.7,4,3,0,3,14,3,3,2,0
KR_8349994386,100,LOSE,936598,15.61,5,1,3,3,10,6,1,3,2
KR_8349994386,200,WIN,936598,15.61,3,5,1,6,13,1,3,0,0
KR_8346180565,100,WIN,831369,13.86,1,1,0,5,14,9,2,3,0
KR_8346180565,200,LOSE,831369,13.86,4,3,2,3,5,2,4,0,0
KR_8346079869,100,LOSE,913038,15.22,1,5,1,5,12,4,3,3,0
KR_8346079869,200,WIN,913038,15.22,8,2,1,2,10,2,0,0,2
KR_8339061613,100,WIN,1114941,18.58,0,2,0,0,35,9,1,3,0
KR_8339061613,200,LOSE,1114941,18.58,0,2,0,0,11,4,4,0,2
KR_8352751521,100,WIN,937978,15.63,0,1,0,3,15,2,1,3,0
KR_8352751521,200,LOSE,937978,15.63,3,0,1,1,16,2,1,0,1
KR_8352688514,100,LOSE,730368,12.17,2,4,1,2,8,5,2,3,0
KR_8352688514,200,WIN,730368,12.17,4,2,2,1,10,2,3,0,1
KR_8352620028,100,WIN,776265,12.94,5,5,3,3,10,2,2,3,1
KR_8352620028,200,LOSE,776265,12.94,6,3,1,3,6,1,1,0,0
KR_8352504843,100,LOSE,1033014,17.22,4,3,0,5,12,4,1,1,2
KR_8352504843,200,WIN,1033014,17.22,1,3,2,1,15,5,2,2,0
KR_8352455216,100,LOSE,823614,13.73,1,3,2,4,10,5,5,0,0
KR_8352455216,200,WIN,823614,13.73,4,0,2,0,14,6,5,3,1
KR_8352409745,100,WIN,864945,14.42,1,0,3,2,14,5,0,3,2
KR_8352409745,200,LOSE,864945,14.42,2,2,0,2,30,0,5,0,0
KR_8348206571,100,WIN,822253,13.7,4,0,0,3,11,4,2,0,0
KR_8348206571,200,LOSE,822253,13.7,3,2,0,3,10,3,1,3,1
KR_8348133561,100,LOSE,779747,13.0,1,6,2,2,11,1,1,3,1
KR_8348133561,200,WIN,779747,13.0,7,1,3,3,13,1,1,0,0
KR_8346071130,100,LOSE,857475,14.29,2,2,2,1,9,0,2,0,0
KR_8346071130,200,WIN,857475,14.29,1,2,1,2,9,7,1,3,2
KR_8345981756,100,LOSE,929997,15.5,1,5,0,4,13,6,4,3,0
KR_8345981756,200,WIN,929997,15.5,8,3,2,2,14,5,1,0,2
KR_8345932983,100,WIN,911695,15.19,1,4,2,2,13,4,2,0,2
KR_8345932983,200,LOSE,911695,15.19,3,1,1,3,14,2,2,3,0
KR_8345884405,100,LOSE,888369,14.81,1,7,0,7,13,3,2,3,0
KR_8345884405,200,WIN,888369,14.81,10,1,2,1,16,6,2,0,1
KR_8345847038,100,LOSE,715804,11.93,0,0,1,3,36,3,2,1,0
KR_8345847038,200,WIN,715804,11.93,1,1,1,1,7,3,1,2,1
KR_8352554434,100,WIN,727112,12.12,3,0,1,0,11,3,0,3,1
KR_8352554434,200,LOSE,727112,12.12,0,2,0,2,4,0,1,0,0
KR_8352475664,100,WIN,933862,15.56,7,3,4,4,15,1,2,0,1
KR_8352475664,200,LOSE,933862,15.56,3,5,0,6,10,3,3,3,1
KR_8343116288,100,WIN,822256,13.7,5,2,0,3,12,2,2,0,1
KR_8343116288,200,LOSE,822256,13.7,2,3,1,1,8,2,2,3,1
KR_8343036714,100,LOSE,903801,15.06,2,1,0,0,15,4,1,0,2
KR_8343036714,200,WIN,903801,15.06,2,1,0,1,10,4,3,3,0
KR_8342984927,100,LOSE,887416,14.79,4,1,1,2,14,2,1,2,1
KR_8342984927,200,WIN,887416,14.79,4,2,1,2,136,3,2,1,1
KR_8342931669,100,WIN,855800,14.26,6,2,2,0,9,2,4,0,1
KR_8342931669,200,LOSE,855800,14.26,3,5,2,1,14,3,1,3,0
KR_8342796371,100,LOSE,690593,11.51,0,3,1,4,3,4,2,3,0
KR_8342796371,200,WIN,690593,11.51,5,0,1,2,9,4,1,0,0
KR_8342751115,100,LOSE,979736,16.33,2,5,0,5,20,1,1,0,0
KR_8342751115,200,WIN,979736,16.33,5,2,0,1,57,8,1,3,2
KR_8351153418,100,LOSE,680312,11.34,1,2,2,1,10,0,1,3,0
KR_8351153418,200,WIN,680312,11.34,2,2,1,0,3,1,2,0,0
KR_8351091288,100,WIN,792641,13.21,3,1,1,1,9,4,2,3,0
KR_8351091288,200,LOSE,792641,13.21,1,3,0,2,5,3,2,0,1
KR_8349863654,100,LOSE,1084349,18.07,3,3,4,4,16,3,3,0,0
KR_8349863654,200,WIN,1084349,18.07,2,4,1,3,55,3,3,3,1
KR_8339973215,100,WIN,995977,16.6,3,0,4,2,17,1,2,3,0
KR_8339973215,200,LOSE,995977,16.6,3,1,0,2,15,1,6,0,1
KR_8353599270,100,LOSE,883590,14.73,2,3,6,5,14,7,4,0,1
KR_8353599270,200,WIN,883590,14.73,7,3,0,8,13,2,2,3,1
KR_8352105014,100,WIN,675662,11.26,2,0,2,1,10,5,2,1,0
KR_8352105014,200,LOSE,675662,11.26,0,2,2,4,5,2,2,0,0
KR_8352046206,100,LOSE,924463,15.41,3,1,1,1,5,1,2,1,1
KR_8352046206,200,WIN,924463,15.41,1,3,0,2,11,2,1,2,1
KR_8351991679,100,WIN,883380,14.72,4,2,3,1,8,1,2,0,0
KR_8351991679,200,LOSE,883380,14.72,2,5,1,3,12,2,0,3,2
KR_8351952698,100,LOSE,804448,13.41,1,1,0,4,12,4,2,3,0
KR_8351952698,200,WIN,804448,13.41,5,1,2,3,9,2,2,0,1
KR_8344464588,100,LOSE,886870,14.78,3,6,1,3,8,5,4,3,0
KR_8344464588,200,WIN,886870,14.78,5,3,3,5,10,5,0,0,1
KR_8344365525,100,LOSE,925872,15.43,4,1,2,4,5,0,4,0,1
KR_8344365525,200,WIN,925872,15.43,2,3,0,2,14,6,0,3,1
KR_8344329469,100,WIN,804377,13.41,6,2,2,1,9,1,1,0,0
KR_8344329469,200,LOSE,804377,13.41,3,3,0,7,7,2,0,3,2
KR_8341550756,100,LOSE,937040,15.62,4,4,1,5,13,5,3,1,0
KR_8341550756,200,WIN,937040,15.62,5,3,3,6,5,5,1,2,2
KR_8341481802,100,WIN,762389,12.71,5,2,2,0,9,4,3,2,0
KR_8341481802,200,LOSE,762389,12.71,1,5,0,4,10,3,2,1,1
KR_8341418848,100,WIN,1375239,22.92,3,5,4,6,24,1,5,2,0
KR_8341418848,200,LOSE,1375239,22.92,5,1,0,6,25,9,4,1,2
KR_8352340983,100,WIN,1364795,22.75,4,5,1,4,78,5,7,2,1
KR_8352340983,200,LOSE,1364795,22.75,2,1,1,10,36,15,3,1,2
KR_8347832053,100,WIN,810136,13.5,3,0,2,2,6,10,4,3,1
KR_8347832053,200,LOSE,810136,13.5,0,4,0,5,7,5,4,0,0
KR_8346592503,100,WIN,804456,13.41,6,1,0,0,6,3,2,2,1
KR_8346592503,200,LOSE,804456,13.41,1,4,0,2,6,1,4,1,0
KR_8354180273,100,LOSE,798163,13.3,2,3,0,6,16,4,1,3,1
KR_8354180273,200,WIN,798163,13.3,6,2,1,0,12,3,4,0,1
KR_8354171326,100,WIN,791674,13.19,0,2,1,2,9,4,3,2,1
KR_8354171326,200,LOSE,791674,13.19,2,0,0,0,6,4,4,1,1
KR_8354166265,100,WIN,826061,13.77,0,0,0,4,13,3,3,3,2
KR_8354166265,200,LOSE,826061,13.77,2,3,0,0,13,6,1,0,0
KR_8354145874,100,WIN,920589,15.34,1,2,0,2,10,2,3,3,2
KR_8354145874,200,LOSE,920589,15.34,2,1,3,1,9,3,3,0,0
KR_8343519768,100,LOSE,1062309,17.71,1,7,1,4,10,3,2,3,0
KR_8343519768,200,WIN,1062309,17.71,4,3,2,0,23,4,2,0,2
KR_8343474592,100,WIN,964955,16.08,3,2,2,3,20,4,0,3,1
KR_8343474592,200,LOSE,964955,16.08,3,2,0,3,10,3,7,0,0
KR_8340934951,100,WIN,910459,15.17,6,0,3,0,19,3,1,3,1
KR_8340934951,200,LOSE,910459,15.17,2,4,1,5,14,1,5,0,0
KR_8340914044,100,WIN,949260,15.82,3,3,2,1,15,1,1,3,2
KR_8340914044,200,LOSE,949260,15.82,1,2,2,4,15,2,5,0,0
KR_8340869716,100,LOSE,1082398,18.04,7,3,2,3,23,7,3,1,2
KR_8340869716,200,WIN,1082398,18.04,3,7,2,4,23,3,4,2,1
KR_8340834841,100,WIN,754879,12.58,6,0,2,3,7,1,2,0,2
KR_8340834841,200,LOSE,754879,12.58,0,5,3,2,7,4,3,3,0
KR_8347078555,100,WIN,802014,13.37,1,4,1,4,8,4,6,1,1
KR_8347078555,200,LOSE,802014,13.37,0,4,7,1,15,7,3,2,0
KR_8337800022,100,WIN,962331,16.04,3,6,5,2,12,2,2,0,2
KR_8337800022,200,LOSE,962331,16.04,2,3,3,4,12,6,3,3,0
KR_8337696976,100,WIN,887870,14.8,5,2,1,3,8,1,3,3,1
KR_8337696976,200,LOSE,887870,14.8,0,4,1,5,13,3,4,0,0
KR_8337637780,100,LOSE,854682,14.24,3,3,1,3,11,4,3,0,1
KR_8337637780,200,WIN,854682,14.24,3,4,0,4,8,5,2,3,0
KR_8341320758,100,WIN,821948,13.7,5,0,0,1,11,3,4,0,1
KR_8341320758,200,LOSE,821948,13.7,1,2,0,5,8,3,2,3,0
KR_8342494378,100,WIN,967791,16.13,7,4,1,4,57,2,5,1,1
KR_8342494378,200,LOSE,967791,16.13,2,5,2,4,20,6,2,2,1
KR_8353287273,100,LOSE,701286,11.69,1,1,0,3,7,2,3,0,1
KR_8353287273,200,WIN,701286,11.69,3,3,1,0,3,0,2,3,0
KR_8353251796,100,LOSE,1059141,17.65,1,4,3,5,10,2,2,3,1
KR_8353251796,200,WIN,1059141,17.65,6,2,1,2,15,6,2,0,1
KR_8353228939,100,WIN,961166,16.02,1,3,2,1,9,3,6,0,1
KR_8353228939,200,LOSE,961166,16.02,2,3,3,1,7,7,1,3,1
KR_8352408780,100,WIN,773945,12.9,9,1,0,4,11,1,4,0,1
KR_8352408780,200,LOSE,773945,12.9,4,5,2,3,4,2,2,3,0
KR_8352380390,100,WIN,676252,11.27,5,0,0,0,8,0,0,3,1
KR_8352380390,200,LOSE,676252,11.27,0,2,0,2,5,1,3,0,0
KR_8352312696,100,LOSE,1008491,16.81,2,4,0,5,20,11,4,3,1
KR_8352312696,200,WIN,1008491,16.81,2,2,5,2,12,2,9,0,0
KR_8350344851,100,WIN,850586,14.18,10,1,2,3,9,4,1,2,2
KR_8350344851,200,LOSE,850586,14.18,2,5,2,5,7,2,4,1,0
KR_8352860130,100,WIN,856944,14.28,2,2,2,1,13,1,0,3,1
KR_8352860130,200,LOSE,856944,14.28,1,4,1,1,13,1,2,0,0
KR_8352802446,100,LOSE,916675,15.28,0,3,0,4,13,1,2,3,0
KR_8352802446,200,WIN,916675,15.28,6,1,1,0,12,4,1,0,2
KR_8352746871,100,LOSE,761853,12.7,1,3,0,1,8,3,1,0,0
KR_8352746871,200,WIN,761853,12.7,4,1,1,0,9,1,1,3,2
KR_8352689111,100,WIN,1138455,18.97,4,1,2,4,61,0,2,1,2
KR_8352689111,200,LOSE,1138455,18.97,2,2,1,6,16,1,2,2,1
KR_8352625003,100,WIN,677822,11.3,5,1,1,1,9,4,2,0,1
KR_8352625003,200,LOSE,677822,11.3,2,2,0,4,6,2,0,3,0
KR_8351771725,100,WIN,909265,15.15,6,3,3,1,13,7,3,3,1
KR_8351771725,200,LOSE,909265,15.15,3,4,1,5,50,3,4,0,0
KR_8351739741,100,WIN,1102453,18.37,3,0,2,2,16,8,3,0,2
KR_8351739741,200,LOSE,1102453,18.37,1,3,0,4,15,2,3,3,1
KR_8351710629,100,LOSE,1076219,17.94,2,5,2,2,11,4,3,0,0
KR_8351710629,200,WIN,1076219,17.94,2,4,0,2,13,2,3,3,2
KR_8351690885,100,WIN,852171,14.2,6,4,5,3,11,2,4,0,1
KR_8351690885,200,LOSE,852171,14.2,4,7,3,4,13,1,4,3,0
KR_8351672994,100,WIN,886230,14.77,2,2,0,1,12,4,0,3,1
KR_8351672994,200,LOSE,886230,14.77,2,1,1,1,8,0,5,0,0
KR_8343089880,100,WIN,885264,14.75,4,4,1,1,11,5,3,0,2
KR_8343089880,200,LOSE,885264,14.75,1,3,4,5,12,1,3,3,0
KR_8343026221,100,WIN,962327,16.04,3,2,1,3,17,1,4,0,1
KR_8343026221,200,LOSE,962327,16.04,4,3,2,3,152,5,1,3,1
KR_8342969774,100,WIN,794571,13.24,7,4,2,4,7,2,6,1,0
KR_8342969774,200,LOSE,794571,13.24,4,5,1,5,4,8,2,2,1
KR_8342916509,100,WIN,764724,12.75,1,1,0,1,9,4,1,3,1
KR_8342916509,200,LOSE,764724,12.75,1,3,2,3,5,3,4,0,0
KR_8342860876,100,WIN,1053805,17.56,3,4,4,4,19,7,1,3,1
KR_8342860876,200,LOSE,1053805,17.56,4,4,2,5,23,4,1,0,0
KR_8345593189,100,WIN,1002126,16.7,3,1,3,4,17,5,7,3,1
KR_8345593189,200,LOSE,1002126,16.7,4,4,2,7,18,3,3,0,1
KR_8342562104,100,LOSE,934713,15.58,2,5,1,4,53,2,3,2,1
KR_8342562104,200,WIN,934713,15.58,4,2,1,1,11,6,0,1,1
KR_8339636407,100,WIN,851745,14.2,3,2,1,2,16,3,1,0,2
KR_8339636407,200,LOSE,851745,14.2,2,5,2,1,11,1,0,3,0
KR_8339595822,100,WIN,853712,14.23,7,2,0,2,14,5,3,0,1
KR_8339595822,200,LOSE,853712,14.23,1,1,2,4,9,1,3,3,0
KR_8339579268,100,WIN,852019,14.2,5,3,3,5,8,0,3,3,0
KR_8339579268,200,LOSE,852019,14.2,9,3,1,3,8,2,0,0,2
KR_8348016920,100,WIN,818113,13.64,2,0,3,1,12,3,3,1,1
KR_8348016920,200,LOSE,818113,13.64,1,4,1,3,9,1,2,2,1
KR_8338945967,100,LOSE,890618,14.84,5,4,2,6,14,2,5,0,0
KR_8338945967,200,WIN,890618,14.84,7,2,2,4,15,5,4,3,1
KR_8338856507,100,WIN,615923,10.27,11,3,0,2,2,2,1,3,1
KR_8338856507,200,LOSE,615923,10.27,1,7,3,4,5,2,1,0,0
KR_8338809318,100,WIN,867498,14.46,5,3,0,5,10,2,2,1,1
KR_8338809318,200,LOSE,867498,14.46,9,2,1,4,9,1,2,2,1
KR_8352172413,100,LOSE,750992,12.52,3,2,5,2,8,2,5,0,0
KR_8352172413,200,WIN,750992,12.52,1,4,1,4,99,7,1,3,1
KR_8352109792,100,WIN,851736,14.2,9,3,0,3,45,0,3,0,1
KR_8352109792,200,LOSE,851736,14.2,2,5,2,4,9,5,3,3,0
KR_8352055547,100,WIN,1183828,19.73,4,5,0,6,22,8,7,0,1
KR_8352055547,200,LOSE,1183828,19.73,9,2,1,5,15,8,7,3,1
KR_8352028211,100,LOSE,876366,14.61,1,4,0,3,5,4,5,1,0
KR_8352028211,200,WIN,876366,14.61,4,3,1,1,12,7,0,2,1
KR_8342350030,100,LOSE,802372,13.37,0,2,1,2,39,0,1,0,0
KR_8342350030,200,WIN,802372,13.37,3,0,1,0,7,4,1,3,1
KR_8342324175,100,WIN,781295,13.02,3,1,4,2,10,5,4,0,0
KR_8342324175,200,LOSE,781295,13.02,0,3,0,2,17,5,3,3,1
KR_8342293444,100,LOSE,781726,13.03,0,4,1,4,11,3,1,3,1
KR_8342293444,200,WIN,781726,13.03,8,1,0,2,8,1,4,0,1
KR_8342251924,100,LOSE,882222,14.7,7,5,6,4,10,6,5,2,2
KR_8342251924,200,WIN,882222,14.7,4,4,1,6,14,11,7,1,0
KR_8342255051,100,LOSE,1024464,17.07,3,3,1,3,16,5,9,0,0
KR_8342255051,200,WIN,1024464,17.07,3,1,2,5,20,7,4,3,1
KR_8341657250,100,WIN,858096,14.3,6,2,1,4,12,5,5,0,0
KR_8341657250,200,LOSE,858096,14.3,5,4,1,3,13,7,4,3,1
KR_8341612126,100,WIN,598442,9.97,5,0,3,3,2,5,1,0,1
KR_8341612126,200,LOSE,598442,9.97,0,3,3,3,5,1,3,0,0
KR_8341508243,100,LOSE,472413,7.87,0,0,2,0,0,1,2,0,0
KR_8341508243,200,WIN,472413,7.87,0,0,0,0,2,2,3,0,1
KR_8341436354,100,WIN,856314,14.27,3,6,1,4,12,4,5,3,0
KR_8341436354,200,LOSE,856314,14.27,4,1,1,3,14,2,1,0,2
KR_8341330456,100,WIN,946335,15.77,7,3,2,2,22,6,2,1,1
KR_8341330456,200,LOSE,946335,15.77,2,4,1,4,20,0,3,2,1
KR_8341295032,100,WIN,1209380,20.16,7,3,3,7,24,3,4,3,1
KR_8341295032,200,LOSE,1209380,20.16,4,5,0,5,18,6,9,0,1
KR_8341241110,100,LOSE,872439,14.54,1,3,2,2,12,2,7,0,0
KR_8341241110,200,WIN,872439,14.54,4,3,0,2,18,4,1,3,2
KR_8341186563,100,WIN,739326,12.32,5,1,0,2,8,3,2,3,1
KR_8341186563,200,LOSE,739326,12.32,1,2,0,7,7,3,5,0,0
KR_8341212959,100,LOSE,931666,15.53,1,1,1,1,16,5,1,0,1
KR_8341212959,200,WIN,931666,15.53,3,4,0,1,15,2,3,3,0
KR_8341179101,100,WIN,1009187,16.82,2,4,2,2,16,8,3,3,0
KR_8341179101,200,LOSE,1009187,16.82,3,3,0,4,14,2,7,0,0
KR_8341146174,100,WIN,893587,14.89,2,2,0,1,10,5,0,3,0
KR_8341146174,200,LOSE,893587,14.89,1,2,2,4,15,1,2,0,1
KR_8341082940,100,WIN,979300,16.32,3,5,1,4,13,5,4,3,0
KR_8341082940,200,LOSE,979300,16.32,6,3,0,2,15,5,2,0,1
KR_8341047044,100,WIN,1075002,17.92,4,0,0,2,13,4,2,0,0
KR_8341047044,200,LOSE,1075002,17.92,0,1,0,1,15,4,3,3,1
KR_8340984464,100,LOSE,1053939,17.57,2,1,0,2,24,1,1,2,0
KR_8340984464,200,WIN,1053939,17.57,1,2,2,1,10,4,3,1,2
KR_8340945334,100,LOSE,804438,13.41,0,2,1,4,6,3,1,0,1
KR_8340945334,200,WIN,804438,13.41,3,1,1,1,12,4,1,3,1
KR_8340920088,100,LOSE,771117,12.85,1,5,1,7,7,2,4,3,0
KR_8340920088,200,WIN,771117,12.85,6,4,1,0,8,6,0,0,1
KR_8340862983,100,LOSE,718970,11.98,0,4,5,3,11,3,5,0,0
KR_8340862983,200,WIN,718970,11.98,6,1,3,0,16,3,4,0,1
KR_8340837325,100,WIN,978205,16.3,5,1,0,2,19,2,4,2,1
KR_8340837325,200,LOSE,978205,16.3,4,5,0,1,21,3,3,1,1
KR_8340809405,100,WIN,780128,13.0,5,2,5,1,16,5,0,1,1
KR_8340809405,200,LOSE,780128,13.0,2,5,0,4,10,2,3,2,0
KR_8340785197,100,LOSE,943399,15.72,2,2,2,4,10,5,2,3,0
KR_8340785197,200,WIN,943399,15.72,4,2,0,4,18,6,0,0,2
KR_8340758424,100,LOSE,679210,11.32,2,1,0,4,4,3,4,3,0
KR_8340758424,200,WIN,679210,11.32,1,0,2,1,7,3,0,0,1
KR_8340736756,100,WIN,893561,14.89,2,2,1,2,9,3,6,0,0
KR_8340736756,200,LOSE,893561,14.89,0,3,4,1,16,2,2,3,1
KR_8340728378,100,WIN,877208,14.62,5,2,3,2,11,4,3,2,1
KR_8340728378,200,LOSE,877208,14.62,3,6,0,5,118,5,1,1,1
KR_8340713441,100,LOSE,740494,12.34,1,5,1,3,7,3,2,2,0
KR_8340713441,200,WIN,740494,12.34,6,0,2,1,11,2,2,1,1
KR_8340693930,100,LOSE,882847,14.71,3,6,1,5,12,3,1,0,1
KR_8340693930,200,WIN,882847,14.71,7,3,2,1,6,3,0,3,1
KR_8340690566,100,WIN,787339,13.12,5,0,1,1,8,3,0,3,1
KR_8340690566,200,LOSE,787339,13.12,0,4,1,2,1,0,4,0,1
KR_8340679123,100,LOSE,958176,15.97,5,1,3,2,12,1,4,0,0
KR_8340679123,200,WIN,958176,15.97,1,4,1,4,12,5,1,3,1
KR_8340663459,100,LOSE,967243,16.12,4,2,7,2,19,4,4,3,0
KR_8340663459,200,WIN,967243,16.12,1,4,1,5,13,6,7,0,1
KR_8340658292,100,LOSE,730769,12.18,2,4,1,1,40,4,3,0,0
KR_8340658292,200,WIN,730769,12.18,4,1,0,3,5,6,3,3,2
KR_8340647754,100,WIN,711545,11.86,2,1,0,2,7,2,2,3,0
KR_8340647754,200,LOSE,711545,11.86,4,0,1,3,10,1,1,0,1
KR_8337043110,100,WIN,947024,15.78,7,2,3,4,17,6,1,3,1
KR_8337043110,200,LOSE,947024,15.78,2,3,1,7,12,5,3,0,0
KR_8337010942,100,LOSE,1053228,17.55,2,3,1,2,18,1,0,0,0
KR_8337010942,200,WIN,1053228,17.55,2,3,3,0,55,3,1,3,1
KR_8342918002,100,WIN,903964,15.07,6,4,0,4,13,3,2,2,0
KR_8342918002,200,LOSE,903964,15.07,4,4,0,4,19,5,1,1,1
KR_8342801588,100,LOSE,1053360,17.56,3,3,3,2,16,5,3,3,1
KR_8342801588,200,WIN,1053360,17.56,3,5,0,3,15,2,4,0,1
KR_8353429505,100,LOSE,885431,14.76,5,2,0,3,10,0,8,0,1
KR_8353429505,200,WIN,885431,14.76,2,2,1,1,12,8,1,3,1
KR_8353408269,100,WIN,682291,11.37,5,1,1,0,6,2,2,3,0
KR_8353408269,200,LOSE,682291,11.37,0,2,0,4,9,2,1,0,1
KR_8353377363,100,LOSE,559597,9.33,0,6,3,6,2,1,1,0,0
KR_8353377363,200,WIN,559597,9.33,10,1,0,2,6,1,0,3,1
KR_8353352673,100,WIN,713137,11.89,4,2,2,1,8,6,1,3,0
KR_8353352673,200,LOSE,713137,11.89,3,4,1,4,3,0,3,0,1
KR_8342362651,100,LOSE,793976,13.23,3,4,2,3,5,3,4,2,2
KR_8342362651,200,WIN,793976,13.23,7,3,1,5,11,2,0,1,0
KR_8342324729,100,WIN,954195,15.9,1,6,1,6,16,7,4,3,0
KR_8342324729,200,LOSE,954195,15.9,7,1,4,3,8,8,5,0,2
KR_8344226331,100,WIN,1054325,17.57,4,7,6,5,34,5,3,0,0
KR_8344226331,200,LOSE,1054325,17.57,4,2,7,8,14,5,3,3,2
KR_8344158498,100,WIN,702676,11.71,4,1,1,3,9,3,1,2,0
KR_8344158498,200,LOSE,702676,11.71,1,4,1,2,10,4,2,1,1
KR_8343344743,100,LOSE,937324,15.62,1,4,1,4,17,3,3,3,2
KR_8343344743,200,WIN,937324,15.62,3,0,9,3,14,2,3,0,0
KR_8343274913,100,WIN,886129,14.77,8,4,0,3,12,1,5,0,0
KR_8343274913,200,LOSE,886129,14.77,3,3,2,5,12,3,2,3,1
KR_8343244035,100,WIN,857341,14.29,9,1,0,1,13,3,1,3,1
KR_8343244035,200,LOSE,857341,14.29,0,3,1,5,11,4,8,0,0
KR_8342966158,100,WIN,1017016,16.95,7,4,0,4,10,6,2,3,1
KR_8342966158,200,LOSE,1017016,16.95,2,3,6,5,12,3,5,0,1
KR_8342804545,100,WIN,960857,16.01,5,3,5,3,14,3,3,3,1
KR_8342804545,200,LOSE,960857,16.01,3,6,0,6,25,5,3,0,1
KR_8341686558,100,LOSE,885316,14.76,5,3,3,4,11,2,0,3,0
KR_8341686558,200,WIN,885316,14.76,2,2,6,3,11,2,4,0,2
KR_8341590594,100,LOSE,837802,13.96,2,3,0,2,11,4,1,0,0
KR_8341590594,200,WIN,837802,13.96,2,0,3,2,12,3,0,3,1
KR_8340131733,100,LOSE,906253,15.1,3,5,1,6,13,2,1,1,0
KR_8340131733,200,WIN,906253,15.1,5,2,7,2,10,1,2,2,2
KR_8340069658,100,WIN,1028968,17.15,5,3,4,4,16,8,1,3,2
KR_8340069658,200,LOSE,1028968,17.15,2,6,2,4,15,2,6,0,0
KR_8339684128,100,WIN,1014755,16.91,2,2,8,3,19,5,1,3,0
KR_8339684128,200,LOSE,1014755,16.91,4,3,1,5,18,1,3,0,1
KR_8339651051,100,LOSE,957085,15.95,3,4,5,7,15,5,4,0,0
KR_8339651051,200,WIN,957085,15.95,10,2,3,2,15,0,5,3,1
KR_8339595936,100,LOSE,797640,13.29,1,4,0,4,10,2,3,1,1
KR_8339595936,200,WIN,797640,13.29,3,0,5,1,8,2,2,2,1
KR_8339577032,100,WIN,1177247,19.62,3,3,4,4,19,3,5,3,0
KR_8339577032,200,LOSE,1177247,19.62,3,1,7,5,28,3,3,0,3
KR_8339527906,100,WIN,892737,14.88,5,3,2,3,11,3,4,3,0
KR_8339527906,200,LOSE,892737,14.88,1,2,2,4,8,3,5,0,2
KR_8338498528,100,LOSE,967553,16.13,1,4,2,6,8,5,2,3,0
KR_8338498528,200,WIN,967553,16.13,3,2,3,1,10,11,2,0,2
KR_8338457851,100,LOSE,606956,10.12,0,2,2,0,3,3,0,0,1
KR_8338457851,200,WIN,606956,10.12,0,1,2,1,3,0,0,0,0
KR_8338259455,100,WIN,1085981,18.1,4,3,4,3,14,2,1,3,3
KR_8338259455,200,LOSE,1085981,18.1,2,4,3,4,9,2,4,0,0
KR_8337673031,100,WIN,944780,15.75,1,2,3,4,19,1,2,3,2
KR_8337673031,200,LOSE,944780,15.75,2,3,5,1,12,3,1,0,0
KR_8337629061,100,WIN,810178,13.5,4,1,3,3,12,4,0,0,2
KR_8337629061,200,LOSE,810178,13.5,2,5,3,3,11,2,2,3,0
KR_8350627821,100,LOSE,1013587,16.89,5,4,0,4,9,2,4,3,0
KR_8350627821,200,WIN,1013587,16.89,4,3,2,3,20,7,1,0,2
KR_8350596178,100,LOSE,823735,13.73,1,6,1,4,14,1,5,0,0
KR_8350596178,200,WIN,823735,13.73,10,1,1,1,14,3,2,3,1
KR_8344912350,100,LOSE,925796,15.43,5,4,1,4,15,7,2,3,1
KR_8344912350,200,WIN,925796,15.43,4,3,1,5,44,5,1,0,1
KR_8340934563,100,WIN,1187013,19.78,5,7,1,6,17,1,2,3,0
KR_8340934563,200,LOSE,1187013,19.78,9,4,3,1,22,5,7,0,1
KR_8340874954,100,WIN,906139,15.1,6,1,0,4,10,5,3,2,1
KR_8340874954,200,LOSE,906139,15.1,3,5,2,5,52,3,3,1,1
KR_8340839898,100,LOSE,935883,15.6,3,1,0,1,14,3,3,0,2
KR_8340839898,200,WIN,935883,15.6,2,2,0,2,12,2,2,3,0
KR_8340829103,100,WIN,916882,15.28,3,5,3,2,13,4,2,3,1
KR_8340829103,200,LOSE,916882,15.28,6,0,1,7,13,1,1,0,1
KR_8339865392,100,LOSE,1036200,17.27,5,1,0,1,21,0,2,0,1
KR_8339865392,200,WIN,1036200,17.27,1,3,0,2,15,2,3,3,2
KR_8339690197,100,WIN,963674,16.06,5,2,1,2,8,3,4,2,0
KR_8339690197,200,LOSE,963674,16.06,5,3,0,7,9,2,3,1,2
KR_8339380620,100,WIN,739662,12.33,7,2,1,3,10,3,1,2,0
KR_8339380620,200,LOSE,739662,12.33,1,7,2,1,6,5,2,1,1
KR_8338810298,100,WIN,878597,14.64,1,1,0,3,10,1,3,0,1
KR_8338810298,200,LOSE,878597,14.64,1,2,1,3,8,3,3,3,1
KR_8338751159,100,LOSE,1020530,17.01,5,4,1,1,23,2,3,0,0
KR_8338751159,200,WIN,1020530,17.01,4,4,3,3,54,2,2,3,1
KR_8337672112,100,LOSE,782048,13.03,3,2,0,6,9,3,2,2,0
KR_8337672112,200,WIN,782048,13.03,2,3,4,2,6,2,2,1,2
KR_8352780271,100,WIN,767828,12.8,0,2,1,1,11,1,1,0,0
KR_8352780271,200,LOSE,767828,12.8,1,0,0,0,5,5,1,3,1
KR_8352709133,100,LOSE,979597,16.33,2,5,0,6,15,2,2,3,0
KR_8352709133,200,WIN,979597,16.33,9,0,0,3,10,6,3,0,2
KR_8352655181,100,LOSE,938269,15.64,2,4,0,5,15,1,0,3,0
KR_8352655181,200,WIN,938269,15.64,4,2,1,2,12,4,0,0,2
KR_8352578133,100,LOSE,926423,15.44,3,3,0,3,10,2,0,0,0
KR_8352578133,200,WIN,926423,15.44,1,3,2,1,13,2,3,3,2
KR_8350560857,100,LOSE,1080223,18.0,2,5,1,3,15,3,5,0,0
KR_8350560857,200,WIN,1080223,18.0,4,2,4,2,18,4,2,3,3
KR_8350530123,100,LOSE,1079576,17.99,1,7,2,2,62,2,1,3,1
KR_8350530123,200,WIN,1079576,17.99,7,3,0,3,24,5,2,0,1
KR_8350423709,100,WIN,778019,12.97,2,1,2,0,10,2,2,1,1
KR_8350423709,200,LOSE,778019,12.97,0,3,1,1,42,0,2,2,0
KR_8350375828,100,LOSE,1100555,18.34,3,2,1,4,30,2,2,1,0
KR_8350375828,200,WIN,1100555,18.34,1,4,1,2,14,2,2,2,2
KR_8350334234,100,LOSE,1174918,19.58,1,2,0,6,64,2,5,3,1
KR_8350334234,200,WIN,1174918,19.58,6,3,2,3,22,6,1,0,2
KR_8350288907,100,LOSE,700957,11.68,1,2,1,4,15,1,2,3,0
KR_8350288907,200,WIN,700957,11.68,6,0,1,2,7,1,0,0,1
KR_8350262696,100,LOSE,667231,11.12,0,3,2,3,3,4,1,3,0
KR_8350262696,200,WIN,667231,11.12,3,1,1,2,9,4,2,0,1
KR_8350211857,100,LOSE,976131,16.27,2,5,2,1,11,2,3,3,2
KR_8350211857,200,WIN,976131,16.27,6,2,1,2,13,2,1,0,0
KR_8349932372,100,LOSE,989857,16.5,5,1,0,2,14,4,3,2,0
KR_8349932372,200,WIN,989857,16.5,2,5,1,2,19,3,2,1,1
KR_8349915845,100,LOSE,677016,11.28,0,2,1,2,6,1,3,1,1
KR_8349915845,200,WIN,677016,11.28,5,0,0,0,6,2,1,2,0
KR_8347506561,100,LOSE,602366,10.04,1,3,4,1,2,0,2,3,1
KR_8347506561,200,WIN,602366,10.04,3,1,0,1,5,5,2,0,0
KR_8347470796,100,WIN,994012,16.57,2,2,1,3,16,3,1,3,1
KR_8347470796,200,LOSE,994012,16.57,2,2,0,2,9,4,2,0,0
KR_8347451346,100,LOSE,1325959,22.1,2,5,1,0,20,2,2,3,1
KR_8347451346,200,WIN,1325959,22.1,3,0,0,3,30,5,1,0,2
KR_8347419208,100,LOSE,1010305,16.84,4,4,3,3,12,3,7,0,0
KR_8347419208,200,WIN,1010305,16.84,5,6,3,2,14,7,2,3,2
KR_8347375455,100,LOSE,823549,13.73,1,3,0,2,8,2,2,2,0
KR_8347375455,200,WIN,823549,13.73,1,1,0,0,6,5,2,1,1
KR_8347213672,100,WIN,935357,15.59,3,2,0,2,8,4,4,0,0
KR_8347213672,200,LOSE,935357,15.59,0,3,1,3,13,1,2,3,1
KR_8347145763,100,WIN,617942,10.3,2,0,1,0,4,2,2,1,0
KR_8347145763,200,LOSE,617942,10.3,0,1,0,4,3,1,1,0,0
KR_8347106321,100,WIN,1058303,17.64,11,6,2,5,23,4,2,3,1
KR_8347106321,200,LOSE,1058303,17.64,6,9,3,7,10,4,2,0,0
KR_8347052991,100,LOSE,853426,14.22,3,4,1,5,5,2,5,0,0
KR_8347052991,200,WIN,853426,14.22,5,2,4,2,8,2,1,3,2
KR_8347013718,100,WIN,853268,14.22,3,6,3,5,16,3,3,3,1
KR_8347013718,200,LOSE,853268,14.22,4,5,3,0,13,6,3,0,1
KR_8354299422,100,LOSE,959889,16.0,0,3,1,1,13,0,2,2,0
KR_8354299422,200,WIN,959889,16.0,1,1,3,1,14,3,1,1,2
KR_8354283596,100,WIN,881917,14.7,6,1,2,4,15,2,0,3,1
KR_8354283596,200,LOSE,881917,14.7,2,6,0,5,11,2,2,0,1
KR_8353190556,100,WIN,918813,15.31,6,3,1,4,12,5,2,3,0
KR_8353190556,200,LOSE,918813,15.31,8,7,0,2,11,5,1,0,2
KR_8353180388,100,WIN,735189,12.25,6,2,2,3,12,1,0,3,1
KR_8353180388,200,LOSE,735189,12.25,4,3,1,3,7,2,3,0,0
KR_8352193128,100,WIN,720733,12.01,2,3,1,3,12,3,1,3,1
KR_8352193128,200,LOSE,720733,12.01,2,3,3,2,7,3,0,0,0
KR_8349119775,100,WIN,870127,14.5,10,4,2,2,6,0,1,3,0
KR_8349119775,200,LOSE,870127,14.5,2,5,2,5,6,4,3,0,0
KR_8348718919,100,WIN,580624,9.68,4,1,2,0,7,1,1,0,1
KR_8348718919,200,LOSE,580624,9.68,0,6,0,1,5,2,0,3,0
KR_8348711595,100,WIN,1072249,17.87,6,3,1,0,25,9,1,3,2
KR_8348711595,200,LOSE,1072249,17.87,2,2,3,8,13,0,4,0,1
KR_8348776370,100,LOSE,954242,15.9,0,2,0,2,14,2,3,3,0
KR_8348776370,200,WIN,954242,15.9,0,0,1,1,9,3,2,0,2
KR_8347896748,100,WIN,913961,15.23,2,3,1,0,48,5,0,3,1
KR_8347896748,200,LOSE,913961,15.23,2,2,1,3,19,1,7,0,0
KR_8345635084,100,LOSE,946031,15.77,0,2,1,5,52,2,5,3,0
KR_8345635084,200,WIN,946031,15.77,2,1,1,2,12,8,0,0,2
KR_8345609096,100,LOSE,1026514,17.11,3,3,1,1,13,5,4,1,1
KR_8345609096,200,WIN,1026514,17.11,4,2,1,3,15,0,3,2,1
KR_8342782814,100,WIN,832395,13.87,2,1,5,2,7,6,0,2,1
KR_8342782814,200,LOSE,832395,13.87,2,4,1,6,39,1,3,1,0
KR_8352738124,100,LOSE,1009891,16.83,3,1,1,1,11,0,1,0,1
KR_8352738124,200,WIN,1009891,16.83,1,3,0,1,13,3,1,3,1
KR_8352659845,100,WIN,701030,11.68,7,1,0,2,3,2,4,3,0
KR_8352659845,200,LOSE,701030,11.68,2,3,1,7,10,2,3,0,0
KR_8352629017,100,LOSE,878424,14.64,1,3,1,6,12,0,4,2,0
KR_8352629017,200,WIN,878424,14.64,8,0,1,2,9,7,0,1,2
KR_8352550445,100,LOSE,939641,15.66,2,2,2,4,11,1,2,0,0
KR_8352550445,200,WIN,939641,15.66,2,4,1,0,14,5,0,3,1
KR_8344973899,100,LOSE,984248,16.4,1,1,0,2,12,7,0,1,0
KR_8344973899,200,WIN,984248,16.4,0,0,1,1,16,2,1,2,2
KR_8354048393,100,LOSE,1036911,17.28,1,3,0,3,55,1,3,3,0
KR_8354048393,200,WIN,1036911,17.28,3,1,0,0,24,5,1,0,2
KR_8354021118,100,LOSE,834045,13.9,2,3,1,2,40,0,3,0,0
KR_8354021118,200,WIN,834045,13.9,4,1,0,1,14,2,2,3,1
KR_8352099648,100,WIN,1111528,18.53,2,2,1,4,155,13,2,0,2
KR_8352099648,200,LOSE,1111528,18.53,4,5,2,4,14,4,6,3,0
KR_8352054354,100,WIN,954686,15.91,7,4,1,4,12,4,3,3,1
KR_8352054354,200,LOSE,954686,15.91,5,3,2,5,8,5,3,0,1
KR_8354238756,100,LOSE,708075,11.8,1,4,0,4,7,2,1,3,0
KR_8354238756,200,WIN,708075,11.8,2,1,3,1,9,4,0,0,1
KR_8354236077,100,LOSE,1011442,16.86,2,2,1,5,17,3,0,0,0
KR_8354236077,200,WIN,1011442,16.86,2,3,4,4,15,2,3,3,2
KR_8345824437,100,LOSE,1051101,17.52,0,3,3,2,11,4,2,3,0
KR_8345824437,200,WIN,1051101,17.52,3,3,0,2,18,4,1,0,2
KR_8355246220,100,LOSE,868724,14.48,0,5,1,4,11,4,2,3,0
KR_8355246220,200,WIN,868724,14.48,5,1,2,1,13,5,3,0,1
KR_8355217656,100,WIN,457949,7.63,2,0,3,0,3,0,0,0,0
KR_8355217656,200,LOSE,457949,7.63,0,3,0,2,1,2,0,0,0
KR_8355195685,100,LOSE,866414,14.44,3,5,2,2,17,3,1,3,0
KR_8355195685,200,WIN,866414,14.44,3,1,5,3,7,1,4,0,1
KR_8355175715,100,WIN,605526,10.09,4,3,0,4,3,1,2,0,0
KR_8355175715,200,LOSE,605526,10.09,3,3,2,1,10,2,1,3,0
KR_8355146776,100,WIN,820592,13.68,2,3,0,4,10,3,1,3,0
KR_8355146776,200,LOSE,820592,13.68,4,2,4,3,6,1,2,0,1
KR_8355119685,100,LOSE,1037501,17.29,4,4,1,5,20,3,5,3,0
KR_8355119685,200,WIN,1037501,17.29,4,3,3,2,17,7,1,0,2
KR_8354991353,100,LOSE,989028,16.48,2,5,2,8,55,5,1,3,1
KR_8354991353,200,WIN,989028,16.48,4,1,6,5,13,3,1,0,0
KR_8354925947,100,WIN,1040849,17.35,3,2,1,2,9,7,1,1,0
KR_8354925947,200,LOSE,1040849,17.35,1,5,0,5,7,7,3,2,1
KR_8351653429,100,WIN,790087,13.17,7,3,4,2,7,2,1,0,1
KR_8351653429,200,LOSE,790087,13.17,3,7,2,4,7,0,1,3,1
KR_8351625865,100,LOSE,771647,12.86,8,7,0,6,5,5,3,3,0
KR_8351625865,200,WIN,771647,12.86,9,4,5,6,3,3,1,0,1
KR_8351626184,100,LOSE,957531,15.96,7,1,0,0,11,7,3,0,1
KR_8351626184,200,WIN,957531,15.96,1,4,0,4,7,1,4,3,1
KR_8351599649,100,LOSE,828988,13.82,5,7,0,5,7,1,5,3,0
KR_8351599649,200,WIN,828988,13.82,6,2,5,2,5,4,1,0,1
KR_8351584974,100,LOSE,801065,13.35,1,6,1,5,10,3,2,3,0
KR_8351584974,200,WIN,801065,13.35,5,1,4,3,5,3,1,0,1
KR_8355051334,100,WIN,830050,13.83,4,3,2,5,11,1,2,0,1
KR_8355051334,200,LOSE,830050,13.83,3,2,0,2,10,6,4,3,0
KR_8355022241,100,WIN,736391,12.27,7,3,0,1,13,4,0,2,1
KR_8355022241,200,LOSE,736391,12.27,2,5,2,2,19,0,2,1,0
KR_8354973212,100,WIN,987346,16.46,4,2,2,0,15,2,1,3,1
KR_8354973212,200,LOSE,987346,16.46,1,4,0,3,13,0,4,0,0
KR_8354909856,100,WIN,1132311,18.87,6,3,1,8,16,4,4,3,1
KR_8354909856,200,LOSE,1132311,18.87,5,4,3,4,10,7,3,0,2
KR_8354843742,100,WIN,1033001,17.22,2,3,2,2,24,5,0,3,1
KR_8354843742,200,LOSE,1033001,17.22,3,4,1,2,12,1,3,0,1
KR_8354800210,100,WIN,768302,12.81,0,1,3,3,10,4,0,3,1
KR_8354800210,200,LOSE,768302,12.81,0,2,2,2,11,1,2,0,0
KR_8354730754,100,LOSE,728859,12.15,1,5,0,5,9,0,1,3,1
KR_8354730754,200,WIN,728859,12.15,11,0,0,0,11,1,1,0,1
KR_8351454232,100,LOSE,855124,14.25,3,1,2,9,10,1,2,3,1
KR_8351454232,200,WIN,855124,14.25,4,1,0,3,20,6,6,0,1
KR_8351384865,100,WIN,988423,16.47,2,2,0,2,10,5,1,1,0
KR_8351384865,200,LOSE,988423,16.47,2,2,1,2,13,2,0,2,1
KR_8347538215,100,LOSE,886778,14.78,5,4,1,5,41,2,5,0,0
KR_8347538215,200,WIN,886778,14.78,1,3,7,4,9,4,2,3,2
KR_8354902016,100,LOSE,826296,13.77,0,3,0,0,41,2,1,0,0
KR_8354902016,200,WIN,826296,13.77,2,1,1,0,8,1,1,3,1
KR_8354824821,100,LOSE,561462,9.36,0,4,0,1,3,2,1,3,0
KR_8354824821,200,WIN,561462,9.36,3,0,0,1,4,0,2,0,1
KR_8354786469,100,WIN,950904,15.85,5,3,1,3,9,7,2,1,2
KR_8354786469,200,LOSE,950904,15.85,4,3,0,5,13,3,5,2,0
KR_8353700709,100,WIN,801280,13.35,3,3,2,4,5,3,0,3,1
KR_8353700709,200,LOSE,801280,13.35,2,2,0,3,10,5,3,0,1
KR_8352737371,100,LOSE,764558,12.74,3,4,1,3,9,6,2,3,0
KR_8352737371,200,WIN,764558,12.74,5,1,2,6,9,2,2,0,1
KR_8350314991,100,WIN,939221,15.65,5,0,2,2,12,5,3,3,1
KR_8350314991,200,LOSE,939221,15.65,1,5,0,3,8,4,7,0,0
KR_8350270629,100,WIN,962029,16.03,8,2,0,3,14,1,2,0,1
KR_8350270629,200,LOSE,962029,16.03,5,5,0,3,9,1,1,3,0
KR_8350103528,100,LOSE,960540,16.01,1,4,1,2,6,4,5,3,0
KR_8350103528,200,WIN,960540,16.01,5,1,0,1,19,6,1,0,1
KR_8350086317,100,LOSE,736819,12.28,3,4,0,4,9,5,1,3,0
KR_8350086317,200,WIN,736819,12.28,1,2,2,4,8,3,2,0,1
KR_8350059547,100,WIN,764759,12.75,6,3,2,1,7,3,2,3,0
KR_8350059547,200,LOSE,764759,12.75,0,5,2,3,6,3,4,0,1
KR_8349386794,100,WIN,885661,14.76,3,5,4,8,12,1,1,3,0
KR_8349386794,200,LOSE,885661,14.76,7,3,4,4,8,7,1,0,1
KR_8349316199,100,LOSE,676880,11.28,0,2,1,2,7,4,1,0,0
KR_8349316199,200,WIN,676880,11.28,4,1,0,2,10,1,2,3,1
KR_8348313851,100,WIN,957852,15.96,10,2,2,4,17,6,4,3,1
KR_8348313851,200,LOSE,957852,15.96,5,6,2,6,11,4,4,0,1
KR_8348268604,100,WIN,865277,14.42,6,3,0,2,7,4,1,0,2
KR_8348268604,200,LOSE,865277,14.42,1,2,1,5,7,2,3,3,0
KR_8348180518,100,LOSE,818526,13.64,2,1,0,5,41,2,0,0,1
KR_8348180518,200,WIN,818526,13.64,1,1,3,1,12,1,1,3,0
KR_8347931820,100,WIN,652538,10.88,3,1,1,0,6,2,1,1,1
KR_8347931820,200,LOSE,652538,10.88,0,2,0,3,5,1,0,2,0
KR_8347269747,100,LOSE,957849,15.96,3,3,0,2,13,3,1,3,0
KR_8347269747,200,WIN,957849,15.96,5,3,0,2,13,0,4,0,1
KR_8351595724,100,WIN,822116,13.7,3,2,1,2,38,5,0,3,2
KR_8351595724,200,LOSE,822116,13.7,3,3,0,1,7,4,4,0,0
KR_8351578947,100,WIN,931910,15.53,1,2,2,1,48,5,1,3,1
KR_8351578947,200,LOSE,931910,15.53,2,5,1,1,8,0,2,0,0
KR_8351585167,100,WIN,648133,10.8,7,2,3,1,4,2,1,3,0
KR_8351585167,200,LOSE,648133,10.8,2,5,0,6,1,0,2,0,0
KR_8351577187,100,LOSE,671902,11.2,0,4,2,4,4,3,2,0,0
KR_8351577187,200,WIN,671902,11.2,4,2,1,0,5,7,2,3,2
KR_8351554948,100,LOSE,1031257,17.19,2,2,1,6,18,3,3,2,0
KR_8351554948,200,WIN,1031257,17.19,7,2,0,2,16,4,3,1,2
KR_8351559213,100,WIN,912305,15.21,1,3,0,3,13,3,5,0,0
KR_8351559213,200,LOSE,912305,15.21,2,1,1,1,18,7,1,3,2
KR_8346999189,100,WIN,932622,15.54,2,3,1,6,18,3,2,1,0
KR_8346999189,200,LOSE,932622,15.54,6,3,1,4,8,3,0,2,1
KR_8346959199,100,WIN,905171,15.09,5,4,1,3,25,3,2,1,0
KR_8346959199,200,LOSE,905171,15.09,1,7,1,1,6,9,0,2,2
KR_8346938257,100,WIN,761462,12.69,3,2,1,1,5,8,0,3,0
KR_8346938257,200,LOSE,761462,12.69,0,4,1,6,5,4,3,0,1
KR_8339573973,100,WIN,874142,14.57,3,1,2,1,12,4,3,0,1
KR_8339573973,200,LOSE,874142,14.57,1,4,1,2,13,1,1,3,1
KR_8338121203,100,LOSE,704366,11.74,1,5,1,4,7,2,1,0,0
KR_8338121203,200,WIN,704366,11.74,6,2,3,0,5,3,1,3,2
KR_8338102892,100,WIN,770640,12.84,1,1,5,5,6,4,2,3,1
KR_8338102892,200,LOSE,770640,12.84,4,1,1,2,8,2,6,0,0
KR_8338103521,100,WIN,859362,14.32,7,0,0,0,11,3,1,0,0
KR_8338103521,200,LOSE,859362,14.32,0,4,0,4,8,1,3,3,1
KR_8338108003,100,LOSE,933897,15.56,0,5,8,6,7,3,4,2,1
KR_8338108003,200,WIN,933897,15.56,7,1,1,6,11,11,3,1,1
KR_8337875727,100,WIN,832767,13.88,3,1,0,1,11,3,3,2,1
KR_8337875727,200,LOSE,832767,13.88,0,2,0,3,7,5,2,1,0
KR_8339272971,100,LOSE,1029177,17.15,7,8,4,9,27,1,3,3,0
KR_8339272971,200,WIN,1029177,17.15,3,7,7,5,12,6,0,0,2
KR_8339263999,100,WIN,705215,11.75,4,1,0,1,6,5,2,3,0
KR_8339263999,200,LOSE,705215,11.75,3,2,0,3,0,3,2,0,0
KR_8339242682,100,LOSE,857862,14.3,1,3,3,3,12,2,0,3,0
KR_8339242682,200,WIN,857862,14.3,3,2,1,3,12,2,1,0,1
KR_8339226494,100,LOSE,936693,15.61,2,5,1,6,8,5,3,0,0
KR_8339226494,200,WIN,936693,15.61,7,3,2,2,16,1,1,3,1
KR_8337958523,100,LOSE,913101,15.22,1,5,2,2,34,2,0,3,0
KR_8337958523,200,WIN,913101,15.22,6,2,1,1,9,2,2,0,2
KR_8347223952,100,LOSE,870449,14.51,1,5,0,5,11,7,3,0,0
KR_8347223952,200,WIN,870449,14.51,5,2,2,3,12,3,3,3,1
KR_8348382627,100,WIN,1007386,16.79,7,4,0,1,15,6,2,3,0
KR_8348382627,200,LOSE,1007386,16.79,3,5,0,3,10,3,6,0,1
KR_8347536448,100,WIN,829961,13.83,2,1,2,3,9,8,6,3,1
KR_8347536448,200,LOSE,829961,13.83,0,5,4,5,6,3,3,0,0
KR_8346420070,100,LOSE,902993,15.05,3,5,0,5,12,3,2,3,0
KR_8346420070,200,WIN,902993,15.05,6,5,2,0,15,3,2,0,1
KR_8353849292,100,LOSE,858909,14.32,4,4,5,3,8,4,4,0,0
KR_8353849292,200,WIN,858909,14.32,2,6,2,5,9,3,1,3,1
KR_8353774589,100,LOSE,987869,16.46,4,2,2,3,17,7,6,0,0
KR_8353774589,200,WIN,987869,16.46,5,3,1,3,13,9,4,3,2
KR_8344912812,100,LOSE,832350,13.87,4,6,1,3,5,3,0,0,0
KR_8344912812,200,WIN,832350,13.87,4,3,0,2,11,6,1,3,1
KR_8344402031,100,WIN,927790,15.46,4,2,2,0,14,2,1,0,1
KR_8344402031,200,LOSE,927790,15.46,1,2,1,4,14,1,2,3,1
KR_8355065137,100,WIN,769232,12.82,6,2,5,2,11,3,3,2,0
KR_8355065137,200,LOSE,769232,12.82,1,6,1,6,13,5,0,1,1
KR_8354996055,100,LOSE,830154,13.84,1,4,4,7,9,6,2,0,1
KR_8354996055,200,WIN,830154,13.84,5,2,1,1,18,3,4,3,0
KR_8354926062,100,LOSE,1133971,18.9,8,5,1,6,18,3,1,0,0
KR_8354926062,200,WIN,1133971,18.9,8,3,1,2,12,5,4,3,2
KR_8354860487,100,LOSE,764289,12.74,1,4,0,4,4,1,1,0,0
KR_8354860487,200,WIN,764289,12.74,8,0,0,3,11,1,0,3,1
KR_8354096715,100,WIN,979601,16.33,6,3,1,1,15,2,2,0,1
KR_8354096715,200,LOSE,979601,16.33,5,3,0,5,12,2,5,3,0
KR_8354074377,100,WIN,805573,13.43,1,5,1,4,5,2,1,3,1
KR_8354074377,200,LOSE,805573,13.43,7,2,1,2,6,3,1,0,0
KR_8354033957,100,LOSE,924496,15.41,3,2,0,3,9,7,4,3,1
KR_8354033957,200,WIN,924496,15.41,2,4,1,2,10,5,3,0,1
KR_8354003756,100,LOSE,957817,15.96,1,3,2,4,7,4,5,0,0
KR_8354003756,200,WIN,957817,15.96,2,3,1,1,11,12,1,3,2
KR_8345831037,100,LOSE,930643,15.51,2,7,1,4,8,7,1,2,1
KR_8345831037,200,WIN,930643,15.51,1,4,8,6,9,5,0,1,0
KR_8345794003,100,LOSE,961623,16.03,2,2,4,5,11,3,0,3,2
KR_8345794003,200,WIN,961623,16.03,5,5,1,4,13,3,2,0,0
KR_8345754070,100,WIN,819105,13.65,4,2,2,1,10,3,3,0,0
KR_8345754070,200,LOSE,819105,13.65,0,2,1,6,13,5,1,3,1
KR_8345704814,100,LOSE,880612,14.68,3,2,2,3,11,5,3,3,1
KR_8345704814,200,WIN,880612,14.68,5,3,0,2,10,1,2,0,0
KR_8345664998,100,LOSE,596740,9.95,0,3,2,4,25,3,1,0,0
KR_8345664998,200,WIN,596740,9.95,5,0,0,2,8,2,1,3,1
KR_8345637588,100,LOSE,707372,11.79,2,5,1,6,10,1,2,3,0
KR_8345637588,200,WIN,707372,11.79,6,1,4,1,5,2,2,0,1
KR_8353526050,100,WIN,859943,14.33,4,1,0,2,11,4,3,1,1
KR_8353526050,200,LOSE,859943,14.33,3,2,0,2,12,2,4,2,1
KR_8341816984,100,LOSE,940909,15.68,5,2,0,2,14,0,2,3,0
KR_8341816984,200,WIN,940909,15.68,3,3,0,2,48,2,1,0,2
KR_8338186897,100,LOSE,934874,15.58,7,6,1,1,11,1,3,0,1
KR_8338186897,200,WIN,934874,15.58,3,5,4,3,14,2,1,3,1
KR_8338171865,100,WIN,821850,13.7,0,1,3,3,11,1,3,2,0
KR_8338171865,200,LOSE,821850,13.7,4,0,0,1,12,3,1,1,1
KR_8337987761,100,LOSE,714699,11.91,2,3,0,2,8,0,1,0,0
KR_8337987761,200,WIN,714699,11.91,4,0,0,1,9,1,2,3,0
KR_8337086980,100,LOSE,823678,13.73,4,3,1,2,13,2,3,0,1
KR_8337086980,200,WIN,823678,13.73,2,1,1,5,8,5,1,3,0
KR_8352434785,100,WIN,1066262,17.77,9,3,5,3,20,6,0,1,2
KR_8352434785,200,LOSE,1066262,17.77,1,5,3,8,14,2,6,2,0
KR_8352374154,100,WIN,1022282,17.04,0,4,0,2,14,5,2,3,1
KR_8352374154,200,LOSE,1022282,17.04,3,1,2,1,13,2,4,0,1
KR_8355129856,100,LOSE,650838,10.85,0,3,0,2,4,0,2,1,0
KR_8355129856,200,WIN,650838,10.85,6,0,0,0,11,3,0,2,0
KR_8355109466,100,LOSE,1019002,16.98,4,5,1,2,20,1,4,0,0
KR_8355109466,200,WIN,1019002,16.98,2,3,2,5,151,6,0,3,2
KR_8355078258,100,LOSE,1000427,16.67,5,5,2,5,14,0,4,0,0
KR_8355078258,200,WIN,1000427,16.67,6,4,1,3,25,8,2,3,1
KR_8355039340,100,WIN,1090811,18.18,2,1,0,0,9,5,4,1,1
KR_8355039340,200,LOSE,1090811,18.18,1,2,0,1,31,6,3,2,2
KR_8354895720,100,WIN,858311,14.31,2,3,1,2,14,1,3,3,1
KR_8354895720,200,LOSE,858311,14.31,2,2,2,3,134,4,2,0,1
KR_8354827862,100,WIN,914219,15.24,2,1,5,1,138,5,1,1,1
KR_8354827862,200,LOSE,914219,15.24,0,2,0,5,17,0,4,2,0
KR_8352835398,100,WIN,959767,16.0,5,2,1,2,9,0,2,0,0
KR_8352835398,200,LOSE,959767,16.0,4,2,0,2,17,2,2,3,2
KR_8350946694,100,LOSE,973585,16.23,3,4,0,4,51,5,2,3,0
KR_8350946694,200,WIN,973585,16.23,5,1,2,4,8,3,4,0,2
KR_8342620516,100,WIN,708968,11.82,2,1,1,0,98,0,1,3,0
KR_8342620516,200,LOSE,708968,11.82,0,2,1,1,12,2,0,0,1
KR_8340463251,100,LOSE,1006196,16.77,0,3,0,0,15,0,3,3,0
KR_8340463251,200,WIN,1006196,16.77,1,0,3,0,18,2,0,0,2
KR_8340392633,100,WIN,1115251,18.59,1,2,1,6,15,7,3,3,0
KR_8340392633,200,LOSE,1115251,18.59,1,4,0,3,67,10,1,0,2
KR_8340299029,100,LOSE,829084,13.82,4,4,0,7,12,4,2,3,1
KR_8340299029,200,WIN,829084,13.82,5,2,5,1,10,2,4,0,0
KR_8340211213,100,WIN,1179078,19.65,2,1,3,5,24,1,6,3,1
KR_8340211213,200,LOSE,1179078,19.65,6,2,0,2,21,9,1,0,2
KR_8352009322,100,WIN,955570,15.93,2,2,1,0,19,3,0,3,2
KR_8352009322,200,LOSE,955570,15.93,1,4,1,4,18,0,4,0,0
KR_8351944725,100,LOSE,815271,13.59,1,6,0,4,10,4,2,3,1
KR_8351944725,200,WIN,815271,13.59,5,0,2,3,13,5,2,0,1
KR_8351903672,100,WIN,594672,9.91,2,0,2,1,6,3,2,3,0
KR_8351903672,200,LOSE,594672,9.91,1,1,1,4,3,3,1,0,0
KR_8351884026,100,WIN,865377,14.42,5,2,5,2,15,3,0,3,1
KR_8351884026,200,LOSE,865377,14.42,3,2,0,6,16,2,5,0,0
KR_8351830778,100,LOSE,768893,12.81,0,4,1,4,13,2,2,0,0
KR_8351830778,200,WIN,768893,12.81,7,1,0,0,9,4,0,3,2
KR_8351795998,100,WIN,671517,11.19,1,1,0,1,7,4,1,0,1
KR_8351795998,200,LOSE,671517,11.19,1,4,0,0,14,4,2,3,0
KR_8349373591,100,LOSE,847848,14.13,2,2,1,2,51,2,0,3,0
KR_8349373591,200,WIN,847848,14.13,4,2,0,2,6,0,3,0,1
KR_8342027216,100,LOSE,1012078,16.87,3,4,4,6,21,4,0,3,0
KR_8342027216,200,WIN,1012078,16.87,2,2,4,6,14,6,1,0,1
KR_8341982293,100,WIN,791332,13.19,5,2,0,3,6,3,1,3,0
KR_8341982293,200,LOSE,791332,13.19,3,2,2,2,10,1,2,0,1
KR_8341842476,100,LOSE,1024873,17.08,3,1,1,5,13,3,3,2,0
KR_8341842476,200,WIN,1024873,17.08,4,2,0,2,20,5,3,1,2
KR_8337199534,100,LOSE,804877,13.41,1,3,1,5,9,2,4,2,0
KR_8337199534,200,WIN,804877,13.41,6,0,1,1,12,5,2,1,0
KR_8352616903,100,LOSE,1113214,18.55,5,1,1,0,18,1,1,3,0
KR_8352616903,200,WIN,1113214,18.55,0,3,0,2,19,3,1,0,2
KR_8352539851,100,WIN,913816,15.23,5,2,1,1,9,7,3,0,0
KR_8352539851,200,LOSE,913816,15.23,1,5,2,1,8,6,6,3,1
KR_8352483353,100,LOSE,854290,14.24,3,2,0,1,17,0,0,0,0
KR_8352483353,200,WIN,854290,14.24,1,1,0,1,9,5,1,3,2
KR_8352409610,100,LOSE,769604,12.83,2,2,3,2,36,5,3,2,0
KR_8352409610,200,WIN,769604,12.83,2,2,4,2,28,2,3,1,1
KR_8352346449,100,WIN,969523,16.16,2,4,4,4,16,5,1,3,0
KR_8352346449,200,LOSE,969523,16.16,5,4,1,3,14,0,3,0,1
KR_8352281590,100,WIN,1092231,18.2,2,3,1,1,15,1,2,3,1
KR_8352281590,200,LOSE,1092231,18.2,1,2,0,2,17,5,2,0,1
KR_8352244364,100,LOSE,804117,13.4,1,5,1,5,6,1,4,0,0
KR_8352244364,200,WIN,804117,13.4,3,1,3,3,12,10,0,3,1
KR_8352205146,100,LOSE,849379,14.16,3,3,1,3,10,2,4,2,0
KR_8352205146,200,WIN,849379,14.16,4,2,1,2,11,5,0,1,2
KR_8352122688,100,LOSE,957178,15.95,6,3,1,1,13,3,0,3,2
KR_8352122688,200,WIN,957178,15.95,4,3,0,5,15,4,2,0,0
KR_8352128555,100,LOSE,706899,11.78,0,3,0,3,33,0,3,0,0
KR_8352128555,200,WIN,706899,11.78,5,0,0,0,11,3,0,3,2
KR_8352067825,100,WIN,884518,14.74,3,2,0,0,26,2,2,2,0
KR_8352067825,200,LOSE,884518,14.74,1,1,0,3,9,1,3,1,1
KR_8350137959,100,WIN,908126,15.14,3,2,2,2,12,3,2,3,1
KR_8350137959,200,LOSE,908126,15.14,1,3,2,4,10,2,5,0,0
KR_8347904101,100,WIN,738056,12.3,5,2,1,1,11,7,3,3,0
KR_8347904101,200,LOSE,738056,12.3,3,4,3,5,12,1,2,0,1
KR_8347863809,100,WIN,600500,10.01,5,0,5,0,5,0,0,0,1
KR_8347863809,200,LOSE,600500,10.01,0,5,0,2,4,0,2,3,0
KR_8345493557,100,LOSE,968839,16.15,1,1,4,2,16,1,1,1,1
KR_8345493557,200,WIN,968839,16.15,2,2,0,2,12,3,1,2,0
KR_8345480459,100,LOSE,798875,13.31,5,4,1,5,6,4,4,0,0
KR_8345480459,200,WIN,798875,13.31,4,3,0,4,12,1,2,3,0
KR_8345454924,100,LOSE,888542,14.81,0,2,2,1,12,2,1,3,1
KR_8345454924,200,WIN,888542,14.81,3,2,0,0,17,1,2,0,0
KR_8345202290,100,WIN,791089,13.18,5,2,2,2,9,6,1,3,0
KR_8345202290,200,LOSE,791089,13.18,3,3,1,3,12,2,3,0,1
KR_8345146492,100,WIN,1161064,19.35,0,1,0,2,20,3,2,3,0
KR_8345146492,200,LOSE,1161064,19.35,3,2,0,2,39,5,2,0,2
KR_8344037849,100,LOSE,737191,12.29,0,7,1,5,9,1,0,3,0
KR_8344037849,200,WIN,737191,12.29,9,0,1,0,10,0,1,0,1
KR_8344006866,100,LOSE,1039523,17.33,3,2,1,1,14,7,0,0,1
KR_8344006866,200,WIN,1039523,17.33,2,5,0,3,10,3,2,3,0
KR_8342762484,100,LOSE,867974,14.47,3,4,2,5,11,1,0,0,0
KR_8342762484,200,WIN,867974,14.47,5,2,2,3,14,2,2,3,1
KR_8342736004,100,LOSE,895169,14.92,5,7,3,6,11,3,1,3,0
KR_8342736004,200,WIN,895169,14.92,6,6,6,5,14,4,0,0,1
KR_8342280541,100,WIN,889984,14.83,4,3,1,3,11,4,2,3,2
KR_8342280541,200,LOSE,889984,14.83,3,6,2,2,9,3,3,0,0
KR_8342258639,100,LOSE,646566,10.78,1,4,2,3,8,2,2,1,1
KR_8342258639,200,WIN,646566,10.78,5,0,1,3,9,5,1,2,0
KR_8342248640,100,LOSE,878369,14.64,3,3,0,5,9,1,3,3,0
KR_8342248640,200,WIN,878369,14.64,7,3,0,2,9,3,2,0,1
KR_8342246140,100,WIN,804304,13.41,3,2,1,4,11,2,2,0,0
KR_8342246140,200,LOSE,804304,13.41,5,2,1,2,6,6,2,3,1
KR_8342234222,100,WIN,918180,15.3,4,2,1,3,11,5,2,3,1
KR_8342234222,200,LOSE,918180,15.3,3,3,1,6,10,2,1,0,1
KR_8342214720,100,WIN,860779,14.35,0,1,0,0,9,4,1,0,0
KR_8342214720,200,LOSE,860779,14.35,2,2,1,1,16,2,1,3,1
KR_8342219025,100,WIN,977577,16.29,2,3,1,5,11,0,4,3,2
KR_8342219025,200,LOSE,977577,16.29,2,3,2,2,29,7,1,0,0
KR_8341166111,100,WIN,763238,12.72,2,1,1,2,6,2,1,0,1
KR_8341166111,200,LOSE,763238,12.72,2,3,2,2,10,2,1,3,0
KR_8340877085,100,WIN,867512,14.46,3,3,3,0,18,4,0,3,2
KR_8340877085,200,LOSE,867512,14.46,0,5,3,3,18,0,1,0,0
KR_8340831943,100,WIN,833499,13.89,3,0,0,2,9,4,1,3,1
KR_8340831943,200,LOSE,833499,13.89,2,3,0,3,11,1,1,0,0
KR_8340731764,100,WIN,859572,14.33,2,1,3,1,14,6,1,0,1
KR_8340731764,200,LOSE,859572,14.33,1,4,0,5,13,4,1,3,0
KR_8352743928,100,WIN,938086,15.63,5,3,3,4,49,10,0,3,2
KR_8352743928,200,LOSE,938086,15.63,4,8,1,6,10,5,4,0,0
KR_8344329613,100,WIN,1022167,17.04,2,2,1,5,14,2,2,2,0
KR_8344329613,200,LOSE,1022167,17.04,5,3,3,2,15,2,0,1,2
KR_8344259342,100,LOSE,1029912,17.17,2,0,0,0,16,8,1,0,1
KR_8344259342,200,WIN,1029912,17.17,0,2,0,2,53,2,3,3,0
KR_8338827507,100,WIN,905077,15.08,3,1,4,1,13,8,0,3,2
KR_8338827507,200,LOSE,905077,15.08,2,3,0,7,14,0,3,0,0
KR_8354816987,100,WIN,823179,13.72,6,1,0,1,7,2,2,0,0
KR_8354816987,200,LOSE,823179,13.72,0,4,1,3,15,2,1,3,1
KR_8354781128,100,WIN,915173,15.25,5,2,0,1,51,7,1,3,1
KR_8354781128,200,LOSE,915173,15.25,1,3,2,4,8,1,4,0,0
KR_8354676685,100,LOSE,1266530,21.11,1,2,0,4,15,1,3,2,0
KR_8354676685,200,WIN,1266530,21.11,2,0,0,1,23,7,0,1,2
KR_8354617740,100,LOSE,1166408,19.44,6,6,0,3,21,7,4,3,0
KR_8354617740,200,WIN,1166408,19.44,2,4,1,3,16,7,1,0,2
KR_8354583530,100,LOSE,592087,9.87,0,2,3,2,3,4,2,0,1
KR_8354583530,200,WIN,592087,9.87,2,2,1,0,6,1,3,3,0
KR_8353062393,100,WIN,936167,15.6,5,1,1,2,14,7,4,0,0
KR_8353062393,200,LOSE,936167,15.6,3,4,0,4,12,0,4,3,2
KR_8353042983,100,WIN,929572,15.49,1,2,1,0,10,5,2,3,0
KR_8353042983,200,LOSE,929572,15.49,2,2,2,2,4,2,0,0,1
KR_8349760682,100,WIN,858602,14.31,5,4,0,1,36,7,1,0,1
KR_8349760682,200,LOSE,858602,14.31,3,6,3,6,9,2,5,3,1
KR_8349722490,100,WIN,735904,12.27,6,0,1,2,10,1,1,0,0
KR_8349722490,200,LOSE,735904,12.27,2,2,0,4,6,0,3,0,0
KR_8349655436,100,WIN,809260,13.49,4,3,0,2,11,8,3,0,1
KR_8349655436,200,LOSE,809260,13.49,2,3,1,4,11,5,1,3,0
KR_8349580564,100,WIN,792240,13.2,6,1,2,0,12,3,1,0,0
KR_8349580564,200,LOSE,792240,13.2,1,4,1,6,7,0,1,3,2
KR_8349509888,100,LOSE,977076,16.28,6,4,0,3,22,5,2,0,0
KR_8349509888,200,WIN,977076,16.28,5,3,4,4,11,1,2,3,2
KR_8349443413,100,LOSE,1011250,16.85,2,6,4,4,13,4,2,3,2
KR_8349443413,200,WIN,1011250,16.85,8,4,1,3,18,5,3,0,0
KR_8349391167,100,LOSE,952343,15.87,1,1,0,6,14,2,3,1,0
KR_8349391167,200,WIN,952343,15.87,4,1,1,0,10,5,1,2,1
KR_8349325245,100,LOSE,863318,14.39,0,6,4,6,11,2,4,3,0
KR_8349325245,200,WIN,863318,14.39,7,4,3,1,7,6,0,0,1
KR_8349272017,100,WIN,767041,12.78,4,1,4,1,8,5,1,3,1
KR_8349272017,200,LOSE,767041,12.78,1,3,0,3,7,2,5,0,0
KR_8349205740,100,LOSE,1103617,18.39,2,5,4,6,9,6,3,3,0
KR_8349205740,200,WIN,1103617,18.39,6,3,2,5,17,4,4,0,2
KR_8350617046,100,WIN,823366,13.72,4,1,1,0,13,0,3,1,1
KR_8350617046,200,LOSE,823366,13.72,2,3,1,3,8,1,1,2,0
KR_8350573104,100,WIN,896087,14.93,3,0,0,1,7,3,3,0,0
KR_8350573104,200,LOSE,896087,14.93,0,3,1,2,7,4,2,3,1
KR_8350518943,100,WIN,640984,10.68,5,0,2,2,8,1,1,0,0
KR_8350518943,200,LOSE,640984,10.68,1,3,1,3,5,3,1,3,1
KR_8350473222,100,LOSE,865790,14.43,1,8,2,5,12,4,1,3,0
KR_8350473222,200,WIN,865790,14.43,12,2,2,2,5,2,1,0,2
KR_8350426612,100,WIN,775710,12.93,5,0,1,0,13,4,1,0,2
KR_8350426612,200,LOSE,775710,12.93,0,2,0,3,5,1,4,3,0
KR_8350371960,100,LOSE,839282,13.99,2,1,1,1,11,1,2,0,0
KR_8350371960,200,WIN,839282,13.99,3,0,1,3,11,2,1,3,1
KR_8349011729,100,LOSE,952843,15.88,6,3,2,7,18,5,1,3,1
KR_8349011729,200,WIN,952843,15.88,4,3,3,5,13,4,2,0,1
KR_8347577247,100,LOSE,959728,16.0,1,2,1,0,9,3,4,3,1
KR_8347577247,200,WIN,959728,16.0,0,2,2,1,15,7,0,0,1
KR_8353954786,100,WIN,1138512,18.98,7,6,7,1,12,2,1,3,0
KR_8353954786,200,LOSE,1138512,18.98,3,6,1,5,17,5,5,0,1
KR_8353915231,100,WIN,982910,16.38,4,2,4,0,10,1,6,1,2
KR_8353915231,200,LOSE,982910,16.38,0,3,3,3,15,4,5,2,0
KR_8353835405,100,LOSE,706622,11.78,0,3,0,4,4,3,1,3,0
KR_8353835405,200,WIN,706622,11.78,6,1,1,0,6,1,0,0,1
KR_8344573072,100,WIN,1106545,18.44,8,5,3,4,16,3,1,0,0
KR_8344573072,200,LOSE,1106545,18.44,5,7,0,6,22,3,2,3,1
KR_8344502252,100,WIN,903910,15.07,1,2,0,1,5,5,0,0,2
KR_8344502252,200,LOSE,903910,15.07,0,4,2,3,14,5,3,3,0
KR_8344437626,100,WIN,872800,14.55,5,0,3,5,11,4,3,3,1
KR_8344437626,200,LOSE,872800,14.55,0,3,2,4,13,3,3,0,1
KR_8339970703,100,WIN,1264617,21.08,4,0,0,0,27,7,3,0,3
KR_8339970703,200,LOSE,1264617,21.08,0,3,0,3,23,3,3,3,0
KR_8347153589,100,LOSE,1059981,17.67,3,1,0,4,18,5,1,3,1
KR_8347153589,200,WIN,1059981,17.67,5,4,0,5,17,1,5,0,0
KR_8347088628,100,LOSE,833532,13.89,1,4,0,2,11,0,2,0,0
KR_8347088628,200,WIN,833532,13.89,5,1,0,0,42,6,1,3,1
KR_8347054150,100,WIN,1014062,16.9,4,2,1,6,15,7,3,0,0
KR_8347054150,200,LOSE,1014062,16.9,3,6,2,3,19,4,1,3,2
KR_8346983609,100,LOSE,1053881,17.56,2,3,5,3,13,6,2,3,1
KR_8346983609,200,WIN,1053881,17.56,0,2,0,3,16,7,5,0,1
KR_8344887632,100,WIN,817918,13.63,3,2,1,3,14,6,2,3,0
KR_8344887632,200,LOSE,817918,13.63,0,4,3,4,11,4,0,0,1
KR_8344817430,100,WIN,1010723,16.85,2,2,0,2,11,0,3,1,0
KR_8344817430,200,LOSE,1010723,16.85,2,1,0,1,11,6,1,2,2
KR_8344704609,100,WIN,806639,13.44,2,0,0,0,7,7,5,1,1
KR_8344704609,200,LOSE,806639,13.44,2,2,0,2,9,8,3,2,0
KR_8347373509,100,LOSE,794486,13.24,1,6,2,8,11,7,5,3,0
KR_8347373509,200,WIN,794486,13.24,3,3,5,1,7,7,3,0,1
KR_8347337878,100,WIN,858027,14.3,3,3,0,1,17,4,1,3,0
KR_8347337878,200,LOSE,858027,14.3,2,3,2,0,8,4,2,0,1
KR_8352589027,100,LOSE,1015574,16.93,1,3,2,4,17,3,4,0,0
KR_8352589027,200,WIN,1015574,16.93,5,2,3,2,12,1,2,3,2
KR_8352506874,100,LOSE,721057,12.02,4,2,1,3,6,1,3,2,0
KR_8352506874,200,WIN,721057,12.02,4,0,3,1,10,0,4,1,0
KR_8352199240,100,WIN,796539,13.28,4,2,1,2,9,2,1,1,0
KR_8352199240,200,LOSE,796539,13.28,1,5,2,1,8,1,1,2,1
KR_8352140516,100,WIN,1202633,20.04,6,4,1,5,18,2,2,1,1
KR_8352140516,200,LOSE,1202633,20.04,5,4,4,3,19,1,1,2,2
KR_8352052770,100,WIN,977077,16.28,0,1,0,0,9,1,0,1,1
KR_8352052770,200,LOSE,977077,16.28,0,0,0,0,25,1,2,2,0
KR_8339646610,100,WIN,936539,15.61,2,1,1,3,9,3,2,0,0
KR_8339646610,200,LOSE,936539,15.61,2,2,0,2,11,4,1,3,2
KR_8339051842,100,LOSE,894396,14.91,1,3,2,1,49,3,3,0,0
KR_8339051842,200,WIN,894396,14.91,4,2,1,2,12,2,0,3,2
KR_8338988920,100,LOSE,1061861,17.7,1,3,1,2,12,8,4,3,1
KR_8338988920,200,WIN,1061861,17.7,7,1,0,1,13,3,3,0,1
KR_8338887884,100,LOSE,1084491,18.07,0,3,4,2,15,2,2,2,2
KR_8338887884,200,WIN,1084491,18.07,4,1,3,2,17,1,7,1,1
KR_8354600236,100,WIN,963388,16.06,3,2,1,2,13,4,2,0,2
KR_8354600236,200,LOSE,963388,16.06,5,5,1,3,11,2,3,3,0
KR_8354551861,100,LOSE,1054648,17.58,2,3,1,0,22,3,2,3,0
KR_8354551861,200,WIN,1054648,17.58,3,2,0,1,11,5,2,0,2
KR_8354519931,100,WIN,1132058,18.87,7,3,3,2,21,2,2,1,3
KR_8354519931,200,LOSE,1132058,18.87,1,5,2,1,16,5,3,2,0
KR_8354250800,100,WIN,957650,15.96,4,2,1,1,10,3,1,3,2
KR_8354250800,200,LOSE,957650,15.96,3,2,0,2,9,3,4,0,0
KR_8354238761,100,LOSE,1104145,18.4,1,4,1,7,20,10,2,3,1
KR_8354238761,200,WIN,1104145,18.4,4,5,3,5,15,10,2,0,1
KR_8353544171,100,WIN,917214,15.29,2,1,1,1,124,1,1,3,1
KR_8353544171,200,LOSE,917214,15.29,0,1,0,2,10,2,1,0,1
KR_8352082092,100,WIN,778450,12.97,1,2,5,1,5,11,1,3,2
KR_8352082092,200,LOSE,778450,12.97,3,5,0,4,6,1,4,0,0
KR_8352011859,100,WIN,1056510,17.61,3,3,4,2,17,8,3,3,0
KR_8352011859,200,LOSE,1056510,17.61,0,6,9,9,18,4,1,0,2
KR_8351737150,100,WIN,755430,12.59,11,1,0,4,11,1,1,3,1
KR_8351737150,200,LOSE,755430,12.59,3,6,2,5,8,2,2,0,0
KR_8351710587,100,LOSE,558427,9.31,1,2,0,0,5,0,1,0,0
KR_8351710587,200,WIN,558427,9.31,2,1,0,0,6,2,0,3,1
KR_8351680903,100,WIN,792281,13.2,7,1,1,0,8,3,1,0,0
KR_8351680903,200,LOSE,792281,13.2,2,6,0,3,40,0,2,3,1
KR_8351548590,100,WIN,801891,13.36,6,4,7,4,6,3,2,3,1
KR_8351548590,200,LOSE,801891,13.36,6,6,1,8,6,2,1,0,1
KR_8351334186,100,WIN,1060533,17.68,9,2,4,7,21,6,2,3,1
KR_8351334186,200,LOSE,1060533,17.68,4,5,1,7,14,3,4,0,1
KR_8349343028,100,LOSE,981720,16.36,3,2,4,6,34,2,1,3,2
KR_8349343028,200,WIN,981720,16.36,0,4,2,5,16,7,0,0,0
KR_8349242001,100,WIN,1011042,16.85,3,2,1,3,7,5,0,0,1
KR_8349242001,200,LOSE,1011042,16.85,3,3,0,4,17,6,0,3,0
KR_8349155269,100,LOSE,798724,13.31,0,6,1,6,9,1,1,3,0
KR_8349155269,200,WIN,798724,13.31,10,0,1,1,7,4,1,0,1
KR_8342358858,100,LOSE,849346,14.16,2,1,1,2,11,4,1,0,1
KR_8342358858,200,WIN,849346,14.16,1,4,2,3,57,1,0,3,0
KR_8344284379,100,LOSE,888081,14.8,6,2,0,5,46,3,2,3,1
KR_8344284379,200,WIN,888081,14.8,3,2,2,3,6,2,2,0,1
KR_8347703974,100,WIN,763675,12.73,0,1,1,0,4,4,5,0,1
KR_8347703974,200,LOSE,763675,12.73,0,1,2,1,5,4,2,3,0
KR_8353059701,100,WIN,887137,14.79,4,3,1,2,16,4,1,1,1
KR_8353059701,200,LOSE,887137,14.79,1,4,2,1,8,4,4,2,1
KR_8353033004,100,WIN,861457,14.36,6,1,0,3,10,6,2,3,1
KR_8353033004,200,LOSE,861457,14.36,2,4,3,4,11,1,3,0,1
KR_8352965690,100,LOSE,1182562,19.71,0,3,1,1,17,4,1,0,1
KR_8352965690,200,WIN,1182562,19.71,2,0,0,3,70,2,2,3,1
KR_8352940631,100,WIN,971481,16.19,8,3,1,1,8,1,3,0,2
KR_8352940631,200,LOSE,971481,16.19,4,6,0,5,9,4,2,3,0
KR_8350958376,100,WIN,889120,14.82,3,0,0,0,14,9,2,2,0
KR_8350958376,200,LOSE,889120,14.82,0,4,0,3,12,1,4,1,1
KR_8350833989,100,WIN,681321,11.36,5,1,2,0,5,0,1,1,0
KR_8350833989,200,LOSE,681321,11.36,1,4,0,3,9,0,1,2,0
KR_8339296317,100,LOSE,731111,12.19,3,5,2,5,8,5,3,3,0
KR_8339296317,200,WIN,731111,12.19,8,4,6,2,10,0,2,0,1
KR_8339278872,100,WIN,963761,16.06,8,1,1,2,14,4,0,3,1
KR_8339278872,200,LOSE,963761,16.06,3,5,0,4,10,1,3,0,0
KR_8339275727,100,WIN,881028,14.68,6,2,3,5,7,4,4,2,0
KR_8339275727,200,LOSE,881028,14.68,3,5,2,5,13,6,2,1,1
KR_8342921607,100,LOSE,1085837,18.1,4,7,4,5,19,5,4,1,0
KR_8342921607,200,WIN,1085837,18.1,8,5,3,5,24,7,3,2,2
KR_8348629618,100,WIN,985049,16.42,2,1,4,1,17,3,1,1,0
KR_8348629618,200,LOSE,985049,16.42,2,3,0,3,11,3,1,2,1
KR_8348606265,100,LOSE,1000122,16.67,0,1,0,1,13,3,4,0,1
KR_8348606265,200,WIN,1000122,16.67,1,1,2,0,10,2,0,3,1
KR_8348444831,100,LOSE,802677,13.38,4,4,3,5,6,5,2,0,0
KR_8348444831,200,WIN,802677,13.38,4,5,3,3,9,5,4,3,2
KR_8344737820,100,WIN,896376,14.94,7,2,1,4,15,4,1,1,1
KR_8344737820,200,LOSE,896376,14.94,4,4,4,6,15,0,4,2,0
KR_8344683645,100,WIN,1279798,21.33,7,5,0,6,23,10,6,3,2
KR_8344683645,200,LOSE,1279798,21.33,8,7,2,6,20,2,6,0,1
KR_8344621368,100,WIN,717765,11.96,4,2,2,2,5,0,4,1,0
KR_8344621368,200,LOSE,717765,11.96,4,3,0,3,11,6,0,2,1
KR_8350830478,100,WIN,818983,13.65,4,0,3,1,9,2,1,3,1
KR_8350830478,200,LOSE,818983,13.65,0,3,0,4,10,2,0,0,1
KR_8350781574,100,LOSE,854354,14.24,0,4,1,2,10,2,1,2,0
KR_8350781574,200,WIN,854354,14.24,2,1,4,1,11,2,0,1,2
KR_8350727613,100,LOSE,1063278,17.72,5,5,0,5,18,3,3,3,3
KR_8350727613,200,WIN,1063278,17.72,7,4,1,3,15,4,1,0,0
KR_8349749084,100,WIN,943451,15.72,6,4,2,2,17,6,0,3,1
KR_8349749084,200,LOSE,943451,15.72,5,4,2,6,10,0,3,0,1
KR_8349704403,100,WIN,875656,14.59,2,2,3,2,20,7,1,3,1
KR_8349704403,200,LOSE,875656,14.59,4,4,1,5,8,1,3,0,0
KR_8349651214,100,WIN,835778,13.93,5,1,0,1,10,4,1,2,1
KR_8349651214,200,LOSE,835778,13.93,0,4,1,2,12,1,3,1,0
KR_8349584174,100,WIN,1033077,17.22,3,3,5,2,14,5,1,0,2
KR_8349584174,200,LOSE,1033077,17.22,3,5,2,3,18,2,3,3,0
KR_8349495824,100,LOSE,1151774,19.2,5,3,4,4,32,5,2,1,0
KR_8349495824,200,WIN,1151774,19.2,1,5,0,6,20,6,6,2,2
KR_8349399609,100,WIN,845885,14.1,9,3,2,1,10,1,3,0,0
KR_8349399609,200,LOSE,845885,14.1,2,6,3,3,10,4,3,3,2
KR_8349353968,100,WIN,837543,13.96,9,0,1,1,7,1,1,2,2
KR_8349353968,200,LOSE,837543,13.96,1,6,0,4,9,5,3,1,0
KR_8349316039,100,LOSE,969970,16.17,3,2,2,6,10,6,3,3,0
KR_8349316039,200,WIN,969970,16.17,5,4,3,3,12,3,3,0,1
KR_8349239472,100,WIN,698075,11.63,1,1,3,1,8,3,2,3,1
KR_8349239472,200,LOSE,698075,11.63,1,3,0,3,1,1,1,0,0
KR_8349208536,100,WIN,819569,13.66,7,3,1,2,7,3,1,3,1
KR_8349208536,200,LOSE,819569,13.66,3,5,3,4,11,0,0,0,0
KR_8347912163,100,WIN,797997,13.3,2,2,1,1,9,4,2,2,0
KR_8347912163,200,LOSE,797997,13.3,0,1,2,3,17,4,2,1,1
KR_8341868288,100,LOSE,928963,15.48,1,2,0,2,8,2,3,3,1
KR_8341868288,200,WIN,928963,15.48,2,3,2,2,19,2,1,0,1
KR_8353909532,100,WIN,699819,11.66,0,1,1,2,10,6,1,0,1
KR_8353909532,200,LOSE,699819,11.66,1,2,3,2,13,0,2,3,0
KR_8353848759,100,WIN,979156,16.32,9,6,2,2,12,2,3,0,1
KR_8353848759,200,LOSE,979156,16.32,3,9,6,1,10,3,2,3,1
KR_8352451203,100,LOSE,906156,15.1,5,3,0,3,9,2,1,0,0
KR_8352451203,200,WIN,906156,15.1,5,3,0,5,10,2,1,3,2
KR_8352365262,100,LOSE,1077869,17.96,4,2,2,3,19,1,1,0,2
KR_8352365262,200,WIN,1077869,17.96,2,2,1,4,17,6,1,3,0
KR_8352308455,100,WIN,765656,12.76,6,0,2,4,11,3,3,0,1
KR_8352308455,200,LOSE,765656,12.76,1,5,1,3,8,4,5,3,0
KR_8352252787,100,LOSE,766892,12.78,0,1,1,3,13,2,1,3,0
KR_8352252787,200,WIN,766892,12.78,3,0,1,1,10,3,1,0,1
KR_8352188397,100,WIN,941232,15.69,2,4,6,2,9,6,5,3,0
KR_8352188397,200,LOSE,941232,15.69,5,5,0,6,12,2,4,0,0
KR_8352142274,100,LOSE,891770,14.86,3,3,1,2,11,6,2,3,0
KR_8352142274,200,WIN,891770,14.86,2,2,2,2,11,3,2,0,1
KR_8352094626,100,LOSE,612212,10.2,2,5,2,7,3,1,0,3,0
KR_8352094626,200,WIN,612212,10.2,9,2,3,2,6,1,2,0,0
KR_8352045869,100,WIN,953674,15.89,4,6,2,7,15,5,5,2,1
KR_8352045869,200,LOSE,953674,15.89,6,7,5,1,10,7,3,1,0
KR_8352019422,100,LOSE,740968,12.35,1,4,1,7,6,0,5,0,1
KR_8352019422,200,WIN,740968,12.35,8,0,1,1,6,7,0,3,1
KR_8351972574,100,WIN,828167,13.8,4,1,0,2,11,1,4,3,1
KR_8351972574,200,LOSE,828167,13.8,2,1,0,2,6,4,2,0,1
KR_8351922211,100,LOSE,988243,16.47,4,3,2,3,14,5,1,0,1
KR_8351922211,200,WIN,988243,16.47,2,7,1,3,53,6,2,3,1
KR_8351846118,100,LOSE,1011158,16.85,2,5,1,5,13,1,2,3,0
KR_8351846118,200,WIN,1011158,16.85,5,3,1,3,11,5,0,0,2
KR_8351773894,100,LOSE,1033891,17.23,3,1,0,1,20,4,4,0,2
KR_8351773894,200,WIN,1033891,17.23,0,4,0,3,18,7,3,3,0
KR_8351543660,100,LOSE,915121,15.25,1,3,2,4,13,3,5,3,1
KR_8351543660,200,WIN,915121,15.25,1,2,3,0,52,7,4,0,0
KR_8351517943,100,WIN,886000,14.77,5,3,1,2,9,1,5,3,0
KR_8351517943,200,LOSE,886000,14.77,3,4,5,2,10,4,4,0,0
KR_8351487873,100,WIN,881794,14.7,4,0,0,5,8,4,0,2,0
KR_8351487873,200,LOSE,881794,14.7,2,2,2,5,7,1,1,1,1
KR_8351460713,100,WIN,957227,15.95,4,4,0,5,17,6,2,3,1
KR_8351460713,200,LOSE,957227,15.95,7,3,1,4,16,4,3,0,1
KR_8351423245,100,LOSE,1132040,18.87,4,4,1,6,11,4,5,3,0
KR_8351423245,200,WIN,1132040,18.87,5,1,1,1,19,12,5,0,3
KR_8350979078,100,LOSE,912088,15.2,3,3,1,4,11,4,2,0,0
KR_8350979078,200,WIN,912088,15.2,1,3,1,2,16,6,1,3,1
KR_8350892774,100,LOSE,851330,14.19,2,3,2,4,7,2,1,0,0
KR_8350892774,200,WIN,851330,14.19,5,4,2,3,8,1,4,3,1
KR_8350845329,100,WIN,789292,13.15,5,0,1,2,3,4,0,2,1
KR_8350845329,200,LOSE,789292,13.15,0,3,0,6,13,0,1,1,1
KR_8350756276,100,WIN,911949,15.2,2,0,2,1,13,4,1,0,0
KR_8350756276,200,LOSE,911949,15.2,1,2,0,3,12,2,2,3,2
KR_8350702773,100,WIN,1080780,18.01,1,5,0,3,18,1,3,3,0
KR_8350702773,200,LOSE,1080780,18.01,1,0,0,1,16,9,0,0,2
KR_8350670308,100,LOSE,569076,9.48,0,3,1,4,4,0,1,0,1
KR_8350670308,200,WIN,569076,9.48,8,1,0,0,4,1,2,3,0
KR_8350607538,100,LOSE,1118997,18.65,5,2,6,7,10,3,1,0,1
KR_8350607538,200,WIN,1118997,18.65,2,3,4,6,15,6,4,3,1
KR_8350571442,100,WIN,832111,13.87,5,2,5,2,8,6,0,3,1
KR_8350571442,200,LOSE,832111,13.87,2,3,2,5,10,0,4,0,1
KR_8350513912,100,LOSE,862974,14.38,1,5,0,4,48,4,4,3,0
KR_8350513912,200,WIN,862974,14.38,6,3,1,3,10,4,0,0,1
KR_8350475141,100,WIN,961856,16.03,8,3,3,5,12,1,5,3,1
KR_8350475141,200,LOSE,961856,16.03,4,4,2,5,12,8,6,0,1
KR_8346448369,100,WIN,861065,14.35,4,4,1,2,8,2,5,2,0
KR_8346448369,200,LOSE,861065,14.35,4,4,0,2,12,3,1,1,1
KR_8346421217,100,WIN,1081418,18.02,5,5,1,3,14,7,1,3,1
KR_8346421217,200,LOSE,1081418,18.02,3,5,0,3,32,9,3,0,1
KR_8346396427,100,WIN,889214,14.82,1,4,1,1,11,3,1,3,1
KR_8346396427,200,LOSE,889214,14.82,5,4,0,2,14,1,3,0,0
KR_8346354779,100,LOSE,959756,16.0,4,6,2,3,14,3,1,3,0
KR_8346354779,200,WIN,959756,16.0,7,3,3,4,13,0,1,0,2
KR_8346333053,100,LOSE,850539,14.18,1,2,0,2,8,3,2,0,0
KR_8346333053,200,WIN,850539,14.18,3,2,1,1,14,4,3,3,2
KR_8345279411,100,WIN,653855,10.9,5,0,1,1,16,2,1,0,1
KR_8345279411,200,LOSE,653855,10.9,0,3,1,4,7,3,1,3,0
KR_8345259170,100,WIN,881183,14.69,5,3,4,2,12,5,2,0,2
KR_8345259170,200,LOSE,881183,14.69,1,4,2,5,12,2,2,3,0
KR_8345196060,100,WIN,1035268,17.25,3,4,3,5,19,4,1,3,2
KR_8345196060,200,LOSE,1035268,17.25,3,3,2,5,19,3,0,0,0
KR_8345155183,100,WIN,828692,13.81,6,2,3,2,12,6,1,0,2
KR_8345155183,200,LOSE,828692,13.81,2,5,2,6,8,0,2,3,0
KR_8345083693,100,LOSE,939115,15.65,6,6,2,2,5,0,6,0,1
KR_8345083693,200,WIN,939115,15.65,4,2,1,3,13,8,1,3,1
KR_8345027038,100,WIN,959933,16.0,0,2,3,3,15,8,4,2,1
KR_8345027038,200,LOSE,959933,16.0,5,0,0,5,11,3,1,1,1
KR_8341408260,100,LOSE,824515,13.74,2,3,2,2,10,5,2,3,0
KR_8341408260,200,WIN,824515,13.74,1,2,0,0,9,5,6,0,2
KR_8341356498,100,WIN,860110,14.34,3,4,2,2,13,6,1,3,1
KR_8341356498,200,LOSE,860110,14.34,5,3,0,3,8,0,3,0,1
KR_8341302787,100,LOSE,914655,15.24,5,0,2,5,13,4,3,0,1
KR_8341302787,200,WIN,914655,15.24,3,2,1,3,16,4,2,3,0
KR_8341258761,100,WIN,1058067,17.63,5,4,3,2,62,5,4,3,3
KR_8341258761,200,LOSE,1058067,17.63,5,1,1,4,13,2,4,0,0
KR_8341164763,100,WIN,1010390,16.84,2,1,1,2,17,4,4,3,0
KR_8341164763,200,LOSE,1010390,16.84,1,1,1,3,12,9,1,0,2
KR_8341052299,100,WIN,797699,13.29,10,1,2,0,9,6,0,3,2
KR_8341052299,200,LOSE,797699,13.29,0,4,1,9,8,1,3,0,0
KR_8341013249,100,LOSE,1010898,16.85,2,3,2,4,5,3,1,0,1
KR_8341013249,200,WIN,1010898,16.85,4,3,3,2,10,2,4,3,0
KR_8339516707,100,WIN,733101,12.22,2,3,2,1,9,4,1,3,1
KR_8339516707,200,LOSE,733101,12.22,2,2,2,2,5,1,3,0,0
KR_8339509308,100,WIN,880737,14.68,3,4,0,2,9,1,5,3,0
KR_8339509308,200,LOSE,880737,14.68,4,1,3,3,10,5,0,0,2
KR_8339221525,100,WIN,974618,16.24,1,1,1,0,15,3,1,3,1
KR_8339221525,200,LOSE,974618,16.24,0,3,0,1,10,2,3,0,1
KR_8339215078,100,LOSE,892246,14.87,3,4,0,2,11,2,4,0,0
KR_8339215078,200,WIN,892246,14.87,2,3,0,1,9,5,1,3,2
KR_8339178459,100,WIN,959011,15.98,2,4,1,5,16,2,2,3,0
KR_8339178459,200,LOSE,959011,15.98,4,3,0,2,13,8,0,0,2
KR_8339148321,100,WIN,1131610,18.86,3,6,2,6,24,4,4,3,1
KR_8339148321,200,LOSE,1131610,18.86,8,4,1,2,19,3,4,0,2
KR_8339079861,100,LOSE,1110376,18.51,3,5,1,3,21,4,5,0,1
KR_8339079861,200,WIN,1110376,18.51,6,2,3,4,9,6,2,3,2
KR_8354465996,100,WIN,886858,14.78,10,3,2,2,12,3,0,3,1
KR_8354465996,200,LOSE,886858,14.78,3,9,2,7,7,2,4,0,0
KR_8354433972,100,LOSE,939046,15.65,5,9,5,8,10,4,2,3,1
KR_8354433972,200,WIN,939046,15.65,10,8,4,5,9,5,1,0,0
KR_8354417441,100,LOSE,664459,11.07,2,7,0,4,7,0,1,3,0
KR_8354417441,200,WIN,664459,11.07,9,1,1,1,8,2,1,0,1
KR_8354388859,100,LOSE,909457,15.16,3,6,1,4,15,4,1,3,0
KR_8354388859,200,WIN,909457,15.16,8,5,0,1,7,5,1,0,1
KR_8354370351,100,WIN,730206,12.17,3,2,4,1,10,2,1,3,1
KR_8354370351,200,LOSE,730206,12.17,1,3,3,4,5,0,1,0,0
KR_8353704396,100,WIN,1040088,17.33,1,1,2,3,20,4,3,3,0
KR_8353704396,200,LOSE,1040088,17.33,2,3,0,0,17,3,2,0,2
KR_8353644679,100,LOSE,897322,14.96,2,5,0,5,13,8,5,1,0
KR_8353644679,200,WIN,897322,14.96,4,3,4,3,13,3,4,2,2
KR_8353599729,100,LOSE,889069,14.82,6,5,2,2,14,4,2,0,0
KR_8353599729,200,WIN,889069,14.82,5,5,1,4,11,2,1,3,2
KR_8353426014,100,WIN,929869,15.5,2,0,0,0,15,8,2,1,1
KR_8353426014,200,LOSE,929869,15.5,0,1,0,2,8,3,2,2,0
KR_8353369473,100,LOSE,611049,10.18,3,4,1,4,3,4,2,0,0
KR_8353369473,200,WIN,611049,10.18,7,2,3,3,4,2,3,1,0
KR_8353333640,100,LOSE,936994,15.62,6,6,3,3,14,4,3,1,1
KR_8353333640,200,WIN,936994,15.62,3,5,4,4,12,5,4,2,1
KR_8353301672,100,WIN,856199,14.27,2,2,3,0,10,1,2,3,2
KR_8353301672,200,LOSE,856199,14.27,0,0,2,4,9,2,5,0,0
KR_8353272412,100,LOSE,831474,13.86,0,2,1,4,5,6,5,0,0
KR_8353272412,200,WIN,831474,13.86,2,2,1,3,38,4,1,3,1
KR_8353246194,100,WIN,811427,13.52,4,2,1,1,9,3,4,3,1
KR_8353246194,200,LOSE,811427,13.52,2,4,1,4,30,4,3,0,0
KR_8352475962,100,WIN,1007173,16.79,1,4,2,3,34,7,3,3,2
KR_8352475962,200,LOSE,1007173,16.79,2,3,7,3,12,2,7,0,0
KR_8352407840,100,WIN,916377,15.27,6,1,1,2,12,2,0,3,1
KR_8352407840,200,LOSE,916377,15.27,1,3,1,4,10,1,2,0,0
KR_8352354265,100,LOSE,1012166,16.87,1,4,1,3,22,9,2,0,0
KR_8352354265,200,WIN,1012166,16.87,3,3,1,4,11,7,2,3,2
KR_8349741101,100,LOSE,940281,15.67,5,3,4,2,15,7,3,3,0
KR_8349741101,200,WIN,940281,15.67,3,4,1,5,15,4,2,0,1
KR_8349101238,100,LOSE,915973,15.27,1,2,4,5,11,3,1,1,0
KR_8349101238,200,WIN,915973,15.27,1,1,8,2,17,1,3,2,0
KR_8348776481,100,WIN,926716,15.45,9,3,1,2,9,3,3,3,1
KR_8348776481,200,LOSE,926716,15.45,3,5,2,4,15,4,4,0,0
KR_8348636931,100,WIN,796276,13.27,7,7,1,5,5,3,2,3,1
KR_8348636931,200,LOSE,796276,13.27,7,3,4,5,4,3,4,0,1
KR_8348628795,100,LOSE,994371,16.57,3,2,0,0,14,2,2,1,1
KR_8348628795,200,WIN,994371,16.57,2,3,2,1,13,4,0,2,1
KR_8348616737,100,LOSE,767617,12.79,2,2,0,1,12,6,1,3,0
KR_8348616737,200,WIN,767617,12.79,0,0,2,3,9,2,3,0,1
KR_8348602522,100,LOSE,942980,15.72,5,5,2,2,16,3,3,3,0
KR_8348602522,200,WIN,942980,15.72,1,5,4,3,15,4,1,0,2
KR_8348579784,100,LOSE,910631,15.18,1,5,5,2,12,2,2,3,0
KR_8348579784,200,WIN,910631,15.18,6,0,1,2,17,3,6,0,1
KR_8348554981,100,WIN,1091754,18.2,4,4,5,4,18,4,2,1,0
KR_8348554981,200,LOSE,1091754,18.2,3,7,0,8,20,5,0,2,3
KR_8348530698,100,LOSE,1128762,18.81,5,2,1,2,17,2,5,0,2
KR_8348530698,200,WIN,1128762,18.81,2,2,1,3,11,6,1,3,0
KR_8348492995,100,LOSE,909724,15.16,3,1,5,8,16,2,2,1,0
KR_8348492995,200,WIN,909724,15.16,1,3,4,3,9,6,1,2,2
KR_8348469482,100,LOSE,834971,13.92,2,3,0,4,9,7,3,1,0
KR_8348469482,200,WIN,834971,13.92,5,2,2,1,11,2,4,2,1
KR_8348412753,100,WIN,1111701,18.53,3,1,4,3,13,8,2,3,0
KR_8348412753,200,LOSE,1111701,18.53,2,4,3,1,11,0,7,0,2
KR_8348357561,100,LOSE,879513,14.66,4,3,1,2,11,1,4,1,1
KR_8348357561,200,WIN,879513,14.66,2,3,0,2,13,5,1,2,0
KR_8344652729,100,WIN,930698,15.51,2,1,0,3,10,1,1,3,1
KR_8344652729,200,LOSE,930698,15.51,3,1,3,3,13,1,4,0,1
KR_8344616150,100,WIN,856252,14.27,7,0,2,3,9,3,1,0,1
KR_8344616150,200,LOSE,856252,14.27,0,5,2,3,8,1,2,3,0
KR_8344526349,100,WIN,914882,15.25,4,1,4,3,13,7,1,3,1
KR_8344526349,200,LOSE,914882,15.25,1,5,1,5,12,3,4,0,0
KR_8344488759,100,LOSE,771078,12.85,2,1,0,3,7,2,2,0,0
KR_8344488759,200,WIN,771078,12.85,2,1,1,1,11,6,0,3,2
KR_8344425409,100,LOSE,1003255,16.72,3,3,0,3,13,2,1,0,0
KR_8344425409,200,WIN,1003255,16.72,6,3,0,1,15,1,3,3,2
KR_8344353899,100,WIN,960828,16.01,8,2,1,4,13,0,2,0,1
KR_8344353899,200,LOSE,960828,16.01,0,3,2,5,12,9,0,3,1
KR_8344297414,100,WIN,867361,14.46,3,1,1,4,14,1,2,0,1
KR_8344297414,200,LOSE,867361,14.46,3,4,1,1,11,5,0,3,1
KR_8344238191,100,LOSE,675715,11.26,0,4,6,2,6,5,1,0,1
KR_8344238191,200,WIN,675715,11.26,2,2,0,3,8,3,3,3,0
KR_8343481323,100,LOSE,764301,12.74,0,1,0,0,17,1,2,0,1
KR_8343481323,200,WIN,764301,12.74,1,1,0,0,9,2,2,3,0
KR_8343413182,100,WIN,908656,15.14,10,4,0,3,9,2,1,3,1
KR_8343413182,200,LOSE,908656,15.14,4,5,3,5,10,1,2,0,0
KR_8343071600,100,LOSE,1026952,17.12,4,5,0,3,11,3,3,2,0
KR_8343071600,200,WIN,1026952,17.12,3,3,4,3,14,2,1,1,1
KR_8342983478,100,WIN,1035330,17.26,3,3,1,3,17,7,1,0,0
KR_8342983478,200,LOSE,1035330,17.26,2,6,2,2,13,4,5,3,2
KR_8342935125,100,LOSE,961120,16.02,2,1,0,3,56,2,3,0,0
KR_8342935125,200,WIN,961120,16.02,2,2,1,0,18,6,1,3,2
KR_8342867778,100,WIN,853063,14.22,5,4,0,3,13,4,3,3,1
KR_8342867778,200,LOSE,853063,14.22,4,3,2,3,14,5,5,0,1
KR_8342665169,100,LOSE,1054887,17.58,4,2,1,2,15,1,1,0,0
KR_8342665169,200,WIN,1054887,17.58,0,0,1,6,15,4,1,3,1
KR_8342609496,100,WIN,821937,13.7,5,0,3,3,10,8,0,3,2
KR_8342609496,200,LOSE,821937,13.7,2,6,0,7,8,3,6,0,0
KR_8342543935,100,LOSE,730831,12.18,3,3,1,4,8,4,1,0,0
KR_8342543935,200,WIN,730831,12.18,4,2,0,5,10,5,0,3,1
KR_8342512456,100,WIN,770609,12.84,7,0,1,1,6,5,1,3,0
KR_8342512456,200,LOSE,770609,12.84,0,3,0,3,9,5,4,0,0
KR_8342428520,100,LOSE,689467,11.49,0,1,0,3,8,0,0,3,0
KR_8342428520,200,WIN,689467,11.49,1,0,1,0,6,1,0,0,1
KR_8342379553,100,WIN,1388370,23.14,2,4,2,6,197,9,2,3,2
KR_8342379553,200,LOSE,1388370,23.14,7,5,2,3,18,6,6,0,1
KR_8342353718,100,WIN,800778,13.35,5,2,3,0,12,1,2,1,2
KR_8342353718,200,LOSE,800778,13.35,0,2,2,3,5,3,4,2,0
KR_8342340034,100,WIN,908956,15.15,3,4,0,2,8,8,2,1,1
KR_8342340034,200,LOSE,908956,15.15,4,3,0,4,6,6,5,2,0
KR_8341726258,100,LOSE,852457,14.21,1,6,4,4,7,1,4,3,0
KR_8341726258,200,WIN,852457,14.21,6,3,3,1,7,3,2,0,0
KR_8341672275,100,LOSE,816394,13.61,5,7,0,8,6,2,0,0,0
KR_8341672275,200,WIN,816394,13.61,13,5,1,2,7,2,1,3,1
KR_8341586954,100,WIN,986436,16.44,1,4,1,3,13,4,2,3,0
KR_8341586954,200,LOSE,986436,16.44,9,2,0,0,45,1,4,0,2
KR_8341527666,100,WIN,667678,11.13,10,1,2,0,5,1,1,0,0
KR_8341527666,200,LOSE,667678,11.13,1,5,0,6,6,1,1,3,1
KR_8341476273,100,WIN,540600,9.01,6,2,5,0,2,6,1,0,0
KR_8341476273,200,LOSE,540600,9.01,1,5,1,7,1,0,6,0,0
KR_8341381889,100,LOSE,795310,13.26,0,4,1,3,10,1,0,3,0
KR_8341381889,200,WIN,795310,13.26,5,2,2,0,9,0,1,0,1
KR_8341336609,100,WIN,859415,14.32,10,3,2,1,11,2,1,0,1
KR_8341336609,200,LOSE,859415,14.32,3,8,1,7,9,1,2,3,0
KR_8341276827,100,WIN,854293,14.24,7,0,2,3,10,5,4,3,1
KR_8341276827,200,LOSE,854293,14.24,0,4,2,3,40,3,3,0,1
KR_8340916925,100,WIN,869721,14.5,3,1,11,1,7,3,3,0,1
KR_8340916925,200,LOSE,869721,14.5,1,7,1,6,10,1,5,3,1
KR_8340890720,100,WIN,824059,13.73,7,2,2,2,6,4,0,0,2
KR_8340890720,200,LOSE,824059,13.73,2,2,2,9,4,1,3,3,0
KR_8340862013,100,LOSE,961184,16.02,3,5,3,2,9,6,0,0,1
KR_8340862013,200,WIN,961184,16.02,1,4,1,4,14,9,1,3,0
KR_8340695487,100,WIN,1175674,19.59,4,4,4,3,18,2,2,0,2
KR_8340695487,200,LOSE,1175674,19.59,1,5,5,4,12,3,0,3,1
KR_8339385856,100,LOSE,795476,13.26,3,3,2,4,9,3,2,0,1
KR_8339385856,200,WIN,795476,13.26,3,4,2,4,10,2,2,3,0
KR_8339374456,100,WIN,1013458,16.89,3,1,2,2,18,8,3,0,1
KR_8339374456,200,LOSE,1013458,16.89,2,3,2,1,18,1,2,3,0
KR_8339363145,100,WIN,836292,13.94,6,4,6,4,7,1,5,2,1
KR_8339363145,200,LOSE,836292,13.94,6,7,0,7,4,9,3,1,1
KR_8339337752,100,WIN,861170,14.35,5,3,0,3,31,2,3,2,2
KR_8339337752,200,LOSE,861170,14.35,3,3,2,3,9,4,0,1,0
KR_8339328815,100,LOSE,858160,14.3,2,4,0,3,8,10,1,3,0
KR_8339328815,200,WIN,858160,14.3,5,2,2,2,10,2,3,0,1
KR_8339319412,100,WIN,900070,15.0,1,9,2,0,13,3,2,0,0
KR_8339319412,200,LOSE,900070,15.0,8,4,1,3,7,2,0,3,0
KR_8339300893,100,WIN,765492,12.76,2,2,0,1,10,7,0,3,0
KR_8339300893,200,LOSE,765492,12.76,0,2,1,2,7,4,1,0,1
KR_8338576619,100,WIN,1104949,18.42,3,5,2,2,58,9,2,2,1
KR_8338576619,200,LOSE,1104949,18.42,5,2,2,6,17,2,5,1,0
KR_8338550707,100,LOSE,928617,15.48,3,8,8,6,10,4,4,1,0
KR_8338550707,200,WIN,928617,15.48,12,7,2,3,9,3,3,2,1
KR_8338516625,100,LOSE,918933,15.32,1,7,0,4,7,3,3,0,0
KR_8338516625,200,WIN,918933,15.32,8,1,1,1,9,4,0,3,1
KR_8338495073,100,LOSE,941188,15.69,1,4,2,5,7,4,2,0,0
KR_8338495073,200,WIN,941188,15.69,5,2,2,4,49,6,2,3,1
KR_8338469705,100,WIN,795116,13.25,2,0,1,2,8,6,1,3,0
KR_8338469705,200,LOSE,795116,13.25,0,3,0,2,3,2,3,0,1
KR_8337071819,100,LOSE,650404,10.84,0,2,0,2,7,2,0,3,1
KR_8337071819,200,WIN,650404,10.84,2,0,0,0,6,3,2,0,0
KR_8337047996,100,WIN,831435,13.86,1,1,2,5,12,7,4,3,1
KR_8337047996,200,LOSE,831435,13.86,5,2,3,3,36,5,6,0,0
KR_8354782103,100,WIN,912316,15.21,2,0,2,3,49,5,3,3,1
KR_8354782103,200,LOSE,912316,15.21,0,1,0,3,14,3,3,0,1
KR_8351741989,100,WIN,855378,14.26,8,2,1,2,7,0,2,3,1
KR_8351741989,200,LOSE,855378,14.26,1,4,1,3,10,1,2,0,0
KR_8351729101,100,LOSE,654860,10.91,5,6,4,7,8,4,1,1,1
KR_8351729101,200,WIN,654860,10.91,4,7,5,1,6,3,6,2,0
KR_8351142067,100,LOSE,886619,14.78,1,4,1,4,9,0,3,3,2
KR_8351142067,200,WIN,886619,14.78,2,2,3,0,14,8,1,0,0
KR_8350950244,100,WIN,824751,13.75,6,0,2,4,13,1,1,0,0
KR_8350950244,200,LOSE,824751,13.75,1,3,3,5,5,3,0,3,1
KR_8350783746,100,LOSE,1123164,18.72,5,4,3,7,19,4,0,2,2
KR_8350783746,200,WIN,1123164,18.72,3,4,2,5,29,10,3,1,1
KR_8350667748,100,WIN,941371,15.69,3,1,0,2,12,7,0,3,0
KR_8350667748,200,LOSE,941371,15.69,2,2,1,3,12,0,2,0,1
KR_8350619433,100,LOSE,712181,11.87,0,4,0,4,6,2,3,0,0
KR_8350619433,200,WIN,712181,11.87,6,1,1,0,4,4,0,3,1
KR_8350209383,100,LOSE,831066,13.85,2,4,0,5,13,2,2,3,1
KR_8350209383,200,WIN,831066,13.85,4,1,1,2,9,6,0,0,1
KR_8350152928,100,WIN,1236582,20.61,2,5,5,4,21,4,3,3,1
KR_8350152928,200,LOSE,1236582,20.61,1,2,0,2,23,6,2,0,2
KR_8350125907,100,LOSE,978600,16.31,2,3,3,0,6,6,3,1,1
KR_8350125907,200,WIN,978600,16.31,2,4,3,3,12,2,3,2,1
KR_8349687262,100,LOSE,915934,15.27,4,5,6,0,9,3,5,0,2
KR_8349687262,200,WIN,915934,15.27,4,5,3,5,11,3,5,3,0
KR_8343309233,100,LOSE,894938,14.92,1,2,0,3,12,2,3,3,0
KR_8343309233,200,WIN,894938,14.92,2,1,0,4,13,4,3,0,1
KR_8343213985,100,WIN,855466,14.26,0,2,1,0,12,6,1,3,0
KR_8343213985,200,LOSE,855466,14.26,2,2,0,1,8,1,2,0,0
KR_8342719741,100,WIN,963797,16.06,9,3,2,3,9,7,3,3,1
KR_8342719741,200,LOSE,963797,16.06,1,7,1,5,15,5,2,0,1
KR_8342652895,100,WIN,1031777,17.2,1,4,1,3,17,4,1,3,2
KR_8342652895,200,LOSE,1031777,17.2,4,2,0,0,12,4,5,0,0
KR_8350674592,100,WIN,834356,13.91,2,2,1,2,10,0,6,3,0
KR_8350674592,200,LOSE,834356,13.91,2,2,1,1,16,5,2,0,2
KR_8350620534,100,WIN,1037964,17.3,2,2,1,2,15,6,1,3,0
KR_8350620534,200,LOSE,1037964,17.3,2,2,1,2,11,2,3,0,2
KR_8349290171,100,WIN,826758,13.78,2,2,1,1,11,4,1,3,1
KR_8349290171,200,LOSE,826758,13.78,1,1,0,4,5,4,0,0,1
KR_8351872859,100,LOSE,804355,13.41,3,2,3,4,6,1,3,3,0
KR_8351872859,200,WIN,804355,13.41,2,2,2,2,8,5,2,0,1
KR_8346527145,100,LOSE,726802,12.11,1,3,0,3,31,0,1,3,0
KR_8346527145,200,WIN,726802,12.11,5,1,2,2,9,1,1,0,0
KR_8346518469,100,LOSE,837542,13.96,2,3,0,3,7,5,2,3,0
KR_8346518469,200,WIN,837542,13.96,2,3,1,3,9,3,3,0,1
KR_8346510340,100,LOSE,624201,10.4,2,4,1,4,3,1,3,3,1
KR_8346510340,200,WIN,624201,10.4,8,1,1,2,7,4,3,0,0
KR_8346498817,100,LOSE,975093,16.25,6,6,2,4,19,0,0,0,0
KR_8346498817,200,WIN,975093,16.25,6,5,2,2,13,4,2,3,2
KR_8346497537,100,WIN,805221,13.42,3,2,3,0,9,1,0,3,1
KR_8346497537,200,LOSE,805221,13.42,2,4,0,4,5,3,1,0,0
KR_8343905550,100,WIN,712400,11.87,2,1,3,0,10,1,0,3,1
KR_8343905550,200,LOSE,712400,11.87,0,3,0,1,8,2,2,0,0
KR_8343886771,100,LOSE,838471,13.97,1,2,1,5,11,3,5,0,1
KR_8343886771,200,WIN,838471,13.97,3,3,5,3,4,5,2,3,1
KR_8343891079,100,LOSE,937294,15.62,2,2,1,2,13,2,5,0,1
KR_8343891079,200,WIN,937294,15.62,7,1,0,0,8,3,2,3,0
KR_8343863590,100,WIN,831082,13.85,7,4,0,3,10,5,2,3,1
KR_8343863590,200,LOSE,831082,13.85,7,4,1,4,10,3,5,0,0
KR_8343870007,100,WIN,728053,12.13,7,0,2,1,8,2,1,3,0
KR_8343870007,200,LOSE,728053,12.13,0,6,1,4,11,2,3,0,0
KR_8343852655,100,LOSE,612795,10.21,0,6,0,2,2,1,1,2,0
KR_8343852655,200,WIN,612795,10.21,8,0,0,0,3,1,0,0,1
KR_8338800210,100,WIN,1279252,21.32,5,2,3,1,21,1,3,0,1
KR_8338800210,200,LOSE,1279252,21.32,1,4,1,4,18,3,2,3,2
KR_8338767255,100,WIN,706506,11.78,6,1,2,0,8,5,1,3,1
KR_8338767255,200,LOSE,706506,11.78,0,3,0,4,10,1,4,0,0
KR_8338108920,100,LOSE,896554,14.94,4,4,3,3,10,3,1,2,2
KR_8338108920,200,WIN,896554,14.94,3,1,1,5,13,4,1,1,0
KR_8338105740,100,WIN,855955,14.27,8,0,4,3,12,6,2,3,1
KR_8338105740,200,LOSE,855955,14.27,0,4,2,7,7,1,4,0,1
KR_8338097438,100,WIN,533188,8.89,3,1,3,2,4,1,0,0,0
KR_8338097438,200,LOSE,533188,8.89,1,4,1,2,2,3,0,3,0
KR_8338106083,100,WIN,914348,15.24,1,3,0,3,11,6,0,2,1
KR_8338106083,200,LOSE,914348,15.24,4,3,1,0,5,4,3,1,0
KR_8354963329,100,LOSE,717844,11.96,7,3,3,2,4,2,2,0,0
KR_8354963329,200,WIN,717844,11.96,5,4,0,6,6,1,1,3,1
KR_8354891207,100,LOSE,1034761,17.25,5,3,1,6,17,3,4,0,0
KR_8354891207,200,WIN,1034761,17.25,7,2,2,3,17,4,1,3,1
KR_8354812719,100,LOSE,857640,14.29,3,3,1,4,11,4,1,0,1
KR_8354812719,200,WIN,857640,14.29,4,2,2,2,11,2,3,3,1
KR_8354764193,100,LOSE,1059735,17.66,4,3,0,4,15,4,4,3,0
KR_8354764193,200,WIN,1059735,17.66,3,1,1,4,23,3,5,0,1
KR_8354660892,100,LOSE,963251,16.05,0,6,1,3,11,2,2,2,0
KR_8354660892,200,WIN,963251,16.05,1,3,6,0,9,5,2,1,2
KR_8354618695,100,LOSE,761525,12.69,0,6,4,6,10,7,3,0,0
KR_8354618695,200,WIN,761525,12.69,3,2,4,4,9,8,2,3,1
KR_8354603091,100,LOSE,641622,10.69,2,3,0,3,6,1,1,0,0
KR_8354603091,200,WIN,641622,10.69,2,2,2,2,3,1,0,3,0
KR_8353928347,100,LOSE,1053184,17.55,5,1,2,4,11,3,5,0,0
KR_8353928347,200,WIN,1053184,17.55,2,4,2,2,14,2,1,3,1
KR_8353885327,100,WIN,1009714,16.83,2,2,5,3,17,5,4,2,0
KR_8353885327,200,LOSE,1009714,16.83,2,4,1,6,11,4,1,1,1
KR_8353816313,100,WIN,796720,13.28,1,4,1,4,96,2,3,3,0
KR_8353816313,200,LOSE,796720,13.28,5,3,2,3,8,6,3,0,1
KR_8353749962,100,LOSE,733720,12.23,1,4,0,4,18,3,1,3,0
KR_8353749962,200,WIN,733720,12.23,8,0,1,1,8,0,1,0,1
KR_8353694146,100,LOSE,762884,12.71,0,2,2,5,12,3,5,0,0
KR_8353694146,200,WIN,762884,12.71,7,1,0,2,10,4,2,3,1
KR_8353614757,100,LOSE,817918,13.63,0,2,1,3,9,5,1,0,0
KR_8353614757,200,WIN,817918,13.63,4,3,0,2,7,3,2,3,1
KR_8353575085,100,WIN,1236331,20.61,5,4,3,2,19,3,3,0,2
KR_8353575085,200,LOSE,1236331,20.61,3,4,0,3,13,9,4,3,1
KR_8353521257,100,LOSE,765144,12.75,3,2,1,5,4,1,2,3,1
KR_8353521257,200,WIN,765144,12.75,3,0,2,1,6,1,2,0,0
KR_8352778654,100,WIN,718536,11.98,5,0,1,0,7,4,1,0,1
KR_8352778654,200,LOSE,718536,11.98,0,3,0,6,5,2,1,3,0
KR_8352705621,100,LOSE,981776,16.36,1,1,0,1,12,7,2,3,1
KR_8352705621,200,WIN,981776,16.36,1,2,0,1,12,3,2,0,1
KR_8352635635,100,WIN,961126,16.02,3,3,0,3,16,9,4,0,2
KR_8352635635,200,LOSE,961126,16.02,5,3,0,4,14,5,3,3,0
KR_8352601235,100,WIN,857973,14.3,2,0,0,0,9,4,2,3,1
KR_8352601235,200,LOSE,857973,14.3,0,3,0,1,13,2,3,0,0
KR_8352510415,100,LOSE,1063696,17.73,1,4,1,4,31,7,2,0,0
KR_8352510415,200,WIN,1063696,17.73,2,3,7,6,7,2,3,3,2
KR_8352438206,100,WIN,760712,12.68,1,1,2,0,7,0,1,0,1
KR_8352438206,200,LOSE,760712,12.68,0,2,1,1,10,3,0,3,0
KR_8352377285,100,LOSE,1105683,18.43,5,3,0,2,7,2,4,0,0
KR_8352377285,200,WIN,1105683,18.43,4,5,0,3,18,7,1,3,3
KR_8352322063,100,WIN,803737,13.4,4,0,1,0,12,3,1,3,1
KR_8352322063,200,LOSE,803737,13.4,1,3,0,4,8,3,0,0,1
KR_8352237732,100,WIN,1014154,16.9,2,3,1,4,7,4,1,0,0
KR_8352237732,200,LOSE,1014154,16.9,0,4,1,1,17,9,1,3,2
KR_8352180568,100,LOSE,944892,15.75,4,3,0,3,21,10,2,3,0
KR_8352180568,200,WIN,944892,15.75,0,2,1,3,7,7,1,0,1
KR_8352089780,100,LOSE,1013997,16.9,3,3,2,2,10,0,3,2,1
KR_8352089780,200,WIN,1013997,16.9,1,2,2,1,12,6,3,1,0
KR_8352069129,100,WIN,885136,14.75,7,0,1,4,8,3,3,3,1
KR_8352069129,200,LOSE,885136,14.75,3,3,1,4,12,2,3,0,1
KR_8352015383,100,LOSE,717809,11.96,0,4,1,5,5,0,1,3,0
KR_8352015383,200,WIN,717809,11.96,7,1,0,0,8,4,0,0,1
KR_8351622029,100,LOSE,778422,12.97,3,4,0,5,9,5,3,0,0
KR_8351622029,200,WIN,778422,12.97,4,4,6,3,5,6,1,3,1
KR_8351607126,100,WIN,979876,16.33,8,4,0,3,13,3,2,3,2
KR_8351607126,200,LOSE,979876,16.33,3,4,4,5,4,4,3,0,0
KR_8351590627,100,LOSE,1037003,17.28,4,5,1,4,11,0,3,3,0
KR_8351590627,200,WIN,1037003,17.28,2,5,2,2,14,3,3,0,2
KR_8351594011,100,WIN,833063,13.88,4,2,0,2,11,1,1,0,1
KR_8351594011,200,LOSE,833063,13.88,1,3,2,1,16,1,1,3,1
KR_8350757322,100,WIN,863949,14.4,4,3,1,5,10,4,1,3,1
KR_8350757322,200,LOSE,863949,14.4,1,5,0,3,8,6,0,0,1
KR_8350699460,100,LOSE,1007046,16.78,3,4,1,4,12,7,1,3,0
KR_8350699460,200,WIN,1007046,16.78,4,5,2,3,13,0,2,0,1
KR_8350637921,100,WIN,982865,16.38,5,4,6,5,12,2,6,3,1
KR_8350637921,200,LOSE,982865,16.38,5,5,1,5,13,10,4,0,1
KR_8350602178,100,WIN,765217,12.75,2,2,2,1,8,2,2,0,0
KR_8350602178,200,LOSE,765217,12.75,0,4,2,3,6,4,1,3,1
KR_8350555138,100,LOSE,799514,13.33,1,4,1,5,8,3,4,0,1
KR_8350555138,200,WIN,799514,13.33,3,2,4,3,10,5,1,3,0
KR_8350504459,100,WIN,696799,11.61,6,0,3,0,8,1,2,3,0
KR_8350504459,200,LOSE,696799,11.61,0,5,0,1,6,1,3,0,1
KR_8350464345,100,LOSE,897549,14.96,2,5,1,2,7,4,4,0,0
KR_8350464345,200,WIN,897549,14.96,2,1,4,3,9,3,2,3,1
KR_8350318011,100,LOSE,962941,16.05,17,6,1,0,10,3,6,1,1
KR_8350318011,200,WIN,962941,16.05,1,11,5,9,11,12,3,2,0
KR_8350257871,100,WIN,1030178,17.17,2,3,0,5,17,5,3,0,2
KR_8350257871,200,LOSE,1030178,17.17,2,4,4,2,9,2,3,3,1
KR_8350205692,100,LOSE,963648,16.06,4,5,2,3,10,2,2,3,0
KR_8350205692,200,WIN,963648,16.06,2,4,1,3,9,7,2,0,1
KR_8350158544,100,LOSE,1214634,20.24,4,1,5,3,17,7,0,3,1
KR_8350158544,200,WIN,1214634,20.24,1,3,1,7,12,3,5,0,1
KR_8350139007,100,WIN,832644,13.88,8,2,1,2,14,8,2,1,0
KR_8350139007,200,LOSE,832644,13.88,1,7,2,6,7,2,4,2,2
KR_8350095744,100,WIN,961168,16.02,8,1,1,1,13,2,2,3,0
KR_8350095744,200,LOSE,961168,16.02,0,4,1,4,6,2,1,0,1
KR_8349669438,100,WIN,989520,16.49,5,3,5,2,9,4,2,2,1
KR_8349669438,200,LOSE,989520,16.49,4,6,2,3,8,1,3,1,0
KR_8349604442,100,WIN,960420,16.01,1,3,1,3,55,6,4,2,0
KR_8349604442,200,LOSE,960420,16.01,5,1,0,2,16,7,3,1,2
KR_8349558310,100,LOSE,713176,11.89,0,0,0,4,5,0,0,0,0
KR_8349558310,200,WIN,713176,11.89,0,0,0,0,7,3,0,3,1
KR_8349457111,100,WIN,788027,13.13,8,1,3,1,9,2,2,1,1
KR_8349457111,200,LOSE,788027,13.13,1,4,1,7,5,5,2,2,0
KR_8352366365,100,LOSE,736135,12.27,0,1,0,4,11,0,1,3,0
KR_8352366365,200,WIN,736135,12.27,2,0,1,0,23,3,1,0,1
KR_8352292090,100,WIN,800512,13.34,4,3,3,4,8,2,2,3,0
KR_8352292090,200,LOSE,800512,13.34,3,3,1,4,7,5,2,0,1
KR_8352223352,100,LOSE,863809,14.4,1,3,4,4,7,3,5,0,0
KR_8352223352,200,WIN,863809,14.4,6,3,2,1,8,2,3,3,1
KR_8352162949,100,LOSE,797847,13.3,0,4,0,2,9,2,1,3,0
KR_8352162949,200,WIN,797847,13.3,3,1,1,0,14,3,2,0,2
KR_8352095395,100,WIN,908253,15.14,1,1,1,1,11,2,3,0,0
KR_8352095395,200,LOSE,908253,15.14,2,2,0,1,13,1,1,3,2
KR_8352013642,100,LOSE,989307,16.49,3,5,0,5,15,1,3,0,1
KR_8352013642,200,WIN,989307,16.49,2,1,0,0,11,4,2,3,1
KR_8354918212,100,LOSE,890723,14.85,1,2,0,2,11,2,2,0,1
KR_8354918212,200,WIN,890723,14.85,1,1,0,2,18,3,0,3,0
KR_8337756027,100,WIN,854596,14.24,8,3,0,5,15,0,3,2,0
KR_8337756027,200,LOSE,854596,14.24,4,3,5,5,8,5,1,1,1
KR_8344180263,100,LOSE,850702,14.18,1,2,1,0,5,10,1,2,1
KR_8344180263,200,WIN,850702,14.18,1,2,1,3,8,2,4,1,0
KR_8354073706,100,LOSE,880781,14.68,0,2,1,5,6,2,2,0,0
KR_8354073706,200,WIN,880781,14.68,3,0,4,1,11,3,1,3,2
KR_8352965243,100,WIN,861807,14.36,2,4,0,4,12,8,2,0,1
KR_8352965243,200,LOSE,861807,14.36,5,5,2,4,5,3,5,3,0
KR_8352933546,100,WIN,674405,11.24,2,2,3,1,7,1,2,1,0
KR_8352933546,200,LOSE,674405,11.24,1,3,2,1,9,3,2,2,1
KR_8352912115,100,LOSE,923173,15.39,4,1,2,3,10,2,2,2,1
KR_8352912115,200,WIN,923173,15.39,2,4,0,3,12,6,1,1,0
KR_8352864226,100,LOSE,871022,14.52,5,3,1,3,10,6,2,3,1
KR_8352864226,200,WIN,871022,14.52,6,4,0,5,8,3,2,0,1
KR_8352817104,100,WIN,987804,16.46,1,4,1,3,15,3,4,3,0
KR_8352817104,200,LOSE,987804,16.46,2,4,0,1,15,6,1,0,2
KR_8352759060,100,LOSE,855968,14.27,3,3,6,4,8,4,0,0,1
KR_8352759060,200,WIN,855968,14.27,1,5,4,2,6,4,1,3,0
KR_8352663698,100,WIN,814239,13.57,1,3,0,3,12,4,3,3,0
KR_8352663698,200,LOSE,814239,13.57,2,2,3,1,6,5,1,0,2
KR_8352612253,100,LOSE,1062056,17.7,0,2,1,3,17,3,3,2,1
KR_8352612253,200,WIN,1062056,17.7,0,1,0,2,15,12,3,1,1
KR_8352515974,100,WIN,992532,16.54,0,5,6,5,7,4,0,2,1
KR_8352515974,200,LOSE,992532,16.54,7,4,3,3,9,1,3,1,1
KR_8352453302,100,LOSE,829386,13.82,9,2,0,2,15,1,3,0,0
KR_8352453302,200,WIN,829386,13.82,1,3,2,5,16,3,1,3,1
KR_8349712409,100,WIN,773684,12.89,2,1,1,4,10,3,0,3,1
KR_8349712409,200,LOSE,773684,12.89,2,3,1,3,8,3,4,0,0
KR_8349651343,100,LOSE,1080079,18.0,4,4,0,5,18,1,2,3,1
KR_8349651343,200,WIN,1080079,18.0,2,3,3,1,11,8,0,0,2
KR_8349566110,100,WIN,883997,14.73,1,2,0,4,10,3,1,1,0
KR_8349566110,200,LOSE,883997,14.73,4,1,0,1,9,2,1,2,2
KR_8349519008,100,WIN,655876,10.93,8,3,5,0,6,3,1,0,1
KR_8349519008,200,LOSE,655876,10.93,2,6,1,7,7,0,5,3,0
KR_8349445260,100,WIN,1012123,16.87,4,1,1,1,10,1,5,0,0
KR_8349445260,200,LOSE,1012123,16.87,1,3,1,5,12,3,2,3,1
KR_8349356148,100,WIN,1112904,18.55,3,3,1,2,21,5,2,0,2
KR_8349356148,200,LOSE,1112904,18.55,3,2,1,4,18,2,0,3,0
KR_8349293451,100,WIN,801695,13.36,5,2,2,1,8,3,2,3,1
KR_8349293451,200,LOSE,801695,13.36,2,4,0,3,11,4,4,0,0
KR_8348155981,100,LOSE,536870,8.95,0,1,0,2,7,1,1,0,0
KR_8348155981,200,WIN,536870,8.95,2,0,0,0,5,1,0,0,1
KR_8348122429,100,WIN,553195,9.22,1,0,0,0,7,1,0,0,1
KR_8348122429,200,LOSE,553195,9.22,0,0,0,0,2,0,1,0,0
KR_8348083103,100,WIN,801735,13.36,3,3,2,5,7,0,3,3,0
KR_8348083103,200,LOSE,801735,13.36,4,3,5,2,5,1,2,0,2
KR_8348022615,100,WIN,864043,14.4,5,0,0,1,8,1,2,3,2
KR_8348022615,200,LOSE,864043,14.4,1,2,0,4,9,0,4,0,0
KR_8347561634,100,WIN,911904,15.2,4,2,1,2,12,0,1,0,2
KR_8347561634,200,LOSE,911904,15.2,0,4,1,1,13,2,2,3,0
KR_8347545849,100,WIN,868561,14.48,5,0,0,0,10,1,1,0,2
KR_8347545849,200,LOSE,868561,14.48,0,2,2,3,46,3,0,3,0
KR_8347531628,100,LOSE,1280310,21.34,1,3,0,1,41,7,4,0,1
KR_8347531628,200,WIN,1280310,21.34,5,2,0,1,23,5,2,3,2
KR_8347510375,100,WIN,647417,10.79,6,2,2,4,8,1,3,2,0
KR_8347510375,200,LOSE,647417,10.79,6,3,1,5,9,3,2,1,1
KR_8347498254,100,WIN,716541,11.94,5,1,3,3,9,1,0,3,1
KR_8347498254,200,LOSE,716541,11.94,4,4,0,4,7,1,2,0,0
KR_8347443450,100,LOSE,1038257,17.3,0,3,0,3,14,2,2,3,1
KR_8347443450,200,WIN,1038257,17.3,4,0,0,1,12,4,0,0,2
KR_8347385994,100,WIN,1103038,18.38,5,1,3,4,8,5,1,0,1
KR_8347385994,200,LOSE,1103038,18.38,3,2,2,4,19,0,4,3,1
KR_8347330260,100,LOSE,789719,13.16,2,5,0,3,8,0,1,1,0
KR_8347330260,200,WIN,789719,13.16,6,1,0,1,10,5,0,2,2
KR_8347273085,100,LOSE,998438,16.64,10,2,0,3,16,3,3,0,2
KR_8347273085,200,WIN,998438,16.64,2,4,0,8,137,8,0,3,0
KR_8347196862,100,WIN,678110,11.3,4,0,3,2,6,3,1,2,1
KR_8347196862,200,LOSE,678110,11.3,0,4,2,2,8,1,3,1,0
KR_8347110968,100,WIN,931094,15.52,7,2,5,3,13,2,2,3,1
KR_8347110968,200,LOSE,931094,15.52,1,7,1,5,13,5,1,0,0
KR_8347071080,100,LOSE,765029,12.75,1,4,1,1,10,0,2,0,0
KR_8347071080,200,WIN,765029,12.75,4,1,1,1,7,4,1,3,1
KR_8345370161,100,WIN,890338,14.84,4,2,8,3,9,2,2,0,1
KR_8345370161,200,LOSE,890338,14.84,0,7,2,3,2,5,2,3,0
KR_8345362141,100,LOSE,1043582,17.39,4,3,1,6,16,5,2,2,1
KR_8345362141,200,WIN,1043582,17.39,1,1,5,4,14,4,4,1,1
KR_8345338767,100,LOSE,709512,11.83,1,3,1,1,9,4,2,0,0
KR_8345338767,200,WIN,709512,11.83,0,2,3,1,5,2,0,3,1
KR_8345342202,100,WIN,986561,16.44,0,7,0,2,6,1,2,2,1
KR_8345342202,200,LOSE,986561,16.44,5,3,2,1,9,2,1,1,1
KR_8345321675,100,WIN,881272,14.69,1,1,0,2,23,3,1,0,0
KR_8345321675,200,LOSE,881272,14.69,2,1,0,1,13,3,1,3,2
KR_8345314347,100,LOSE,787307,13.12,1,2,3,2,17,1,2,3,0
KR_8345314347,200,WIN,787307,13.12,2,1,4,2,14,0,2,0,1
KR_8345288616,100,LOSE,973984,16.23,5,4,1,5,13,0,3,0,0
KR_8345288616,200,WIN,973984,16.23,4,3,2,3,15,3,2,3,2
KR_8345260904,100,WIN,861251,14.35,1,2,4,0,12,0,3,3,1
KR_8345260904,200,LOSE,861251,14.35,1,2,0,2,8,5,1,0,1
KR_8345216932,100,LOSE,883844,14.73,5,3,0,5,7,4,3,0,0
KR_8345216932,200,WIN,883844,14.73,7,2,0,4,10,4,1,3,2
KR_8345176152,100,WIN,902137,15.04,3,4,1,1,13,1,1,3,0
KR_8345176152,200,LOSE,902137,15.04,4,1,0,2,8,1,2,0,2
KR_8345085936,100,LOSE,1012590,16.88,4,3,3,3,9,5,3,2,1
KR_8345085936,200,WIN,1012590,16.88,3,5,1,3,12,4,1,1,1
KR_8345043121,100,WIN,940383,15.67,3,1,2,3,17,4,0,0,2
KR_8345043121,200,LOSE,940383,15.67,1,2,2,6,15,4,1,3,0
KR_8344938431,100,WIN,596960,9.95,6,1,1,1,5,2,1,0,1
KR_8344938431,200,LOSE,596960,9.95,1,4,0,3,4,1,2,0,0
KR_8344863007,100,LOSE,832572,13.88,0,5,1,2,8,4,2,3,0
KR_8344863007,200,WIN,832572,13.88,3,1,4,0,8,2,2,0,1
KR_8344767055,100,WIN,771886,12.86,0,0,1,0,8,2,2,0,1
KR_8344767055,200,LOSE,771886,12.86,0,1,1,2,39,1,0,3,0
KR_8344688634,100,WIN,916588,15.28,5,5,2,2,6,4,3,3,0
KR_8344688634,200,LOSE,916588,15.28,2,6,0,3,9,5,5,0,1
KR_8344632141,100,WIN,805805,13.43,5,2,4,2,11,5,0,0,1
KR_8344632141,200,LOSE,805805,13.43,3,4,0,4,13,2,4,3,0
KR_8344557466,100,WIN,1054061,17.57,2,1,4,3,20,10,2,3,1
KR_8344557466,200,LOSE,1054061,17.57,3,3,1,6,16,2,5,0,1
KR_8343785217,100,LOSE,921817,15.36,2,3,0,4,11,2,2,1,0
KR_8343785217,200,WIN,921817,15.36,2,2,5,0,11,6,0,2,2
KR_8343758537,100,LOSE,833418,13.89,0,5,3,2,10,2,3,3,0
KR_8343758537,200,WIN,833418,13.89,4,2,1,1,7,3,2,0,1
KR_8343725581,100,WIN,879450,14.66,6,2,2,3,6,3,0,3,1
KR_8343725581,200,LOSE,879450,14.66,1,5,2,4,9,4,1,0,0
KR_8343689329,100,LOSE,1077442,17.96,4,4,2,1,12,1,3,3,1
KR_8343689329,200,WIN,1077442,17.96,3,2,1,4,12,6,1,0,1
KR_8343634601,100,WIN,940062,15.67,3,4,1,2,15,4,4,0,0
KR_8343634601,200,LOSE,940062,15.67,5,5,0,4,7,6,2,0,2
KR_8343566576,100,LOSE,866326,14.44,0,2,1,3,6,2,2,0,0
KR_8343566576,200,WIN,866326,14.44,2,0,2,0,14,6,0,3,2
KR_8343499583,100,WIN,1157573,19.29,4,2,0,3,21,8,1,3,1
KR_8343499583,200,LOSE,1157573,19.29,6,4,0,6,13,1,3,0,2
KR_8352213564,100,WIN,826707,13.78,3,0,0,1,11,2,1,1,0
KR_8352213564,200,LOSE,826707,13.78,1,3,0,4,5,1,3,2,1
KR_8352183417,100,WIN,496001,8.27,1,0,0,0,3,1,2,0,0
KR_8352183417,200,LOSE,496001,8.27,0,1,0,2,2,0,0,0,0
KR_8352146264,100,WIN,768118,12.8,1,1,0,0,118,3,1,3,2
KR_8352146264,200,LOSE,768118,12.8,1,1,0,1,4,1,2,0,0
KR_8352011918,100,WIN,908467,15.14,1,6,1,2,134,4,2,0,0
KR_8352011918,200,LOSE,908467,15.14,10,4,0,2,12,2,1,3,0
KR_8351958182,100,LOSE,759548,12.66,1,6,0,3,4,4,0,1,1
KR_8351958182,200,WIN,759548,12.66,6,1,3,1,7,2,3,2,1
KR_8351885332,100,WIN,982327,16.37,3,2,2,2,14,6,3,3,0
KR_8351885332,200,LOSE,982327,16.37,2,2,2,4,10,1,6,0,2
KR_8351817808,100,LOSE,889414,14.82,3,2,0,3,11,4,2,0,1
KR_8351817808,200,WIN,889414,14.82,0,1,2,3,10,3,3,3,0
KR_8344604026,100,WIN,1044555,17.41,5,4,2,3,15,3,3,2,2
KR_8344604026,200,LOSE,1044555,17.41,4,6,1,6,16,2,1,1,0
KR_8344541323,100,WIN,856603,14.28,2,2,1,1,110,3,3,0,0
KR_8344541323,200,LOSE,856603,14.28,1,1,1,2,9,3,2,3,1
KR_8344499731,100,WIN,907620,15.13,2,2,2,2,10,4,2,2,0
KR_8344499731,200,LOSE,907620,15.13,0,2,1,5,6,6,4,1,0
KR_8339585618,100,LOSE,1031740,17.2,2,4,3,2,141,2,2,3,1
KR_8339585618,200,WIN,1031740,17.2,2,5,2,0,50,4,2,0,1
KR_8339483434,100,WIN,854332,14.24,4,3,0,2,15,3,1,3,1
KR_8339483434,200,LOSE,854332,14.24,3,3,1,2,10,2,2,0,1
KR_8339447847,100,LOSE,728243,12.14,1,3,0,5,3,4,2,2,0
KR_8339447847,200,WIN,728243,12.14,5,1,1,2,9,4,4,1,1
KR_8339404332,100,LOSE,977448,16.29,2,1,3,1,13,3,1,3,0
KR_8339404332,200,WIN,977448,16.29,1,2,2,2,12,2,3,0,0
KR_8339226238,100,LOSE,809290,13.49,1,6,0,4,8,3,1,3,0
KR_8339226238,200,WIN,809290,13.49,6,0,2,0,7,1,2,0,1
KR_8339186726,100,WIN,1032139,17.2,9,1,3,4,22,7,3,1,1
KR_8339186726,200,LOSE,1032139,17.2,4,5,0,8,16,3,4,2,1
KR_8339163333,100,WIN,972698,16.21,6,1,1,6,14,6,3,0,0
KR_8339163333,200,LOSE,972698,16.21,6,4,0,6,18,3,2,3,2
KR_8339122616,100,WIN,1033553,17.23,2,2,1,1,14,2,3,3,1
KR_8339122616,200,LOSE,1033553,17.23,1,3,0,1,14,5,2,0,2
KR_8338720424,100,WIN,687683,11.46,2,1,3,0,8,2,0,3,1
KR_8338720424,200,LOSE,687683,11.46,1,0,1,3,34,0,0,0,0
KR_8338458101,100,WIN,685188,11.42,3,1,0,2,3,4,1,0,0
KR_8338458101,200,LOSE,685188,11.42,3,1,0,3,7,0,1,3,1
KR_8338231149,100,LOSE,1182475,19.71,0,1,1,6,25,3,3,3,1
KR_8338231149,200,WIN,1182475,19.71,5,3,0,1,23,8,0,0,2
KR_8337930946,100,WIN,862370,14.37,9,2,2,0,17,2,0,0,0
KR_8337930946,200,LOSE,862370,14.37,0,6,1,6,11,1,0,3,2
KR_8337892506,100,LOSE,886518,14.78,1,6,1,4,12,5,2,3,1
KR_8337892506,200,WIN,886518,14.78,2,3,4,2,5,1,2,0,1
KR_8337638667,100,WIN,857409,14.29,2,1,2,8,6,1,5,0,0
KR_8337638667,200,LOSE,857409,14.29,3,3,1,2,7,5,2,3,1
KR_8337598226,100,WIN,728695,12.14,5,0,1,0,6,0,1,3,1
KR_8337598226,200,LOSE,728695,12.14,0,3,0,4,8,1,1,0,1
KR_8337490759,100,LOSE,803126,13.39,0,3,0,2,9,2,2,2,0
KR_8337490759,200,WIN,803126,13.39,3,0,1,1,4,3,0,1,1
KR_8343692231,100,WIN,930560,15.51,5,6,0,6,12,6,0,0,2
KR_8343692231,200,LOSE,930560,15.51,4,6,5,3,14,7,4,3,0
KR_8343620947,100,LOSE,1011824,16.86,3,3,1,4,14,2,5,3,0
KR_8343620947,200,WIN,1011824,16.86,1,4,4,1,16,7,1,0,1
KR_8343570356,100,WIN,1078974,17.98,2,1,1,5,9,1,7,1,0
KR_8343570356,200,LOSE,1078974,17.98,3,2,1,2,23,3,1,2,1
KR_8337060488,100,LOSE,826350,13.77,1,3,1,4,7,0,2,0,0
KR_8337060488,200,WIN,826350,13.77,6,0,0,2,11,1,0,3,1
KR_8355069737,100,LOSE,965855,16.1,4,4,0,5,16,7,3,2,0
KR_8355069737,200,WIN,965855,16.1,6,2,0,0,15,6,4,1,1
KR_8355018470,100,WIN,1058249,17.64,4,1,0,1,12,1,1,0,2
KR_8355018470,200,LOSE,1058249,17.64,0,5,0,1,54,2,1,3,0
KR_8352363803,100,WIN,919149,15.32,4,3,3,5,13,3,1,3,0
KR_8352363803,200,LOSE,919149,15.32,2,3,5,4,10,3,2,0,1
KR_8352209691,100,LOSE,856076,14.27,0,2,1,1,9,7,0,0,1
KR_8352209691,200,WIN,856076,14.27,2,2,1,3,11,0,2,3,0
KR_8352136774,100,WIN,987799,16.46,3,4,7,4,16,4,4,3,1
KR_8352136774,200,LOSE,987799,16.46,5,6,4,7,6,4,3,0,0
KR_8348450538,100,WIN,762489,12.71,5,0,0,1,12,2,0,3,2
KR_8348450538,200,LOSE,762489,12.71,1,4,0,5,6,2,5,0,0
KR_8348391644,100,LOSE,1065045,17.75,0,0,0,5,8,3,1,0,1
KR_8348391644,200,WIN,1065045,17.75,4,1,0,1,21,1,0,3,2
KR_8347009242,100,LOSE,911588,15.19,3,3,2,5,12,3,3,0,0
KR_8347009242,200,WIN,911588,15.19,3,3,5,2,11,4,1,3,2
KR_8346972029,100,WIN,1133495,18.89,2,3,2,3,13,6,1,0,1
KR_8346972029,200,LOSE,1133495,18.89,6,2,0,5,12,6,1,3,2
KR_8346920285,100,LOSE,856069,14.27,1,5,0,4,8,6,0,3,0
KR_8346920285,200,WIN,856069,14.27,6,0,0,3,9,5,3,0,2
KR_8346788788,100,WIN,965440,16.09,3,2,0,2,15,2,0,0,1
KR_8346788788,200,LOSE,965440,16.09,0,2,2,2,17,4,3,3,0
KR_8346762290,100,LOSE,886202,14.77,1,3,0,5,8,6,1,2,0
KR_8346762290,200,WIN,886202,14.77,1,1,5,2,11,3,2,1,0
KR_8346640969,100,LOSE,995788,16.6,4,2,2,0,13,4,0,3,1
KR_8346640969,200,WIN,995788,16.6,1,3,0,4,7,1,2,0,1
KR_8346631606,100,WIN,808036,13.47,6,4,2,2,9,3,1,2,0
KR_8346631606,200,LOSE,808036,13.47,4,4,0,3,10,2,5,1,1
KR_8346091855,100,LOSE,701122,11.69,3,2,3,2,7,2,0,0,0
KR_8346091855,200,WIN,701122,11.69,1,1,1,2,8,1,2,3,0
KR_8346035192,100,LOSE,1010194,16.84,9,2,0,2,15,1,4,0,2
KR_8346035192,200,WIN,1010194,16.84,3,3,2,5,152,5,2,3,0
KR_8345964740,100,LOSE,1011563,16.86,1,4,0,2,52,2,5,0,0
KR_8345964740,200,WIN,1011563,16.86,4,0,2,1,13,4,3,3,2
KR_8344923607,100,LOSE,788004,13.13,3,1,4,3,8,1,3,0,0
KR_8344923607,200,WIN,788004,13.13,2,3,0,2,13,7,4,3,1
KR_8354189400,100,WIN,921043,15.35,4,0,1,7,10,8,2,3,1
KR_8354189400,200,LOSE,921043,15.35,4,4,1,3,13,3,6,0,0
KR_8351531276,100,LOSE,905725,15.1,5,4,2,3,9,1,4,1,0
KR_8351531276,200,WIN,905725,15.1,5,4,1,2,15,2,1,2,2
KR_8351490847,100,LOSE,797225,13.29,4,3,4,1,12,1,0,0,0
KR_8351490847,200,WIN,797225,13.29,4,3,0,5,8,1,0,3,1
KR_8351448775,100,WIN,670597,11.18,3,2,2,2,4,0,0,3,0
KR_8351448775,200,LOSE,670597,11.18,2,2,1,2,6,1,3,0,0
KR_8347625122,100,LOSE,834271,13.9,1,5,1,4,11,4,1,3,0
KR_8347625122,200,WIN,834271,13.9,5,2,3,1,7,3,4,0,1
KR_8347612261,100,WIN,677135,11.29,5,0,3,1,101,3,0,3,0
KR_8347612261,200,LOSE,677135,11.29,0,4,0,5,8,1,0,0,1
KR_8347599576,100,WIN,831893,13.86,3,3,1,1,12,3,3,3,0
KR_8347599576,200,LOSE,831893,13.86,3,1,0,2,12,3,1,0,1
KR_8352238224,100,LOSE,893434,14.89,2,5,0,6,8,5,2,3,0
KR_8352238224,200,WIN,893434,14.89,7,4,2,2,10,7,2,0,2
KR_8352170833,100,WIN,971053,16.18,5,0,2,0,5,6,0,0,2
KR_8352170833,200,LOSE,971053,16.18,0,3,0,6,24,2,5,3,0
KR_8352095064,100,WIN,830575,13.84,1,1,0,3,7,4,2,3,0
KR_8352095064,200,LOSE,830575,13.84,0,1,0,1,9,6,2,0,1
KR_8351990805,100,WIN,795580,13.26,4,2,2,1,5,5,0,2,2
KR_8351990805,200,LOSE,795580,13.26,1,6,0,3,7,7,3,1,0
KR_8351929733,100,WIN,826904,13.78,3,2,1,1,8,1,1,3,1
KR_8351929733,200,LOSE,826904,13.78,1,4,0,2,7,8,3,0,1
KR_8351839243,100,LOSE,594760,9.91,0,4,0,4,24,2,2,1,0
KR_8351839243,200,WIN,594760,9.91,5,0,3,0,6,4,1,2,1
KR_8351641171,100,WIN,674954,11.25,7,2,2,0,9,3,1,3,1
KR_8351641171,200,LOSE,674954,11.25,1,4,1,5,8,2,2,0,0
KR_8350450962,100,WIN,1053565,17.56,1,4,0,4,13,2,3,0,1
KR_8350450962,200,LOSE,1053565,17.56,2,2,2,0,17,9,1,3,0
KR_8350395738,100,WIN,833642,13.89,4,1,1,2,13,13,1,3,2
KR_8350395738,200,LOSE,833642,13.89,1,4,0,5,8,5,7,0,0
KR_8350326462,100,LOSE,715196,11.92,3,1,5,0,5,0,1,0,1
KR_8350326462,200,WIN,715196,11.92,1,3,0,3,5,1,2,3,0
KR_8344493110,100,LOSE,962686,16.04,2,3,0,4,14,2,2,0,0
KR_8344493110,200,WIN,962686,16.04,0,1,1,2,10,5,1,3,2
KR_8344383985,100,WIN,702444,11.71,2,2,1,1,9,1,0,3,0
KR_8344383985,200,LOSE,702444,11.71,2,2,0,2,6,1,0,0,1
KR_8344329993,100,WIN,1029871,17.16,2,2,1,7,13,5,1,0,0
KR_8344329993,200,LOSE,1029871,17.16,5,2,4,3,18,1,2,3,2
KR_8344265334,100,WIN,772265,12.87,5,1,0,1,8,11,3,3,0
KR_8344265334,200,LOSE,772265,12.87,1,3,0,5,4,3,4,0,1
KR_8344118857,100,LOSE,935477,15.59,1,1,0,6,8,4,0,3,0
KR_8344118857,200,WIN,935477,15.59,1,1,3,2,56,2,1,0,1
KR_8344067894,100,LOSE,669730,11.16,0,1,1,1,8,2,0,3,1
KR_8344067894,200,WIN,669730,11.16,0,1,1,2,4,2,0,0,1
KR_8343984736,100,WIN,1110735,18.51,2,2,2,1,11,6,2,3,1
KR_8343984736,200,LOSE,1110735,18.51,1,4,0,3,15,5,4,0,1
KR_8343920724,100,LOSE,938211,15.64,2,0,0,1,7,1,3,2,1
KR_8343920724,200,WIN,938211,15.64,1,1,0,0,9,3,2,1,0
KR_8343906426,100,LOSE,855816,14.26,3,2,0,3,11,3,7,0,0
KR_8343906426,200,WIN,855816,14.26,2,2,2,4,10,6,1,3,1
KR_8341723803,100,WIN,794662,13.24,5,1,3,2,9,1,1,3,1
KR_8341723803,200,LOSE,794662,13.24,0,2,0,4,7,5,1,0,0
KR_8352965566,100,LOSE,1178455,19.64,1,4,2,3,17,6,3,1,1
KR_8352965566,200,WIN,1178455,19.64,5,3,0,1,23,8,2,2,1
KR_8352953062,100,WIN,853875,14.23,4,0,0,1,11,2,0,3,1
KR_8352953062,200,LOSE,853875,14.23,1,3,0,3,14,0,2,0,0
KR_8352908946,100,WIN,855263,14.25,5,1,0,2,12,5,3,3,0
KR_8352908946,200,LOSE,855263,14.25,1,3,0,4,7,6,2,0,1
KR_8352888068,100,LOSE,851480,14.19,0,5,0,2,5,4,2,3,0
KR_8352888068,200,WIN,851480,14.19,3,1,1,1,11,3,3,0,1
KR_8352706328,100,LOSE,1132815,18.88,4,4,0,3,15,4,3,3,0
KR_8352706328,200,WIN,1132815,18.88,1,3,3,5,18,10,1,0,2
KR_8349787453,100,LOSE,919805,15.33,3,5,3,2,6,3,2,3,0
KR_8349787453,200,WIN,919805,15.33,4,3,0,2,14,5,4,0,0
KR_8349746694,100,LOSE,706726,11.78,0,3,0,4,10,0,3,2,0
KR_8349746694,200,WIN,706726,11.78,3,0,2,0,7,4,0,1,1
KR_8349634902,100,LOSE,912718,15.21,5,7,4,6,16,3,2,0,1
KR_8349634902,200,WIN,912718,15.21,4,6,2,3,9,8,3,3,0
KR_8349555589,100,LOSE,855791,14.26,8,5,3,1,12,6,2,0,1
KR_8349555589,200,WIN,855791,14.26,5,6,0,5,15,2,1,3,0
KR_8349468368,100,WIN,1060644,17.68,4,4,2,1,15,5,5,0,0
KR_8349468368,200,LOSE,1060644,17.68,3,4,2,2,17,2,4,3,1
KR_8349079467,100,WIN,857444,14.29,3,2,2,2,12,2,2,3,1
KR_8349079467,200,LOSE,857444,14.29,5,3,0,2,8,3,2,0,0
KR_8349045170,100,LOSE,670346,11.17,2,2,2,3,6,2,0,3,0
KR_8349045170,200,WIN,670346,11.17,3,1,2,3,7,1,2,0,1
KR_8349000906,100,WIN,780225,13.0,2,2,1,4,13,2,4,0,1
KR_8349000906,200,LOSE,780225,13.0,3,2,3,1,6,3,1,3,0
KR_8348255099,100,WIN,1062727,17.71,2,5,6,1,13,3,1,3,1
KR_8348255099,200,LOSE,1062727,17.71,3,2,3,5,5,2,4,0,1
KR_8348189287,100,WIN,1160582,19.34,8,7,2,2,11,5,3,3,1
KR_8348189287,200,LOSE,1160582,19.34,5,4,2,6,12,5,5,0,1
KR_8346380957,100,WIN,835170,13.92,4,4,5,1,11,4,4,0,2
KR_8346380957,200,LOSE,835170,13.92,2,6,2,4,12,1,2,3,0
KR_8346357847,100,WIN,653842,10.9,2,0,1,0,11,3,1,1,0
KR_8346357847,200,LOSE,653842,10.9,1,3,0,4,7,2,3,1,1
KR_8346332972,100,WIN,823584,13.73,1,4,3,1,11,2,2,3,2
KR_8346332972,200,LOSE,823584,13.73,6,3,1,5,9,2,3,0,0
KR_8346311448,100,LOSE,833159,13.89,0,5,0,4,8,2,1,1,0
KR_8346311448,200,WIN,833159,13.89,7,0,1,0,8,4,2,2,1
KR_8346028604,100,LOSE,728890,12.15,0,3,2,1,8,1,2,3,0
KR_8346028604,200,WIN,728890,12.15,2,2,3,0,10,1,1,0,1
KR_8345985598,100,WIN,795897,13.26,11,2,0,0,6,7,0,3,1
KR_8345985598,200,LOSE,795897,13.26,2,6,0,7,6,0,4,0,0
KR_8345943020,100,WIN,712278,11.87,5,1,1,4,4,2,4,0,0
KR_8345943020,200,LOSE,712278,11.87,1,4,3,3,6,5,0,3,1
KR_8341641480,100,WIN,982595,16.38,5,3,1,3,15,3,3,2,1
KR_8341641480,200,LOSE,982595,16.38,7,4,0,4,15,2,2,1,0
KR_8338802972,100,WIN,906176,15.1,0,3,2,2,9,4,3,0,0
KR_8338802972,200,LOSE,906176,15.1,2,0,4,1,6,5,3,3,2
KR_8354471191,100,LOSE,819052,13.65,1,3,0,2,10,4,2,0,0
KR_8354471191,200,WIN,819052,13.65,4,1,0,0,8,2,0,3,1
KR_8354158327,100,WIN,862017,14.37,5,2,2,6,12,6,0,3,1
KR_8354158327,200,LOSE,862017,14.37,2,4,2,2,5,5,5,0,0
KR_8353050116,100,WIN,693741,11.56,10,1,3,2,8,1,4,3,1
KR_8353050116,200,LOSE,693741,11.56,1,7,1,4,9,3,2,0,0
KR_8353041079,100,WIN,949234,15.82,5,3,2,7,8,3,2,3,0
KR_8353041079,200,LOSE,949234,15.82,3,1,4,6,11,5,0,0,2
KR_8353015603,100,LOSE,705827,11.76,1,0,0,4,6,2,3,0,0
KR_8353015603,200,WIN,705827,11.76,4,1,0,1,8,5,2,3,1
KR_8352992485,100,WIN,865453,14.42,5,0,2,2,12,2,4,3,0
KR_8352992485,200,LOSE,865453,14.42,2,4,0,3,13,6,2,0,1
KR_8349531443,100,LOSE,789711,13.16,2,3,0,1,5,3,2,3,0
KR_8349531443,200,WIN,789711,13.16,2,1,2,1,8,1,2,0,1
KR_8349449189,100,WIN,709676,11.83,1,0,2,1,8,6,2,1,1
KR_8349449189,200,LOSE,709676,11.83,1,5,0,3,8,6,2,2,0
KR_8349394707,100,LOSE,930663,15.51,2,2,0,4,17,1,2,3,1
KR_8349394707,200,WIN,930663,15.51,5,1,0,1,13,3,0,0,1
KR_8349329370,100,WIN,791113,13.19,5,1,0,2,11,5,1,3,0
KR_8349329370,200,LOSE,791113,13.19,2,3,0,5,11,4,3,0,1
KR_8349278837,100,WIN,777861,12.96,1,1,2,2,11,1,0,3,1
KR_8349278837,200,LOSE,777861,12.96,2,1,0,2,10,1,5,0,0
KR_8349215857,100,WIN,882664,14.71,6,0,0,0,10,4,1,2,1
KR_8349215857,200,LOSE,882664,14.71,0,0,1,6,11,4,3,1,0
KR_8349187192,100,WIN,728039,12.13,3,0,1,0,15,0,1,3,1
KR_8349187192,200,LOSE,728039,12.13,0,4,0,0,10,1,2,0,0
KR_8348657026,100,WIN,887616,14.79,1,3,1,3,13,2,5,0,0
KR_8348657026,200,LOSE,887616,14.79,2,1,1,1,9,9,2,3,1
KR_8348630660,100,LOSE,821520,13.69,3,3,0,7,3,2,2,3,0
KR_8348630660,200,WIN,821520,13.69,5,1,2,3,7,4,1,0,1
KR_8348622595,100,WIN,889633,14.83,7,4,1,5,8,7,0,3,1
KR_8348622595,200,LOSE,889633,14.83,5,6,3,4,7,1,5,0,0
KR_8347373529,100,LOSE,849747,14.16,0,3,1,1,16,1,2,0,0
KR_8347373529,200,WIN,849747,14.16,2,0,1,0,9,1,0,3,2
KR_8347335135,100,LOSE,905772,15.1,0,1,7,2,12,5,0,3,2
KR_8347335135,200,WIN,905772,15.1,1,2,0,2,7,4,5,0,0
KR_8347243329,100,WIN,1006606,16.78,4,2,0,3,20,9,5,0,0
KR_8347243329,200,LOSE,1006606,16.78,3,6,4,3,15,4,2,3,1
KR_8346583811,100,LOSE,987864,16.46,3,0,1,4,54,4,1,3,1
KR_8346583811,200,WIN,987864,16.46,2,2,0,2,10,3,7,0,0
KR_8346562467,100,LOSE,761833,12.7,0,2,1,4,6,2,2,3,0
KR_8346562467,200,WIN,761833,12.7,5,0,0,2,11,3,0,0,0
KR_8346555310,100,LOSE,913105,15.22,2,1,0,1,12,2,1,3,0
KR_8346555310,200,WIN,913105,15.22,1,0,2,4,13,6,1,0,1
KR_8346540094,100,LOSE,718330,11.97,1,1,1,1,7,5,2,3,0
KR_8346540094,200,WIN,718330,11.97,0,3,0,3,7,1,1,0,1
KR_8346527441,100,LOSE,931027,15.52,2,3,1,8,7,4,3,3,1
KR_8346527441,200,WIN,931027,15.52,3,3,0,2,11,10,4,0,1
KR_8346511890,100,WIN,980520,16.34,4,2,1,0,10,4,2,2,1
KR_8346511890,200,LOSE,980520,16.34,2,4,0,3,14,3,1,1,0
KR_8346519045,100,WIN,866886,14.45,1,2,2,3,15,5,0,1,0
KR_8346519045,200,LOSE,866886,14.45,3,2,2,2,10,2,1,2,1
KR_8346493802,100,WIN,1076168,17.94,1,1,1,4,64,3,5,3,0
KR_8346493802,200,LOSE,1076168,17.94,5,2,0,3,13,3,3,0,2
KR_8346230590,100,WIN,934268,15.57,5,1,2,2,9,4,2,0,1
KR_8346230590,200,LOSE,934268,15.57,3,4,1,2,9,0,4,3,0
KR_8346165600,100,WIN,1034467,17.24,2,1,0,4,13,4,5,0,0
KR_8346165600,200,LOSE,1034467,17.24,4,1,0,3,14,3,4,3,2
KR_8346093635,100,LOSE,708187,11.8,1,3,2,3,8,2,0,0,1
KR_8346093635,200,WIN,708187,11.8,5,3,1,3,11,1,0,3,0
KR_8345786218,100,LOSE,849359,14.16,1,4,2,3,45,6,0,0,1
KR_8345786218,200,WIN,849359,14.16,4,3,4,2,9,1,2,3,1
KR_8345742697,100,LOSE,987303,16.46,1,1,3,6,14,3,5,0,0
KR_8345742697,200,WIN,987303,16.46,1,1,4,1,10,6,4,3,1
KR_8345708760,100,LOSE,866283,14.44,2,6,1,1,7,2,2,3,0
KR_8345708760,200,WIN,866283,14.44,3,2,9,3,9,1,1,0,2
KR_8345385280,100,LOSE,1072325,17.87,5,6,2,7,13,2,9,0,0
KR_8345385280,200,WIN,1072325,17.87,7,2,3,4,11,11,1,3,3
KR_8345382210,100,LOSE,922466,15.37,5,3,1,5,8,2,6,1,0
KR_8345382210,200,WIN,922466,15.37,7,4,2,3,17,7,1,2,1
KR_8342229099,100,WIN,787310,13.12,3,0,1,2,2,3,3,0,0
KR_8342229099,200,LOSE,787310,13.12,2,4,0,3,4,2,0,3,2
KR_8341306395,100,LOSE,794259,13.24,0,2,0,1,39,3,1,3,0
KR_8341306395,200,WIN,794259,13.24,1,0,0,0,9,4,3,0,2
KR_8341252989,100,WIN,879193,14.65,6,1,3,2,9,4,4,3,0
KR_8341252989,200,LOSE,879193,14.65,0,4,2,5,7,1,1,0,1
KR_8341192956,100,WIN,742719,12.38,2,0,2,0,8,2,3,3,0
KR_8341192956,200,LOSE,742719,12.38,1,3,2,2,8,1,3,0,1
KR_8341155457,100,WIN,735304,12.26,1,1,2,3,8,1,0,3,0
KR_8341155457,200,LOSE,735304,12.26,3,2,0,2,35,1,0,0,1
KR_8339657031,100,LOSE,986303,16.44,2,1,3,4,15,1,3,3,0
KR_8339657031,200,WIN,986303,16.44,2,1,0,2,129,5,2,0,2
KR_8339632053,100,WIN,969062,16.15,2,0,1,2,11,2,0,3,2
KR_8339632053,200,LOSE,969062,16.15,2,2,0,1,13,1,1,0,0
KR_8338852984,100,WIN,1003112,16.72,5,3,5,6,12,3,3,0,1
KR_8338852984,200,LOSE,1003112,16.72,8,5,1,5,14,6,1,3,1
KR_8338818756,100,WIN,684446,11.41,7,2,5,1,5,2,2,2,1
KR_8338818756,200,LOSE,684446,11.41,1,8,1,4,6,1,2,1,0
KR_8338760841,100,WIN,857300,14.29,2,0,2,0,8,4,3,3,1
KR_8338760841,200,LOSE,857300,14.29,0,3,1,3,8,4,1,0,1
KR_8338661111,100,LOSE,904291,15.07,2,5,2,5,13,6,3,1,0
KR_8338661111,200,WIN,904291,15.07,7,4,4,4,12,1,2,2,2
KR_8338441081,100,WIN,775480,12.92,3,0,0,1,21,5,1,0,0
KR_8338441081,200,LOSE,775480,12.92,0,1,0,3,7,2,3,3,0
KR_8337538381,100,LOSE,1394655,23.24,7,1,1,4,24,1,2,3,0
KR_8337538381,200,WIN,1394655,23.24,4,4,0,3,23,6,0,0,2
KR_8337506218,100,LOSE,901955,15.03,3,2,0,3,9,5,2,2,0
KR_8337506218,200,WIN,901955,15.03,4,1,0,4,122,1,1,1,2
KR_8337361402,100,LOSE,989952,16.5,2,1,0,6,8,3,10,1,0
KR_8337361402,200,WIN,989952,16.5,2,1,0,3,16,5,4,2,2
KR_8337220891,100,WIN,961082,16.02,4,2,1,3,14,3,0,0,1
KR_8337220891,200,LOSE,961082,16.02,2,2,2,3,11,2,2,3,0
KR_8353977262,100,WIN,1078150,17.97,3,3,0,1,18,5,4,3,2
KR_8353977262,200,LOSE,1078150,17.97,0,1,2,2,16,3,3,0,0
KR_8353915574,100,LOSE,1031099,17.18,1,5,0,1,13,6,1,3,1
KR_8353915574,200,WIN,1031099,17.18,5,0,0,2,10,2,5,0,0
KR_8353855078,100,WIN,977463,16.29,3,0,0,2,14,2,3,1,1
KR_8353855078,200,LOSE,977463,16.29,1,1,1,3,16,3,1,2,1
KR_8350270709,100,WIN,962112,16.04,6,2,3,3,9,2,1,3,1
KR_8350270709,200,LOSE,962112,16.04,0,4,1,2,16,1,5,0,0
KR_8350245089,100,WIN,941740,15.7,7,3,2,3,12,4,2,3,1
KR_8350245089,200,LOSE,941740,15.7,3,5,1,7,13,2,2,0,0
KR_8350196323,100,WIN,895332,14.92,3,3,4,3,13,3,0,0,0
KR_8350196323,200,LOSE,895332,14.92,4,5,0,5,5,1,2,3,2
KR_8350158555,100,LOSE,987333,16.46,4,3,2,2,12,4,3,0,0
KR_8350158555,200,WIN,987333,16.46,3,2,2,5,13,2,3,3,1
KR_8348251697,100,LOSE,908928,15.15,5,3,1,1,33,3,3,0,0
KR_8348251697,200,WIN,908928,15.15,3,3,1,2,10,5,3,3,2
KR_8348214252,100,WIN,801165,13.35,4,2,0,3,8,3,1,3,1
KR_8348214252,200,LOSE,801165,13.35,2,5,0,3,7,4,1,0,1
KR_8348178327,100,WIN,877309,14.62,7,0,1,2,15,4,1,0,1
KR_8348178327,200,LOSE,877309,14.62,0,4,0,3,10,1,3,3,0
KR_8348121601,100,LOSE,801902,13.37,1,3,0,2,19,0,1,0,0
KR_8348121601,200,WIN,801902,13.37,3,0,0,0,38,3,0,3,2
KR_8342831615,100,LOSE,929930,15.5,3,2,0,1,11,0,2,3,1
KR_8342831615,200,WIN,929930,15.5,2,1,0,2,14,4,1,0,1
KR_8342782786,100,LOSE,744089,12.4,2,7,0,2,8,3,0,2,0
KR_8342782786,200,WIN,744089,12.4,3,1,5,1,13,4,1,1,1
KR_8354556243,100,LOSE,962698,16.04,0,3,0,3,5,2,4,3,0
KR_8354556243,200,WIN,962698,16.04,3,2,0,1,22,6,2,0,2
KR_8354515835,100,LOSE,1003813,16.73,6,1,2,5,13,8,4,0,1
KR_8354515835,200,WIN,1003813,16.73,2,4,3,8,9,3,4,3,0
KR_8354496157,100,WIN,1163432,19.39,7,3,0,3,16,7,2,3,0
KR_8354496157,200,LOSE,1163432,19.39,7,2,0,5,23,2,5,0,2
KR_8353975260,100,LOSE,789756,13.16,3,6,1,5,4,2,2,2,0
KR_8353975260,200,WIN,789756,13.16,9,2,2,3,4,5,1,1,2
KR_8353877404,100,LOSE,870726,14.51,2,4,6,3,9,4,1,3,0
KR_8353877404,200,WIN,870726,14.51,5,3,1,0,24,3,4,0,1
KR_8353822331,100,WIN,1058788,17.65,4,6,1,2,12,4,3,2,0
KR_8353822331,200,LOSE,1058788,17.65,2,4,1,2,16,5,5,1,2
KR_8353762126,100,WIN,960927,16.02,5,4,1,5,24,3,2,0,1
KR_8353762126,200,LOSE,960927,16.02,7,4,3,2,11,1,0,3,0
KR_8353681805,100,WIN,867662,14.46,6,4,0,1,12,2,0,0,2
KR_8353681805,200,LOSE,867662,14.46,2,4,2,3,14,3,0,3,0
KR_8342508416,100,WIN,1179296,19.65,4,1,2,1,7,4,1,0,0
KR_8342508416,200,LOSE,1179296,19.65,1,4,0,2,16,6,3,3,2
KR_8342472547,100,WIN,955252,15.92,4,2,2,5,13,2,1,3,2
KR_8342472547,200,LOSE,955252,15.92,4,4,2,3,23,3,3,0,0
KR_8342411293,100,WIN,678698,11.31,2,2,1,3,7,1,1,0,0
KR_8342411293,200,LOSE,678698,11.31,2,1,1,2,6,4,0,3,0
KR_8342366890,100,LOSE,974571,16.24,6,2,3,7,11,3,4,2,1
KR_8342366890,200,WIN,974571,16.24,4,5,4,4,14,2,6,1,0
KR_8342342800,100,LOSE,868851,14.48,3,7,3,5,8,4,2,3,0
KR_8342342800,200,WIN,868851,14.48,6,4,2,2,16,4,2,0,1
KR_8342313942,100,LOSE,927155,15.45,2,6,2,4,8,2,0,3,1
KR_8342313942,200,WIN,927155,15.45,7,1,1,4,11,5,1,0,1
KR_8342302072,100,WIN,931241,15.52,6,2,0,4,10,4,4,0,0
KR_8342302072,200,LOSE,931241,15.52,2,4,3,4,13,6,2,3,2
KR_8342277179,100,LOSE,699266,11.65,4,2,2,5,5,5,1,0,1
KR_8342277179,200,WIN,699266,11.65,4,3,2,3,8,2,3,3,0
KR_8342245960,100,WIN,1017073,16.95,5,3,0,5,21,5,2,2,1
KR_8342245960,200,LOSE,1017073,16.95,8,4,0,3,21,2,3,1,1
KR_8342244567,100,WIN,649962,10.83,6,1,3,0,7,5,2,3,0
KR_8342244567,200,LOSE,649962,10.83,0,5,2,5,8,2,3,0,0
KR_8341516105,100,WIN,802978,13.38,2,3,2,1,9,4,0,0,1
KR_8341516105,200,LOSE,802978,13.38,3,4,0,2,7,1,1,3,0
KR_8341464595,100,LOSE,824543,13.74,0,1,0,2,11,0,2,0,1
KR_8341464595,200,WIN,824543,13.74,1,0,2,0,9,4,0,3,1
KR_8341407096,100,LOSE,589634,9.83,1,1,0,4,3,0,0,0,0
KR_8341407096,200,WIN,589634,9.83,3,0,2,1,5,0,0,3,1
KR_8341344461,100,WIN,759858,12.66,2,1,1,2,9,2,1,2,0
KR_8341344461,200,LOSE,759858,12.66,2,2,1,2,4,1,0,1,1
KR_8341296095,100,LOSE,942930,15.72,2,7,1,7,18,6,2,3,2
KR_8341296095,200,WIN,942930,15.72,8,3,4,2,11,5,2,0,0
KR_8341251160,100,WIN,957092,15.95,6,3,3,3,7,8,1,1,1
KR_8341251160,200,LOSE,957092,15.95,0,4,3,3,11,6,5,2,1
KR_8341201056,100,LOSE,651118,10.85,2,5,0,5,6,0,1,3,0
KR_8341201056,200,WIN,651118,10.85,9,2,1,0,7,2,1,0,1
KR_8341156521,100,LOSE,967445,16.12,1,2,0,4,10,4,3,3,0
KR_8341156521,200,WIN,967445,16.12,8,1,1,1,9,0,2,0,2
KR_8355248201,100,LOSE,936301,15.61,3,4,0,3,10,6,3,3,2
KR_8355248201,200,WIN,936301,15.61,6,5,1,3,19,2,3,0,0
KR_8355241066,100,LOSE,744261,12.4,0,1,0,4,7,1,2,3,1
KR_8355241066,200,WIN,744261,12.4,1,0,4,0,9,2,1,0,0
KR_8355222110,100,LOSE,908843,15.15,2,6,4,7,12,3,4,1,1
KR_8355222110,200,WIN,908843,15.15,8,5,4,3,9,3,2,2,1
KR_8355189508,100,WIN,914228,15.24,2,2,0,2,9,4,0,0,0
KR_8355189508,200,LOSE,914228,15.24,3,3,0,4,6,2,2,3,2
KR_8355165405,100,WIN,1089476,18.16,5,5,1,4,13,2,3,0,1
KR_8355165405,200,LOSE,1089476,18.16,4,5,1,5,14,4,2,3,1
KR_8355125542,100,LOSE,922902,15.38,1,4,0,5,9,6,1,0,0
KR_8355125542,200,WIN,922902,15.38,5,1,0,3,8,4,2,3,1
KR_8355091131,100,WIN,704668,11.74,3,1,3,1,6,3,2,0,1
KR_8355091131,200,LOSE,704668,11.74,0,6,0,2,5,4,3,3,0
KR_8354165245,100,LOSE,1036869,17.28,4,4,1,5,7,5,4,3,0
KR_8354165245,200,WIN,1036869,17.28,5,3,0,2,14,6,3,0,2
KR_8354140869,100,LOSE,542855,9.05,1,5,0,4,4,0,2,0,0
KR_8354140869,200,WIN,542855,9.05,6,1,2,0,7,5,0,3,1
KR_8354141110,100,LOSE,810735,13.51,0,4,1,3,6,0,3,3,0
KR_8354141110,200,WIN,810735,13.51,2,0,0,0,13,7,2,0,1
KR_8354128218,100,LOSE,1038739,17.31,3,7,0,9,6,4,3,3,0
KR_8354128218,200,WIN,1038739,17.31,9,3,5,1,11,6,5,0,2
KR_8354099708,100,WIN,1067924,17.8,8,4,0,0,19,4,1,1,0
KR_8354099708,200,LOSE,1067924,17.8,5,1,1,7,18,2,4,2,1
KR_8354077632,100,LOSE,934641,15.58,3,4,4,5,14,6,2,3,1
KR_8354077632,200,WIN,934641,15.58,4,4,3,4,16,4,5,0,1
KR_8353608447,100,LOSE,934474,15.57,4,5,5,5,15,7,4,0,1
KR_8353608447,200,WIN,934474,15.57,3,5,3,5,13,8,3,3,0
KR_8353562242,100,WIN,867998,14.47,5,2,0,1,11,8,3,0,2
KR_8353562242,200,LOSE,867998,14.47,1,4,2,3,7,4,4,3,0
KR_8353516148,100,LOSE,1063701,17.73,7,4,0,6,12,3,2,3,1
KR_8353516148,200,WIN,1063701,17.73,7,4,2,3,11,1,3,0,1
KR_8352628283,100,LOSE,860490,14.34,3,8,4,5,10,2,4,0,1
KR_8352628283,200,WIN,860490,14.34,8,5,5,3,12,1,2,3,0
KR_8352572247,100,WIN,820265,13.67,2,0,1,0,13,1,2,3,0
KR_8352572247,200,LOSE,820265,13.67,0,2,0,1,12,1,2,0,1
KR_8352492490,100,LOSE,963085,16.05,2,5,3,4,17,9,0,0,1
KR_8352492490,200,WIN,963085,16.05,5,2,3,3,13,0,2,3,1
KR_8352423369,100,WIN,925414,15.42,3,3,1,3,6,2,2,3,1
KR_8352423369,200,LOSE,925414,15.42,2,1,1,2,7,3,2,0,1
KR_8352344627,100,WIN,1280864,21.35,5,0,0,2,21,0,2,3,0
KR_8352344627,200,LOSE,1280864,21.35,0,2,1,4,23,2,2,0,2
KR_8352283818,100,WIN,1003951,16.73,3,4,1,9,16,6,3,3,0
KR_8352283818,200,LOSE,1003951,16.73,7,2,0,4,10,7,3,0,1
KR_8352234690,100,LOSE,1128700,18.81,5,6,1,4,19,4,0,3,1
KR_8352234690,200,WIN,1128700,18.81,6,2,3,3,16,4,4,0,0
KR_8352187387,100,LOSE,878085,14.63,1,7,5,0,6,4,2,1,0
KR_8352187387,200,WIN,878085,14.63,7,4,0,4,12,0,8,2,0
KR_8352131547,100,WIN,804285,13.4,7,2,2,1,10,1,0,3,0
KR_8352131547,200,LOSE,804285,13.4,0,4,0,4,9,3,2,0,1
KR_8352068194,100,LOSE,958233,15.97,3,3,1,2,12,3,2,0,0
KR_8352068194,200,WIN,958233,15.97,2,1,1,2,10,3,3,3,2
KR_8351990414,100,WIN,913966,15.23,7,2,7,2,9,1,0,0,2
KR_8351990414,200,LOSE,913966,15.23,1,6,0,6,14,1,1,3,0
KR_8351942940,100,LOSE,887704,14.8,0,8,3,6,7,1,3,0,1
KR_8351942940,200,WIN,887704,14.8,10,2,1,2,5,2,2,3,1
KR_8351902029,100,LOSE,1112371,18.54,3,4,2,8,13,1,1,0,1
KR_8351902029,200,WIN,1112371,18.54,4,1,4,5,22,7,1,3,1
KR_8350463938,100,LOSE,963212,16.05,1,0,0,0,12,3,0,0,2
KR_8350463938,200,WIN,963212,16.05,0,1,0,1,9,0,2,3,0
KR_8350419722,100,WIN,1063996,17.73,6,1,2,3,17,4,1,3,2
KR_8350419722,200,LOSE,1063996,17.73,2,4,0,5,17,4,5,0,0
KR_8350359105,100,WIN,1028748,17.15,3,3,2,4,32,2,1,0,1
KR_8350359105,200,LOSE,1028748,17.15,3,3,4,2,10,2,2,3,1
KR_8350334128,100,WIN,682504,11.38,1,1,1,1,104,2,1,0,0
KR_8350334128,200,LOSE,682504,11.38,0,3,0,1,9,3,1,3,1
KR_8350273555,100,LOSE,1058608,17.64,5,4,3,4,13,4,5,3,1
KR_8350273555,200,WIN,1058608,17.64,5,3,3,5,8,1,4,0,0
KR_8350231953,100,LOSE,802557,13.38,0,4,2,6,5,3,0,0,1
KR_8350231953,200,WIN,802557,13.38,7,2,1,2,10,2,0,3,0
KR_8350191678,100,LOSE,1014994,16.92,3,5,1,2,51,5,3,3,2
KR_8350191678,200,WIN,1014994,16.92,8,3,0,1,12,2,5,0,0
KR_8350129898,100,LOSE,936316,15.61,0,7,0,3,2,8,0,3,0
KR_8350129898,200,WIN,936316,15.61,10,1,1,1,8,1,2,0,2
KR_8350102999,100,WIN,737077,12.28,9,1,1,1,8,0,1,1,1
KR_8350102999,200,LOSE,737077,12.28,0,6,2,4,4,2,1,2,0
KR_8350076458,100,LOSE,1169513,19.49,6,2,5,4,21,4,2,0,0
KR_8350076458,200,WIN,1169513,19.49,1,5,5,6,7,3,2,3,0
KR_8350056414,100,LOSE,793782,13.23,2,3,0,4,6,1,1,0,1
KR_8350056414,200,WIN,793782,13.23,4,0,1,0,9,4,2,3,0
KR_8354851367,100,WIN,1106197,18.44,4,4,1,4,19,4,5,3,0
KR_8354851367,200,LOSE,1106197,18.44,2,3,2,3,18,6,3,0,2
KR_8354788340,100,LOSE,981531,16.36,4,4,6,3,42,0,1,2,1
KR_8354788340,200,WIN,981531,16.36,3,1,0,3,15,7,6,1,0
KR_8353549642,100,WIN,1163928,19.4,2,2,0,3,28,6,0,3,1
KR_8353549642,200,LOSE,1163928,19.4,2,3,3,3,18,2,1,0,1
KR_8353510399,100,WIN,960991,16.02,6,6,3,5,14,8,3,3,0
KR_8353510399,200,LOSE,960991,16.02,7,5,1,9,16,5,5,0,1
KR_8352561364,100,WIN,909839,15.16,5,1,2,3,11,8,1,0,1
KR_8352561364,200,LOSE,909839,15.16,3,4,1,3,9,4,5,3,0
KR_8352487072,100,LOSE,791831,13.2,1,3,0,6,8,2,2,0,0
KR_8352487072,200,WIN,791831,13.2,6,0,2,2,7,4,0,3,1
KR_8352956156,100,WIN,772469,12.87,7,4,2,3,5,1,4,3,0
KR_8352956156,200,LOSE,772469,12.87,4,3,0,4,9,4,2,0,1
KR_8352903963,100,LOSE,934636,15.58,6,2,2,1,15,3,2,0,0
KR_8352903963,200,WIN,934636,15.58,2,2,1,6,13,3,2,3,2
KR_8352599190,100,WIN,934085,15.57,4,2,1,2,23,9,6,0,1
KR_8352599190,200,LOSE,934085,15.57,4,2,0,5,9,6,3,3,1
KR_8352498993,100,WIN,1096293,18.27,4,2,2,6,11,7,0,0,1
KR_8352498993,200,LOSE,1096293,18.27,3,5,2,5,21,5,0,3,1
KR_8352427628,100,WIN,1107358,18.46,4,5,1,1,16,10,4,3,0
KR_8352427628,200,LOSE,1107358,18.46,4,3,0,3,12,4,3,0,2
KR_8352375845,100,LOSE,879583,14.66,1,2,0,1,41,3,1,1,0
KR_8352375845,200,WIN,879583,14.66,3,1,0,1,8,0,2,2,0
KR_8352328203,100,LOSE,1070910,17.85,6,2,1,2,16,5,3,0,2
KR_8352328203,200,WIN,1070910,17.85,3,6,0,3,22,4,0,3,0
KR_8352234018,100,WIN,907245,15.12,1,5,1,3,15,8,1,3,1
KR_8352234018,200,LOSE,907245,15.12,0,3,0,2,9,3,2,0,1
KR_8352182198,100,WIN,1055034,17.58,1,4,2,3,20,4,2,0,1
KR_8352182198,200,LOSE,1055034,17.58,3,5,2,2,21,4,1,3,1
KR_8352094990,100,WIN,1107727,18.46,4,0,2,5,68,5,1,2,2
KR_8352094990,200,LOSE,1107727,18.46,3,5,0,4,20,4,3,1,1
KR_8352024829,100,WIN,1009823,16.83,2,2,6,2,10,6,1,3,0
KR_8352024829,200,LOSE,1009823,16.83,3,3,2,4,13,3,3,0,2
KR_8348351050,100,WIN,912899,15.21,1,2,0,3,6,2,1,2,0
KR_8348351050,200,LOSE,912899,15.21,0,1,1,1,9,3,1,1,1
KR_8348252975,100,WIN,1331748,22.2,3,2,1,3,17,4,1,0,2
KR_8348252975,200,LOSE,1331748,22.2,0,1,1,5,11,2,3,3,1
KR_8348196878,100,WIN,675073,11.25,3,0,1,0,12,2,0,3,1
KR_8348196878,200,LOSE,675073,11.25,0,2,0,1,7,2,1,0,0
KR_8348143754,100,LOSE,796675,13.28,4,4,0,5,7,2,3,3,1
KR_8348143754,200,WIN,796675,13.28,7,3,4,2,10,5,4,0,0
KR_8348111742,100,LOSE,621540,10.36,1,1,1,4,5,0,2,0,0
KR_8348111742,200,WIN,621540,10.36,1,0,1,0,4,2,1,3,1
KR_8348066467,100,WIN,818307,13.64,6,5,1,7,7,3,1,0,0
KR_8348066467,200,LOSE,818307,13.64,9,6,1,3,8,3,2,3,2
KR_8348005497,100,LOSE,887137,14.79,1,5,0,5,11,3,0,1,0
KR_8348005497,200,WIN,887137,14.79,4,1,2,0,12,5,0,2,2
KR_8347978239,100,LOSE,1062817,17.71,3,2,9,3,17,6,3,0,1
KR_8347978239,200,WIN,1062817,17.71,4,3,0,8,26,3,5,3,1
KR_8354763287,100,WIN,696959,11.62,7,1,2,1,8,5,1,2,1
KR_8354763287,200,LOSE,696959,11.62,2,6,0,4,2,0,3,1,0
KR_8354711400,100,LOSE,779769,13.0,1,3,0,2,5,0,3,0,0
KR_8354711400,200,WIN,779769,13.0,1,0,4,1,6,3,0,3,1
KR_8348016363,100,WIN,790758,13.18,4,2,4,0,7,0,4,0,1
KR_8348016363,200,LOSE,790758,13.18,2,4,1,4,3,5,4,3,0
KR_8347962952,100,LOSE,964684,16.08,1,5,0,3,7,6,5,0,1
KR_8347962952,200,WIN,964684,16.08,6,2,3,2,7,4,2,3,0
KR_8346983696,100,WIN,945818,15.76,5,4,2,4,13,6,2,1,0
KR_8346983696,200,LOSE,945818,15.76,4,4,1,5,49,4,2,2,2
KR_8344053546,100,LOSE,784077,13.07,4,4,0,2,2,3,3,2,0
KR_8344053546,200,WIN,784077,13.07,5,0,1,3,6,1,4,1,0
KR_8343111579,100,LOSE,885519,14.76,6,3,3,2,21,3,4,0,0
KR_8343111579,200,WIN,885519,14.76,2,5,2,4,13,6,4,3,0
KR_8346839856,100,WIN,984813,16.41,3,1,1,4,14,2,2,1,1
KR_8346839856,200,LOSE,984813,16.41,4,3,0,2,16,5,2,2,1
KR_8346802966,100,WIN,709819,11.83,5,2,2,2,8,1,2,2,1
KR_8346802966,200,LOSE,709819,11.83,3,3,0,4,7,1,3,1,0
KR_8346795240,100,WIN,817953,13.63,5,2,7,4,13,0,1,0,1
KR_8346795240,200,LOSE,817953,13.63,5,6,1,3,10,3,2,3,1
KR_8346760024,100,LOSE,825346,13.76,3,6,3,2,8,1,1,2,1
KR_8346760024,200,WIN,825346,13.76,6,5,0,1,11,4,3,1,0
KR_8344968859,100,WIN,700001,11.67,5,4,1,2,4,0,1,2,0
KR_8344968859,200,LOSE,700001,11.67,4,4,4,1,6,2,2,1,0
KR_8344890660,100,LOSE,708815,11.81,1,3,3,2,6,1,2,1,0
KR_8344890660,200,WIN,708815,11.81,4,0,0,2,7,0,0,2,1
KR_8344802453,100,WIN,975344,16.26,3,4,0,2,8,9,3,3,1
KR_8344802453,200,LOSE,975344,16.26,5,3,2,4,12,2,4,0,1
KR_8344734441,100,WIN,857371,14.29,5,3,2,1,8,6,1,3,1
KR_8344734441,200,LOSE,857371,14.29,1,4,2,5,7,5,4,0,0
KR_8344644591,100,LOSE,859872,14.33,3,6,1,5,11,9,3,2,0
KR_8344644591,200,WIN,859872,14.33,6,4,3,5,7,4,3,1,1
KR_8337062337,100,LOSE,1056027,17.6,1,5,2,4,12,7,2,0,1
KR_8337062337,200,WIN,1056027,17.6,8,3,1,5,18,2,5,3,1
KR_8352226186,100,LOSE,902294,15.04,3,5,1,5,11,6,2,1,1
KR_8352226186,200,WIN,902294,15.04,6,3,1,2,10,2,3,2,0
KR_8352112393,100,LOSE,657696,10.96,0,3,0,3,1,4,2,3,0
KR_8352112393,200,WIN,657696,10.96,5,0,0,2,8,1,2,0,1
KR_8352056602,100,WIN,1005793,16.76,3,4,3,4,14,1,4,3,0
KR_8352056602,200,LOSE,1005793,16.76,3,2,3,3,20,1,1,0,2
KR_8351927864,100,WIN,801729,13.36,7,1,5,2,8,1,3,3,1
KR_8351927864,200,LOSE,801729,13.36,0,5,3,6,6,5,4,0,0
KR_8344019847,100,WIN,717018,11.95,5,1,1,1,4,3,1,3,1
KR_8344019847,200,LOSE,717018,11.95,0,4,1,3,4,3,2,0,0
KR_8343057472,100,LOSE,906612,15.11,1,3,2,5,8,0,3,0,1
KR_8343057472,200,WIN,906612,15.11,1,1,4,2,12,6,0,3,1
KR_8343017008,100,LOSE,1158316,19.31,5,3,2,6,18,3,6,1,0
KR_8343017008,200,WIN,1158316,19.31,6,4,0,3,12,6,3,2,2
KR_8342940958,100,LOSE,1097903,18.3,6,3,0,4,16,0,2,0,0
KR_8342940958,200,WIN,1097903,18.3,0,4,2,2,12,10,0,3,1
KR_8340367439,100,WIN,629024,10.48,3,1,0,0,8,1,1,0,1
KR_8340367439,200,LOSE,629024,10.48,1,2,0,1,3,1,2,3,0
KR_8340285545,100,LOSE,1010276,16.84,3,5,0,7,22,11,1,3,0
KR_8340285545,200,WIN,1010276,16.84,9,5,3,1,19,0,4,0,1
KR_8349066094,100,LOSE,818298,13.64,2,7,2,5,7,3,2,0,2
KR_8349066094,200,WIN,818298,13.64,9,2,1,3,10,3,2,3,0
KR_8349019814,100,LOSE,940680,15.68,6,3,1,6,14,3,5,1,0
KR_8349019814,200,WIN,940680,15.68,6,4,1,4,13,6,1,2,2
KR_8348997788,100,LOSE,764842,12.75,0,4,0,1,10,0,1,0,1
KR_8348997788,200,WIN,764842,12.75,3,1,0,0,15,4,1,3,0
KR_8348970016,100,WIN,929619,15.49,3,1,0,2,12,0,2,1,0
KR_8348970016,200,LOSE,929619,15.49,3,3,1,1,12,4,2,2,1
KR_8354298334,100,WIN,1063231,17.72,3,2,2,10,11,6,2,3,0
KR_8354298334,200,LOSE,1063231,17.72,8,4,3,2,15,2,1,0,2
KR_8354275451,100,LOSE,675053,11.25,1,2,1,3,7,1,1,3,1
KR_8354275451,200,WIN,675053,11.25,2,1,4,1,7,1,1,0,0
KR_8346623444,100,WIN,853785,14.23,2,1,0,4,10,7,1,3,2
KR_8346623444,200,LOSE,853785,14.23,3,1,3,2,12,0,3,0,0
KR_8339170497,100,LOSE,1024752,17.08,8,5,0,6,13,2,7,1,1
KR_8339170497,200,WIN,1024752,17.08,4,5,4,5,13,9,2,2,1
KR_8339134018,100,LOSE,473459,7.89,0,0,2,1,3,0,1,0,1
KR_8339134018,200,WIN,473459,7.89,1,1,1,0,2,1,1,0,0
KR_8339100320,100,LOSE,703131,11.72,1,4,0,1,6,1,2,1,0
KR_8339100320,200,WIN,703131,11.72,7,1,0,0,15,1,2,1,1
KR_8339047154,100,WIN,1013760,16.9,7,4,1,2,33,2,1,1,1
KR_8339047154,200,LOSE,1013760,16.9,2,7,1,2,20,7,4,2,1
KR_8338977138,100,LOSE,911914,15.2,0,4,1,2,52,3,2,0,0
KR_8338977138,200,WIN,911914,15.2,5,2,1,1,129,4,2,3,1
KR_8354745714,100,WIN,1062096,17.7,8,2,2,3,6,3,5,0,0
KR_8354745714,200,LOSE,1062096,17.7,3,5,0,6,12,10,2,3,2
KR_8351349455,100,LOSE,853140,14.22,0,5,1,4,6,3,3,0,0
KR_8351349455,200,WIN,853140,14.22,7,2,2,2,6,4,2,3,1
KR_8351295179,100,LOSE,949055,15.82,1,3,5,3,8,1,2,0,1
KR_8351295179,200,WIN,949055,15.82,4,3,5,3,11,1,0,3,1
KR_8351229134,100,LOSE,1118262,18.64,5,5,3,2,15,7,5,3,1
KR_8351229134,200,WIN,1118262,18.64,1,7,4,5,171,4,4,0,0
KR_8351119892,100,WIN,1081838,18.03,3,5,2,3,18,4,2,3,2
KR_8351119892,200,LOSE,1081838,18.03,9,3,0,3,15,1,5,0,0
KR_8345791385,100,WIN,1128027,18.8,3,4,9,3,18,6,3,0,0
KR_8345791385,200,LOSE,1128027,18.8,4,6,5,7,19,5,3,3,2
KR_8345738534,100,LOSE,902690,15.04,1,2,1,3,10,1,1,0,0
KR_8345738534,200,WIN,902690,15.04,2,0,3,0,13,3,2,3,0
KR_8344809470,100,LOSE,1044999,17.42,1,3,0,3,18,5,3,0,1
KR_8344809470,200,WIN,1044999,17.42,5,0,2,4,2,3,0,3,1
KR_8344731272,100,LOSE,1060370,17.67,4,5,1,4,15,6,6,0,1
KR_8344731272,200,WIN,1060370,17.67,2,4,2,6,24,7,3,3,0
KR_8340101041,100,LOSE,911049,15.18,0,0,1,5,13,6,3,3,0
KR_8340101041,200,WIN,911049,15.18,4,1,2,1,10,3,3,0,2
KR_8340028147,100,LOSE,822357,13.71,2,7,0,5,10,3,2,3,0
KR_8340028147,200,WIN,822357,13.71,6,3,6,2,12,4,3,0,2
KR_8339945617,100,WIN,914237,15.24,3,0,2,3,15,2,3,0,1
KR_8339945617,200,LOSE,914237,15.24,1,5,1,2,14,5,0,3,0
KR_8339873909,100,LOSE,887864,14.8,6,4,0,6,10,5,3,2,1
KR_8339873909,200,WIN,887864,14.8,9,3,3,4,6,4,3,1,0
KR_8339820783,100,WIN,1093444,18.22,1,1,2,2,13,11,0,3,0
KR_8339820783,200,LOSE,1093444,18.22,3,4,0,3,31,0,3,0,2
KR_8352198012,100,WIN,766980,12.78,2,3,4,3,10,5,1,3,0
KR_8352198012,200,LOSE,766980,12.78,1,3,4,5,6,6,2,0,1
KR_8352135330,100,LOSE,846218,14.1,3,5,2,5,9,5,1,0,1
KR_8352135330,200,WIN,846218,14.1,10,3,0,4,9,1,2,3,0
KR_8352084041,100,LOSE,961935,16.03,2,2,1,3,13,3,3,0,0
KR_8352084041,200,WIN,961935,16.03,4,2,0,3,11,6,1,3,2
KR_8352006420,100,LOSE,823842,13.73,1,4,1,3,7,3,3,0,0
KR_8352006420,200,WIN,823842,13.73,7,2,0,1,9,4,1,3,1
KR_8349380238,100,WIN,674462,11.24,4,2,3,1,6,3,0,0,0
KR_8349380238,200,LOSE,674462,11.24,0,5,0,1,5,1,1,3,0
KR_8347666340,100,LOSE,819357,13.66,1,3,1,4,4,3,2,0,0
KR_8347666340,200,WIN,819357,13.66,3,2,5,1,8,1,1,3,2
KR_8347655095,100,LOSE,917246,15.29,7,6,1,1,13,2,4,0,1
KR_8347655095,200,WIN,917246,15.29,2,4,3,4,11,6,0,3,1
KR_8344668810,100,LOSE,860724,14.35,1,4,1,0,8,0,1,0,1
KR_8344668810,200,WIN,860724,14.35,4,0,1,1,8,1,1,3,0
KR_8344214405,100,WIN,767698,12.79,5,2,2,3,7,1,1,1,1
KR_8344214405,200,LOSE,767698,12.79,0,3,4,2,4,2,2,2,0
KR_8344168136,100,LOSE,1011139,16.85,3,3,1,4,17,2,1,0,2
KR_8344168136,200,WIN,1011139,16.85,3,1,1,4,11,5,0,3,0
KR_8344108988,100,WIN,874506,14.58,2,2,1,3,13,3,2,1,0
KR_8344108988,200,LOSE,874506,14.58,5,2,0,4,9,2,4,2,1
KR_8344062887,100,WIN,1075577,17.93,8,4,7,4,24,7,2,0,1
KR_8344062887,200,LOSE,1075577,17.93,3,7,2,5,12,2,5,3,1
KR_8342631882,100,LOSE,864317,14.41,0,6,1,6,8,5,2,2,0
KR_8342631882,200,WIN,864317,14.41,7,2,2,1,10,4,2,1,2
KR_8342603103,100,LOSE,699349,11.66,0,2,3,3,5,1,0,0,1
KR_8342603103,200,WIN,699349,11.66,4,1,0,1,9,3,1,3,0
KR_8342544293,100,LOSE,835824,13.93,2,2,1,4,4,2,2,2,0
KR_8342544293,200,WIN,835824,13.93,0,2,3,3,8,3,1,1,1
KR_8342470915,100,WIN,1057550,17.63,0,4,4,3,13,1,5,1,0
KR_8342470915,200,LOSE,1057550,17.63,6,1,5,2,9,4,2,2,1
KR_8342449237,100,WIN,710383,11.84,4,0,0,1,9,1,0,3,0
KR_8342449237,200,LOSE,710383,11.84,0,2,1,2,7,2,0,0,0
KR_8341179735,100,WIN,1081419,18.02,5,4,3,4,17,2,1,3,0
KR_8341179735,200,LOSE,1081419,18.02,4,2,0,5,13,5,3,0,2
KR_8341135188,100,WIN,1036754,17.28,7,4,3,5,13,1,2,3,0
KR_8341135188,200,LOSE,1036754,17.28,4,5,1,4,6,6,2,0,2
KR_8341092525,100,LOSE,887231,14.79,1,4,1,3,11,3,1,3,0
KR_8341092525,200,WIN,887231,14.79,1,2,4,1,9,3,0,0,2
KR_8341040484,100,LOSE,433405,7.22,0,2,0,1,1,4,2,0,0
KR_8341040484,200,WIN,433405,7.22,1,0,2,0,2,3,2,0,0
KR_8340996375,100,LOSE,793965,13.23,2,4,2,2,8,3,2,0,1
KR_8340996375,200,WIN,793965,13.23,1,3,4,1,4,1,2,3,1
KR_8338950199,100,LOSE,825417,13.76,4,3,1,2,9,2,3,0,2
KR_8338950199,200,WIN,825417,13.76,1,3,3,3,17,6,2,3,0
KR_8338881792,100,WIN,821659,13.69,3,2,2,7,10,5,3,3,1
KR_8338881792,200,LOSE,821659,13.69,9,3,1,4,7,2,3,0,0
KR_8338797319,100,LOSE,1109122,18.49,2,3,1,5,36,3,2,3,1
KR_8338797319,200,WIN,1109122,18.49,3,1,7,5,11,2,1,0,1
KR_8338732413,100,LOSE,927642,15.46,4,1,1,6,13,1,4,3,0
KR_8338732413,200,WIN,927642,15.46,2,5,2,3,11,7,0,0,2
KR_8338683810,100,LOSE,962368,16.04,1,6,2,3,9,1,3,0,0
KR_8338683810,200,WIN,962368,16.04,4,3,3,1,8,4,1,3,2
KR_8338552656,100,WIN,1200691,20.01,4,3,2,5,18,3,4,3,0
KR_8338552656,200,LOSE,1200691,20.01,6,4,4,5,15,8,3,0,1
KR_8338523499,100,LOSE,734346,12.24,0,5,0,2,2,4,1,3,1
KR_8338523499,200,WIN,734346,12.24,7,0,1,2,5,2,1,0,0
KR_8338492154,100,WIN,800459,13.34,1,1,3,1,10,3,3,0,0
KR_8338492154,200,LOSE,800459,13.34,1,2,0,2,6,1,3,3,1
KR_8338452758,100,WIN,739451,12.32,5,1,0,4,7,2,2,0,0
KR_8338452758,200,LOSE,739451,12.32,6,3,0,2,1,1,1,3,1
KR_8338426585,100,WIN,993763,16.56,3,4,3,4,16,1,2,3,1
KR_8338426585,200,LOSE,993763,16.56,5,6,3,3,19,2,2,0,1
KR_8337648562,100,WIN,758750,12.65,9,3,3,2,9,0,2,0,1
KR_8337648562,200,LOSE,758750,12.65,1,5,2,6,5,3,2,3,0
KR_8337562874,100,WIN,963494,16.06,1,2,1,0,12,11,3,3,1
KR_8337562874,200,LOSE,963494,16.06,3,2,1,1,12,2,6,0,1
KR_8337525483,100,LOSE,859185,14.32,2,4,3,2,9,1,1,0,0
KR_8337525483,200,WIN,859185,14.32,5,3,0,2,13,2,0,3,0
KR_8337436543,100,LOSE,979979,16.33,1,3,0,3,17,4,0,3,2
KR_8337436543,200,WIN,979979,16.33,1,3,5,2,11,1,2,0,0
KR_8352427391,100,WIN,1007703,16.8,0,4,0,5,18,5,2,0,0
KR_8352427391,200,LOSE,1007703,16.8,7,2,1,2,9,3,2,3,2
KR_8352354573,100,WIN,736001,12.27,7,2,3,0,5,2,0,2,0
KR_8352354573,200,LOSE,736001,12.27,1,6,0,5,8,2,0,1,0
KR_8351042363,100,WIN,772797,12.88,4,1,0,2,7,1,2,2,0
KR_8351042363,200,LOSE,772797,12.88,0,3,3,2,8,2,1,1,1
KR_8350962444,100,WIN,1057028,17.62,5,1,0,3,32,2,4,2,1
KR_8350962444,200,LOSE,1057028,17.62,4,3,2,2,13,2,2,1,0
KR_8350890648,100,WIN,609915,10.17,5,2,0,0,4,2,2,3,1
KR_8350890648,200,LOSE,609915,10.17,0,2,1,4,3,1,2,0,0
KR_8350821980,100,LOSE,524752,8.75,1,0,0,1,3,0,0,0,0
KR_8350821980,200,WIN,524752,8.75,0,0,0,1,3,0,0,1,0
KR_8350798204,100,LOSE,781287,13.02,1,3,1,7,7,1,0,3,0
KR_8350798204,200,WIN,781287,13.02,6,0,1,2,9,4,0,0,2
KR_8350734850,100,WIN,1061526,17.69,10,1,0,1,13,4,0,0,2
KR_8350734850,200,LOSE,1061526,17.69,0,2,1,8,25,1,5,3,0
KR_8341673344,100,WIN,681930,11.37,0,1,2,1,4,5,0,3,0
KR_8341673344,200,LOSE,681930,11.37,0,3,0,3,16,2,0,0,1
KR_8341616062,100,LOSE,928228,15.47,5,3,2,4,15,4,3,1,0
KR_8341616062,200,WIN,928228,15.47,3,2,2,5,13,4,2,2,1
KR_8341511875,100,WIN,861939,14.37,4,4,2,5,11,4,1,1,1
KR_8341511875,200,LOSE,861939,14.37,3,4,3,4,8,3,3,2,1
KR_8341142015,100,LOSE,973590,16.23,2,2,1,4,13,3,4,0,0
KR_8341142015,200,WIN,973590,16.23,2,3,3,2,8,6,0,3,2
KR_8341071317,100,WIN,966772,16.11,3,3,1,3,18,2,1,0,1
KR_8341071317,200,LOSE,966772,16.11,1,4,2,1,12,6,0,3,0
KR_8340281084,100,LOSE,931172,15.52,3,5,0,7,15,2,3,2,2
KR_8340281084,200,WIN,931172,15.52,9,2,2,0,14,5,3,1,0
KR_8340225743,100,LOSE,655329,10.92,0,3,1,2,3,1,0,0,0
KR_8340225743,200,WIN,655329,10.92,4,1,0,0,7,0,1,0,1
KR_8338893283,100,LOSE,959077,15.98,2,3,1,2,8,2,3,0,1
KR_8338893283,200,WIN,959077,15.98,1,2,0,3,18,4,1,3,1
KR_8338849096,100,LOSE,932136,15.54,2,1,1,2,5,2,3,3,0
KR_8338849096,200,WIN,932136,15.54,3,4,1,1,18,2,1,0,1
KR_8347285146,100,LOSE,909114,15.15,8,3,1,5,11,1,5,0,1
KR_8347285146,200,WIN,909114,15.15,3,3,0,6,10,12,1,3,0
KR_8347222674,100,WIN,966358,16.11,1,2,0,1,15,3,2,3,0
KR_8347222674,200,LOSE,966358,16.11,1,1,0,0,11,5,2,0,2
KR_8347198343,100,LOSE,882186,14.7,3,3,3,8,11,8,1,3,2
KR_8347198343,200,WIN,882186,14.7,5,6,0,4,12,12,2,0,0
KR_8347148292,100,LOSE,885509,14.76,3,2,0,3,9,1,2,0,1
KR_8347148292,200,WIN,885509,14.76,1,1,1,4,11,8,1,3,0
KR_8347067889,100,WIN,972620,16.21,7,1,1,2,13,3,3,0,1
KR_8347067889,200,LOSE,972620,16.21,2,4,0,5,12,2,1,3,1
KR_8347010897,100,LOSE,801974,13.37,1,2,1,3,10,3,2,2,0
KR_8347010897,200,WIN,801974,13.37,4,1,1,3,11,1,1,1,2
KR_8346988371,100,WIN,717190,11.95,8,0,3,3,5,7,0,3,1
KR_8346988371,200,LOSE,717190,11.95,1,6,3,8,3,0,3,0,0
KR_8346943257,100,LOSE,873443,14.56,4,4,2,4,10,8,1,0,1
KR_8346943257,200,WIN,873443,14.56,3,5,3,4,8,3,1,3,0
KR_8346917325,100,WIN,792055,13.2,7,0,2,0,10,1,1,0,1
KR_8346917325,200,LOSE,792055,13.2,0,3,0,6,7,2,2,3,0
KR_8346879915,100,LOSE,798091,13.3,3,3,0,4,9,6,3,0,0
KR_8346879915,200,WIN,798091,13.3,5,3,2,4,12,2,1,3,1
KR_8346827820,100,LOSE,769188,12.82,0,3,0,4,7,2,2,3,0
KR_8346827820,200,WIN,769188,12.82,5,0,2,1,8,1,1,0,1
KR_8346815404,100,WIN,1003555,16.73,7,4,3,3,13,3,6,0,1
KR_8346815404,200,LOSE,1003555,16.73,1,5,0,4,6,10,7,3,0
KR_8346330564,100,LOSE,882959,14.72,1,0,0,6,10,1,4,1,0
KR_8346330564,200,WIN,882959,14.72,3,1,1,1,11,2,0,2,1
KR_8346284902,100,LOSE,1181004,19.68,0,2,2,3,17,5,5,0,0
KR_8346284902,200,WIN,1181004,19.68,1,2,1,1,16,5,3,3,2
KR_8346263402,100,WIN,866488,14.44,6,4,5,2,9,4,2,3,1
KR_8346263402,200,LOSE,866488,14.44,3,4,2,6,12,3,5,0,0
KR_8346224331,100,WIN,709367,11.82,3,3,3,0,9,3,1,3,0
KR_8346224331,200,LOSE,709367,11.82,1,4,1,3,3,1,2,0,1
KR_8346146448,100,LOSE,944842,15.75,2,2,0,3,7,4,2,2,1
KR_8346146448,200,WIN,944842,15.75,1,2,2,2,11,4,1,1,1
KR_8346089154,100,WIN,888988,14.82,2,2,1,7,13,1,5,3,0
KR_8346089154,200,LOSE,888988,14.82,5,2,4,1,9,4,0,0,1
KR_8346007298,100,WIN,864051,14.4,7,2,0,4,14,4,2,3,2
KR_8346007298,200,LOSE,864051,14.4,0,3,2,7,13,7,1,0,0
KR_8345937733,100,WIN,1066435,17.77,4,0,0,1,25,6,1,0,1
KR_8345937733,200,LOSE,1066435,17.77,0,1,1,4,10,5,4,3,0
KR_8345896205,100,WIN,982652,16.38,4,3,4,5,15,3,2,0,0
KR_8345896205,200,LOSE,982652,16.38,4,6,3,1,12,2,4,3,2
KR_8345856372,100,LOSE,866690,14.44,2,0,0,2,12,3,3,1,1
KR_8345856372,200,WIN,866690,14.44,2,2,0,1,10,2,1,2,0
KR_8340487781,100,LOSE,1007273,16.79,4,5,2,5,13,3,4,3,0
KR_8340487781,200,WIN,1007273,16.79,9,3,0,4,7,4,1,0,1
KR_8340434478,100,LOSE,999342,16.66,4,4,1,3,12,1,3,0,1
KR_8340434478,200,WIN,999342,16.66,4,2,3,4,17,2,2,3,1
KR_8340379594,100,LOSE,631596,10.53,3,1,0,4,29,3,1,3,0
KR_8340379594,200,WIN,631596,10.53,4,2,1,3,4,2,2,0,1
KR_8340323097,100,LOSE,1031657,17.19,1,3,0,6,51,6,4,3,1
KR_8340323097,200,WIN,1031657,17.19,2,1,3,1,15,4,3,0,1
KR_8351998478,100,WIN,977358,16.29,4,3,3,3,13,3,1,1,0
KR_8351998478,200,LOSE,977358,16.29,2,5,1,5,9,4,2,2,1
KR_8351940715,100,WIN,905746,15.1,3,0,1,1,11,4,5,3,1
KR_8351940715,200,LOSE,905746,15.1,1,2,0,1,8,5,3,0,1
KR_8351891158,100,LOSE,821954,13.7,1,0,5,3,6,4,2,3,1
KR_8351891158,200,WIN,821954,13.7,0,4,2,4,3,0,3,0,0
KR_8351817668,100,WIN,1029696,17.16,6,6,4,1,17,5,2,0,2
KR_8351817668,200,LOSE,1029696,17.16,4,6,2,5,16,7,3,3,0
KR_8352509367,100,WIN,685041,11.42,6,2,4,2,6,0,2,0,1
KR_8352509367,200,LOSE,685041,11.42,3,5,2,5,2,4,0,3,0
KR_8352421877,100,LOSE,736192,12.27,3,4,1,2,8,3,2,0,1
KR_8352421877,200,WIN,736192,12.27,3,1,0,2,38,5,0,3,0
KR_8352352993,100,LOSE,958865,15.98,3,8,2,4,9,6,2,3,0
KR_8352352993,200,WIN,958865,15.98,5,4,8,2,10,0,3,0,1
KR_8350112817,100,WIN,830178,13.84,1,4,4,0,8,1,0,3,1
KR_8350112817,200,LOSE,830178,13.84,2,4,1,2,12,3,1,0,0
KR_8345505276,100,LOSE,691277,11.52,1,4,0,3,6,1,1,2,0
KR_8345505276,200,WIN,691277,11.52,8,0,1,1,7,0,1,1,0
KR_8345130971,100,LOSE,890086,14.83,5,2,7,8,7,3,6,2,0
KR_8345130971,200,WIN,890086,14.83,7,6,0,5,14,3,2,1,2
KR_8345071311,100,LOSE,980496,16.34,3,5,1,4,15,7,1,3,1
KR_8345071311,200,WIN,980496,16.34,6,3,1,2,10,3,3,0,0
KR_8342421233,100,WIN,934345,15.57,5,4,1,6,10,7,5,2,0
KR_8342421233,200,LOSE,934345,15.57,6,4,2,4,9,4,5,1,1
KR_8342376156,100,LOSE,866541,14.44,5,5,1,3,13,1,1,3,0
KR_8342376156,200,WIN,866541,14.44,3,4,5,3,7,2,1,0,1
KR_8342350079,100,WIN,871697,14.53,2,4,0,3,9,1,4,3,0
KR_8342350079,200,LOSE,871697,14.53,4,1,2,0,9,5,0,0,0
KR_8342049293,100,LOSE,876239,14.6,3,1,0,2,21,3,1,1,1
KR_8342049293,200,WIN,876239,14.6,1,0,0,0,11,4,3,2,0
KR_8341950459,100,LOSE,883367,14.72,2,4,3,5,12,3,4,0,0
KR_8341950459,200,WIN,883367,14.72,9,2,0,1,20,7,4,3,1
KR_8341789486,100,LOSE,803795,13.4,3,3,0,2,6,8,3,3,0
KR_8341789486,200,WIN,803795,13.4,4,4,3,3,6,2,4,0,0
KR_8340894177,100,LOSE,977717,16.3,3,4,3,2,9,1,1,3,0
KR_8340894177,200,WIN,977717,16.3,3,1,3,7,15,2,0,0,2
KR_8340855380,100,WIN,1154556,19.24,6,4,1,4,21,3,2,3,3
KR_8340855380,200,LOSE,1154556,19.24,3,3,2,6,17,3,4,0,0
KR_8340791546,100,WIN,644377,10.74,3,2,0,2,2,2,1,0,0
KR_8340791546,200,LOSE,644377,10.74,1,2,1,2,4,3,0,3,0
KR_8340779040,100,LOSE,818627,13.64,0,3,0,4,3,1,1,0,0
KR_8340779040,200,WIN,818627,13.64,5,0,2,0,12,0,0,3,2
KR_8338203249,100,WIN,726390,12.11,3,0,1,2,10,3,1,0,1
KR_8338203249,200,LOSE,726390,12.11,1,3,0,1,6,2,1,0,0
KR_8338182282,100,WIN,880040,14.67,8,2,2,2,15,6,2,3,1
KR_8338182282,200,LOSE,880040,14.67,1,6,3,4,9,1,3,0,0
KR_8337023096,100,LOSE,1105220,18.42,6,4,0,7,20,7,6,3,0
KR_8337023096,200,WIN,1105220,18.42,5,6,6,4,18,8,3,0,1
KR_8352679944,100,WIN,1015097,16.92,1,3,3,3,17,7,2,3,0
KR_8352679944,200,LOSE,1015097,16.92,1,3,5,4,10,2,4,0,1
KR_8352572966,100,LOSE,962576,16.04,1,2,0,4,28,2,6,0,0
KR_8352572966,200,WIN,962576,16.04,4,2,2,0,14,8,2,0,1
KR_8352522411,100,WIN,916079,15.27,5,4,3,6,8,3,4,0,0
KR_8352522411,200,LOSE,916079,15.27,3,3,8,5,10,5,1,3,1
KR_8352448788,100,LOSE,986022,16.43,6,3,0,5,4,1,3,3,0
KR_8352448788,200,WIN,986022,16.43,6,5,0,2,16,2,2,0,2
KR_8351324910,100,WIN,977129,16.29,3,5,1,0,14,2,1,3,1
KR_8351324910,200,LOSE,977129,16.29,6,3,2,3,174,1,0,0,0
KR_8351292279,100,WIN,892525,14.88,8,3,3,1,10,3,2,3,1
KR_8351292279,200,LOSE,892525,14.88,3,3,0,5,14,4,4,0,1
KR_8351230570,100,LOSE,958255,15.97,1,1,4,5,10,1,4,0,0
KR_8351230570,200,WIN,958255,15.97,1,3,5,1,8,9,1,3,2
KR_8351105468,100,LOSE,833943,13.9,2,8,1,4,0,3,3,0,1
KR_8351105468,200,WIN,833943,13.9,11,1,2,3,11,1,2,3,1
KR_8348467545,100,LOSE,1006257,16.77,4,3,1,4,11,4,3,0,1
KR_8348467545,200,WIN,1006257,16.77,2,3,2,4,12,4,0,3,1
KR_8348390111,100,LOSE,914065,15.23,8,5,0,7,16,1,5,0,0
KR_8348390111,200,WIN,914065,15.23,5,6,4,4,16,9,0,3,2
KR_8346297211,100,LOSE,976351,16.27,7,4,5,6,13,1,4,0,1
KR_8346297211,200,WIN,976351,16.27,6,6,1,4,12,1,3,3,1
KR_8346222712,100,LOSE,1009349,16.82,3,3,0,2,9,1,7,3,2
KR_8346222712,200,WIN,1009349,16.82,3,2,1,0,12,5,3,0,0
KR_8346189013,100,WIN,884395,14.74,7,1,2,3,17,8,5,0,1
KR_8346189013,200,LOSE,884395,14.74,2,6,1,6,7,3,4,3,1
KR_8343272022,100,LOSE,847518,14.13,3,5,1,4,13,1,4,0,0
KR_8343272022,200,WIN,847518,14.13,7,3,0,1,12,2,0,3,2
KR_8339867892,100,LOSE,890179,14.84,1,6,0,3,13,3,0,3,0
KR_8339867892,200,WIN,890179,14.84,6,2,1,0,13,1,1,0,1
KR_8339174969,100,LOSE,863931,14.4,1,4,0,5,5,1,2,3,0
KR_8339174969,200,WIN,863931,14.4,6,1,2,0,5,5,1,0,2
KR_8337976692,100,WIN,826201,13.77,2,2,5,4,11,0,4,1,0
KR_8337976692,200,LOSE,826201,13.77,1,4,2,3,7,9,1,2,1
KR_8337946767,100,WIN,925986,15.43,3,3,1,1,8,1,3,2,0
KR_8337946767,200,LOSE,925986,15.43,3,2,0,4,12,3,1,1,2
KR_8337910819,100,WIN,1071010,17.85,4,5,2,4,13,4,3,2,1
KR_8337910819,200,LOSE,1071010,17.85,7,2,1,7,11,4,8,1,1
KR_8337858498,100,WIN,1052277,17.54,1,2,0,4,14,7,2,3,1
KR_8337858498,200,LOSE,1052277,17.54,3,2,2,0,13,1,6,0,1
KR_8337331479,100,WIN,961312,16.02,4,3,2,3,10,2,7,3,0
KR_8337331479,200,LOSE,961312,16.02,3,4,3,4,55,4,1,0,1
KR_8337217706,100,WIN,906458,15.11,6,1,0,4,14,1,0,2,1
KR_8337217706,200,LOSE,906458,15.11,1,4,1,1,9,3,2,1,0
KR_8337197188,100,WIN,930042,15.5,2,0,2,1,14,1,0,0,1
KR_8337197188,200,LOSE,930042,15.5,1,1,0,3,4,3,2,3,0
KR_8343395468,100,LOSE,955098,15.92,6,3,1,8,7,4,3,3,0
KR_8343395468,200,WIN,955098,15.92,6,3,0,3,11,6,6,0,1
KR_8343335053,100,LOSE,826179,13.77,2,3,1,1,9,2,1,3,2
KR_8343335053,200,WIN,826179,13.77,3,2,0,3,13,2,1,0,0
KR_8338630759,100,WIN,1053455,17.56,4,2,5,6,22,4,4,3,1
KR_8338630759,200,LOSE,1053455,17.56,3,3,3,6,12,8,2,0,0
KR_8338583212,100,LOSE,882906,14.72,0,5,1,5,7,6,2,3,2
KR_8338583212,200,WIN,882906,14.72,9,1,1,1,10,5,4,0,0
KR_8352104307,100,LOSE,758605,12.64,1,6,2,4,7,3,0,0,0
KR_8352104307,200,WIN,758605,12.64,8,3,0,3,11,3,0,3,1
KR_8352056259,100,LOSE,844966,14.08,1,5,0,3,2,1,3,0,0
KR_8352056259,200,WIN,844966,14.08,8,0,1,2,6,1,0,3,2
KR_8352010755,100,WIN,618292,10.3,2,0,1,1,5,2,0,2,0
KR_8352010755,200,LOSE,618292,10.3,0,0,0,4,3,1,1,1,1
KR_8351926115,100,WIN,619036,10.32,1,1,0,1,31,5,0,3,1
KR_8351926115,200,LOSE,619036,10.32,1,1,0,1,4,1,2,0,0
KR_8351875277,100,WIN,767618,12.79,2,1,4,1,5,1,0,0,1
KR_8351875277,200,LOSE,767618,12.79,0,4,0,3,7,3,0,3,1
KR_8349901630,100,LOSE,744463,12.41,0,6,0,4,7,2,4,0,1
KR_8349901630,200,WIN,744463,12.41,9,0,3,1,9,8,1,3,0
KR_8349880687,100,WIN,911378,15.19,2,1,0,5,49,4,1,3,1
KR_8349880687,200,LOSE,911378,15.19,3,1,1,4,9,2,5,0,0
KR_8349852690,100,LOSE,1033225,17.22,4,5,1,2,15,0,2,0,0
KR_8349852690,200,WIN,1033225,17.22,4,2,2,2,15,2,5,3,2
KR_8349818180,100,WIN,709216,11.82,1,2,5,1,5,0,2,3,0
KR_8349818180,200,LOSE,709216,11.82,2,3,1,4,1,4,2,0,0
KR_8349774319,100,WIN,903347,15.06,6,1,0,2,8,5,0,3,2
KR_8349774319,200,LOSE,903347,15.06,2,3,1,4,11,2,2,0,0
KR_8349720656,100,LOSE,620966,10.35,1,4,1,1,6,6,0,3,0
KR_8349720656,200,WIN,620966,10.35,1,1,0,2,6,3,2,0,1
KR_8349650270,100,LOSE,905047,15.08,4,5,4,3,7,1,4,0,1
KR_8349650270,200,WIN,905047,15.08,8,5,0,3,12,4,0,3,1
KR_8340085643,100,WIN,1006663,16.78,7,2,6,5,16,1,5,0,0
KR_8340085643,200,LOSE,1006663,16.78,2,4,4,4,13,3,5,3,1
KR_8348452595,100,LOSE,943814,15.73,0,4,0,3,8,2,3,3,1
KR_8348452595,200,WIN,943814,15.73,3,0,3,0,36,4,2,0,1
KR_8348390969,100,LOSE,727837,12.13,1,3,1,2,5,4,3,0,0
KR_8348390969,200,WIN,727837,12.13,2,0,2,1,10,2,2,0,1
KR_8348248231,100,LOSE,775890,12.93,5,1,1,5,11,4,2,3,1
KR_8348248231,200,WIN,775890,12.93,4,2,1,4,9,1,4,0,0
KR_8348114954,100,WIN,732063,12.2,1,0,1,0,10,3,1,3,2
KR_8348114954,200,LOSE,732063,12.2,0,1,1,1,5,2,2,0,0
KR_8348058833,100,WIN,892246,14.87,6,4,2,3,11,1,2,3,1
KR_8348058833,200,LOSE,892246,14.87,1,6,3,2,13,7,1,0,0
KR_8348022437,100,WIN,1033826,17.23,5,0,1,5,13,3,1,3,0
KR_8348022437,200,LOSE,1033826,17.23,1,3,2,3,18,1,2,0,2
KR_8343811624,100,WIN,1139495,18.99,3,3,2,2,11,7,0,3,2
KR_8343811624,200,LOSE,1139495,18.99,4,3,5,6,11,0,4,0,1
KR_8355236992,100,LOSE,621046,10.35,1,2,1,4,4,1,2,3,1
KR_8355236992,200,WIN,621046,10.35,4,1,1,0,6,4,3,0,0
KR_8355236467,100,WIN,1069020,17.82,4,4,2,1,14,8,3,0,0
KR_8355236467,200,LOSE,1069020,17.82,1,3,4,6,10,3,2,3,1
KR_8355233068,100,WIN,734397,12.24,1,1,4,0,6,8,0,3,2
KR_8355233068,200,LOSE,734397,12.24,0,3,0,4,8,2,4,0,0
KR_8355212080,100,LOSE,873328,14.56,0,6,1,5,3,1,6,0,0
KR_8355212080,200,WIN,873328,14.56,9,1,3,0,9,3,0,3,1
KR_8348867466,100,LOSE,1003786,16.73,0,4,2,2,7,4,2,0,0
KR_8348867466,200,WIN,1003786,16.73,3,2,2,0,161,7,4,3,2
KR_8345674119,100,WIN,761217,12.69,7,3,1,3,10,4,0,3,0
KR_8345674119,200,LOSE,761217,12.69,2,4,1,5,18,4,2,0,1
KR_8345639010,100,WIN,1134235,18.9,2,1,1,3,12,6,0,1,1
KR_8345639010,200,LOSE,1134235,18.9,1,3,1,5,15,1,1,2,2
KR_8345440501,100,WIN,817639,13.63,6,3,0,2,9,6,2,1,2
KR_8345440501,200,LOSE,817639,13.63,1,3,0,3,8,6,2,2,0
KR_8345430598,100,WIN,962238,16.04,3,2,2,3,9,5,2,3,1
KR_8345430598,200,LOSE,962238,16.04,1,5,2,3,5,5,5,0,0
KR_8337973749,100,WIN,869676,14.49,6,0,2,1,15,0,1,3,2
KR_8337973749,200,LOSE,869676,14.49,2,4,0,2,10,2,1,0,0
KR_8337958149,100,WIN,882643,14.71,3,1,0,1,11,3,2,0,1
KR_8337958149,200,LOSE,882643,14.71,1,3,0,2,9,4,1,3,1
KR_8337921499,100,LOSE,833241,13.89,6,3,1,2,13,2,7,0,0
KR_8337921499,200,WIN,833241,13.89,3,4,1,4,4,6,2,3,1
KR_8337882117,100,WIN,1119552,18.66,1,4,4,7,21,1,5,2,1
KR_8337882117,200,LOSE,1119552,18.66,13,3,1,4,18,3,3,1,2
KR_8355150067,100,LOSE,1103382,18.39,5,4,2,3,18,10,2,0,1
KR_8355150067,200,WIN,1103382,18.39,6,4,0,9,12,3,5,3,1
KR_8355102645,100,WIN,883171,14.72,4,4,0,5,16,3,4,3,0
KR_8355102645,200,LOSE,883171,14.72,7,4,0,2,9,7,1,0,1
KR_8355066504,100,WIN,952595,15.88,5,3,4,2,11,0,3,1,2
KR_8355066504,200,LOSE,952595,15.88,6,5,0,5,10,4,2,2,0
KR_8354073649,100,LOSE,981484,16.36,2,3,1,4,10,3,6,0,1
KR_8354073649,200,WIN,981484,16.36,4,1,0,2,10,11,0,3,1
KR_8354051323,100,LOSE,868993,14.48,0,3,0,1,33,7,1,3,0
KR_8354051323,200,WIN,868993,14.48,2,1,2,2,12,0,3,0,1
KR_8354004862,100,WIN,766676,12.78,1,4,1,4,4,4,3,0,0
KR_8354004862,200,LOSE,766676,12.78,4,1,1,0,8,6,2,3,1
KR_8353975701,100,WIN,687610,11.46,4,2,0,0,34,5,1,0,1
KR_8353975701,200,LOSE,687610,11.46,1,3,0,2,6,2,2,3,0
KR_8353004036,100,WIN,880896,14.68,2,1,1,2,12,2,5,0,1
KR_8353004036,200,LOSE,880896,14.68,2,2,2,3,15,5,3,3,1
KR_8352968118,100,LOSE,967729,16.13,4,2,2,0,13,5,3,0,1
KR_8352968118,200,WIN,967729,16.13,2,2,1,5,10,3,4,3,1
KR_8352924991,100,LOSE,719451,11.99,5,5,0,3,8,1,4,0,0
KR_8352924991,200,WIN,719451,11.99,6,3,2,2,6,1,1,3,1
KR_8352890783,100,LOSE,857189,14.29,6,2,0,4,13,5,1,3,0
KR_8352890783,200,WIN,857189,14.29,2,4,0,3,11,6,2,0,1
KR_8352863193,100,LOSE,986606,16.44,1,2,0,2,16,4,1,2,2
KR_8352863193,200,WIN,986606,16.44,3,1,0,1,15,1,2,1,0
KR_8352806217,100,WIN,835007,13.92,4,1,2,4,9,3,4,1,0
KR_8352806217,200,LOSE,835007,13.92,4,4,3,0,12,2,4,0,0
KR_8352758774,100,WIN,824571,13.74,4,1,1,1,9,2,0,1,1
KR_8352758774,200,LOSE,824571,13.74,0,4,1,3,7,2,4,2,1
KR_8352704393,100,WIN,730627,12.18,4,2,0,2,9,3,4,0,1
KR_8352704393,200,LOSE,730627,12.18,0,3,3,1,6,4,2,3,0
KR_8352645363,100,LOSE,884363,14.74,2,3,0,3,5,6,2,0,1
KR_8352645363,200,WIN,884363,14.74,3,4,3,2,6,2,1,3,1
KR_8352555386,100,WIN,932454,15.54,7,3,0,6,9,1,1,3,1
KR_8352555386,200,LOSE,932454,15.54,6,2,3,4,12,5,4,0,0
KR_8352476364,100,LOSE,851128,14.19,1,2,0,3,18,4,3,0,0
KR_8352476364,200,WIN,851128,14.19,1,1,2,2,8,4,0,3,0
KR_8352348516,100,LOSE,769197,12.82,1,6,2,4,13,9,1,2,1
KR_8352348516,200,WIN,769197,12.82,7,1,1,4,4,2,3,1,0
KR_8352305989,100,LOSE,915383,15.26,0,6,0,4,7,3,4,0,0
KR_8352305989,200,WIN,915383,15.26,6,1,6,2,4,4,3,3,1
KR_8352281121,100,LOSE,553745,9.23,0,1,0,3,6,0,0,0,0
KR_8352281121,200,WIN,553745,9.23,0,0,1,0,8,3,0,0,0
KR_8351572386,100,LOSE,1014655,16.91,3,3,2,2,11,2,4,0,0
KR_8351572386,200,WIN,1014655,16.91,1,3,2,2,13,1,1,3,0
KR_8351560474,100,WIN,919705,15.33,0,3,2,1,11,1,7,2,1
KR_8351560474,200,LOSE,919705,15.33,2,2,2,2,15,5,3,1,0
KR_8351537934,100,LOSE,765870,12.76,0,3,1,3,10,1,2,0,0
KR_8351537934,200,WIN,765870,12.76,5,1,0,0,11,0,1,3,1
KR_8351530790,100,LOSE,958741,15.98,8,8,3,4,14,4,0,3,0
KR_8351530790,200,WIN,958741,15.98,4,7,7,6,14,4,3,0,1
KR_8351519264,100,WIN,933559,15.56,5,4,2,3,7,8,0,2,2
KR_8351519264,200,LOSE,933559,15.56,2,6,2,2,12,2,4,1,0
KR_8351376062,100,WIN,824136,13.74,7,1,2,1,11,4,2,0,0
KR_8351376062,200,LOSE,824136,13.74,0,4,1,6,41,4,1,3,0
KR_8351310160,100,WIN,675637,11.26,1,0,1,0,8,1,3,0,0
KR_8351310160,200,LOSE,675637,11.26,0,1,1,0,5,2,1,0,0
KR_8351234443,100,WIN,677593,11.29,5,2,3,1,5,0,2,1,1
KR_8351234443,200,LOSE,677593,11.29,2,3,1,3,5,1,2,2,0
KR_8351150214,100,LOSE,705501,11.76,0,4,2,4,11,2,1,3,1
KR_8351150214,200,WIN,705501,11.76,6,1,1,0,5,1,2,0,0
KR_8351090126,100,WIN,1007597,16.79,4,4,1,0,9,5,1,0,1
KR_8351090126,200,LOSE,1007597,16.79,4,4,1,3,21,1,3,3,1
KR_8350990329,100,LOSE,958729,15.98,1,3,0,3,14,2,4,0,0
KR_8350990329,200,WIN,958729,15.98,3,1,3,3,14,3,1,3,2
KR_8350896587,100,WIN,821573,13.69,1,2,2,2,12,2,3,0,0
KR_8350896587,200,LOSE,821573,13.69,2,3,0,0,7,4,1,3,1
KR_8350745714,100,WIN,775439,12.92,2,0,1,0,9,1,1,2,0
KR_8350745714,200,LOSE,775439,12.92,0,2,0,1,10,0,3,1,1
KR_8350614670,100,WIN,1015105,16.92,4,0,1,4,8,7,1,3,1
KR_8350614670,200,LOSE,1015105,16.92,1,3,1,4,5,7,5,0,1
KR_8350583365,100,LOSE,738284,12.3,2,3,0,5,7,3,5,0,0
KR_8350583365,200,WIN,738284,12.3,6,3,3,2,8,1,1,3,0
KR_8350530321,100,WIN,1063735,17.73,1,5,0,5,21,5,4,0,0
KR_8350530321,200,LOSE,1063735,17.73,3,2,1,2,10,9,1,3,2
KR_8350472436,100,WIN,888658,14.81,0,3,2,6,10,3,3,3,0
KR_8350472436,200,LOSE,888658,14.81,8,2,2,1,9,2,2,0,2
KR_8350400999,100,LOSE,1095276,18.25,2,3,1,3,17,2,2,2,1
KR_8350400999,200,WIN,1095276,18.25,3,0,3,2,25,2,2,1,0
KR_8350250367,100,LOSE,864691,14.41,2,1,1,5,7,2,2,0,1
KR_8350250367,200,WIN,864691,14.41,2,1,1,3,40,7,2,3,0
KR_8350214026,100,WIN,875758,14.6,1,4,3,5,13,5,3,0,2
KR_8350214026,200,LOSE,875758,14.6,1,5,3,2,10,6,2,3,0
KR_8349902065,100,LOSE,1020728,17.01,3,2,2,3,13,3,2,0,2
KR_8349902065,200,WIN,1020728,17.01,5,4,1,4,15,0,3,3,0
KR_8349869608,100,LOSE,980246,16.34,1,3,0,4,12,1,2,0,1
KR_8349869608,200,WIN,980246,16.34,8,0,0,1,13,0,0,3,1
KR_8349826261,100,LOSE,791929,13.2,3,5,1,2,8,2,4,0,0
KR_8349826261,200,WIN,791929,13.2,6,3,0,3,9,5,0,3,0
KR_8349685696,100,LOSE,703648,11.73,1,3,0,4,6,1,2,0,1
KR_8349685696,200,WIN,703648,11.73,6,1,1,0,6,3,0,3,0
KR_8349607622,100,WIN,681063,11.35,4,4,0,1,6,7,5,2,1
KR_8349607622,200,LOSE,681063,11.35,1,3,3,0,6,7,3,1,0
KR_8345184908,100,WIN,737745,12.3,1,0,3,0,8,3,4,0,0
KR_8345184908,200,LOSE,737745,12.3,0,2,2,2,9,2,4,3,1
KR_8345145271,100,WIN,835501,13.93,5,0,0,1,12,1,4,2,1
KR_8345145271,200,LOSE,835501,13.93,1,3,0,2,12,2,3,1,1
KR_8345109261,100,LOSE,712052,11.87,0,3,0,3,14,1,1,0,0
KR_8345109261,200,WIN,712052,11.87,5,0,0,0,9,1,0,3,1
KR_8344993940,100,WIN,1053647,17.56,11,2,5,7,10,4,3,2,1
KR_8344993940,200,LOSE,1053647,17.56,4,5,4,9,12,4,6,1,1
KR_8344535150,100,WIN,797330,13.29,2,1,3,4,13,4,1,3,0
KR_8344535150,200,LOSE,797330,13.29,3,6,5,4,10,0,1,0,1
KR_8344463651,100,WIN,970966,16.18,0,1,0,0,14,8,1,3,1
KR_8344463651,200,LOSE,970966,16.18,2,0,1,2,14,4,6,0,0
KR_8344409945,100,LOSE,865075,14.42,2,5,6,5,9,1,1,3,0
KR_8344409945,200,WIN,865075,14.42,5,3,5,2,47,5,3,0,1
KR_8344312539,100,LOSE,1107152,18.45,1,1,0,1,14,8,1,0,2
KR_8344312539,200,WIN,1107152,18.45,0,0,0,1,12,5,3,3,0
KR_8344254916,100,LOSE,879777,14.66,2,3,2,1,7,4,2,3,1
KR_8344254916,200,WIN,879777,14.66,3,1,1,3,8,6,5,0,0
KR_8344186812,100,WIN,878629,14.64,5,2,0,3,14,2,2,1,2
KR_8344186812,200,LOSE,878629,14.64,4,1,2,3,12,0,2,2,0
KR_8344133547,100,LOSE,979910,16.33,2,4,0,4,19,3,3,3,1
KR_8344133547,200,WIN,979910,16.33,3,1,2,3,16,7,1,0,1
KR_8343826436,100,LOSE,1148658,19.14,3,4,1,3,16,4,6,1,2
KR_8343826436,200,WIN,1148658,19.14,8,1,1,3,23,1,2,2,0
KR_8343800938,100,WIN,1002949,16.72,7,4,3,2,15,2,3,2,1
KR_8343800938,200,LOSE,1002949,16.72,6,6,1,5,13,3,1,1,1
KR_8343790418,100,WIN,1053850,17.56,6,3,1,4,15,8,1,2,1
KR_8343790418,200,LOSE,1053850,17.56,4,4,2,6,14,4,3,1,0
KR_8343726789,100,WIN,770740,12.85,4,2,2,1,9,5,1,3,1
KR_8343726789,200,LOSE,770740,12.85,1,3,0,2,10,4,4,0,0
KR_8343682387,100,WIN,768202,12.8,3,2,2,3,12,0,1,3,0
KR_8343682387,200,LOSE,768202,12.8,3,3,0,4,8,2,1,0,1
KR_8343636428,100,WIN,853494,14.22,2,1,2,4,9,3,1,0,0
KR_8343636428,200,LOSE,853494,14.22,4,3,2,3,12,1,0,3,1
KR_8343585687,100,LOSE,868447,14.47,6,3,1,3,21,2,2,2,0
KR_8343585687,200,WIN,868447,14.47,2,5,2,2,7,5,2,1,1
KR_8343520581,100,WIN,768129,12.8,3,2,2,1,10,1,2,0,0
KR_8343520581,200,LOSE,768129,12.8,2,2,1,3,6,1,2,3,1
KR_8343351695,100,LOSE,1080427,18.01,4,6,3,6,20,7,6,1,1
KR_8343351695,200,WIN,1080427,18.01,10,5,3,2,18,10,4,2,1
KR_8343272771,100,WIN,1003541,16.73,1,0,1,3,22,5,2,0,0
KR_8343272771,200,LOSE,1003541,16.73,5,3,0,3,17,2,1,3,1
KR_8343203120,100,WIN,965620,16.09,5,2,1,0,14,8,2,1,1
KR_8343203120,200,LOSE,965620,16.09,1,4,1,3,13,3,4,2,0
KR_8343120327,100,WIN,1020906,17.02,3,0,0,2,10,4,3,0,2
KR_8343120327,200,LOSE,1020906,17.02,1,2,2,2,11,2,5,3,0
KR_8342373411,100,WIN,826824,13.78,4,1,5,2,10,6,2,0,1
KR_8342373411,200,LOSE,826824,13.78,1,5,3,5,11,0,2,3,1
KR_8342111306,100,WIN,738662,12.31,5,1,2,5,4,3,1,3,1
KR_8342111306,200,LOSE,738662,12.31,3,6,5,2,7,0,3,0,0
KR_8342054934,100,WIN,771653,12.86,2,1,6,4,9,5,2,3,1
KR_8342054934,200,LOSE,771653,12.86,3,4,2,5,7,2,5,0,0
KR_8342019653,100,WIN,960733,16.01,3,4,2,4,12,3,4,3,1
KR_8342019653,200,LOSE,960733,16.01,5,3,1,4,14,7,4,0,0
KR_8341873544,100,WIN,878671,14.64,2,3,1,1,14,11,0,3,2
KR_8341873544,200,LOSE,878671,14.64,1,4,0,4,7,2,2,0,0
KR_8341792571,100,WIN,496120,8.27,2,1,0,0,3,0,2,0,0
KR_8341792571,200,LOSE,496120,8.27,1,0,0,1,2,3,1,0,0
KR_8341738103,100,WIN,786133,13.1,4,0,1,4,10,3,1,3,1
KR_8341738103,200,LOSE,786133,13.1,0,3,2,2,6,3,3,0,0
KR_8341650669,100,LOSE,1229318,20.49,4,2,2,4,15,2,2,0,1
KR_8341650669,200,WIN,1229318,20.49,5,2,0,4,12,6,1,3,1
KR_8341613027,100,WIN,863628,14.39,3,4,2,1,11,1,4,0,0
KR_8341613027,200,LOSE,863628,14.39,1,3,1,4,9,8,1,3,1
KR_8341379578,100,LOSE,985692,16.43,4,6,0,7,14,3,0,3,1
KR_8341379578,200,WIN,985692,16.43,6,3,4,3,5,1,2,0,1
KR_8341317923,100,WIN,1032717,17.21,4,2,4,4,11,4,2,0,2
KR_8341317923,200,LOSE,1032717,17.21,3,4,0,3,18,3,4,3,0
KR_8341269346,100,WIN,904612,15.08,3,0,2,1,10,3,1,2,0
KR_8341269346,200,LOSE,904612,15.08,1,3,0,2,9,1,1,1,2
KR_8341019874,100,WIN,691166,11.52,2,0,0,1,6,4,1,3,1
KR_8341019874,200,LOSE,691166,11.52,0,3,0,0,9,2,1,0,0
KR_8340984280,100,LOSE,987032,16.45,2,3,0,4,9,5,0,0,2
KR_8340984280,200,WIN,987032,16.45,4,3,1,1,9,2,3,3,0
KR_8340934778,100,LOSE,1332120,22.2,0,2,2,7,22,8,4,3,1
KR_8340934778,200,WIN,1332120,22.2,6,3,1,2,18,3,4,0,1
KR_8340894768,100,WIN,828251,13.8,3,1,1,0,10,0,0,3,1
KR_8340894768,200,LOSE,828251,13.8,0,2,0,2,10,4,0,0,0
KR_8340864811,100,WIN,959189,15.99,7,0,0,1,9,0,1,2,1
KR_8340864811,200,LOSE,959189,15.99,0,3,1,4,11,2,2,1,1
KR_8340845016,100,LOSE,1111993,18.53,2,4,1,6,16,1,4,3,1
KR_8340845016,200,WIN,1111993,18.53,5,4,6,3,14,3,3,0,2
KR_8340359747,100,LOSE,1021618,17.03,1,1,0,0,11,1,3,1,0
KR_8340359747,200,WIN,1021618,17.03,0,0,0,2,14,3,0,2,1
KR_8354779364,100,WIN,1116804,18.61,2,4,4,3,13,8,2,3,1
KR_8354779364,200,LOSE,1116804,18.61,1,5,7,6,16,6,2,0,1
KR_8353855485,100,WIN,1056334,17.61,9,6,3,2,16,5,1,2,2
KR_8353855485,200,LOSE,1056334,17.61,5,2,6,10,15,3,5,1,0
KR_8353774511,100,LOSE,804775,13.41,1,4,8,5,6,0,5,2,0
KR_8353774511,200,WIN,804775,13.41,6,4,1,2,21,4,2,1,1
KR_8353675733,100,LOSE,1084666,18.08,1,3,5,1,15,2,2,2,2
KR_8353675733,200,WIN,1084666,18.08,5,0,0,5,13,2,3,1,0
KR_8353621797,100,WIN,1015723,16.93,8,1,1,3,9,6,1,0,0
KR_8353621797,200,LOSE,1015723,16.93,1,6,4,5,14,3,1,3,1
KR_8352393499,100,WIN,1155987,19.27,3,2,2,5,17,1,2,3,0
KR_8352393499,200,LOSE,1155987,19.27,4,1,3,2,19,1,2,0,2
KR_8349311879,100,LOSE,990198,16.5,3,2,1,6,12,1,1,0,2
KR_8349311879,200,WIN,990198,16.5,8,0,1,2,19,0,3,3,0
KR_8355069677,100,WIN,766476,12.77,8,0,2,3,8,0,2,1,0
KR_8355069677,200,LOSE,766476,12.77,2,5,3,5,2,2,2,2,0
KR_8355008996,100,WIN,929773,15.5,1,1,1,2,8,1,3,3,0
KR_8355008996,200,LOSE,929773,15.5,1,1,1,1,13,6,2,0,1
KR_8354940866,100,WIN,1205499,20.09,4,0,1,0,17,4,2,0,1
KR_8354940866,200,LOSE,1205499,20.09,0,2,0,6,35,3,3,3,1
KR_8354911350,100,WIN,765328,12.76,5,1,3,2,8,2,0,3,0
KR_8354911350,200,LOSE,765328,12.76,1,3,1,4,9,0,6,0,0
KR_8354523644,100,LOSE,774596,12.91,0,4,2,2,5,0,2,0,0
KR_8354523644,200,WIN,774596,12.91,6,2,0,0,5,3,0,3,0
KR_8354487597,100,LOSE,1057052,17.62,5,1,1,2,9,7,4,3,1
KR_8354487597,200,WIN,1057052,17.62,2,0,1,5,13,6,5,0,0
KR_8354443990,100,WIN,862023,14.37,3,0,2,0,10,0,0,2,2
KR_8354443990,200,LOSE,862023,14.37,0,3,0,4,4,1,1,1,0
KR_8353844421,100,WIN,880249,14.67,4,1,0,2,11,5,0,3,0
KR_8353844421,200,LOSE,880249,14.67,0,3,2,4,14,1,1,0,1
KR_8353757727,100,LOSE,1044072,17.4,3,1,3,6,13,1,4,0,0
KR_8353757727,200,WIN,1044072,17.4,4,3,0,3,15,4,2,3,2
KR_8348463165,100,WIN,1056290,17.6,4,3,1,2,18,7,4,2,1
KR_8348463165,200,LOSE,1056290,17.6,4,6,1,3,13,3,2,1,1
KR_8348402995,100,WIN,1021993,17.03,4,5,0,5,12,4,3,3,0
KR_8348402995,200,LOSE,1021993,17.03,7,3,0,2,12,2,2,0,2
KR_8348366184,100,LOSE,737051,12.28,1,2,0,3,5,0,2,3,0
KR_8348366184,200,WIN,737051,12.28,5,0,1,1,6,1,1,0,1
KR_8348284935,100,WIN,769669,12.83,3,2,1,2,7,4,2,3,1
KR_8348284935,200,LOSE,769669,12.83,5,3,1,2,7,1,2,0,0
KR_8348232110,100,WIN,864789,14.41,5,4,3,5,6,2,3,1,0
KR_8348232110,200,LOSE,864789,14.41,4,2,1,6,12,7,1,2,2
KR_8346292327,100,WIN,1215441,20.26,2,2,1,3,17,0,0,1,1
KR_8346292327,200,LOSE,1215441,20.26,5,2,0,1,20,1,5,2,1
KR_8346225537,100,WIN,1212420,20.21,9,3,2,3,21,7,3,0,1
KR_8346225537,200,LOSE,1212420,20.21,1,5,3,7,22,7,2,3,2
KR_8346152782,100,WIN,1132014,18.87,1,4,2,3,15,3,3,3,0
KR_8346152782,200,LOSE,1132014,18.87,3,5,3,1,21,3,2,0,2
KR_8346096426,100,WIN,1040266,17.34,6,3,2,4,12,3,3,1,0
KR_8346096426,200,LOSE,1040266,17.34,4,5,2,4,157,3,2,2,2
KR_8345698116,100,LOSE,1061769,17.7,7,5,2,2,8,3,3,3,1
KR_8345698116,200,WIN,1061769,17.7,3,6,1,4,16,5,2,0,0
KR_8345652689,100,WIN,942739,15.71,2,1,1,2,13,6,1,3,1
KR_8345652689,200,LOSE,942739,15.71,1,2,0,1,14,4,3,0,0
KR_8345620645,100,WIN,912477,15.21,2,2,3,0,13,3,2,3,1
KR_8345620645,200,LOSE,912477,15.21,2,4,1,1,5,2,3,0,1
KR_8345585879,100,WIN,779867,13.0,6,2,3,1,5,3,2,1,1
KR_8345585879,200,LOSE,779867,13.0,1,5,1,3,6,3,4,2,0
KR_8345561731,100,LOSE,1189330,19.82,7,5,0,6,15,7,3,1,2
KR_8345561731,200,WIN,1189330,19.82,7,4,4,4,14,5,4,2,0
KR_8340535090,100,LOSE,849778,14.16,1,2,0,1,10,3,1,2,2
KR_8340535090,200,WIN,849778,14.16,1,0,3,1,8,2,2,1,0
KR_8340492814,100,LOSE,735893,12.26,3,3,0,2,8,0,1,0,0
KR_8340492814,200,WIN,735893,12.26,5,1,0,2,2,3,0,3,1
KR_8338034574,100,WIN,956843,15.95,6,3,0,4,15,2,0,2,2
KR_8338034574,200,LOSE,956843,15.95,2,3,2,4,14,6,4,1,0
KR_8355181736,100,WIN,833653,13.89,4,3,0,3,123,0,5,0,0
KR_8355181736,200,LOSE,833653,13.89,1,2,5,2,9,0,3,3,1
KR_8355160206,100,WIN,801936,13.37,5,2,1,4,14,4,3,2,1
KR_8355160206,200,LOSE,801936,13.37,3,5,5,4,12,2,4,1,1
KR_8355111942,100,LOSE,880686,14.68,4,4,1,3,12,3,2,3,1
KR_8355111942,200,WIN,880686,14.68,4,3,1,5,14,8,2,0,1
KR_8354916575,100,LOSE,889225,14.82,2,5,4,1,10,5,1,2,2
KR_8354916575,200,WIN,889225,14.82,6,3,0,3,15,0,4,1,0
KR_8353801776,100,WIN,857806,14.3,8,2,1,3,10,3,2,3,0
KR_8353801776,200,LOSE,857806,14.3,1,6,2,2,9,4,1,0,1
KR_8352826824,100,WIN,934307,15.57,6,2,1,5,12,8,3,1,1
KR_8352826824,200,LOSE,934307,15.57,7,5,2,3,15,4,4,2,0
KR_8352775814,100,WIN,772195,12.87,4,2,2,2,8,2,3,3,1
KR_8352775814,200,LOSE,772195,12.87,0,5,0,1,18,6,2,0,0
KR_8352665633,100,LOSE,980285,16.34,0,2,0,3,10,3,1,0,2
KR_8352665633,200,WIN,980285,16.34,6,0,0,0,11,0,3,3,0
KR_8350666518,100,LOSE,764609,12.74,1,4,2,4,9,3,3,1,0
KR_8350666518,200,WIN,764609,12.74,1,4,5,0,7,4,2,2,1
KR_8350622401,100,WIN,914457,15.24,6,4,2,2,8,5,4,3,0
KR_8350622401,200,LOSE,914457,15.24,1,5,1,5,8,6,2,0,2
KR_8350543619,100,WIN,837449,13.96,9,0,2,4,12,2,8,0,1
KR_8350543619,200,LOSE,837449,13.96,2,5,2,4,13,6,3,3,1
KR_8350497400,100,WIN,859383,14.32,6,0,1,1,8,3,1,0,1
KR_8350497400,200,LOSE,859383,14.32,0,4,0,4,12,1,2,3,1
KR_8350459281,100,WIN,819918,13.67,9,3,4,3,11,3,1,0,1
KR_8350459281,200,LOSE,819918,13.67,2,7,2,7,10,2,2,3,0
KR_8350390931,100,WIN,946584,15.78,10,2,3,4,10,5,7,3,1
KR_8350390931,200,LOSE,946584,15.78,2,6,2,6,10,7,6,0,1
KR_8348186947,100,LOSE,873558,14.56,3,1,2,5,10,0,1,0,2
KR_8348186947,200,WIN,873558,14.56,5,3,1,1,11,3,3,3,0
KR_8344277464,100,LOSE,1003169,16.72,2,5,2,3,12,4,4,2,2
KR_8344277464,200,WIN,1003169,16.72,12,0,2,5,16,0,5,1,0
KR_8344222021,100,LOSE,926263,15.44,4,7,2,3,14,2,2,0,2
KR_8344222021,200,WIN,926263,15.44,6,2,2,3,12,4,5,3,0
KR_8343646418,100,WIN,888704,14.81,8,1,1,1,11,3,2,0,0
KR_8343646418,200,LOSE,888704,14.81,1,2,2,6,10,1,1,3,2
KR_8355147440,100,WIN,1226588,20.44,7,3,5,3,23,5,4,3,1
KR_8355147440,200,LOSE,1226588,20.44,4,6,1,6,21,0,8,0,1
KR_8355109027,100,WIN,795842,13.26,12,1,2,3,12,7,2,3,0
KR_8355109027,200,LOSE,795842,13.26,3,6,1,7,10,1,5,0,2
KR_8355048684,100,LOSE,1038372,17.31,2,2,5,3,16,4,2,3,2
KR_8355048684,200,WIN,1038372,17.31,1,3,0,3,12,8,2,0,0
KR_8354996203,100,WIN,890326,14.84,5,2,0,1,131,3,5,0,0
KR_8354996203,200,LOSE,890326,14.84,2,3,0,4,13,1,3,3,2
KR_8354913297,100,LOSE,854923,14.25,6,3,2,3,5,0,2,3,1
KR_8354913297,200,WIN,854923,14.25,5,3,2,2,9,0,2,0,0
KR_8354848123,100,LOSE,984060,16.4,6,2,1,1,16,1,3,0,2
KR_8354848123,200,WIN,984060,16.4,1,2,1,5,18,6,1,3,0
KR_8354641722,100,WIN,988931,16.48,5,1,3,3,7,6,2,2,1
KR_8354641722,200,LOSE,988931,16.48,1,4,3,3,13,0,6,1,0
KR_8354031648,100,LOSE,861028,14.35,1,3,0,2,6,1,5,0,0
KR_8354031648,200,WIN,861028,14.35,5,2,1,0,24,3,0,3,1
KR_8353989788,100,WIN,797240,13.29,1,1,1,0,9,1,2,0,1
KR_8353989788,200,LOSE,797240,13.29,0,0,1,0,8,0,2,3,1
KR_8353934972,100,WIN,890038,14.83,4,1,1,0,12,5,1,0,1
KR_8353934972,200,LOSE,890038,14.83,1,4,1,5,40,0,1,3,0
KR_8353274229,100,LOSE,890668,14.84,1,4,2,6,5,1,1,0,0
KR_8353274229,200,WIN,890668,14.84,6,2,2,1,8,4,1,3,2
KR_8352675031,100,LOSE,1149873,19.16,3,4,1,4,13,3,4,3,0
KR_8352675031,200,WIN,1149873,19.16,5,4,1,2,16,5,2,0,2
KR_8351978126,100,WIN,889782,14.83,6,2,0,2,11,2,3,0,1
KR_8351978126,200,LOSE,889782,14.83,0,4,1,2,14,3,2,3,0
KR_8351887960,100,LOSE,987950,16.47,4,4,0,5,10,3,1,3,0
KR_8351887960,200,WIN,987950,16.47,5,4,3,2,9,4,1,0,1
KR_8351850553,100,LOSE,868069,14.47,2,3,0,4,12,4,3,0,0
KR_8351850553,200,WIN,868069,14.47,5,1,1,2,5,1,1,3,2
KR_8350355645,100,WIN,956951,15.95,4,2,1,3,11,3,2,2,1
KR_8350355645,200,LOSE,956951,15.95,1,3,4,3,14,6,0,1,0
KR_8349637906,100,LOSE,1039664,17.33,2,5,8,1,158,7,1,3,0
KR_8349637906,200,WIN,1039664,17.33,4,5,0,2,8,2,7,0,2
KR_8349034225,100,WIN,911033,15.18,1,1,4,0,12,7,2,3,2
KR_8349034225,200,LOSE,911033,15.18,1,2,1,1,7,2,3,0,0
KR_8348923166,100,WIN,955918,15.93,5,2,0,5,10,9,1,0,1
KR_8348923166,200,LOSE,955918,15.93,2,4,3,1,11,2,3,3,1
KR_8344364784,100,LOSE,1129825,18.83,3,3,3,3,20,5,6,3,1
KR_8344364784,200,WIN,1129825,18.83,4,4,2,3,15,1,3,0,1
KR_8344315474,100,WIN,979438,16.32,5,3,3,1,9,2,2,0,2
KR_8344315474,200,LOSE,979438,16.32,4,4,0,5,15,2,2,3,0
KR_8344270649,100,LOSE,852108,14.2,0,3,0,2,8,1,4,2,0
KR_8344270649,200,WIN,852108,14.2,4,0,0,0,10,2,1,1,2
KR_8344232169,100,WIN,1344060,22.4,1,6,5,6,25,7,4,3,2
KR_8344232169,200,LOSE,1344060,22.4,7,6,1,4,17,5,5,0,1
KR_8344171954,100,WIN,687305,11.46,5,0,3,3,11,1,2,3,0
KR_8344171954,200,LOSE,687305,11.46,2,3,2,4,5,4,1,0,1
KR_8341826960,100,LOSE,1036332,17.27,3,2,0,3,11,5,1,1,0
KR_8341826960,200,WIN,1036332,17.27,1,2,0,3,12,0,2,2,2
KR_8341761092,100,LOSE,760907,12.68,2,3,1,5,1,2,0,2,0
KR_8341761092,200,WIN,760907,12.68,6,0,1,4,6,1,0,1,1
KR_8341692748,100,LOSE,694638,11.58,0,3,0,3,5,1,2,3,0
KR_8341692748,200,WIN,694638,11.58,6,0,0,0,4,3,0,0,1
KR_8341661132,100,WIN,863324,14.39,3,1,1,1,11,5,0,2,0
KR_8341661132,200,LOSE,863324,14.39,1,2,1,2,14,0,4,1,0
KR_8352001960,100,WIN,742922,12.38,2,1,0,2,7,4,0,3,0
KR_8352001960,200,LOSE,742922,12.38,3,1,0,1,6,4,4,0,1
KR_8351336318,100,LOSE,852447,14.21,6,0,0,2,16,3,1,2,1
KR_8351336318,200,WIN,852447,14.21,0,1,0,4,7,6,3,1,1
KR_8353100856,100,WIN,763652,12.73,9,2,0,2,10,3,0,0,1
KR_8353100856,200,LOSE,763652,12.73,1,5,0,4,17,3,2,3,0
KR_8353093418,100,WIN,956058,15.93,2,1,1,2,8,6,1,3,0
KR_8353093418,200,LOSE,956058,15.93,2,2,1,4,13,1,4,0,1
KR_8353088271,100,LOSE,825425,13.76,2,3,1,3,10,0,4,2,0
KR_8353088271,200,WIN,825425,13.76,3,0,1,2,10,3,1,1,0
KR_8353071455,100,LOSE,915029,15.25,2,7,5,2,11,5,2,3,0
KR_8353071455,200,WIN,915029,15.25,8,5,1,3,13,6,2,0,2
KR_8353068330,100,WIN,853898,14.23,5,2,4,2,8,4,2,1,1
KR_8353068330,200,LOSE,853898,14.23,3,5,2,7,42,3,4,2,0
KR_8351637916,100,WIN,739517,12.33,2,1,1,2,11,2,2,2,1
KR_8351637916,200,LOSE,739517,12.33,0,1,1,2,7,1,3,1,0
KR_8351561349,100,WIN,962757,16.05,5,1,1,0,12,5,3,3,1
KR_8351561349,200,LOSE,962757,16.05,0,4,0,3,14,4,5,0,0
KR_8351537957,100,LOSE,1041668,17.36,5,4,0,5,14,3,4,3,0
KR_8351537957,200,WIN,1041668,17.36,5,4,2,2,12,11,2,0,2
KR_8351520763,100,LOSE,641755,10.7,0,5,3,6,1,1,2,3,1
KR_8351520763,200,WIN,641755,10.7,11,1,0,2,5,1,2,0,0
KR_8351503871,100,WIN,760978,12.68,6,1,0,1,8,5,0,0,1
KR_8351503871,200,LOSE,760978,12.68,0,3,2,4,6,0,1,3,0
KR_8351414131,100,LOSE,807650,13.46,3,1,1,2,15,2,0,3,1
KR_8351414131,200,WIN,807650,13.46,0,5,0,3,11,4,2,0,0
KR_8350031755,100,LOSE,1123618,18.73,10,3,1,7,12,3,3,3,1
KR_8350031755,200,WIN,1123618,18.73,3,7,3,4,16,4,4,0,1
KR_8349926094,100,LOSE,820212,13.67,3,3,1,5,3,3,1,3,0
KR_8349926094,200,WIN,820212,13.67,8,2,0,3,5,1,3,0,1
KR_8349894639,100,LOSE,791750,13.2,3,2,0,2,12,1,3,3,0
KR_8349894639,200,WIN,791750,13.2,1,2,0,1,9,3,1,0,1
KR_8349869967,100,WIN,815724,13.6,0,1,3,1,5,1,0,3,1
KR_8349869967,200,LOSE,815724,13.6,2,2,0,3,8,2,1,0,0
KR_8349850302,100,WIN,829542,13.83,9,4,3,1,4,2,1,0,1
KR_8349850302,200,LOSE,829542,13.83,1,10,5,3,19,0,1,3,0
KR_8349812144,100,LOSE,931621,15.53,2,3,0,2,14,2,5,0,0
KR_8349812144,200,WIN,931621,15.53,1,2,5,1,138,5,4,3,2
KR_8346608750,100,WIN,610941,10.18,8,0,1,0,4,2,1,0,0
KR_8346608750,200,LOSE,610941,10.18,0,5,0,4,5,0,1,3,1
KR_8346598655,100,WIN,1083862,18.06,8,6,3,9,10,4,2,3,0
KR_8346598655,200,LOSE,1083862,18.06,8,7,4,4,15,2,3,0,1
KR_8354118591,100,WIN,628969,10.48,1,1,2,3,5,4,1,3,0
KR_8354118591,200,LOSE,628969,10.48,2,2,1,5,4,3,1,0,0
KR_8352998141,100,WIN,848362,14.14,5,2,2,3,13,6,3,1,2
KR_8352998141,200,LOSE,848362,14.14,1,4,0,5,4,7,1,2,0
KR_8351798019,100,LOSE,878369,14.64,3,5,0,5,11,0,6,1,0
KR_8351798019,200,WIN,878369,14.64,5,1,6,1,10,6,1,2,1
KR_8351919097,100,WIN,989119,16.49,1,2,3,2,9,2,2,2,1
KR_8351919097,200,LOSE,989119,16.49,0,2,2,4,13,5,1,1,1
KR_8351867430,100,LOSE,821675,13.69,0,2,0,4,9,1,4,0,1
KR_8351867430,200,WIN,821675,13.69,5,0,0,0,10,6,1,3,0
KR_8350714971,100,WIN,933335,15.56,4,2,2,2,12,1,1,3,2
KR_8350714971,200,LOSE,933335,15.56,4,1,0,5,11,3,2,0,0
KR_8352134466,100,WIN,987270,16.45,2,1,0,4,10,6,2,0,1
KR_8352134466,200,LOSE,987270,16.45,3,3,0,2,15,1,3,3,1
KR_8352071532,100,WIN,1014471,16.91,2,5,1,5,10,5,6,2,0
KR_8352071532,200,LOSE,1014471,16.91,6,2,4,1,13,10,3,1,0
KR_8355088956,100,WIN,740339,12.34,4,3,1,3,2,1,0,0,1
KR_8355088956,200,LOSE,740339,12.34,4,5,2,0,9,2,0,3,0
KR_8355047364,100,LOSE,799268,13.32,2,4,1,4,5,6,3,0,0
KR_8355047364,200,WIN,799268,13.32,8,2,1,4,9,2,2,3,0
KR_8347850377,100,WIN,970837,16.18,11,2,3,3,5,4,1,0,2
KR_8347850377,200,LOSE,970837,16.18,3,9,1,8,28,6,4,3,0
KR_8347835352,100,WIN,877227,14.62,1,0,0,0,26,9,0,0,1
KR_8347835352,200,LOSE,877227,14.62,0,0,0,3,6,1,6,3,0
KR_8347805621,100,WIN,822777,13.71,3,1,1,1,9,7,2,3,0
KR_8347805621,200,LOSE,822777,13.71,2,2,1,6,5,1,4,0,0
KR_8347786388,100,WIN,738206,12.3,2,1,1,2,6,1,0,3,1
KR_8347786388,200,LOSE,738206,12.3,0,2,1,2,2,3,3,0,0
KR_8347763000,100,WIN,681261,11.35,1,1,1,0,5,3,1,3,0
KR_8347763000,200,LOSE,681261,11.35,3,2,0,2,7,0,3,0,0
KR_8347753241,100,WIN,757042,12.62,8,3,2,1,6,3,1,0,1
KR_8347753241,200,LOSE,757042,12.62,2,4,2,6,5,0,2,3,0
KR_8347727246,100,WIN,947095,15.78,1,7,2,5,15,2,1,3,0
KR_8347727246,200,LOSE,947095,15.78,8,2,2,1,15,5,2,0,2
KR_8347714051,100,LOSE,642060,10.7,1,2,0,3,2,1,1,0,0
KR_8347714051,200,WIN,642060,10.7,2,2,2,1,7,3,1,0,1
KR_8346615490,100,LOSE,888496,14.81,1,5,3,4,15,2,1,0,0
KR_8346615490,200,WIN,888496,14.81,4,1,1,3,14,5,0,3,1
KR_8346588863,100,LOSE,1070597,17.84,6,2,3,2,12,2,4,0,0
KR_8346588863,200,WIN,1070597,17.84,2,2,3,6,14,6,3,3,1
KR_8340965665,100,WIN,987351,16.46,8,1,3,0,9,3,3,3,2
KR_8340965665,200,LOSE,987351,16.46,0,4,1,5,13,2,3,0,0
KR_8340900835,100,WIN,993522,16.56,3,2,1,2,17,5,0,3,0
KR_8340900835,200,LOSE,993522,16.56,1,2,2,2,12,1,2,0,1
KR_8339574477,100,LOSE,962693,16.04,1,4,1,5,15,10,2,0,2
KR_8339574477,200,WIN,962693,16.04,6,2,2,2,10,2,2,3,0
KR_8339541745,100,WIN,855888,14.26,2,1,2,1,7,6,0,0,2
KR_8339541745,200,LOSE,855888,14.26,0,5,0,2,9,2,7,3,0
KR_8336961835,100,LOSE,673903,11.23,1,2,6,2,6,2,0,3,0
KR_8336961835,200,WIN,673903,11.23,2,0,0,1,5,1,7,0,1
KR_8336966299,100,WIN,791373,13.19,2,3,3,2,9,2,1,0,1
KR_8336966299,200,LOSE,791373,13.19,0,2,2,1,13,4,0,3,0
KR_8336935836,100,WIN,1062946,17.72,5,5,2,4,17,3,6,0,0
KR_8336935836,200,LOSE,1062946,17.72,3,4,4,2,12,7,2,3,1
KR_8353086307,100,WIN,852166,14.2,7,2,1,2,8,6,1,0,1
KR_8353086307,200,LOSE,852166,14.2,1,4,0,5,23,6,2,3,1
KR_8340163605,100,WIN,930922,15.52,2,5,4,4,17,5,1,0,2
KR_8340163605,200,LOSE,930922,15.52,12,3,0,4,15,2,4,3,0
KR_8340071957,100,WIN,984070,16.4,4,4,0,3,16,1,1,3,1
KR_8340071957,200,LOSE,984070,16.4,0,3,0,2,12,5,1,0,1
KR_8339020497,100,WIN,906130,15.1,2,3,2,3,10,5,2,0,1
KR_8339020497,200,LOSE,906130,15.1,4,2,2,2,10,3,6,3,1
KR_8338963026,100,LOSE,856428,14.27,3,3,0,3,13,3,5,2,1
KR_8338963026,200,WIN,856428,14.27,3,3,1,2,8,5,1,1,1
KR_8338897197,100,LOSE,959733,16.0,4,4,4,8,6,1,5,3,0
KR_8338897197,200,WIN,959733,16.0,4,3,0,5,11,5,2,0,1
KR_8338336550,100,WIN,1056705,17.61,7,4,2,1,14,4,0,0,2
KR_8338336550,200,LOSE,1056705,17.61,1,7,1,3,17,2,3,3,0
KR_8338312729,100,LOSE,866144,14.44,1,4,0,1,8,2,2,0,0
KR_8338312729,200,WIN,866144,14.44,1,1,2,1,9,2,1,3,2
KR_8355118222,100,WIN,1181500,19.69,5,1,4,4,21,3,4,3,1
KR_8355118222,200,LOSE,1181500,19.69,5,2,0,5,15,4,5,0,1
KR_8355076884,100,WIN,930793,15.51,10,3,0,1,9,4,2,1,0
KR_8355076884,200,LOSE,930793,15.51,2,6,1,5,16,6,2,2,2
KR_8355054638,100,WIN,861125,14.35,7,3,4,0,10,1,3,1,2
KR_8355054638,200,LOSE,861125,14.35,1,5,1,6,16,6,3,2,0
KR_8354161234,100,WIN,890824,14.85,3,2,2,2,10,1,3,1,0
KR_8354161234,200,LOSE,890824,14.85,3,3,1,2,15,5,0,2,1
KR_8354150278,100,LOSE,1012502,16.88,4,5,3,5,14,4,3,0,1
KR_8354150278,200,WIN,1012502,16.88,11,7,0,3,6,3,1,3,1
KR_8352989968,100,WIN,868966,14.48,6,2,1,1,15,1,2,0,0
KR_8352989968,200,LOSE,868966,14.48,0,4,1,3,10,4,3,3,0
KR_8351523927,100,LOSE,1088912,18.15,3,1,1,2,15,2,5,3,0
KR_8351523927,200,WIN,1088912,18.15,2,1,1,2,14,7,2,0,3
KR_8351520555,100,WIN,796533,13.28,5,1,0,0,9,0,0,3,1
KR_8351520555,200,LOSE,796533,13.28,3,3,0,3,7,1,3,0,0
KR_8346992436,100,WIN,857328,14.29,3,3,0,3,5,2,2,3,1
KR_8346992436,200,LOSE,857328,14.29,5,4,1,1,11,0,3,0,0
KR_8346940414,100,LOSE,731632,12.19,1,4,1,1,6,0,0,0,0
KR_8346940414,200,WIN,731632,12.19,2,0,2,1,8,0,0,3,2
KR_8346890809,100,LOSE,1111867,18.53,0,3,3,1,14,4,4,2,0
KR_8346890809,200,WIN,1111867,18.53,0,3,1,1,4,4,3,1,2
KR_8345405747,100,LOSE,926157,15.44,1,6,3,5,8,7,3,0,0
KR_8345405747,200,WIN,926157,15.44,12,3,0,4,10,3,4,3,1
KR_8345393976,100,WIN,888801,14.81,1,4,3,2,9,6,0,2,2
KR_8345393976,200,LOSE,888801,14.81,3,2,0,2,6,2,4,1,0
KR_8342144271,100,LOSE,439133,7.32,0,0,0,0,2,0,0,0,0
KR_8342144271,200,WIN,439133,7.32,0,0,0,0,4,1,0,0,0
KR_8342119212,100,LOSE,859875,14.33,2,3,0,2,2,4,0,3,0
KR_8342119212,200,WIN,859875,14.33,2,1,1,1,7,5,3,0,1
KR_8340766186,100,LOSE,766203,12.77,2,7,0,2,0,5,2,3,0
KR_8340766186,200,WIN,766203,12.77,4,1,2,1,5,6,1,0,1
KR_8340659531,100,LOSE,869920,14.5,4,4,0,4,42,6,4,0,1
KR_8340659531,200,WIN,869920,14.5,5,2,2,4,11,4,3,3,1
KR_8340646541,100,WIN,842672,14.04,4,1,1,2,11,2,4,3,0
KR_8340646541,200,LOSE,842672,14.04,1,4,2,1,10,3,2,0,1
KR_8351817975,100,LOSE,1292135,21.54,1,2,3,1,10,5,5,0,1
KR_8351817975,200,WIN,1292135,21.54,3,6,1,2,12,2,0,3,1
KR_8350395919,100,WIN,1013609,16.89,0,1,0,2,14,2,2,0,2
KR_8350395919,200,LOSE,1013609,16.89,3,0,1,2,10,2,2,3,0
KR_8350331758,100,WIN,699018,11.65,5,0,1,2,9,0,1,0,1
KR_8350331758,200,LOSE,699018,11.65,1,1,0,4,6,4,2,3,0
KR_8350259750,100,LOSE,929598,15.49,2,3,2,3,11,7,4,3,1
KR_8350259750,200,WIN,929598,15.49,4,2,1,4,11,3,4,0,1
KR_8350178808,100,LOSE,740516,12.34,3,2,0,4,5,2,3,3,0
KR_8350178808,200,WIN,740516,12.34,4,2,2,2,7,1,0,0,1
KR_8350120054,100,LOSE,1011301,16.86,8,5,4,5,10,8,1,3,2
KR_8350120054,200,WIN,1011301,16.86,7,6,1,8,12,7,4,0,0
KR_8352867336,100,WIN,1004539,16.74,4,5,3,0,11,5,2,3,2
KR_8352867336,200,LOSE,1004539,16.74,2,4,2,5,12,4,2,0,0
KR_8352804870,100,WIN,1211141,20.19,2,2,0,4,20,7,2,0,3
KR_8352804870,200,LOSE,1211141,20.19,1,3,0,2,13,7,4,3,0
KR_8349846616,100,WIN,676637,11.28,9,1,3,3,6,2,2,3,1
KR_8349846616,200,LOSE,676637,11.28,1,5,1,6,7,4,2,0,0
KR_8349774904,100,LOSE,1152089,19.2,3,5,0,7,19,9,1,0,1
KR_8349774904,200,WIN,1152089,19.2,9,3,4,4,15,3,3,3,1
KR_8349688996,100,LOSE,1002254,16.7,0,5,2,1,12,5,2,3,0
KR_8349688996,200,WIN,1002254,16.7,2,0,3,1,7,3,5,0,1
KR_8351128184,100,WIN,1001965,16.7,5,6,3,4,12,8,0,3,2
KR_8351128184,200,LOSE,1001965,16.7,7,4,0,6,13,4,4,0,0
KR_8355189875,100,WIN,1025090,17.08,2,6,5,5,12,0,3,3,2
KR_8355189875,200,LOSE,1025090,17.08,3,3,5,4,11,2,4,0,0
KR_8354769661,100,LOSE,900169,15.0,1,3,0,3,6,4,3,1,0
KR_8354769661,200,WIN,900169,15.0,2,2,1,2,22,5,1,2,2
KR_8354696974,100,WIN,872594,14.54,4,1,1,3,12,3,1,0,0
KR_8354696974,200,LOSE,872594,14.54,3,4,2,5,10,1,1,3,1
KR_8354654261,100,WIN,1158196,19.3,5,4,1,5,22,5,4,0,0
KR_8354654261,200,LOSE,1158196,19.3,4,4,1,4,27,2,1,3,2
KR_8348657577,100,LOSE,1012071,16.87,7,6,1,2,15,5,2,3,0
KR_8348657577,200,WIN,1012071,16.87,1,7,5,3,12,5,0,0,2
KR_8347809804,100,LOSE,884598,14.74,4,4,2,7,10,7,4,3,1
KR_8347809804,200,WIN,884598,14.74,7,5,0,5,7,8,2,0,1
KR_8347565879,100,WIN,1009760,16.83,1,5,3,5,10,3,1,3,1
KR_8347565879,200,LOSE,1009760,16.83,7,2,2,4,8,4,4,0,0
KR_8346565380,100,WIN,667630,11.13,5,0,0,1,8,2,1,3,0
KR_8346565380,200,LOSE,667630,11.13,0,3,0,2,8,1,2,0,0
KR_8354025308,100,WIN,907560,15.13,6,3,1,1,13,4,1,3,1
KR_8354025308,200,LOSE,907560,15.13,4,5,0,5,13,1,1,0,0
KR_8354422866,100,WIN,837202,13.95,7,1,3,1,11,4,1,0,1
KR_8354422866,200,LOSE,837202,13.95,1,7,0,6,7,2,1,3,0
KR_8354409324,100,LOSE,621007,10.35,0,4,0,1,5,1,3,3,0
KR_8354409324,200,WIN,621007,10.35,5,0,1,1,5,2,1,0,0
KR_8354388196,100,WIN,680970,11.35,7,1,1,0,6,0,4,2,0
KR_8354388196,200,LOSE,680970,11.35,1,4,1,4,7,1,0,1,0
KR_8354356494,100,WIN,1085758,18.1,10,4,0,8,11,3,2,3,2
KR_8354356494,200,LOSE,1085758,18.1,11,3,1,4,15,3,6,0,0
KR_8354321843,100,WIN,966822,16.11,6,6,1,3,16,7,2,3,1
KR_8354321843,200,LOSE,966822,16.11,2,5,4,4,8,4,4,0,1
KR_8353314603,100,LOSE,888683,14.81,4,7,0,5,8,3,2,2,0
KR_8353314603,200,WIN,888683,14.81,8,3,4,1,6,3,3,1,0
KR_8353285312,100,LOSE,865393,14.42,5,4,1,5,13,3,0,3,0
KR_8353285312,200,WIN,865393,14.42,4,4,0,4,10,6,3,0,1
KR_8353259454,100,WIN,652881,10.88,4,1,2,1,7,3,1,1,1
KR_8353259454,200,LOSE,652881,10.88,1,5,0,4,5,2,0,2,0
KR_8353238293,100,LOSE,1006382,16.77,11,4,2,3,12,3,3,0,1
KR_8353238293,200,WIN,1006382,16.77,6,6,2,4,11,3,2,3,1
KR_8353223202,100,WIN,829657,13.83,2,2,0,2,10,3,2,3,1
KR_8353223202,200,LOSE,829657,13.83,2,2,2,2,6,4,0,0,0
KR_8347800871,100,LOSE,782228,13.04,1,5,1,1,6,2,3,0,1
KR_8347800871,200,WIN,782228,13.04,5,2,2,2,8,2,1,3,0
KR_8347790077,100,LOSE,1057479,17.62,3,3,3,4,7,7,1,3,1
KR_8347790077,200,WIN,1057479,17.62,3,6,4,2,9,2,2,0,0
KR_8347758872,100,WIN,583990,9.73,1,0,2,2,3,0,2,2,0
KR_8347758872,200,LOSE,583990,9.73,0,3,2,0,2,2,1,1,1
KR_8347739681,100,WIN,877628,14.63,1,5,4,2,5,3,1,3,2
KR_8347739681,200,LOSE,877628,14.63,2,6,2,2,9,5,3,0,0
KR_8347722670,100,LOSE,853558,14.23,1,4,0,2,6,3,1,0,0
KR_8347722670,200,WIN,853558,14.23,3,0,1,1,11,2,2,3,1
KR_8346745855,100,WIN,902404,15.04,1,1,0,1,7,4,2,3,1
KR_8346745855,200,LOSE,902404,15.04,0,2,1,1,8,5,3,0,0
KR_8346725444,100,WIN,993027,16.55,3,5,2,4,8,2,3,3,0
KR_8346725444,200,LOSE,993027,16.55,1,4,4,2,11,7,1,0,2
KR_8346661520,100,WIN,892613,14.88,3,3,1,3,13,2,1,1,2
KR_8346661520,200,LOSE,892613,14.88,7,2,0,3,10,2,1,2,0
KR_8343479305,100,WIN,685658,11.43,4,2,3,4,19,7,3,0,0
KR_8343479305,200,LOSE,685658,11.43,1,4,3,3,10,2,4,3,1
KR_8343386874,100,WIN,1037034,17.28,2,3,0,3,14,6,3,3,2
KR_8343386874,200,LOSE,1037034,17.28,3,3,0,1,16,4,4,0,0
KR_8343280504,100,WIN,1008644,16.81,0,2,0,5,18,3,2,3,0
KR_8343280504,200,LOSE,1008644,16.81,7,1,2,1,14,2,2,0,2
KR_8343201648,100,WIN,986248,16.44,7,5,3,3,10,6,2,2,1
KR_8343201648,200,LOSE,986248,16.44,3,5,0,9,13,9,2,1,0
KR_8343115387,100,LOSE,830413,13.84,2,4,1,5,14,7,0,0,1
KR_8343115387,200,WIN,830413,13.84,6,3,5,3,7,2,4,3,1
KR_8343030529,100,LOSE,764642,12.74,2,2,1,3,8,2,1,3,1
KR_8343030529,200,WIN,764642,12.74,4,1,0,2,9,2,5,0,0
KR_8342819260,100,LOSE,736758,12.28,2,6,0,2,34,2,3,0,0
KR_8342819260,200,WIN,736758,12.28,5,2,4,1,7,3,0,3,1
KR_8342749740,100,LOSE,761059,12.68,2,0,1,1,9,2,3,3,0
KR_8342749740,200,WIN,761059,12.68,1,2,2,1,4,0,1,0,1
KR_8342700354,100,WIN,700474,11.67,5,3,2,1,8,3,2,3,0
KR_8342700354,200,LOSE,700474,11.67,4,6,0,4,4,7,1,0,1
KR_8339557005,100,LOSE,956733,15.95,1,2,3,1,4,4,2,1,0
KR_8339557005,200,WIN,956733,15.95,1,3,3,0,17,3,3,2,2
KR_8339513773,100,WIN,865458,14.42,1,4,0,3,9,5,1,3,2
KR_8339513773,200,LOSE,865458,14.42,7,1,1,2,3,1,4,0,0
KR_8339482854,100,WIN,960066,16.0,2,6,2,1,8,4,1,3,1
KR_8339482854,200,LOSE,960066,16.0,6,3,0,3,13,2,0,0,1
KR_8339449974,100,WIN,956271,15.94,2,2,1,1,6,2,1,2,0
KR_8339449974,200,LOSE,956271,15.94,2,1,0,3,15,3,1,0,1
KR_8339425643,100,WIN,1062286,17.7,1,5,4,3,9,6,1,3,0
KR_8339425643,200,LOSE,1062286,17.7,6,3,1,3,10,5,0,0,1
KR_8338401949,100,LOSE,1013558,16.89,4,2,3,3,13,1,2,3,1
KR_8338401949,200,WIN,1013558,16.89,0,5,2,2,8,6,2,0,0
KR_8338387366,100,WIN,934009,15.57,3,3,7,6,5,0,1,3,2
KR_8338387366,200,LOSE,934009,15.57,5,3,2,5,8,5,3,0,0
KR_8338342897,100,LOSE,821469,13.69,2,3,2,6,10,4,1,0,0
KR_8338342897,200,WIN,821469,13.69,6,2,3,2,7,1,4,3,1
KR_8338319034,100,LOSE,1030715,17.18,3,7,6,1,15,1,4,3,0
KR_8338319034,200,WIN,1030715,17.18,5,4,4,4,11,3,5,0,2
KR_8337189549,100,WIN,799392,13.32,5,2,2,0,10,5,3,3,1
KR_8337189549,200,LOSE,799392,13.32,1,4,2,5,5,0,3,0,0
KR_8337138910,100,WIN,937046,15.62,2,2,1,4,8,5,5,1,0
KR_8337138910,200,LOSE,937046,15.62,2,4,2,3,11,6,1,2,0
KR_8337122336,100,LOSE,1011230,16.85,4,4,1,5,18,3,3,3,0
KR_8337122336,200,WIN,1011230,16.85,2,5,5,2,7,2,2,0,0
KR_8340226251,100,WIN,826414,13.77,4,2,1,3,10,2,1,3,0
KR_8340226251,200,LOSE,826414,13.77,1,2,0,2,11,2,2,0,2
KR_8339753041,100,LOSE,854583,14.24,2,3,2,2,5,2,1,0,0
KR_8339753041,200,WIN,854583,14.24,2,2,3,1,6,2,1,3,0
KR_8339091298,100,LOSE,877806,14.63,2,8,1,6,26,1,5,2,0
KR_8339091298,200,WIN,877806,14.63,9,1,2,4,10,9,3,1,1
KR_8339051474,100,WIN,708737,11.81,6,1,6,3,8,3,1,2,0
KR_8339051474,200,LOSE,708737,11.81,0,5,3,3,1,1,4,1,0
KR_8350580574,100,LOSE,882378,14.71,0,6,7,2,7,1,0,3,1
KR_8350580574,200,WIN,882378,14.71,4,2,2,4,10,3,3,0,1
KR_8351376293,100,LOSE,853176,14.22,1,3,0,2,9,4,2,0,0
KR_8351376293,200,WIN,853176,14.22,3,1,1,3,13,2,1,3,1
KR_8350226520,100,WIN,991208,16.52,9,4,3,3,10,7,0,3,2
KR_8350226520,200,LOSE,991208,16.52,0,7,3,5,29,2,2,0,0
KR_8350200477,100,WIN,862335,14.37,3,1,7,3,15,5,2,3,1
KR_8350200477,200,LOSE,862335,14.37,2,6,0,6,4,2,4,0,1
KR_8350102798,100,WIN,941990,15.7,4,4,3,1,9,3,3,1,1
KR_8350102798,200,LOSE,941990,15.7,3,6,2,3,14,3,2,2,1
KR_8350074712,100,LOSE,909081,15.15,1,5,0,2,8,1,2,2,1
KR_8350074712,200,WIN,909081,15.15,6,1,1,1,4,2,3,1,1
KR_8349661686,100,WIN,831564,13.86,5,0,3,1,9,3,1,0,0
KR_8349661686,200,LOSE,831564,13.86,0,2,0,4,5,1,3,3,0
KR_8349584314,100,LOSE,905045,15.08,1,4,2,8,13,6,4,2,0
KR_8349584314,200,WIN,905045,15.08,4,2,5,3,11,7,0,1,2
KR_8349475521,100,LOSE,1219336,20.32,3,0,1,1,16,2,2,3,1
KR_8349475521,200,WIN,1219336,20.32,1,4,0,3,28,3,2,0,1
KR_8349412159,100,LOSE,935036,15.58,1,8,2,6,14,1,3,2,0
KR_8349412159,200,WIN,935036,15.58,6,2,3,2,13,7,0,1,1
KR_8349345540,100,WIN,771393,12.86,1,0,3,0,6,2,0,0,1
KR_8349345540,200,LOSE,771393,12.86,0,2,0,2,7,3,1,3,0
KR_8355216809,100,LOSE,1057643,17.63,1,5,3,4,22,5,2,3,1
KR_8355216809,200,WIN,1057643,17.63,4,2,1,3,16,4,6,0,1
KR_8355210317,100,WIN,1087076,18.12,1,5,5,3,16,3,0,2,2
KR_8355210317,200,LOSE,1087076,18.12,3,6,1,1,14,6,2,1,0
KR_8355186339,100,WIN,979958,16.33,3,1,2,3,15,6,0,3,1
KR_8355186339,200,LOSE,979958,16.33,4,2,0,4,16,1,4,0,0
KR_8355117273,100,LOSE,825904,13.77,0,5,1,2,9,5,0,3,0
KR_8355117273,200,WIN,825904,13.77,3,2,3,1,9,1,3,0,1
KR_8355071376,100,LOSE,861918,14.37,3,4,0,4,14,3,2,3,0
KR_8355071376,200,WIN,861918,14.37,6,2,2,2,13,3,1,0,0
KR_8348587206,100,WIN,859217,14.32,5,4,5,4,11,1,3,2,0
KR_8348587206,200,LOSE,859217,14.32,3,5,4,4,9,3,3,1,0
KR_8348549730,100,LOSE,922509,15.38,1,2,1,4,12,3,4,1,1
KR_8348549730,200,WIN,922509,15.38,2,2,1,1,14,8,4,2,1
KR_8346406333,100,WIN,1056952,17.62,4,7,0,3,10,7,1,0,1
KR_8346406333,200,LOSE,1056952,17.62,3,4,3,3,14,3,4,3,1
KR_8346380755,100,LOSE,820336,13.67,3,6,3,8,7,3,1,0,0
KR_8346380755,200,WIN,820336,13.67,12,2,0,3,4,4,2,3,1
KR_8346374419,100,LOSE,826580,13.78,2,4,5,4,9,1,1,3,0
KR_8346374419,200,WIN,826580,13.78,4,2,3,5,7,1,1,0,1
KR_8346332625,100,WIN,1147049,19.12,3,2,4,3,11,5,3,3,0
KR_8346332625,200,LOSE,1147049,19.12,3,4,3,0,60,4,3,0,3
KR_8346298065,100,WIN,829807,13.83,3,5,1,5,9,3,1,3,1
KR_8346298065,200,LOSE,829807,13.83,8,3,0,3,13,4,1,0,1
KR_8346228428,100,LOSE,922389,15.37,2,2,2,2,8,2,2,1,1
KR_8346228428,200,WIN,922389,15.37,1,1,0,3,9,6,4,2,0
KR_8342872007,100,WIN,908523,15.14,9,1,3,2,14,4,1,3,2
KR_8342872007,200,LOSE,908523,15.14,1,5,0,5,14,4,4,0,0
KR_8347373316,100,WIN,741653,12.36,5,0,1,1,9,2,3,3,1
KR_8347373316,200,LOSE,741653,12.36,0,4,1,3,4,4,1,0,1
KR_8347298874,100,WIN,885394,14.76,9,4,2,4,14,1,3,3,1
KR_8347298874,200,LOSE,885394,14.76,4,5,4,6,9,4,1,0,1
KR_8345619408,100,LOSE,1012641,16.88,5,4,2,3,14,3,2,0,1
KR_8345619408,200,WIN,1012641,16.88,5,4,1,5,9,5,1,3,1
KR_8345605312,100,WIN,711864,11.86,4,1,1,0,6,5,0,3,1
KR_8345605312,200,LOSE,711864,11.86,1,3,0,3,4,0,4,0,0
KR_8340244700,100,WIN,910432,15.17,5,5,2,3,10,6,2,3,1
KR_8340244700,200,LOSE,910432,15.17,7,8,1,3,9,2,4,0,0
KR_8340181936,100,WIN,672172,11.2,1,1,1,0,3,4,2,2,1
KR_8340181936,200,LOSE,672172,11.2,1,2,0,0,6,1,4,1,0
KR_8340107516,100,LOSE,1062655,17.71,3,3,3,2,11,1,5,0,0
KR_8340107516,200,WIN,1062655,17.71,5,3,2,5,11,4,4,3,2
KR_8340044515,100,LOSE,797739,13.3,0,2,0,3,11,3,1,3,2
KR_8340044515,200,WIN,797739,13.3,1,0,3,1,9,2,4,0,0
KR_8337911062,100,LOSE,885240,14.75,4,4,3,3,7,1,1,3,0
KR_8337911062,200,WIN,885240,14.75,5,3,0,3,7,4,0,0,1
KR_8342829653,100,LOSE,878334,14.64,1,0,0,2,19,6,3,3,0
KR_8342829653,200,WIN,878334,14.64,1,1,1,1,6,3,2,0,2
KR_8345277918,100,LOSE,1312339,21.87,10,5,1,7,22,6,5,0,1
KR_8345277918,200,WIN,1312339,21.87,6,7,3,3,30,9,7,3,2
KR_8345276009,100,WIN,1074359,17.91,2,2,2,3,17,3,5,3,1
KR_8345276009,200,LOSE,1074359,17.91,3,3,2,4,16,3,5,0,1
KR_8345241412,100,LOSE,940476,15.67,3,5,0,4,7,3,4,2,0
KR_8345241412,200,WIN,940476,15.67,8,2,1,2,17,2,4,1,2
KR_8345193945,100,LOSE,698793,11.65,1,5,1,4,0,1,2,0,1
KR_8345193945,200,WIN,698793,11.65,8,0,1,2,8,0,0,3,0
KR_8353571194,100,LOSE,959495,15.99,5,7,1,3,9,4,2,0,1
KR_8353571194,200,WIN,959495,15.99,4,4,3,5,8,7,1,3,0
KR_8341969203,100,WIN,1205955,20.1,7,2,2,7,17,3,1,0,2
KR_8341969203,200,LOSE,1205955,20.1,6,4,3,6,14,3,3,3,0
KR_8351729082,100,LOSE,730969,12.18,0,4,0,2,5,1,3,3,0
KR_8351729082,200,WIN,730969,12.18,4,1,0,0,8,4,0,0,0
KR_8339528596,100,LOSE,744552,12.41,0,3,1,2,8,0,2,0,0
KR_8339528596,200,WIN,744552,12.41,5,1,0,0,9,2,0,0,1
KR_8339465075,100,LOSE,860903,14.35,1,4,0,5,9,1,2,3,0
KR_8339465075,200,WIN,860903,14.35,5,0,0,2,10,4,1,0,1
KR_8339430521,100,LOSE,1106723,18.45,3,3,5,5,11,1,3,0,0
KR_8339430521,200,WIN,1106723,18.45,4,3,3,6,18,5,1,3,1
KR_8339398612,100,LOSE,925791,15.43,1,5,4,6,6,3,2,3,1
KR_8339398612,200,WIN,925791,15.43,7,3,4,6,8,3,2,0,0
KR_8352327914,100,LOSE,784910,13.08,3,4,0,2,7,0,0,0,0
KR_8352327914,200,WIN,784910,13.08,4,2,0,1,12,2,0,3,1
KR_8350664476,100,LOSE,827227,13.79,1,5,2,5,16,5,1,0,0
KR_8350664476,200,WIN,827227,13.79,8,3,2,2,5,0,0,3,2
KR_8349040028,100,WIN,909920,15.17,8,1,2,3,9,2,2,0,2
KR_8349040028,200,LOSE,909920,15.17,2,6,4,3,15,4,3,3,0
KR_8348031807,100,LOSE,852228,14.2,0,6,1,1,8,3,3,3,0
KR_8348031807,200,WIN,852228,14.2,5,0,2,1,4,1,1,0,1
KR_8342994516,100,WIN,620320,10.34,5,0,0,0,4,2,1,0,1
KR_8342994516,200,LOSE,620320,10.34,1,2,0,3,3,1,2,3,0
KR_8338613191,100,WIN,804607,13.41,3,3,1,3,12,1,2,0,1
KR_8338613191,200,LOSE,804607,13.41,5,4,3,2,31,1,1,3,0
KR_8338551883,100,WIN,1056032,17.6,0,1,2,3,15,0,4,0,1
KR_8338551883,200,LOSE,1056032,17.6,1,4,0,1,16,7,1,1,1
KR_8339220469,100,WIN,924744,15.41,6,4,2,2,11,7,4,3,0
KR_8339220469,200,LOSE,924744,15.41,8,2,0,7,8,4,5,0,1
KR_8339203555,100,WIN,915558,15.26,4,2,5,2,7,5,2,3,1
KR_8339203555,200,LOSE,915558,15.26,0,6,1,4,9,7,2,0,1
KR_8339184597,100,LOSE,964212,16.07,5,3,0,4,19,5,0,0,2
KR_8339184597,200,WIN,964212,16.07,4,3,1,3,7,4,3,3,0
KR_8338065085,100,WIN,959521,15.99,5,1,0,6,9,6,2,1,2
KR_8338065085,200,LOSE,959521,15.99,3,4,0,3,11,6,3,2,0
KR_8338030753,100,LOSE,905613,15.09,3,2,1,0,5,1,7,2,0
KR_8338030753,200,WIN,905613,15.09,3,3,0,1,4,5,0,1,1
KR_8338010441,100,LOSE,604069,10.07,0,5,0,3,3,1,3,0,1
KR_8338010441,200,WIN,604069,10.07,5,0,2,0,2,5,1,3,0
KR_8337953635,100,WIN,953814,15.9,7,2,0,2,6,4,0,0,1
KR_8337953635,200,LOSE,953814,15.9,4,3,0,5,3,0,2,3,1
KR_8337916484,100,LOSE,856967,14.28,3,4,0,6,8,3,2,0,0
KR_8337916484,200,WIN,856967,14.28,7,2,2,2,6,3,2,3,1
KR_8352841089,100,WIN,725066,12.08,5,2,2,0,8,3,1,3,1
KR_8352841089,200,LOSE,725066,12.08,0,3,0,3,7,3,2,0,0
KR_8352759234,100,LOSE,1034631,17.24,1,2,2,2,20,8,6,3,1
KR_8352759234,200,WIN,1034631,17.24,0,2,5,2,18,2,4,0,1
KR_8340991293,100,LOSE,882920,14.72,2,3,1,2,9,4,3,0,0
KR_8340991293,200,WIN,882920,14.72,4,4,0,2,6,0,1,3,0
KR_8340948166,100,WIN,863507,14.39,3,0,1,1,42,5,1,1,1
KR_8340948166,200,LOSE,863507,14.39,1,2,0,2,22,1,4,2,1
KR_8340900420,100,LOSE,1184272,19.74,6,4,3,3,46,4,3,3,1
KR_8340900420,200,WIN,1184272,19.74,2,1,2,5,20,3,4,0,0
KR_8338727066,100,WIN,795052,13.25,3,3,0,3,38,3,2,2,1
KR_8338727066,200,LOSE,795052,13.25,3,3,3,1,25,2,3,1,1
KR_8338683578,100,WIN,793901,13.23,5,1,1,2,11,3,1,1,1
KR_8338683578,200,LOSE,793901,13.23,2,4,2,4,22,0,2,2,0
KR_8354932012,100,WIN,1007853,16.8,7,0,1,0,9,4,3,2,1
KR_8354932012,200,LOSE,1007853,16.8,0,4,0,5,15,3,1,1,1
KR_8354852923,100,LOSE,1138093,18.97,3,2,1,5,17,1,2,3,0
KR_8354852923,200,WIN,1138093,18.97,2,2,3,1,14,9,1,0,2
KR_8354797600,100,WIN,738659,12.31,10,2,2,1,5,2,3,3,0
KR_8354797600,200,LOSE,738659,12.31,3,4,1,8,7,1,0,0,1
KR_8354607953,100,WIN,955762,15.93,1,1,2,1,12,7,2,1,0
KR_8354607953,200,LOSE,955762,15.93,0,2,0,4,11,2,6,2,0
KR_8354583325,100,WIN,1145996,19.1,4,0,3,2,10,6,2,2,0
KR_8354583325,200,LOSE,1145996,19.1,1,3,0,7,23,2,3,1,2
KR_8354509047,100,LOSE,796414,13.27,0,2,0,1,9,4,3,2,0
KR_8354509047,200,WIN,796414,13.27,5,1,1,2,11,2,0,1,2
KR_8353866629,100,LOSE,747978,12.47,4,2,0,3,5,3,1,0,0
KR_8353866629,200,WIN,747978,12.47,0,1,5,4,8,3,2,3,1
KR_8353790902,100,LOSE,1010900,16.85,3,2,8,6,16,4,4,3,1
KR_8353790902,200,WIN,1010900,16.85,2,2,3,3,13,8,7,0,1
KR_8353750565,100,LOSE,776192,12.94,0,0,0,1,7,3,2,3,1
KR_8353750565,200,WIN,776192,12.94,0,1,1,0,7,3,4,0,0
KR_8353691042,100,WIN,978715,16.31,2,1,0,2,14,5,1,1,1
KR_8353691042,200,LOSE,978715,16.31,3,2,0,2,11,1,3,2,1
KR_8353630519,100,LOSE,1087810,18.13,4,4,1,6,20,5,5,0,0
KR_8353630519,200,WIN,1087810,18.13,6,1,5,3,56,1,4,3,2
KR_8353528482,100,LOSE,975130,16.25,0,5,0,3,12,3,3,1,0
KR_8353528482,200,WIN,975130,16.25,6,0,1,0,4,7,0,2,2
KR_8353480711,100,WIN,889428,14.82,6,0,0,3,13,0,2,0,1
KR_8353480711,200,LOSE,889428,14.82,3,3,0,2,10,1,3,3,0
KR_8353466148,100,WIN,983320,16.39,8,2,1,4,16,3,0,2,0
KR_8353466148,200,LOSE,983320,16.39,2,5,2,3,11,4,4,1,1
KR_8352779597,100,WIN,797241,13.29,2,2,0,0,11,5,1,0,0
KR_8352779597,200,LOSE,797241,13.29,3,2,1,3,10,0,1,3,0
KR_8352685873,100,WIN,851526,14.19,3,1,4,3,9,1,2,0,1
KR_8352685873,200,LOSE,851526,14.19,0,4,1,3,11,6,1,3,1
KR_8352635163,100,LOSE,1091399,18.19,3,2,2,4,9,2,6,3,0
KR_8352635163,200,WIN,1091399,18.19,6,4,1,3,13,6,2,0,1
KR_8352557938,100,WIN,679228,11.32,2,0,1,0,6,3,3,3,0
KR_8352557938,200,LOSE,679228,11.32,0,2,0,2,3,1,4,0,1
KR_8352499339,100,LOSE,1009900,16.83,1,4,1,4,14,0,5,0,0
KR_8352499339,200,WIN,1009900,16.83,1,1,0,1,15,9,0,3,1
KR_8352422739,100,LOSE,1008508,16.81,0,1,4,1,9,2,0,3,2
KR_8352422739,200,WIN,1008508,16.81,1,0,0,0,10,4,2,0,0
KR_8352356296,100,LOSE,908863,15.15,0,4,0,4,5,0,2,0,0
KR_8352356296,200,WIN,908863,15.15,3,0,1,1,11,1,3,3,1
KR_8352313355,100,WIN,866514,14.44,4,3,2,3,12,4,3,1,0
KR_8352313355,200,LOSE,866514,14.44,5,4,1,4,9,4,2,2,0
KR_8352201983,100,WIN,1036289,17.27,1,2,3,3,12,3,1,3,1
KR_8352201983,200,LOSE,1036289,17.27,4,1,1,0,12,1,10,0,0
KR_8352141717,100,LOSE,961501,16.03,0,3,0,4,4,5,3,3,2
KR_8352141717,200,WIN,961501,16.03,2,2,2,0,9,3,3,0,0
KR_8351912370,100,LOSE,878028,14.63,3,3,2,4,7,1,4,0,0
KR_8351912370,200,WIN,878028,14.63,1,3,4,1,4,4,1,3,1
KR_8351877032,100,LOSE,773594,12.89,2,1,0,5,17,0,1,1,1
KR_8351877032,200,WIN,773594,12.89,4,0,1,2,11,2,0,2,0
KR_8351828484,100,WIN,1053179,17.55,3,4,1,3,16,5,3,3,1
KR_8351828484,200,LOSE,1053179,17.55,5,4,4,3,25,6,3,0,1
KR_8348425098,100,LOSE,1181348,19.69,4,5,3,10,13,5,5,3,1
KR_8348425098,200,WIN,1181348,19.69,6,5,8,3,12,4,2,0,1
KR_8348373183,100,WIN,867336,14.46,7,0,0,0,11,1,0,3,0
KR_8348373183,200,LOSE,867336,14.46,0,5,0,2,13,0,0,0,1
KR_8348308968,100,WIN,967704,16.13,6,0,2,1,12,3,1,2,1
KR_8348308968,200,LOSE,967704,16.13,0,4,0,4,14,4,3,1,1
KR_8348226989,100,LOSE,908477,15.14,1,3,1,1,15,1,4,3,0
KR_8348226989,200,WIN,908477,15.14,5,1,0,2,15,6,0,0,2
KR_8344087267,100,WIN,1012069,16.87,3,1,1,4,11,4,0,3,2
KR_8344087267,200,LOSE,1012069,16.87,1,2,0,3,13,5,5,0,0
KR_8344056146,100,LOSE,790362,13.17,2,2,1,4,11,0,3,0,1
KR_8344056146,200,WIN,790362,13.17,6,1,0,2,10,5,0,3,1
KR_8343986711,100,LOSE,1057196,17.62,1,5,0,3,59,2,0,0,1
KR_8343986711,200,WIN,1057196,17.62,4,1,1,1,11,3,1,3,1
KR_8343726131,100,LOSE,1126769,18.78,4,1,3,0,8,8,5,3,3
KR_8343726131,200,WIN,1126769,18.78,0,3,0,5,13,4,5,0,0
KR_8343676146,100,WIN,1005532,16.76,1,0,4,3,11,3,2,2,2
KR_8343676146,200,LOSE,1005532,16.76,1,1,0,3,156,3,2,1,0
KR_8343629189,100,WIN,1125575,18.76,7,0,1,5,15,7,0,3,2
KR_8343629189,200,LOSE,1125575,18.76,5,3,0,5,14,1,5,0,0
KR_8343542386,100,WIN,773246,12.89,5,0,1,2,5,1,2,3,1
KR_8343542386,200,LOSE,773246,12.89,0,4,1,2,8,4,1,0,0
KR_8343494227,100,LOSE,683412,11.39,1,2,0,2,10,0,2,3,0
KR_8343494227,200,WIN,683412,11.39,4,1,0,0,4,1,0,0,1
KR_8343405129,100,WIN,959541,15.99,1,0,1,1,12,2,2,0,2
KR_8343405129,200,LOSE,959541,15.99,0,2,0,1,12,3,0,3,0
KR_8343314006,100,WIN,890606,14.84,0,2,7,2,9,6,3,3,1
KR_8343314006,200,LOSE,890606,14.84,4,1,0,3,13,2,3,0,0
KR_8343236031,100,LOSE,1006695,16.78,2,3,0,5,12,1,4,3,0
KR_8343236031,200,WIN,1006695,16.78,7,1,0,1,10,6,0,0,1
KR_8343132950,100,LOSE,885296,14.75,2,2,0,5,7,5,1,3,0
KR_8343132950,200,WIN,885296,14.75,2,2,3,3,20,2,2,0,1
KR_8341026102,100,LOSE,884149,14.74,3,4,1,5,10,2,3,1,2
KR_8341026102,200,WIN,884149,14.74,5,0,3,4,6,6,1,2,0
KR_8338750504,100,WIN,827924,13.8,5,2,2,3,6,2,2,3,2
KR_8338750504,200,LOSE,827924,13.8,1,3,0,3,6,4,2,0,0
KR_8338679885,100,LOSE,817944,13.63,0,2,1,2,8,3,1,3,0
KR_8338679885,200,WIN,817944,13.63,3,0,0,2,4,3,2,0,1
KR_8338530280,100,LOSE,934252,15.57,6,3,1,4,10,2,2,0,1
KR_8338530280,200,WIN,934252,15.57,5,1,2,5,11,3,2,3,0
KR_8338511006,100,LOSE,746268,12.44,1,2,1,3,17,1,4,3,0
KR_8338511006,200,WIN,746268,12.44,3,0,0,1,7,4,1,0,1
KR_8337729512,100,LOSE,928601,15.48,4,3,0,3,9,9,2,0,2
KR_8337729512,200,WIN,928601,15.48,5,4,1,3,12,4,5,3,0
KR_8337654338,100,LOSE,917829,15.3,3,3,0,5,15,1,2,0,0
KR_8337654338,200,WIN,917829,15.3,7,1,0,1,6,3,3,3,0
KR_8337617292,100,WIN,826638,13.78,6,0,3,1,7,2,3,3,2
KR_8337617292,200,LOSE,826638,13.78,1,5,1,5,11,3,3,0,0
KR_8337359527,100,WIN,875734,14.6,4,1,4,0,5,2,0,3,2
KR_8337359527,200,LOSE,875734,14.6,0,4,0,3,9,1,3,0,0
KR_8337318582,100,LOSE,1113313,18.56,1,1,0,1,15,3,2,0,0
KR_8337318582,200,WIN,1113313,18.56,1,1,3,2,19,2,2,3,2
KR_8349860972,100,LOSE,773940,12.9,2,3,1,5,6,0,2,0,1
KR_8349860972,200,WIN,773940,12.9,5,1,3,1,8,5,3,3,0
KR_8349849318,100,LOSE,977455,16.29,2,4,3,4,15,0,2,0,0
KR_8349849318,200,WIN,977455,16.29,4,2,2,2,9,6,0,3,2
KR_8349792666,100,LOSE,953015,15.88,2,2,2,6,10,1,5,3,1
KR_8349792666,200,WIN,953015,15.88,9,3,2,2,15,2,2,0,0
KR_8344815459,100,WIN,934700,15.58,5,2,4,0,15,3,3,3,2
KR_8344815459,200,LOSE,934700,15.58,1,3,0,5,7,1,4,0,0
KR_8344726816,100,LOSE,1103766,18.4,1,3,0,3,15,1,3,0,1
KR_8344726816,200,WIN,1103766,18.4,2,1,0,1,32,3,2,3,1
KR_8344684984,100,WIN,805476,13.42,3,0,1,1,6,3,0,3,2
KR_8344684984,200,LOSE,805476,13.42,0,3,1,2,8,1,3,0,0
KR_8344473989,100,WIN,986308,16.44,1,1,1,1,16,4,4,1,1
KR_8344473989,200,LOSE,986308,16.44,1,2,2,2,14,5,3,2,1
KR_8344422348,100,WIN,1013716,16.9,2,0,0,4,62,6,4,0,1
KR_8344422348,200,LOSE,1013716,16.9,0,2,5,2,6,3,5,3,1
KR_8343787390,100,WIN,959708,16.0,3,2,3,4,12,5,2,3,1
KR_8343787390,200,LOSE,959708,16.0,2,5,3,4,3,6,2,0,1
KR_8343751872,100,LOSE,1056544,17.61,5,4,2,6,13,2,2,1,1
KR_8343751872,200,WIN,1056544,17.61,4,4,2,2,22,9,4,2,1
KR_8343726661,100,WIN,981680,16.36,2,3,2,2,28,2,4,0,0
KR_8343726661,200,LOSE,981680,16.36,4,2,2,3,9,2,1,3,1
KR_8343681993,100,WIN,860535,14.34,6,2,1,0,5,3,5,0,1
KR_8343681993,200,LOSE,860535,14.34,2,3,0,4,9,2,3,0,1
KR_8341500644,100,LOSE,1066392,17.77,8,4,1,4,15,0,5,0,2
KR_8341500644,200,WIN,1066392,17.77,4,4,1,3,16,3,3,3,0
KR_8354802496,100,LOSE,957455,15.96,0,3,0,1,12,0,1,2,1
KR_8354802496,200,WIN,957455,15.96,2,0,1,0,9,3,1,1,1
KR_8348673906,100,LOSE,1034418,17.24,2,1,5,4,16,2,1,0,2
KR_8348673906,200,WIN,1034418,17.24,2,4,2,4,16,4,2,3,0
KR_8348674734,100,WIN,909122,15.15,1,0,0,2,17,2,1,0,2
KR_8348674734,200,LOSE,909122,15.15,2,0,0,0,8,1,3,3,0
KR_8346511780,100,LOSE,914567,15.24,2,3,3,2,6,5,1,0,2
KR_8346511780,200,WIN,914567,15.24,2,3,1,2,11,4,6,3,0
KR_8355239817,100,LOSE,854055,14.23,5,3,1,4,9,5,3,0,1
KR_8355239817,200,WIN,854055,14.23,5,4,2,4,12,2,1,3,0
KR_8355240372,100,WIN,834239,13.9,8,1,4,1,9,3,0,3,0
KR_8355240372,200,LOSE,834239,13.9,0,7,1,4,9,1,2,0,1
KR_8353848390,100,WIN,1035720,17.26,3,3,3,4,7,0,5,1,0
KR_8353848390,200,LOSE,1035720,17.26,6,2,1,4,6,3,0,2,1
KR_8353776374,100,WIN,1244393,20.74,1,3,2,1,15,6,1,3,2
KR_8353776374,200,LOSE,1244393,20.74,2,0,1,3,12,2,2,0,1
KR_8345329326,100,WIN,878837,14.65,5,1,2,1,8,2,0,3,0
KR_8345329326,200,LOSE,878837,14.65,0,2,2,5,5,1,2,0,1
KR_8345298378,100,WIN,1201004,20.02,3,1,1,5,24,1,3,0,1
KR_8345298378,200,LOSE,1201004,20.02,6,1,3,4,20,5,3,3,1
KR_8345274674,100,WIN,987163,16.45,3,3,1,3,9,6,2,0,2
KR_8345274674,200,LOSE,987163,16.45,7,4,0,4,14,4,1,3,0
KR_8345234996,100,WIN,856526,14.28,5,2,4,2,5,2,1,3,2
KR_8345234996,200,LOSE,856526,14.28,4,5,0,3,12,1,1,0,0
KR_8345199713,100,WIN,610985,10.18,5,0,0,3,6,1,3,0,1
KR_8345199713,200,LOSE,610985,10.18,1,2,1,3,5,3,3,3,0
KR_8342212293,100,WIN,876228,14.6,3,1,1,1,8,4,0,3,1
KR_8342212293,200,LOSE,876228,14.6,2,2,0,3,10,1,3,0,0
KR_8342208091,100,WIN,830340,13.84,3,1,3,1,7,2,0,1,1
KR_8342208091,200,LOSE,830340,13.84,0,3,0,3,19,3,4,2,0
KR_8342196087,100,WIN,829730,13.83,9,3,4,3,5,3,3,2,1
KR_8342196087,200,LOSE,829730,13.83,1,4,3,4,13,0,6,1,0
KR_8342173997,100,WIN,1054828,17.58,2,4,1,3,12,12,2,0,1
KR_8342173997,200,LOSE,1054828,17.58,6,7,1,6,11,4,5,3,0
KR_8340609713,100,LOSE,1154758,19.25,1,3,0,6,12,3,3,0,0
KR_8340609713,200,WIN,1154758,19.25,7,0,3,1,11,7,1,3,2
KR_8340590771,100,WIN,1032175,17.2,5,1,3,3,11,3,0,0,1
KR_8340590771,200,LOSE,1032175,17.2,3,3,1,6,8,0,3,3,1
KR_8338718161,100,LOSE,768320,12.81,6,1,2,3,5,2,2,0,1
KR_8338718161,200,WIN,768320,12.81,4,2,0,5,8,3,3,3,0
KR_8338673644,100,LOSE,1009441,16.82,10,5,2,1,13,6,3,0,1
KR_8338673644,200,WIN,1009441,16.82,3,7,1,8,9,3,3,3,1
KR_8338636395,100,LOSE,867093,14.45,1,4,1,2,13,3,0,0,1
KR_8338636395,200,WIN,867093,14.45,3,1,3,2,9,1,2,3,0
KR_8353812555,100,LOSE,1024665,17.08,3,5,0,2,10,3,1,3,0
KR_8353812555,200,WIN,1024665,17.08,4,3,0,3,15,2,0,0,1
KR_8353481017,100,WIN,1013411,16.89,4,1,3,1,9,2,5,1,0
KR_8353481017,200,LOSE,1013411,16.89,0,4,3,3,8,7,3,2,1
KR_8353434660,100,LOSE,854355,14.24,2,6,2,3,3,0,1,3,0
KR_8353434660,200,WIN,854355,14.24,6,2,1,0,22,5,4,0,1
KR_8353406174,100,WIN,1101727,18.36,2,3,0,2,17,2,3,1,1
KR_8353406174,200,LOSE,1101727,18.36,2,1,0,1,15,3,1,2,0
KR_8351731979,100,LOSE,672337,11.21,3,6,0,7,3,1,2,0,0
KR_8351731979,200,WIN,672337,11.21,9,1,4,2,5,2,0,0,1
KR_8351711884,100,WIN,789005,13.15,7,1,1,4,9,2,2,3,0
KR_8351711884,200,LOSE,789005,13.15,2,5,3,4,2,2,1,0,1
KR_8351683870,100,LOSE,603393,10.06,0,3,1,3,4,1,1,1,1
KR_8351683870,200,WIN,603393,10.06,2,1,4,1,3,0,2,2,0
KR_8351445547,100,WIN,707576,11.79,2,1,0,3,9,1,0,0,1
KR_8351445547,200,LOSE,707576,11.79,2,1,1,2,9,2,2,3,0
KR_8351406149,100,WIN,918216,15.3,10,1,0,4,8,3,0,3,2
KR_8351406149,200,LOSE,918216,15.3,2,5,1,5,8,6,2,0,0
KR_8350911287,100,LOSE,926864,15.45,2,7,1,5,10,3,5,2,0
KR_8350911287,200,WIN,926864,15.45,11,1,1,3,9,2,1,1,2
KR_8350837748,100,LOSE,828184,13.8,1,5,1,5,8,4,1,2,0
KR_8350837748,200,WIN,828184,13.8,2,3,8,1,10,3,1,1,1
KR_8350144820,100,WIN,903810,15.06,7,4,2,5,13,6,1,0,1
KR_8350144820,200,LOSE,903810,15.06,2,5,3,8,19,4,2,3,1
KR_8350124822,100,WIN,784437,13.07,5,1,0,1,9,2,2,2,0
KR_8350124822,200,LOSE,784437,13.07,2,5,0,2,6,1,3,1,0
KR_8350100697,100,WIN,906546,15.11,6,1,3,1,12,5,0,2,1
KR_8350100697,200,LOSE,906546,15.11,1,4,0,7,7,0,3,1,0
KR_8350083508,100,LOSE,582886,9.71,0,1,1,4,4,2,0,2,0
KR_8350083508,200,WIN,582886,9.71,4,0,1,1,7,0,2,1,1
KR_8350058041,100,LOSE,1049968,17.5,0,5,2,3,10,0,6,0,0
KR_8350058041,200,WIN,1049968,17.5,7,1,0,2,22,9,2,3,2
KR_8350034827,100,LOSE,827585,13.79,2,5,0,6,6,1,1,3,0
KR_8350034827,200,WIN,827585,13.79,8,2,0,0,11,4,2,0,1
KR_8350019727,100,WIN,934651,15.58,4,4,2,5,8,2,1,3,1
KR_8350019727,200,LOSE,934651,15.58,3,5,5,1,13,1,1,0,1
KR_8348038747,100,LOSE,856091,14.27,7,1,1,3,6,1,1,0,1
KR_8348038747,200,WIN,856091,14.27,2,5,2,2,10,1,1,3,1
KR_8348018498,100,LOSE,1015926,16.93,0,6,1,2,10,5,4,2,0
KR_8348018498,200,WIN,1015926,16.93,6,1,0,1,10,5,3,1,2
KR_8347973711,100,WIN,655160,10.92,4,1,0,0,6,2,0,0,1
KR_8347973711,200,LOSE,655160,10.92,0,3,0,1,5,2,1,3,0
KR_8346905111,100,WIN,769343,12.82,7,2,2,5,9,3,0,2,1
KR_8346905111,200,LOSE,769343,12.82,1,4,5,6,6,4,4,1,0
KR_8346857876,100,LOSE,823235,13.72,4,4,1,2,15,2,2,3,1
KR_8346857876,200,WIN,823235,13.72,3,2,2,3,12,5,1,0,0
KR_8346832434,100,WIN,1012660,16.88,3,1,0,1,11,3,3,0,1
KR_8346832434,200,LOSE,1012660,16.88,2,2,1,2,11,4,3,3,1
KR_8340688233,100,LOSE,1066484,17.77,1,3,4,5,10,3,4,3,0
KR_8340688233,200,WIN,1066484,17.77,8,4,1,4,12,6,0,0,2
KR_8340656957,100,LOSE,1086025,18.1,5,4,2,3,16,4,5,0,0
KR_8340656957,200,WIN,1086025,18.1,0,4,5,4,11,6,1,3,2
KR_8340411661,100,LOSE,958834,15.98,3,7,3,6,9,5,1,0,1
KR_8340411661,200,WIN,958834,15.98,10,5,3,5,15,1,3,3,0
KR_8340350960,100,WIN,584637,9.74,0,2,2,0,7,3,0,0,1
KR_8340350960,200,LOSE,584637,9.74,0,1,1,3,4,1,0,3,0
KR_8340211014,100,WIN,860747,14.35,5,4,0,4,9,0,3,1,1
KR_8340211014,200,LOSE,860747,14.35,6,1,3,4,10,1,0,2,0
KR_8339757257,100,WIN,672692,11.21,4,1,1,2,9,4,3,0,0
KR_8339757257,200,LOSE,672692,11.21,0,3,3,3,7,5,2,3,0
KR_8339704900,100,WIN,1056505,17.61,3,5,7,1,12,0,2,3,2
KR_8339704900,200,LOSE,1056505,17.61,6,5,0,6,9,1,3,0,0
KR_8351460420,100,WIN,984003,16.4,1,3,2,3,9,4,2,3,2
KR_8351460420,200,LOSE,984003,16.4,3,1,0,2,10,8,2,0,0
KR_8340586100,100,WIN,982222,16.37,4,2,0,3,12,5,4,3,1
KR_8340586100,200,LOSE,982222,16.37,5,6,2,2,26,0,0,0,0
KR_8340224100,100,LOSE,1057681,17.63,7,1,7,4,2,0,4,0,1
KR_8340224100,200,WIN,1057681,17.63,2,5,2,6,19,6,4,3,1
KR_8339189630,100,LOSE,1012110,16.87,1,1,1,5,21,1,1,3,1
KR_8339189630,200,WIN,1012110,16.87,4,0,0,2,13,1,0,0,1
KR_8339125258,100,WIN,869152,14.49,2,0,0,1,7,4,2,0,1
KR_8339125258,200,LOSE,869152,14.49,0,2,0,1,7,2,5,3,0
KR_8337056831,100,WIN,619434,10.32,1,0,1,0,5,1,0,0,1
KR_8337056831,200,LOSE,619434,10.32,0,2,1,0,7,0,2,3,0
KR_8340993833,100,LOSE,1011045,16.85,3,4,2,4,11,4,6,0,0
KR_8340993833,200,WIN,1011045,16.85,7,3,1,2,7,9,2,3,1
KR_8340720834,100,LOSE,852469,14.21,1,3,1,0,13,4,0,0,0
KR_8340720834,200,WIN,852469,14.21,2,1,1,1,8,0,3,3,1
KR_8340702846,100,WIN,696629,11.61,5,4,2,0,7,3,3,3,0
KR_8340702846,200,LOSE,696629,11.61,4,2,0,5,3,2,3,0,0
KR_8340694442,100,LOSE,1006827,16.78,2,2,0,3,10,3,3,3,1
KR_8340694442,200,WIN,1006827,16.78,2,2,1,0,18,5,1,0,1
KR_8340675339,100,LOSE,1180077,19.67,4,2,2,2,20,1,3,0,1
KR_8340675339,200,WIN,1180077,19.67,4,3,1,5,11,4,1,3,1
KR_8340657809,100,WIN,930532,15.51,5,0,2,3,13,4,4,2,0
KR_8340657809,200,LOSE,930532,15.51,2,3,2,3,7,5,3,1,1
KR_8352015900,100,WIN,954059,15.9,3,2,2,0,14,6,2,0,1
KR_8352015900,200,LOSE,954059,15.9,2,4,1,4,10,0,2,3,0
KR_8350232237,100,LOSE,1032104,17.2,5,5,3,6,12,1,6,1,0
KR_8350232237,200,WIN,1032104,17.2,4,1,5,5,9,6,6,2,0
KR_8348102892,100,LOSE,1056408,17.61,0,2,1,7,17,9,2,3,0
KR_8348102892,200,WIN,1056408,17.61,8,3,2,1,11,2,5,0,1
KR_8348058751,100,LOSE,837440,13.96,0,4,7,5,11,1,1,0,1
KR_8348058751,200,WIN,837440,13.96,6,0,1,5,14,5,1,3,0
KR_8340591110,100,LOSE,1167729,19.46,4,7,2,5,21,9,3,2,1
KR_8340591110,200,WIN,1167729,19.46,7,4,4,4,9,4,5,1,1
KR_8340561561,100,LOSE,802337,13.37,3,7,0,6,3,1,1,3,0
KR_8340561561,200,WIN,802337,13.37,11,1,1,3,7,3,0,0,1
KR_8339903316,100,WIN,1011825,16.86,6,0,0,1,13,5,1,0,1
KR_8339903316,200,LOSE,1011825,16.86,0,3,1,4,15,4,3,3,0
KR_8339834903,100,LOSE,650098,10.83,2,3,1,1,3,2,3,3,0
KR_8339834903,200,WIN,650098,10.83,2,3,0,1,6,4,1,0,0
KR_8339040647,100,WIN,863916,14.4,2,2,1,2,12,2,1,1,1
KR_8339040647,200,LOSE,863916,14.4,3,2,1,0,29,1,2,2,1
KR_8338991763,100,LOSE,1173823,19.56,3,3,0,3,17,6,2,0,2
KR_8338991763,200,WIN,1173823,19.56,6,3,1,4,12,4,6,3,0
KR_8338938343,100,LOSE,982886,16.38,1,2,2,0,7,2,5,0,0
KR_8338938343,200,WIN,982886,16.38,2,1,0,2,11,2,3,3,1
KR_8350614707,100,WIN,829817,13.83,1,4,8,1,10,6,1,0,0
KR_8350614707,200,LOSE,829817,13.83,2,6,2,6,9,3,1,3,1
KR_8350563113,100,LOSE,818707,13.65,2,6,0,3,8,1,2,1,0
KR_8350563113,200,WIN,818707,13.65,6,0,4,1,10,1,1,2,1
KR_8350508027,100,WIN,1093060,18.22,2,4,0,1,13,3,0,2,0
KR_8350508027,200,LOSE,1093060,18.22,3,2,3,3,14,2,3,1,1
KR_8350439665,100,WIN,1028588,17.14,1,1,3,0,13,1,1,1,1
KR_8350439665,200,LOSE,1028588,17.14,0,1,2,2,16,2,1,2,0
KR_8350399154,100,LOSE,977296,16.29,1,6,6,6,16,1,6,0,0
KR_8350399154,200,WIN,977296,16.29,9,4,0,5,16,5,1,3,2
KR_8350347488,100,LOSE,680062,11.33,0,2,1,1,3,0,0,0,0
KR_8350347488,200,WIN,680062,11.33,2,1,0,0,5,2,2,3,1
KR_8350283100,100,LOSE,891874,14.86,5,5,1,4,43,3,0,0,0
KR_8350283100,200,WIN,891874,14.86,5,3,1,1,16,3,3,3,0
KR_8341192481,100,LOSE,741437,12.36,0,4,2,0,2,4,0,3,0
KR_8341192481,200,WIN,741437,12.36,2,0,2,0,4,1,1,0,1
KR_8341140157,100,LOSE,887866,14.8,2,1,2,2,47,3,4,2,0
KR_8341140157,200,WIN,887866,14.8,1,1,3,4,8,2,3,1,1
KR_8341091156,100,WIN,981932,16.37,7,0,0,2,8,6,1,0,2
KR_8341091156,200,LOSE,981932,16.37,2,5,0,4,8,0,2,3,0
KR_8354684843,100,WIN,828233,13.8,2,1,1,1,8,3,3,0,0
KR_8354684843,200,LOSE,828233,13.8,1,2,2,2,8,4,3,3,1
KR_8354214613,100,LOSE,1134156,18.9,3,2,2,1,25,12,4,3,2
KR_8354214613,200,WIN,1134156,18.9,0,3,5,4,13,3,7,0,0
KR_8352834024,100,LOSE,1113125,18.55,2,4,3,4,13,4,1,0,0
KR_8352834024,200,WIN,1113125,18.55,5,2,0,1,15,4,4,3,2
KR_8352791169,100,LOSE,746245,12.44,3,5,2,4,7,3,3,0,0
KR_8352791169,200,WIN,746245,12.44,9,2,0,4,10,4,4,1,1
KR_8352703031,100,WIN,1135289,18.92,0,4,2,2,15,2,1,3,1
KR_8352703031,200,LOSE,1135289,18.92,3,0,3,2,14,1,2,0,1
KR_8352619848,100,WIN,830267,13.84,2,1,0,3,4,1,1,2,1
KR_8352619848,200,LOSE,830267,13.84,0,3,3,0,8,2,1,1,0
KR_8352542627,100,WIN,885410,14.76,7,2,2,1,5,0,0,3,0
KR_8352542627,200,LOSE,885410,14.76,2,4,0,3,10,2,1,0,1
KR_8351422970,100,WIN,680819,11.35,5,4,0,4,4,3,3,0,0
KR_8351422970,200,LOSE,680819,11.35,4,4,4,3,5,2,0,0,1
KR_8351375948,100,WIN,985890,16.43,3,3,3,1,6,5,0,3,0
KR_8351375948,200,LOSE,985890,16.43,3,4,1,1,9,0,3,0,1
KR_8351329314,100,WIN,861457,14.36,2,5,7,3,9,2,1,3,1
KR_8351329314,200,LOSE,861457,14.36,3,6,4,2,13,1,2,0,0
KR_8351271175,100,WIN,989123,16.49,3,3,2,5,15,0,3,0,1
KR_8351271175,200,LOSE,989123,16.49,0,4,2,3,11,13,1,3,1
KR_8351194026,100,WIN,1116993,18.62,1,1,8,1,16,6,0,1,2
KR_8351194026,200,LOSE,1116993,18.62,1,5,0,6,14,6,0,2,0
KR_8351103990,100,LOSE,939285,15.65,4,3,2,3,14,2,2,3,2
KR_8351103990,200,WIN,939285,15.65,4,3,1,6,9,2,3,0,0
KR_8351018898,100,WIN,793133,13.22,5,1,1,0,6,1,2,0,0
KR_8351018898,200,LOSE,793133,13.22,1,3,0,4,6,1,1,3,0
KR_8350935909,100,LOSE,989220,16.49,0,3,0,1,2,3,4,3,0
KR_8350935909,200,WIN,989220,16.49,3,0,0,0,7,1,1,0,2
KR_8350888143,100,WIN,1014543,16.91,4,7,5,4,9,6,3,3,0
KR_8350888143,200,LOSE,1014543,16.91,3,7,8,7,11,8,5,0,2
KR_8349575399,100,WIN,893715,14.9,5,2,2,1,13,12,0,3,1
KR_8349575399,200,LOSE,893715,14.9,2,6,1,4,11,1,5,0,1
KR_8349493008,100,LOSE,764853,12.75,2,4,1,2,6,2,2,3,0
KR_8349493008,200,WIN,764853,12.75,3,1,0,1,4,4,4,0,0
KR_8349402623,100,LOSE,815980,13.6,2,4,1,6,8,2,2,3,0
KR_8349402623,200,WIN,815980,13.6,6,3,4,1,9,2,0,0,1
KR_8349324574,100,WIN,965420,16.09,7,4,2,0,9,4,0,2,1
KR_8349324574,200,LOSE,965420,16.09,0,4,1,4,14,2,4,1,0
KR_8349269626,100,LOSE,1030528,17.18,5,0,1,5,16,0,1,0,1
KR_8349269626,200,WIN,1030528,17.18,3,3,0,4,14,4,2,3,1
KR_8349208671,100,WIN,685657,11.43,6,0,2,0,7,0,0,0,1
KR_8349208671,200,LOSE,685657,11.43,0,3,0,4,6,0,2,3,0
KR_8348242223,100,WIN,1176967,19.62,4,1,0,1,17,2,0,1,0
KR_8348242223,200,LOSE,1176967,19.62,0,2,1,1,179,0,1,2,2
KR_8348167313,100,LOSE,803433,13.39,2,4,1,1,7,4,1,3,1
KR_8348167313,200,WIN,803433,13.39,1,2,3,1,10,0,2,0,1
KR_8348108175,100,LOSE,919935,15.33,0,2,0,5,9,2,3,2,0
KR_8348108175,200,WIN,919935,15.33,4,1,3,1,25,2,0,1,2
KR_8347011769,100,LOSE,940049,15.67,2,1,0,0,7,8,0,0,0
KR_8347011769,200,WIN,940049,15.67,0,2,0,3,126,2,2,3,1
KR_8345904113,100,WIN,1017618,16.96,0,2,1,3,10,1,2,3,0
KR_8345904113,200,LOSE,1017618,16.96,0,1,2,3,15,4,3,0,2
KR_8345045293,100,WIN,935888,15.6,6,1,4,3,11,2,4,2,2
KR_8345045293,200,LOSE,935888,15.6,3,6,0,4,13,5,2,1,0
KR_8344926826,100,LOSE,890203,14.84,3,5,1,5,4,3,3,0,1
KR_8344926826,200,WIN,890203,14.84,7,1,1,4,6,4,4,3,1
KR_8344850029,100,WIN,973155,16.22,5,4,5,2,10,3,4,3,1
KR_8344850029,200,LOSE,973155,16.22,3,5,3,4,119,2,4,0,0
KR_8344785133,100,WIN,959152,15.99,6,3,0,4,12,1,0,3,1
KR_8344785133,200,LOSE,959152,15.99,2,5,1,0,22,4,3,0,0
KR_8344705436,100,WIN,959092,15.98,1,2,0,3,12,2,3,3,0
KR_8344705436,200,LOSE,959092,15.98,2,1,3,0,16,3,1,0,2
KR_8341974708,100,WIN,1191684,19.86,2,4,1,1,14,9,3,0,0
KR_8341974708,200,LOSE,1191684,19.86,5,3,0,4,12,5,2,3,2
KR_8341913877,100,LOSE,986231,16.44,1,6,3,4,9,6,1,0,1
KR_8341913877,200,WIN,986231,16.44,7,3,2,1,7,6,4,3,0
KR_8341851936,100,LOSE,878384,14.64,3,5,2,1,2,2,7,0,0
KR_8341851936,200,WIN,878384,14.64,3,3,3,2,11,6,1,3,1
KR_8341788201,100,WIN,924460,15.41,5,7,2,5,5,6,2,3,0
KR_8341788201,200,LOSE,924460,15.41,8,6,4,4,11,4,3,0,1
KR_8341722096,100,LOSE,1216830,20.28,0,1,1,4,23,4,4,0,0
KR_8341722096,200,WIN,1216830,20.28,3,2,1,1,8,4,0,3,3
KR_8340281552,100,LOSE,827373,13.79,2,3,2,5,12,3,3,1,1
KR_8340281552,200,WIN,827373,13.79,7,2,1,4,9,6,2,2,1
KR_8340180596,100,WIN,965701,16.1,7,4,1,3,9,5,4,3,0
KR_8340180596,200,LOSE,965701,16.1,4,5,1,4,5,3,3,0,1
KR_8340132625,100,LOSE,930390,15.51,7,3,0,3,5,0,6,2,1
KR_8340132625,200,WIN,930390,15.51,6,5,0,2,12,5,1,1,0
KR_8340063927,100,LOSE,858147,14.3,3,5,3,8,14,1,5,3,0
KR_8340063927,200,WIN,858147,14.3,10,2,4,3,10,4,3,0,1
KR_8339972348,100,WIN,856455,14.27,6,1,1,4,5,1,3,2,1
KR_8339972348,200,LOSE,856455,14.27,2,3,2,5,5,5,4,1,0
KR_8339862977,100,LOSE,861666,14.36,0,3,1,2,14,1,3,3,1
KR_8339862977,200,WIN,861666,14.36,0,0,2,1,28,5,1,0,1
KR_8338835755,100,LOSE,780579,13.01,3,3,0,4,8,3,3,0,1
KR_8338835755,200,WIN,780579,13.01,2,3,3,1,6,2,2,3,0
KR_8338800674,100,WIN,859115,14.32,10,0,2,3,3,1,3,3,1
KR_8338800674,200,LOSE,859115,14.32,2,5,1,5,19,2,2,0,0
KR_8338750784,100,WIN,933051,15.55,6,2,5,2,14,3,2,0,2
KR_8338750784,200,LOSE,933051,15.55,0,4,0,4,4,6,7,3,0
KR_8338667275,100,LOSE,777844,12.96,1,4,2,4,6,1,3,2,0
KR_8338667275,200,WIN,777844,12.96,1,2,2,0,5,5,3,1,2
KR_8337571229,100,WIN,978796,16.31,1,5,0,2,7,7,3,3,1
KR_8337571229,200,LOSE,978796,16.31,6,2,7,2,8,1,6,0,1
KR_8337511805,100,LOSE,738542,12.31,0,3,1,5,3,2,4,0,0
KR_8337511805,200,WIN,738542,12.31,7,0,0,1,8,2,1,3,1
KR_8354429617,100,LOSE,824718,13.75,0,0,1,0,9,2,1,0,0
KR_8354429617,200,WIN,824718,13.75,0,0,0,2,10,4,1,3,1
KR_8354397146,100,WIN,1111204,18.52,3,5,2,8,14,3,3,3,0
KR_8354397146,200,LOSE,1111204,18.52,8,1,5,2,16,6,4,0,1
KR_8354356840,100,LOSE,847687,14.13,1,4,2,6,9,1,2,0,0
KR_8354356840,200,WIN,847687,14.13,8,1,4,4,9,2,1,3,0
KR_8354012718,100,LOSE,1087102,18.12,7,2,1,4,16,4,3,3,0
KR_8354012718,200,WIN,1087102,18.12,1,2,3,7,11,4,2,0,1
KR_8353498153,100,LOSE,667460,11.12,4,2,1,4,30,2,2,3,1
KR_8353498153,200,WIN,667460,11.12,6,1,1,3,6,1,4,0,0
KR_8353469060,100,LOSE,1009569,16.83,2,3,1,3,9,2,6,1,1
KR_8353469060,200,WIN,1009569,16.83,5,0,1,1,5,1,2,2,0
KR_8353429168,100,WIN,803621,13.39,2,2,2,3,6,1,3,3,0
KR_8353429168,200,LOSE,803621,13.39,4,3,1,1,7,2,0,0,1
KR_8353377679,100,LOSE,824662,13.74,3,3,0,3,11,7,1,0,1
KR_8353377679,200,WIN,824662,13.74,4,2,2,5,5,3,4,3,0
KR_8353334990,100,LOSE,742387,12.37,5,4,0,10,4,2,5,1,0
KR_8353334990,200,WIN,742387,12.37,5,2,5,4,7,7,3,2,1
KR_8353315024,100,LOSE,832001,13.87,0,4,0,3,8,5,2,0,1
KR_8353315024,200,WIN,832001,13.87,4,0,3,0,9,1,5,3,0
KR_8353031279,100,LOSE,966775,16.11,4,2,2,5,13,6,2,0,0
KR_8353031279,200,WIN,966775,16.11,5,3,1,3,12,1,4,3,1
KR_8353004941,100,LOSE,859715,14.33,3,4,1,7,12,0,3,3,1
KR_8353004941,200,WIN,859715,14.33,5,4,2,1,12,5,1,0,1
KR_8352646168,100,WIN,856705,14.28,3,4,2,3,10,3,0,0,1
KR_8352646168,200,LOSE,856705,14.28,4,2,3,3,17,5,2,3,0
KR_8352082865,100,WIN,877671,14.63,5,3,0,5,6,0,1,1,1
KR_8352082865,200,LOSE,877671,14.63,3,5,1,0,8,4,1,2,1
KR_8352032424,100,WIN,1105589,18.43,4,1,4,1,16,8,2,3,1
KR_8352032424,200,LOSE,1105589,18.43,0,6,3,5,16,1,1,0,0
KR_8351975571,100,WIN,880236,14.67,9,2,4,1,13,2,6,0,0
KR_8351975571,200,LOSE,880236,14.67,2,3,1,7,9,7,4,3,1
KR_8351928391,100,LOSE,1027056,17.12,3,1,2,4,5,7,2,0,0
KR_8351928391,200,WIN,1027056,17.12,1,5,3,2,14,1,2,3,2
KR_8351876153,100,WIN,856974,14.28,2,3,2,1,8,5,3,0,2
KR_8351876153,200,LOSE,856974,14.28,5,1,0,3,7,0,4,3,0
KR_8351836482,100,WIN,834435,13.91,4,0,5,1,11,2,0,3,2
KR_8351836482,200,LOSE,834435,13.91,0,1,1,5,9,0,5,0,0
KR_8351443706,100,WIN,878548,14.64,4,1,0,3,7,1,2,3,0
KR_8351443706,200,LOSE,878548,14.64,0,4,2,0,11,7,1,0,1
KR_8351355840,100,WIN,904883,15.08,2,3,6,2,15,4,6,3,0
KR_8351355840,200,LOSE,904883,15.08,2,2,2,4,6,7,5,0,1
KR_8351295983,100,LOSE,891642,14.86,2,4,1,5,9,1,5,3,0
KR_8351295983,200,WIN,891642,14.86,5,3,1,2,43,3,0,0,1
KR_8351241726,100,WIN,930222,15.5,7,6,3,0,9,6,1,1,2
KR_8351241726,200,LOSE,930222,15.5,5,5,0,7,10,0,3,2,0
KR_8347948827,100,WIN,689949,11.5,2,0,0,0,7,3,4,0,1
KR_8347948827,200,LOSE,689949,11.5,4,1,1,3,6,3,2,3,0
KR_8347917833,100,WIN,801510,13.36,4,2,1,1,6,2,3,1,0
KR_8347917833,200,LOSE,801510,13.36,1,3,0,3,10,3,1,2,0
KR_8346707654,100,LOSE,557790,9.3,0,4,3,3,5,2,3,3,0
KR_8346707654,200,WIN,557790,9.3,6,1,2,2,5,0,2,0,1
KR_8346690292,100,WIN,779064,12.98,5,0,3,7,7,7,1,3,0
KR_8346690292,200,LOSE,779064,12.98,5,5,2,4,6,1,4,0,1
KR_8346644321,100,LOSE,681527,11.36,2,4,1,5,7,0,1,0,0
KR_8346644321,200,WIN,681527,11.36,7,2,1,2,5,2,0,3,1
KR_8345584563,100,LOSE,927681,15.46,4,5,3,4,13,3,1,3,0
KR_8345584563,200,WIN,927681,15.46,4,5,5,4,11,1,0,0,1
KR_8345561187,100,LOSE,857733,14.3,3,5,0,3,6,8,0,0,1
KR_8345561187,200,WIN,857733,14.3,5,4,3,4,9,2,4,3,0
KR_8345527868,100,LOSE,703061,11.72,2,8,5,3,6,1,3,3,0
KR_8345527868,200,WIN,703061,11.72,9,4,2,3,7,3,1,0,1
KR_8345505580,100,WIN,807197,13.45,9,1,4,2,10,0,0,0,1
KR_8345505580,200,LOSE,807197,13.45,1,5,2,5,10,1,3,3,0
KR_8344586830,100,WIN,888678,14.81,2,4,0,4,8,2,1,3,0
KR_8344586830,200,LOSE,888678,14.81,2,1,0,3,42,9,3,0,1
KR_8344452033,100,LOSE,866007,14.43,0,3,0,4,8,3,0,3,0
KR_8344452033,200,WIN,866007,14.43,5,0,1,1,14,1,0,0,1
KR_8344380633,100,LOSE,1230590,20.51,3,2,1,4,9,6,2,0,0
KR_8344380633,200,WIN,1230590,20.51,3,2,0,4,15,4,2,3,1
KR_8344031504,100,WIN,939773,15.66,2,2,2,3,13,4,2,1,0
KR_8344031504,200,LOSE,939773,15.66,4,4,2,0,6,0,4,2,0
KR_8343983919,100,LOSE,587039,9.78,2,2,1,5,5,3,0,3,1
KR_8343983919,200,WIN,587039,9.78,5,4,2,0,6,1,1,0,0
KR_8343961470,100,WIN,1016364,16.94,1,0,0,5,13,6,2,0,1
KR_8343961470,200,LOSE,1016364,16.94,4,0,2,2,13,4,4,3,1
KR_8337032467,100,LOSE,978554,16.31,0,3,2,4,3,5,3,3,0
KR_8337032467,200,WIN,978554,16.31,0,1,4,1,10,8,2,0,1
KR_8336980015,100,LOSE,1231866,20.53,2,2,1,3,12,6,0,2,0
KR_8336980015,200,WIN,1231866,20.53,3,2,0,4,13,2,1,1,2
KR_8336963425,100,LOSE,627445,10.46,0,2,0,2,5,2,0,0,0
KR_8336963425,200,WIN,627445,10.46,2,0,1,0,3,1,0,0,1
KR_8343430846,100,LOSE,1108093,18.47,6,4,1,1,25,1,0,0,2
KR_8343430846,200,WIN,1108093,18.47,2,3,1,4,13,3,2,3,0
KR_8350648908,100,WIN,899688,14.99,5,2,0,5,5,5,2,3,0
KR_8350648908,200,LOSE,899688,14.99,7,3,0,3,9,1,4,0,0
KR_8350474750,100,WIN,641516,10.69,3,0,2,0,2,3,3,3,0
KR_8350474750,200,LOSE,641516,10.69,0,3,0,2,6,0,1,0,1
KR_8350418645,100,WIN,645572,10.76,6,2,3,3,7,0,1,0,1
KR_8350418645,200,LOSE,645572,10.76,2,6,0,3,9,3,0,0,0
KR_8351401705,100,LOSE,908792,15.15,5,3,3,3,11,3,3,0,1
KR_8351401705,200,WIN,908792,15.15,2,4,2,5,9,2,1,3,0
KR_8352975709,100,LOSE,788233,13.14,0,2,4,8,1,2,1,0,0
KR_8352975709,200,WIN,788233,13.14,3,2,4,1,6,3,1,3,1
KR_8338558902,100,LOSE,722893,12.05,1,4,0,4,4,1,1,2,0
KR_8338558902,200,WIN,722893,12.05,5,0,4,0,8,0,1,1,1
KR_8338525915,100,LOSE,884820,14.75,6,2,2,4,4,1,5,0,1
KR_8338525915,200,WIN,884820,14.75,1,3,5,4,7,7,3,3,1
KR_8337657308,100,LOSE,1416730,23.61,2,1,3,4,25,6,2,0,3
KR_8337657308,200,WIN,1416730,23.61,0,1,2,4,23,8,5,3,0
KR_8337567229,100,WIN,1181707,19.7,3,1,0,3,16,3,4,0,2
KR_8337567229,200,LOSE,1181707,19.7,4,1,1,2,16,2,5,3,0
KR_8337512967,100,LOSE,923609,15.39,4,3,0,4,4,4,2,0,1
KR_8337512967,200,WIN,923609,15.39,5,3,2,1,7,2,1,3,0
KR_8337461016,100,LOSE,1136685,18.94,5,4,2,2,18,3,2,1,1
KR_8337461016,200,WIN,1136685,18.94,1,1,3,6,7,5,2,2,0
KR_8339249665,100,WIN,1000608,16.68,3,2,3,2,10,4,2,1,0
KR_8339249665,200,LOSE,1000608,16.68,3,4,0,6,13,7,1,1,0
KR_8354700309,100,LOSE,1196101,19.94,7,4,0,4,20,3,3,3,0
KR_8354700309,200,WIN,1196101,19.94,2,5,3,3,15,6,3,0,3
KR_8354620914,100,LOSE,986447,16.44,2,1,2,3,10,3,1,0,0
KR_8354620914,200,WIN,986447,16.44,2,4,2,1,15,6,1,3,1
KR_8354564960,100,LOSE,959593,15.99,5,1,0,3,8,2,1,0,0
KR_8354564960,200,WIN,959593,15.99,2,1,2,3,14,0,4,3,2
KR_8354378382,100,WIN,864762,14.41,4,0,1,1,10,4,1,3,1
KR_8354378382,200,LOSE,864762,14.41,1,3,0,3,4,2,1,0,1
KR_8354350485,100,WIN,1110825,18.51,3,2,1,2,15,7,2,3,1
KR_8354350485,200,LOSE,1110825,18.51,2,4,1,2,11,2,3,0,0
KR_8354337435,100,WIN,822553,13.71,3,0,5,2,10,4,1,3,1
KR_8354337435,200,LOSE,822553,13.71,1,7,2,2,6,3,6,0,0
KR_8354322451,100,LOSE,883605,14.73,3,5,1,5,7,2,4,0,0
KR_8354322451,200,WIN,883605,14.73,1,4,3,1,11,8,1,3,1
KR_8354296211,100,WIN,861595,14.36,4,0,1,2,8,3,0,1,1
KR_8354296211,200,LOSE,861595,14.36,1,3,0,2,11,2,2,2,0
KR_8354276270,100,LOSE,956730,15.95,2,1,0,1,10,1,3,3,0
KR_8354276270,200,WIN,956730,15.95,2,1,0,0,11,1,3,0,1
KR_8353311690,100,LOSE,643820,10.73,0,3,0,3,3,1,4,3,0
KR_8353311690,200,WIN,643820,10.73,8,0,1,0,4,1,0,0,1
KR_8353284423,100,LOSE,938909,15.65,2,2,0,1,12,0,1,3,1
KR_8353284423,200,WIN,938909,15.65,1,0,2,2,10,0,1,0,1
KR_8352308178,100,WIN,1048844,17.48,4,3,0,3,62,4,0,3,0
KR_8352308178,200,LOSE,1048844,17.48,3,4,1,1,18,2,3,0,1
KR_8352245997,100,WIN,674127,11.24,3,0,1,0,7,4,0,3,0
KR_8352245997,200,LOSE,674127,11.24,0,2,0,2,4,0,1,0,0
KR_8352208161,100,LOSE,1072745,17.88,4,4,0,5,9,1,4,0,0
KR_8352208161,200,WIN,1072745,17.88,9,3,0,0,15,4,0,3,3
KR_8352141490,100,LOSE,1026370,17.11,5,4,2,4,8,6,3,2,0
KR_8352141490,200,WIN,1026370,17.11,3,6,5,3,14,2,7,1,1
KR_8352081660,100,LOSE,1064540,17.74,2,5,1,3,11,7,4,0,1
KR_8352081660,200,WIN,1064540,17.74,5,2,0,3,16,6,6,3,1
KR_8351036717,100,WIN,883944,14.73,2,0,0,1,9,2,1,0,1
KR_8351036717,200,LOSE,883944,14.73,0,1,1,1,8,3,0,3,0
KR_8350984661,100,LOSE,828904,13.82,0,4,0,2,9,2,4,0,0
KR_8350984661,200,WIN,828904,13.82,2,0,2,0,8,3,0,3,1
KR_8350846884,100,LOSE,789160,13.15,0,3,0,2,12,2,3,0,0
KR_8350846884,200,WIN,789160,13.15,3,0,6,1,11,3,1,3,1
KR_8350798433,100,WIN,938315,15.64,2,4,0,2,9,7,1,0,0
KR_8350798433,200,LOSE,938315,15.64,3,4,2,1,11,4,3,3,1
KR_8350719022,100,WIN,902881,15.05,10,1,2,1,11,1,3,2,0
KR_8350719022,200,LOSE,902881,15.05,0,4,1,6,5,3,2,1,1
KR_8348989346,100,LOSE,1261016,21.02,6,5,4,2,14,4,1,3,0
KR_8348989346,200,WIN,1261016,21.02,6,5,2,3,21,0,4,0,2
KR_8348944962,100,WIN,1188114,19.8,1,2,0,4,12,5,3,0,1
KR_8348944962,200,LOSE,1188114,19.8,1,5,3,0,22,8,2,3,1
KR_8348904878,100,LOSE,908978,15.15,1,1,0,3,1,4,0,0,1
KR_8348904878,200,WIN,908978,15.15,3,2,1,1,14,0,2,3,1
KR_8348886017,100,LOSE,1038471,17.31,0,1,0,0,9,2,0,2,1
KR_8348886017,200,WIN,1038471,17.31,1,0,0,1,14,2,2,1,1
KR_8348733941,100,LOSE,958557,15.98,1,4,1,6,8,4,1,0,0
KR_8348733941,200,WIN,958557,15.98,10,4,1,1,15,4,4,3,2
KR_8348727240,100,LOSE,1113294,18.55,2,3,2,1,16,1,6,1,0
KR_8348727240,200,WIN,1113294,18.55,4,2,0,2,11,6,2,2,1
KR_8348705667,100,WIN,1193735,19.9,3,4,1,5,16,2,6,3,1
KR_8348705667,200,LOSE,1193735,19.9,6,1,3,2,15,8,4,0,0
KR_8348703222,100,LOSE,989717,16.5,0,2,0,3,13,6,2,3,1
KR_8348703222,200,WIN,989717,16.5,1,1,2,1,14,3,3,0,1
KR_8348683916,100,WIN,629848,10.5,3,0,0,0,6,3,0,3,1
KR_8348683916,200,LOSE,629848,10.5,0,1,0,2,9,0,2,0,0
KR_8345525013,100,WIN,773234,12.89,2,1,1,1,6,6,1,0,1
KR_8345525013,200,LOSE,773234,12.89,0,3,3,1,8,0,1,3,0
KR_8345486863,100,WIN,734655,12.24,2,0,1,1,10,1,2,0,1
KR_8345486863,200,LOSE,734655,12.24,1,2,0,1,8,3,0,2,0
KR_8345473918,100,LOSE,1056983,17.62,1,1,0,4,10,0,1,2,1
KR_8345473918,200,WIN,1056983,17.62,2,0,2,0,12,1,2,1,1
KR_8344422568,100,WIN,802128,13.37,3,0,1,1,11,1,2,0,1
KR_8344422568,200,LOSE,802128,13.37,1,2,1,2,2,0,1,3,0
KR_8344355599,100,WIN,941556,15.69,10,3,2,3,9,3,3,3,0
KR_8344355599,200,LOSE,941556,15.69,1,6,3,3,20,2,2,0,2
KR_8344245930,100,WIN,1123454,18.72,1,4,0,3,11,1,4,2,1
KR_8344245930,200,LOSE,1123454,18.72,4,5,1,1,20,4,4,1,2
KR_8343098084,100,WIN,769978,12.83,1,2,2,2,6,1,0,3,1
KR_8343098084,200,LOSE,769978,12.83,2,0,0,1,8,0,3,0,0
KR_8341151583,100,LOSE,1083131,18.05,8,6,2,4,14,3,3,0,0
KR_8341151583,200,WIN,1083131,18.05,5,5,5,6,18,3,4,3,1
KR_8341093891,100,WIN,1443821,24.06,6,6,1,2,21,0,3,3,2
KR_8341093891,200,LOSE,1443821,24.06,6,4,1,4,14,1,5,0,1
KR_8337684897,100,LOSE,1109165,18.49,1,5,1,3,18,2,5,2,0
KR_8337684897,200,WIN,1109165,18.49,2,2,5,0,17,5,2,1,2
KR_8337636674,100,LOSE,786670,13.11,0,5,0,2,9,2,1,0,0
KR_8337636674,200,WIN,786670,13.11,5,0,4,1,13,2,0,3,2
KR_8337609094,100,WIN,736348,12.27,5,0,1,2,3,5,1,3,1
KR_8337609094,200,LOSE,736348,12.27,1,5,1,3,7,1,1,0,0
KR_8337547897,100,WIN,1031795,17.2,4,4,0,2,19,13,2,2,2
KR_8337547897,200,LOSE,1031795,17.2,4,3,2,4,5,3,7,1,0
KR_8337519159,100,LOSE,761082,12.68,0,4,1,5,8,0,4,1,0
KR_8337519159,200,WIN,761082,12.68,6,0,3,1,12,3,1,2,1
KR_8337462635,100,WIN,1134527,18.91,2,7,3,1,13,4,4,3,1
KR_8337462635,200,LOSE,1134527,18.91,8,2,0,4,4,5,4,0,1
KR_8340369339,100,WIN,1111304,18.52,5,6,0,5,12,7,1,3,1
KR_8340369339,200,LOSE,1111304,18.52,8,3,4,4,57,4,4,0,1
KR_8337960898,100,WIN,886879,14.78,3,3,0,2,13,4,2,0,1
KR_8337960898,200,LOSE,886879,14.78,4,2,3,3,46,1,2,3,1
KR_8348341617,100,LOSE,733860,12.23,1,3,1,5,6,3,1,0,1
KR_8348341617,200,WIN,733860,12.23,6,1,2,1,9,2,4,3,0
KR_8341767591,100,LOSE,880194,14.67,0,1,0,3,6,4,3,0,1
KR_8341767591,200,WIN,880194,14.67,1,1,1,0,19,7,3,3,1
KR_8341695389,100,WIN,1149673,19.16,4,3,1,1,16,6,0,1,1
KR_8341695389,200,LOSE,1149673,19.16,1,4,2,4,18,1,3,2,1
KR_8337334270,100,WIN,1008527,16.81,3,4,1,3,11,6,1,1,0
KR_8337334270,200,LOSE,1008527,16.81,3,1,3,6,11,0,3,2,2
KR_8347362637,100,WIN,828549,13.81,3,1,3,0,12,3,3,0,0
KR_8347362637,200,LOSE,828549,13.81,1,2,2,4,37,1,2,3,0
KR_8347336248,100,WIN,960590,16.01,1,0,1,1,18,8,0,1,1
KR_8347336248,200,LOSE,960590,16.01,1,3,0,4,6,1,3,2,0
KR_8344745030,100,WIN,706065,11.77,2,4,4,2,10,2,0,0,0
KR_8344745030,200,LOSE,706065,11.77,2,1,2,5,13,1,0,3,1
KR_8344679527,100,LOSE,854538,14.24,5,3,1,4,12,0,1,0,1
KR_8344679527,200,WIN,854538,14.24,5,3,2,3,12,7,1,3,1
KR_8344623469,100,WIN,1218879,20.31,5,2,1,5,18,3,4,3,1
KR_8344623469,200,LOSE,1218879,20.31,6,3,1,3,24,5,3,0,1
KR_8338073353,100,LOSE,805266,13.42,7,2,1,2,11,5,2,0,0
KR_8338073353,200,WIN,805266,13.42,4,1,1,6,12,1,2,3,1
KR_8338071089,100,WIN,854896,14.25,4,2,4,4,8,5,1,3,1
KR_8338071089,200,LOSE,854896,14.25,4,5,3,5,13,2,1,0,1
KR_8353963637,100,WIN,733229,12.22,4,3,1,3,5,5,1,0,0
KR_8353963637,200,LOSE,733229,12.22,1,4,6,5,4,6,3,3,1
KR_8353871856,100,WIN,818226,13.64,4,3,3,2,5,4,4,0,0
KR_8353871856,200,LOSE,818226,13.64,4,4,4,3,4,1,2,3,1
KR_8353807484,100,LOSE,682814,11.38,0,4,2,4,3,0,2,0,0
KR_8353807484,200,WIN,682814,11.38,5,0,3,1,23,2,1,0,0
KR_8353767048,100,WIN,599329,9.99,4,0,0,2,4,1,1,3,1
KR_8353767048,200,LOSE,599329,9.99,0,3,0,1,3,3,1,0,0
KR_8353696364,100,LOSE,857014,14.28,2,1,2,1,12,1,1,0,1
KR_8353696364,200,WIN,857014,14.28,2,1,0,2,9,0,1,3,0
KR_8346393395,100,LOSE,929988,15.5,1,5,2,4,132,2,3,3,1
KR_8346393395,200,WIN,929988,15.5,6,1,1,4,18,3,0,0,1
KR_8346376117,100,WIN,1024304,17.07,5,0,0,0,14,7,1,0,2
KR_8346376117,200,LOSE,1024304,17.07,0,2,0,2,8,2,3,3,0
KR_8346315972,100,WIN,1032790,17.21,3,2,2,1,15,6,2,3,1
KR_8346315972,200,LOSE,1032790,17.21,1,4,4,3,12,0,1,0,2
KR_8344802228,100,LOSE,1033358,17.22,3,4,3,4,12,3,1,3,0
KR_8344802228,200,WIN,1033358,17.22,4,2,1,2,9,4,5,0,1
KR_8344755439,100,WIN,737790,12.3,5,2,0,0,5,2,0,1,1
KR_8344755439,200,LOSE,737790,12.3,0,0,1,3,2,3,3,2,0
KR_8344672918,100,LOSE,929867,15.5,0,4,1,3,14,2,6,0,1
KR_8344672918,200,WIN,929867,15.5,5,1,2,0,9,8,2,0,1
KR_8344621427,100,WIN,1200554,20.01,2,2,1,2,9,5,5,0,2
KR_8344621427,200,LOSE,1200554,20.01,1,2,0,0,12,6,4,3,1
KR_8344581076,100,WIN,853183,14.22,4,2,2,3,11,2,3,3,2
KR_8344581076,200,LOSE,853183,14.22,1,4,3,3,7,2,2,0,0
KR_8344498794,100,WIN,886674,14.78,4,0,0,0,14,3,3,1,1
KR_8344498794,200,LOSE,886674,14.78,0,2,0,4,8,1,2,2,0
KR_8353336338,100,LOSE,886535,14.78,4,6,0,8,8,2,3,0,0
KR_8353336338,200,WIN,886535,14.78,14,4,3,1,140,3,1,3,2
KR_8353273481,100,WIN,936651,15.61,5,2,3,3,8,3,3,1,0
KR_8353273481,200,LOSE,936651,15.61,4,5,0,4,10,4,2,2,1
KR_8353241512,100,LOSE,708359,11.81,0,6,2,3,8,2,1,3,0
KR_8353241512,200,WIN,708359,11.81,4,2,2,0,10,5,1,0,1
KR_8353205714,100,WIN,1065952,17.77,1,2,2,4,14,3,3,3,0
KR_8353205714,200,LOSE,1065952,17.77,4,3,0,3,12,5,1,0,2
KR_8353187652,100,LOSE,983834,16.4,0,2,0,4,7,5,1,1,1
KR_8353187652,200,WIN,983834,16.4,5,0,1,0,5,0,4,2,1
KR_8354678183,100,LOSE,823808,13.73,0,5,0,3,6,2,3,3,0
KR_8354678183,200,WIN,823808,13.73,5,0,3,1,8,3,1,0,1
KR_8354619856,100,WIN,936276,15.6,6,3,0,3,14,7,0,0,2
KR_8354619856,200,LOSE,936276,15.6,2,2,2,7,14,4,7,3,0
KR_8354595840,100,LOSE,764742,12.75,1,3,0,5,12,3,1,0,0
KR_8354595840,200,WIN,764742,12.75,8,2,0,1,11,1,3,3,2
KR_8354575496,100,WIN,614344,10.24,6,0,0,2,4,2,1,0,1
KR_8354575496,200,LOSE,614344,10.24,2,5,0,1,1,0,2,0,0
KR_8354533915,100,LOSE,926558,15.44,0,4,1,6,5,6,1,3,0
KR_8354533915,200,WIN,926558,15.44,6,0,0,2,13,4,3,0,1
KR_8354496853,100,LOSE,984815,16.41,1,4,4,3,9,8,3,3,0
KR_8354496853,200,WIN,984815,16.41,5,4,2,3,12,2,3,0,1
KR_8354177498,100,WIN,1041796,17.36,4,6,2,2,19,6,4,3,1
KR_8354177498,200,LOSE,1041796,17.36,5,2,5,3,14,3,1,0,1
KR_8354177178,100,LOSE,650104,10.84,1,4,0,4,5,1,4,3,0
KR_8354177178,200,WIN,650104,10.84,5,0,3,1,8,3,2,0,1
KR_8354170021,100,LOSE,821141,13.69,0,3,0,2,19,2,3,0,1
KR_8354170021,200,WIN,821141,13.69,2,1,6,0,9,1,2,3,0
KR_8354152522,100,WIN,765075,12.75,4,3,0,1,8,2,3,3,0
KR_8354152522,200,LOSE,765075,12.75,3,3,1,4,11,2,2,0,0
KR_8354147113,100,WIN,771948,12.87,4,0,1,2,8,4,2,3,0
KR_8354147113,200,LOSE,771948,12.87,1,4,0,3,5,1,1,0,1
KR_8354118804,100,WIN,706153,11.77,3,2,1,2,5,3,0,0,0
KR_8354118804,200,LOSE,706153,11.77,1,3,2,2,3,4,2,3,1
KR_8354103842,100,LOSE,875032,14.58,7,3,3,4,12,0,1,0,0
KR_8354103842,200,WIN,875032,14.58,4,4,2,3,15,1,0,3,1
KR_8354077768,100,WIN,944436,15.74,7,3,2,1,12,3,3,0,1
KR_8354077768,200,LOSE,944436,15.74,3,4,0,4,13,5,4,3,1
KR_8352510623,100,LOSE,1270770,21.18,1,4,0,4,14,2,2,0,1
KR_8352510623,200,WIN,1270770,21.18,5,3,0,2,15,1,3,3,1
KR_8352428725,100,LOSE,1025519,17.09,4,7,5,6,13,4,4,3,0
KR_8352428725,200,WIN,1025519,17.09,6,5,3,5,10,7,1,0,2
KR_8352357703,100,LOSE,746405,12.44,0,2,0,2,7,0,2,0,0
KR_8352357703,200,WIN,746405,12.44,2,0,3,0,8,1,0,3,1
KR_8352314844,100,WIN,790269,13.17,5,1,0,4,8,1,1,3,1
KR_8352314844,200,LOSE,790269,13.17,3,0,1,4,5,3,1,0,0
KR_8351995457,100,WIN,912377,15.21,5,0,4,2,133,2,1,0,0
KR_8351995457,200,LOSE,912377,15.21,0,3,0,5,12,4,2,3,2
KR_8351936464,100,WIN,1024128,17.07,5,1,2,0,11,4,2,2,0
KR_8351936464,200,LOSE,1024128,17.07,2,3,0,4,9,0,5,1,1
KR_8351848919,100,LOSE,1006198,16.77,0,4,4,4,11,5,1,3,1
KR_8351848919,200,WIN,1006198,16.77,7,2,1,2,14,4,3,0,1
KR_8351818752,100,WIN,859918,14.33,3,1,0,2,9,0,4,0,0
KR_8351818752,200,LOSE,859918,14.33,1,1,3,2,11,4,0,3,2
KR_8351786233,100,WIN,912554,15.21,2,1,5,1,10,1,1,3,2
KR_8351786233,200,LOSE,912554,15.21,1,5,0,3,9,3,1,0,0
KR_8351718488,100,WIN,646880,10.78,3,5,3,2,4,0,0,0,0
KR_8351718488,200,LOSE,646880,10.78,5,4,2,3,5,0,2,3,1
KR_8351677013,100,LOSE,834952,13.92,1,2,4,4,10,2,1,0,0
KR_8351677013,200,WIN,834952,13.92,4,3,0,3,9,2,2,3,1
KR_8350788517,100,LOSE,1058095,17.63,2,2,1,4,7,2,3,3,0
KR_8350788517,200,WIN,1058095,17.63,5,1,3,3,11,5,0,0,2
KR_8350736021,100,LOSE,821238,13.69,1,5,0,2,4,5,5,3,0
KR_8350736021,200,WIN,821238,13.69,6,2,0,1,9,6,1,0,1
KR_8353252179,100,LOSE,833261,13.89,0,2,2,3,12,2,2,0,1
KR_8353252179,200,WIN,833261,13.89,4,2,1,2,9,5,0,3,0
KR_8353216517,100,LOSE,592064,9.87,1,3,0,4,4,2,1,3,0
KR_8353216517,200,WIN,592064,9.87,8,0,0,2,6,0,1,0,1
KR_8353154795,100,LOSE,1005957,16.77,3,4,2,5,13,0,8,1,0
KR_8353154795,200,WIN,1005957,16.77,7,1,1,3,11,3,0,2,2
KR_8353141855,100,WIN,854642,14.24,3,2,0,0,10,4,1,3,1
KR_8353141855,200,LOSE,854642,14.24,1,1,0,2,12,0,1,0,1
KR_8353116128,100,WIN,975813,16.26,5,4,3,4,16,2,1,3,0
KR_8353116128,200,LOSE,975813,16.26,3,4,4,3,13,2,1,0,2
KR_8353101434,100,LOSE,828434,13.81,0,5,0,3,11,3,3,0,0
KR_8353101434,200,WIN,828434,13.81,6,0,1,0,5,4,0,3,1
KR_8352161750,100,LOSE,1029819,17.16,2,2,0,3,15,4,2,3,1
KR_8352161750,200,WIN,1029819,17.16,6,1,0,3,17,1,0,0,1
KR_8342522306,100,LOSE,1156784,19.28,7,4,2,5,18,2,4,3,0
KR_8342522306,200,WIN,1156784,19.28,1,5,0,5,9,5,1,0,2
KR_8342488673,100,LOSE,972633,16.21,1,5,0,0,10,4,4,2,2
KR_8342488673,200,WIN,972633,16.21,6,0,3,1,52,1,3,1,0
KR_8339816192,100,LOSE,791870,13.2,7,4,1,7,8,2,1,3,0
KR_8339816192,200,WIN,791870,13.2,10,4,0,5,10,3,0,0,1
KR_8339769861,100,LOSE,989070,16.48,0,2,1,3,10,3,4,0,1
KR_8339769861,200,WIN,989070,16.48,5,0,1,0,9,5,6,3,0
KR_8341336192,100,LOSE,961919,16.03,4,6,2,7,7,1,2,3,0
KR_8341336192,200,WIN,961919,16.03,5,5,2,4,13,2,3,0,1
KR_8341298160,100,LOSE,928899,15.48,3,3,0,1,11,3,3,3,0
KR_8341298160,200,WIN,928899,15.48,1,0,1,3,8,6,2,0,1
KR_8341231679,100,WIN,1106748,18.45,4,6,5,3,12,5,2,3,1
KR_8341231679,200,LOSE,1106748,18.45,5,1,6,8,12,3,4,0,1
KR_8341161712,100,LOSE,1076399,17.94,2,2,1,3,18,5,3,3,2
KR_8341161712,200,WIN,1076399,17.94,3,3,1,2,14,6,1,0,0
KR_8341117429,100,WIN,692046,11.53,5,0,5,0,6,2,2,3,1
KR_8341117429,200,LOSE,692046,11.53,1,5,0,3,7,1,4,0,0
KR_8341061198,100,LOSE,771115,12.85,1,5,1,2,9,0,1,0,1
KR_8341061198,200,WIN,771115,12.85,6,3,1,3,9,2,2,3,0
KR_8338258933,100,LOSE,742043,12.37,1,4,0,4,2,0,1,2,0
KR_8338258933,200,WIN,742043,12.37,8,1,1,0,6,0,0,1,1
KR_8338235263,100,LOSE,971996,16.2,4,3,4,4,8,2,3,0,1
KR_8338235263,200,WIN,971996,16.2,2,2,2,3,13,6,2,3,0
KR_8338206893,100,LOSE,1000536,16.68,0,6,2,5,14,0,4,0,1
KR_8338206893,200,WIN,1000536,16.68,4,3,7,3,11,5,1,3,1
KR_8355241239,100,LOSE,893937,14.9,7,5,0,3,9,3,5,0,0
KR_8355241239,200,WIN,893937,14.9,3,3,2,3,2,5,4,3,2
KR_8355228232,100,WIN,883640,14.73,7,1,0,4,9,2,0,3,2
KR_8355228232,200,LOSE,883640,14.73,2,5,0,2,8,2,2,0,0
KR_8355213462,100,WIN,790956,13.18,8,0,1,2,3,0,0,3,0
KR_8355213462,200,LOSE,790956,13.18,0,3,1,3,10,4,2,0,1
KR_8352656876,100,LOSE,743139,12.39,2,1,1,0,4,1,1,0,0
KR_8352656876,200,WIN,743139,12.39,0,2,3,3,3,1,1,3,2
KR_8351717977,100,WIN,1160293,19.34,5,1,3,6,14,3,3,0,1
KR_8351717977,200,LOSE,1160293,19.34,2,5,2,5,15,4,2,3,1
KR_8351702738,100,WIN,919655,15.33,2,0,2,0,10,5,3,1,1
KR_8351702738,200,LOSE,919655,15.33,0,3,0,1,5,1,5,2,0
KR_8351660783,100,LOSE,892872,14.88,2,3,1,7,9,1,2,0,1
KR_8351660783,200,WIN,892872,14.88,6,1,6,4,4,3,0,3,1
KR_8351088723,100,WIN,1064428,17.74,3,2,4,2,13,6,1,0,2
KR_8351088723,200,LOSE,1064428,17.74,0,4,4,5,10,2,3,3,0
KR_8352974309,100,LOSE,788599,13.14,2,2,1,2,9,1,1,3,0
KR_8352974309,200,WIN,788599,13.14,1,1,1,2,8,5,1,0,1
KR_8343101694,100,WIN,650346,10.84,0,2,0,1,5,1,1,3,0
KR_8343101694,200,LOSE,650346,10.84,1,0,2,0,5,1,0,0,0
KR_8352308809,100,LOSE,915348,15.26,2,6,5,3,9,5,2,3,0
KR_8352308809,200,WIN,915348,15.26,1,6,6,1,3,2,3,0,1
KR_8346925559,100,LOSE,1108421,18.47,3,4,1,3,9,3,2,3,0
KR_8346925559,200,WIN,1108421,18.47,2,6,3,1,14,5,4,0,1
KR_8346907090,100,WIN,1164715,19.41,2,3,1,2,8,1,3,3,0
KR_8346907090,200,LOSE,1164715,19.41,3,2,3,2,8,4,3,0,2
KR_8344618715,100,WIN,785381,13.09,3,1,4,1,8,1,3,0,2
KR_8344618715,200,LOSE,785381,13.09,0,4,0,2,24,5,1,3,0
KR_8344537972,100,WIN,1211188,20.19,3,1,3,2,16,7,1,1,3
KR_8344537972,200,LOSE,1211188,20.19,2,3,1,3,21,3,3,2,0
KR_8350951152,100,WIN,822776,13.71,4,1,2,2,8,2,1,0,0
KR_8350951152,200,LOSE,822776,13.71,2,3,0,4,9,1,0,3,2
KR_8338984392,100,LOSE,933875,15.56,2,0,3,3,11,1,6,1,0
KR_8338984392,200,WIN,933875,15.56,0,0,0,2,9,5,2,2,2
KR_8338787248,100,LOSE,658744,10.98,0,2,0,4,5,2,4,3,0
KR_8338787248,200,WIN,658744,10.98,6,0,2,0,7,2,3,0,0
KR_8338720047,100,LOSE,1384895,23.08,4,3,0,3,18,8,0,0,3
KR_8338720047,200,WIN,1384895,23.08,4,1,2,5,17,2,6,3,0
KR_8352100509,100,WIN,707379,11.79,4,1,3,1,16,2,0,3,2
KR_8352100509,200,LOSE,707379,11.79,2,2,0,4,6,0,4,0,0
KR_8351999641,100,WIN,1085998,18.1,7,0,1,2,17,1,4,3,1
KR_8351999641,200,LOSE,1085998,18.1,0,3,1,3,9,3,1,0,1
KR_8350057712,100,LOSE,894837,14.91,1,0,0,2,8,0,1,0,0
KR_8350057712,200,WIN,894837,14.91,0,1,1,0,8,2,0,3,1
KR_8350047291,100,LOSE,709975,11.83,1,0,1,2,8,1,2,0,0
KR_8350047291,200,WIN,709975,11.83,2,1,0,0,8,1,1,0,0
KR_8349586316,100,LOSE,1114597,18.58,3,6,2,4,23,6,11,3,2
KR_8349586316,200,WIN,1114597,18.58,0,5,5,3,17,7,4,0,0
KR_8344580301,100,WIN,922219,15.37,1,2,2,3,6,0,2,0,2
KR_8344580301,200,LOSE,922219,15.37,1,1,1,2,10,2,0,3,0
KR_8344506199,100,LOSE,1080492,18.01,2,4,0,2,10,7,5,3,0
KR_8344506199,200,WIN,1080492,18.01,3,2,5,0,10,1,6,0,2
KR_8344420899,100,LOSE,1009578,16.83,3,6,3,3,11,1,0,3,2
KR_8344420899,200,WIN,1009578,16.83,5,2,3,5,13,3,2,0,0
KR_8343287812,100,LOSE,924395,15.41,1,4,0,3,4,4,4,3,1
KR_8343287812,200,WIN,924395,15.41,3,2,2,2,7,2,3,0,0
KR_8342879757,100,LOSE,678726,11.31,0,3,1,1,6,4,1,0,1
KR_8342879757,200,WIN,678726,11.31,3,1,1,1,3,2,1,3,0
KR_8342855332,100,LOSE,881243,14.69,1,3,1,4,10,1,4,3,0
KR_8342855332,200,WIN,881243,14.69,6,0,0,3,11,6,2,0,2
KR_8342782940,100,WIN,1028598,17.14,5,2,0,1,14,3,2,0,0
KR_8342782940,200,LOSE,1028598,17.14,2,4,0,1,16,6,0,3,2
KR_8342761539,100,WIN,861061,14.35,2,2,7,3,5,11,2,3,0
KR_8342761539,200,LOSE,861061,14.35,0,7,2,6,6,0,3,0,1
KR_8342737117,100,LOSE,965373,16.09,2,6,1,2,10,5,6,0,1
KR_8342737117,200,WIN,965373,16.09,6,2,1,3,6,4,1,3,0
KR_8342656095,100,LOSE,886480,14.77,0,0,0,0,10,2,5,3,0
KR_8342656095,200,WIN,886480,14.77,0,0,0,1,9,8,0,0,2
KR_8342613403,100,WIN,865520,14.43,2,3,0,2,14,2,3,0,0
KR_8342613403,200,LOSE,865520,14.43,3,2,0,0,10,4,2,3,2
KR_8344422203,100,WIN,763093,12.72,11,0,1,1,6,1,2,0,0
KR_8344422203,200,LOSE,763093,12.72,1,4,1,6,3,4,2,3,1
KR_8340689631,100,WIN,853906,14.23,3,3,3,0,7,6,2,0,0
KR_8340689631,200,LOSE,853906,14.23,1,3,0,5,4,2,2,3,1
KR_8340686282,100,WIN,1004465,16.74,7,3,1,5,4,7,1,0,1
KR_8340686282,200,LOSE,1004465,16.74,5,6,2,3,7,3,7,3,0
KR_8340662994,100,WIN,886352,14.77,5,4,2,2,4,4,0,3,2
KR_8340662994,200,LOSE,886352,14.77,2,5,3,4,6,1,5,0,0
KR_8340660548,100,LOSE,981371,16.36,1,4,4,2,11,6,1,0,1
KR_8340660548,200,WIN,981371,16.36,3,2,1,4,9,5,5,3,0
KR_8340648825,100,WIN,909421,15.16,4,3,6,4,6,2,2,3,0
KR_8340648825,200,LOSE,909421,15.16,2,6,0,3,13,6,2,0,1
KR_8353333372,100,WIN,858773,14.31,5,3,4,4,14,2,3,1,1
KR_8353333372,200,LOSE,858773,14.31,7,3,0,4,9,3,3,2,1
KR_8347025113,100,WIN,934141,15.57,2,3,1,2,10,3,0,0,1
KR_8347025113,200,LOSE,934141,15.57,4,3,1,1,10,1,3,3,0
KR_8346975090,100,WIN,712096,11.87,7,1,0,0,9,1,1,3,0
KR_8346975090,200,LOSE,712096,11.87,0,6,1,2,6,1,0,0,1
KR_8339322633,100,LOSE,995966,16.6,4,2,4,2,11,1,5,3,1
KR_8339322633,200,WIN,995966,16.6,2,3,2,4,4,6,0,0,0
KR_8338159556,100,WIN,1117170,18.62,3,4,4,3,50,2,2,3,1
KR_8338159556,200,LOSE,1117170,18.62,0,5,3,1,10,4,3,0,0
KR_8341612520,100,LOSE,1002549,16.71,0,3,0,1,15,2,3,1,1
KR_8341612520,200,WIN,1002549,16.71,4,0,1,0,13,2,2,2,0
KR_8341537974,100,WIN,885141,14.75,3,3,3,2,11,5,5,2,1
KR_8341537974,200,LOSE,885141,14.75,9,5,0,4,6,0,5,1,0
KR_8341484090,100,LOSE,1160484,19.34,2,2,2,1,7,2,1,3,1
KR_8341484090,200,WIN,1160484,19.34,0,3,1,2,9,4,0,0,2
KR_8341417847,100,LOSE,1032046,17.2,1,2,1,2,19,2,3,2,1
KR_8341417847,200,WIN,1032046,17.2,6,1,0,0,14,2,5,1,1
KR_8352265312,100,LOSE,1110138,18.5,3,5,0,5,10,5,0,3,1
KR_8352265312,200,WIN,1110138,18.5,6,1,4,3,16,3,0,0,1
KR_8352196769,100,LOSE,1001869,16.7,2,4,0,4,10,1,2,3,0
KR_8352196769,200,WIN,1001869,16.7,8,2,1,2,6,2,2,0,2
KR_8352167503,100,LOSE,793488,13.22,0,0,0,2,5,3,4,0,0
KR_8352167503,200,WIN,793488,13.22,2,0,0,1,1,5,3,3,1
KR_8352116957,100,WIN,862608,14.38,0,1,1,0,10,3,0,3,0
KR_8352116957,200,LOSE,862608,14.38,1,0,0,1,10,2,2,0,1
KR_8337331517,100,WIN,885216,14.75,8,0,1,3,7,6,3,3,1
KR_8337331517,200,LOSE,885216,14.75,2,6,0,5,8,5,5,0,1
KR_8354336911,100,LOSE,1009730,16.83,1,3,1,4,7,1,3,1,0
KR_8354336911,200,WIN,1009730,16.83,4,1,2,1,18,4,2,2,2
KR_8354321423,100,WIN,1010077,16.83,1,3,0,3,10,5,1,0,1
KR_8354321423,200,LOSE,1010077,16.83,4,2,1,3,15,0,4,3,1
KR_8354309209,100,WIN,830163,13.84,6,2,2,1,11,7,1,0,1
KR_8354309209,200,LOSE,830163,13.84,4,3,0,5,11,1,3,3,1
KR_8355090118,100,WIN,1113898,18.56,8,5,3,5,13,2,2,0,0
KR_8355090118,200,LOSE,1113898,18.56,4,6,5,5,17,6,0,3,2
KR_8354982096,100,WIN,960629,16.01,1,4,1,4,11,2,3,2,0
KR_8354982096,200,LOSE,960629,16.01,4,2,3,1,14,0,3,1,1
KR_8354884437,100,LOSE,831360,13.86,0,3,0,1,7,4,4,1,1
KR_8354884437,200,WIN,831360,13.86,4,0,1,0,12,3,2,2,0
KR_8354642548,100,WIN,930872,15.51,3,4,5,3,6,0,5,0,0
KR_8354642548,200,LOSE,930872,15.51,3,4,3,2,10,7,3,3,2
KR_8354562818,100,LOSE,937908,15.63,2,5,1,2,8,3,5,2,1
KR_8354562818,200,WIN,937908,15.63,2,4,5,0,13,4,1,1,1
KR_8354174336,100,LOSE,886484,14.77,3,2,3,4,7,0,2,3,1
KR_8354174336,200,WIN,886484,14.77,4,1,0,4,11,3,2,0,0
KR_8354161125,100,WIN,771169,12.85,4,3,1,3,7,3,1,2,1
KR_8354161125,200,LOSE,771169,12.85,4,3,1,2,10,2,1,1,0
KR_8354152236,100,LOSE,828794,13.81,3,3,0,0,6,6,2,3,1
KR_8354152236,200,WIN,828794,13.81,5,3,0,4,23,0,5,0,0
KR_8354108750,100,WIN,1107934,18.47,8,0,1,0,10,1,1,0,1
KR_8354108750,200,LOSE,1107934,18.47,0,4,0,4,16,1,1,3,1
KR_8354079977,100,LOSE,766232,12.77,1,2,1,4,8,2,2,3,0
KR_8354079977,200,WIN,766232,12.77,4,3,0,2,7,4,0,0,1
KR_8354067239,100,LOSE,678585,11.31,0,7,2,1,1,3,0,3,1
KR_8354067239,200,WIN,678585,11.31,6,1,2,1,6,1,1,0,0
KR_8354014598,100,LOSE,865812,14.43,1,7,0,1,1,2,0,3,0
KR_8354014598,200,WIN,865812,14.43,4,3,2,1,7,2,1,0,2
KR_8353778978,100,WIN,983153,16.39,7,1,1,3,9,3,0,3,2
KR_8353778978,200,LOSE,983153,16.39,1,3,1,4,8,2,2,0,0
KR_8352985575,100,WIN,738981,12.32,7,0,0,1,7,0,2,3,0
KR_8352985575,200,LOSE,738981,12.32,1,3,0,3,11,0,2,0,1
KR_8352963390,100,WIN,639892,10.66,2,1,3,1,10,1,1,3,0
KR_8352963390,200,LOSE,639892,10.66,2,2,0,2,4,1,3,0,0
KR_8352860716,100,LOSE,829058,13.82,5,2,2,3,8,2,3,3,1
KR_8352860716,200,WIN,829058,13.82,3,2,0,4,6,1,2,0,1
KR_8352801846,100,WIN,985936,16.43,9,2,3,5,11,0,1,3,1
KR_8352801846,200,LOSE,985936,16.43,1,5,2,6,5,8,1,0,1
KR_8352627163,100,LOSE,911785,15.2,2,2,0,4,13,1,1,3,0
KR_8352627163,200,WIN,911785,15.2,5,1,3,2,9,1,2,0,2
KR_8352510060,100,WIN,1012949,16.88,3,0,0,4,8,1,5,0,0
KR_8352510060,200,LOSE,1012949,16.88,0,2,3,2,12,4,0,3,2
KR_8352414279,100,WIN,867202,14.45,2,3,1,3,4,1,1,3,0
KR_8352414279,200,LOSE,867202,14.45,6,0,1,3,45,0,1,0,2
KR_8351672331,100,WIN,647488,10.79,6,0,4,2,5,2,0,3,1
KR_8351672331,200,LOSE,647488,10.79,0,4,0,5,3,1,4,0,0
KR_8354944362,100,LOSE,745491,12.42,2,3,4,0,4,1,1,0,0
KR_8354944362,200,WIN,745491,12.42,1,2,2,2,11,1,4,3,0
KR_8354786554,100,WIN,766112,12.77,7,1,3,1,7,1,1,3,1
KR_8354786554,200,LOSE,766112,12.77,1,6,1,3,11,3,1,0,0
KR_8353664356,100,WIN,707803,11.8,1,1,2,1,5,1,0,0,1
KR_8353664356,200,LOSE,707803,11.8,0,1,1,2,5,3,0,3,0
KR_8353546931,100,LOSE,692956,11.55,0,6,0,2,4,3,2,1,0
KR_8353546931,200,WIN,692956,11.55,9,0,0,1,0,0,1,2,0
KR_8352840994,100,LOSE,900615,15.01,1,2,3,1,6,1,5,0,0
KR_8352840994,200,WIN,900615,15.01,1,2,4,3,10,2,0,3,2
KR_8352445109,100,WIN,768750,12.81,2,3,3,1,5,1,0,3,0
KR_8352445109,200,LOSE,768750,12.81,1,1,0,3,5,2,3,0,1
KR_8351917576,100,LOSE,916962,15.28,1,4,2,3,8,3,2,0,0
KR_8351917576,200,WIN,916962,15.28,7,3,1,3,16,1,2,3,1
KR_8351308795,100,LOSE,836949,13.95,4,3,1,2,5,1,2,0,0
KR_8351308795,200,WIN,836949,13.95,2,3,1,3,5,4,1,3,1
KR_8351213831,100,WIN,712208,11.87,5,0,1,0,6,1,0,3,1
KR_8351213831,200,LOSE,712208,11.87,0,3,0,3,4,0,0,0,0
KR_8348206433,100,WIN,658652,10.98,6,0,4,1,6,1,0,3,1
KR_8348206433,200,LOSE,658652,10.98,0,8,0,1,6,4,2,0,0
KR_8348031332,100,LOSE,1058474,17.64,6,4,7,5,14,4,3,1,2
KR_8348031332,200,WIN,1058474,17.64,6,5,4,8,14,5,3,2,0
KR_8347248593,100,LOSE,993277,16.55,4,3,1,5,8,3,2,3,1
KR_8347248593,200,WIN,993277,16.55,5,3,2,2,4,6,2,0,0
KR_8346994605,100,WIN,1035702,17.26,1,2,1,1,22,4,3,1,0
KR_8346994605,200,LOSE,1035702,17.26,3,0,1,2,11,0,1,2,2
KR_8346956701,100,WIN,1046667,17.44,0,3,0,2,12,5,3,3,1
KR_8346956701,200,LOSE,1046667,17.44,1,3,4,2,10,3,3,0,0
KR_8346104441,100,WIN,887270,14.79,5,4,1,2,14,6,1,3,1
KR_8346104441,200,LOSE,887270,14.79,3,7,2,1,11,1,2,0,0
KR_8345912722,100,LOSE,1207336,20.12,3,3,3,8,13,4,2,3,0
KR_8345912722,200,WIN,1207336,20.12,5,1,5,5,9,3,3,0,1
KR_8344938465,100,WIN,924572,15.41,8,1,0,3,10,3,5,0,1
KR_8344938465,200,LOSE,924572,15.41,2,1,0,0,6,5,1,3,0
KR_8344423353,100,WIN,1039770,17.33,5,3,2,4,2,1,8,0,1
KR_8344423353,200,LOSE,1039770,17.33,4,2,1,4,10,9,1,3,1
KR_8344177759,100,WIN,742223,12.37,2,0,0,0,8,3,2,0,1
KR_8344177759,200,LOSE,742223,12.37,0,2,1,1,7,1,3,0,0
KR_8343576319,100,WIN,1235644,20.59,4,4,3,1,8,5,1,3,1
KR_8343576319,200,LOSE,1235644,20.59,3,0,2,6,9,3,4,0,0
KR_8342931588,100,LOSE,1034288,17.24,8,4,1,2,10,0,4,0,1
KR_8342931588,200,WIN,1034288,17.24,1,4,2,4,13,6,4,3,1
KR_8341870879,100,LOSE,1058559,17.64,5,4,5,7,19,3,4,3,2
KR_8341870879,200,WIN,1058559,17.64,7,6,5,4,11,3,1,0,0
KR_8341733802,100,WIN,1139785,19.0,3,4,2,5,21,1,4,1,1
KR_8341733802,200,LOSE,1139785,19.0,4,5,6,1,41,1,4,2,1
KR_8340969691,100,WIN,930631,15.51,4,4,3,4,8,1,2,0,0
KR_8340969691,200,LOSE,930631,15.51,3,5,3,3,13,4,0,3,1
KR_8340330145,100,LOSE,618548,10.31,1,2,0,1,4,1,2,3,1
KR_8340330145,200,WIN,618548,10.31,3,0,0,1,4,0,0,0,0
KR_8337856649,100,LOSE,919292,15.32,0,6,1,4,9,1,3,0,0
KR_8337856649,200,WIN,919292,15.32,10,0,1,1,6,3,0,3,2
KR_8337590906,100,LOSE,1055191,17.59,1,2,3,0,15,6,0,3,1
KR_8337590906,200,WIN,1055191,17.59,1,3,1,4,16,0,1,0,1
KR_8337485423,100,WIN,983422,16.39,4,4,4,1,6,2,2,0,0
KR_8337485423,200,LOSE,983422,16.39,2,2,4,7,8,5,0,3,2
KR_8354509219,100,WIN,979702,16.33,5,1,5,0,18,5,1,3,2
KR_8354509219,200,LOSE,979702,16.33,0,5,1,10,12,2,5,0,0
KR_8346632759,100,LOSE,803865,13.4,0,2,0,3,84,0,3,0,0
KR_8346632759,200,WIN,803865,13.4,4,0,1,0,9,1,0,3,2
KR_8344951711,100,LOSE,862434,14.37,3,5,2,2,10,2,3,0,1
KR_8344951711,200,WIN,862434,14.37,5,3,3,2,7,2,3,3,0
KR_8344867671,100,WIN,886709,14.78,4,1,0,1,9,3,1,0,1
KR_8344867671,200,LOSE,886709,14.78,1,3,2,1,12,2,2,3,1
KR_8342359600,100,LOSE,978344,16.31,3,9,3,2,5,2,4,3,1
KR_8342359600,200,WIN,978344,16.31,11,4,3,3,9,2,4,0,1
KR_8342330972,100,LOSE,799387,13.32,4,6,3,5,9,0,3,3,1
KR_8342330972,200,WIN,799387,13.32,8,2,4,4,11,1,1,0,0
KR_8340090728,100,LOSE,803827,13.4,2,2,2,3,8,4,1,0,0
KR_8340090728,200,WIN,803827,13.4,2,4,2,2,8,2,1,3,0
KR_8341727307,100,LOSE,873263,14.55,0,3,0,1,4,0,6,0,0
KR_8341727307,200,WIN,873263,14.55,6,1,0,1,11,5,2,3,2
KR_8341641896,100,LOSE,1007972,16.8,3,1,0,0,6,7,6,0,2
KR_8341641896,200,WIN,1007972,16.8,1,1,0,1,13,4,4,3,0
KR_8340321708,100,WIN,789770,13.16,2,0,0,1,10,0,2,3,0
KR_8340321708,200,LOSE,789770,13.16,0,1,2,1,9,2,0,0,1
KR_8340238329,100,WIN,1059165,17.65,2,6,0,1,15,2,5,3,2
KR_8340238329,200,LOSE,1059165,17.65,7,3,1,3,12,3,3,0,0
KR_8339586960,100,WIN,833738,13.9,4,3,4,1,11,6,0,2,2
KR_8339586960,200,LOSE,833738,13.9,0,5,2,5,8,2,4,1,0
KR_8339545741,100,LOSE,828407,13.81,2,5,1,5,11,0,0,3,1
KR_8339545741,200,WIN,828407,13.81,9,4,0,0,7,1,2,0,0
KR_8337004573,100,WIN,795053,13.25,6,3,1,6,1,8,3,3,2
KR_8337004573,200,LOSE,795053,13.25,8,8,4,7,4,2,6,0,0
KR_8353858191,100,WIN,1055761,17.6,4,3,4,3,12,2,2,0,1
KR_8353858191,200,LOSE,1055761,17.6,1,6,3,3,24,2,1,3,0
KR_8353779039,100,LOSE,1057645,17.63,7,4,3,2,12,6,3,0,2
KR_8353779039,200,WIN,1057645,17.63,1,6,4,4,11,1,7,3,0
KR_8352805489,100,WIN,1101903,18.37,2,4,0,3,11,4,2,0,1
KR_8352805489,200,LOSE,1101903,18.37,2,2,1,3,9,2,3,3,1
KR_8352749372,100,LOSE,1045051,17.42,2,4,1,6,12,3,5,1,0
KR_8352749372,200,WIN,1045051,17.42,2,1,5,1,10,11,1,2,2
KR_8350039207,100,LOSE,1037650,17.29,1,8,4,6,10,5,2,3,1
KR_8350039207,200,WIN,1037650,17.29,8,3,7,3,20,2,4,0,0
KR_8349712594,100,LOSE,820705,13.68,0,2,2,3,2,3,2,3,0
KR_8349712594,200,WIN,820705,13.68,3,2,2,1,5,3,1,0,0
KR_8349627699,100,LOSE,960184,16.0,4,3,2,2,10,2,4,0,1
KR_8349627699,200,WIN,960184,16.0,3,5,2,2,5,3,1,3,1
KR_8348721560,100,WIN,1104622,18.41,9,4,1,4,134,6,3,3,1
KR_8348721560,200,LOSE,1104622,18.41,2,7,5,1,11,2,4,0,0
KR_8348540055,100,LOSE,1109646,18.49,3,5,1,4,13,2,5,0,0
KR_8348540055,200,WIN,1109646,18.49,4,4,1,1,22,3,2,3,2
KR_8348502465,100,WIN,1020735,17.01,4,5,1,5,11,1,1,3,0
KR_8348502465,200,LOSE,1020735,17.01,4,5,6,1,30,3,1,0,2
KR_8348455765,100,WIN,1003350,16.72,4,1,1,4,13,4,1,3,1
KR_8348455765,200,LOSE,1003350,16.72,3,3,2,0,8,2,2,0,1
KR_8345152215,100,WIN,769214,12.82,7,2,2,3,8,3,4,3,1
KR_8345152215,200,LOSE,769214,12.82,2,5,2,2,6,4,4,0,0
KR_8345097126,100,WIN,960457,16.01,4,1,4,3,11,2,1,0,1
KR_8345097126,200,LOSE,960457,16.01,3,5,0,6,11,3,1,3,1
KR_8345006457,100,WIN,1124580,18.74,3,1,0,1,10,4,1,0,1
KR_8345006457,200,LOSE,1124580,18.74,1,2,1,1,12,0,3,3,1
KR_8344971045,100,WIN,766839,12.78,4,0,0,1,8,7,1,3,1
KR_8344971045,200,LOSE,766839,12.78,0,5,1,2,7,2,3,0,0
KR_8344896457,100,WIN,889492,14.82,3,1,2,1,11,1,3,0,1
KR_8344896457,200,LOSE,889492,14.82,1,4,0,4,10,1,1,3,1
KR_8344295374,100,WIN,1030880,17.18,5,3,5,1,12,1,2,0,1
KR_8344295374,200,LOSE,1030880,17.18,2,5,1,6,10,2,3,3,0
KR_8344225540,100,WIN,1158852,19.31,6,1,2,2,13,2,3,3,0
KR_8344225540,200,LOSE,1158852,19.31,2,7,1,2,14,3,5,0,2
KR_8344180279,100,WIN,1003663,16.73,2,3,3,4,10,0,1,0,2
KR_8344180279,200,LOSE,1003663,16.73,4,4,2,4,16,5,4,3,0
KR_8343617684,100,WIN,967654,16.13,4,2,1,3,8,3,6,0,0
KR_8343617684,200,LOSE,967654,16.13,3,2,1,5,9,4,3,3,0
KR_8343499268,100,WIN,861337,14.36,6,3,0,3,9,4,2,3,1
KR_8343499268,200,LOSE,861337,14.36,5,4,2,3,5,2,4,0,0
KR_8343384024,100,WIN,851804,14.2,2,3,1,1,9,4,4,3,0
KR_8343384024,200,LOSE,851804,14.2,2,2,1,2,9,6,2,0,1
KR_8343284317,100,WIN,862992,14.38,1,0,2,1,9,4,1,1,1
KR_8343284317,200,LOSE,862992,14.38,1,3,1,2,10,0,1,2,0
KR_8343169576,100,LOSE,940299,15.67,2,5,1,5,7,6,3,3,0
KR_8343169576,200,WIN,940299,15.67,6,0,6,4,12,2,3,0,2
KR_8341877642,100,LOSE,1028342,17.14,4,4,3,4,10,4,2,0,1
KR_8341877642,200,WIN,1028342,17.14,3,6,5,4,18,4,2,3,1
KR_8341495808,100,WIN,932304,15.54,3,0,0,2,12,2,1,0,0
KR_8341495808,200,LOSE,932304,15.54,2,0,0,3,11,4,3,3,2
KR_8341438076,100,LOSE,1039897,17.33,3,3,2,5,11,2,2,3,0
KR_8341438076,200,WIN,1039897,17.33,4,3,3,3,12,6,2,0,1
KR_8341374770,100,WIN,1106610,18.44,7,0,0,5,131,8,4,1,1
KR_8341374770,200,LOSE,1106610,18.44,2,3,3,5,14,2,4,2,1
KR_8340467052,100,WIN,979951,16.33,4,0,0,2,8,2,3,3,0
KR_8340467052,200,LOSE,979951,16.33,0,3,0,0,11,4,2,0,1
KR_8340413542,100,LOSE,915559,15.26,1,7,3,4,5,3,3,3,0
KR_8340413542,200,WIN,915559,15.26,5,3,4,1,6,5,2,0,2
KR_8340344562,100,WIN,1006757,16.78,7,0,0,3,9,5,3,3,1
KR_8340344562,200,LOSE,1006757,16.78,3,4,1,3,8,3,3,0,1
KR_8338986856,100,WIN,966613,16.11,1,0,5,1,8,0,3,0,1
KR_8338986856,200,LOSE,966613,16.11,1,3,0,2,10,3,4,3,1
KR_8337862082,100,WIN,1032896,17.21,0,3,0,2,10,5,5,0,1
KR_8337862082,200,LOSE,1032896,17.21,4,0,2,2,13,4,3,3,0
KR_8337788217,100,LOSE,803713,13.4,3,3,2,8,5,1,3,1,0
KR_8337788217,200,WIN,803713,13.4,7,2,3,3,4,4,1,2,2
KR_8337726127,100,LOSE,882906,14.72,3,1,1,5,10,2,1,0,0
KR_8337726127,200,WIN,882906,14.72,1,2,4,1,9,3,3,3,0
KR_8337220749,100,WIN,918693,15.31,3,1,0,4,8,2,0,3,1
KR_8337220749,200,LOSE,918693,15.31,3,1,2,3,11,1,0,0,0
KR_8337111001,100,WIN,831919,13.87,4,0,3,0,6,2,0,0,1
KR_8337111001,200,LOSE,831919,13.87,0,3,0,4,9,1,1,3,0
KR_8355203425,100,WIN,943203,15.72,6,2,4,2,12,0,2,3,2
KR_8355203425,200,LOSE,943203,15.72,1,5,3,1,8,2,2,0,0
KR_8355178677,100,LOSE,862909,14.38,2,2,1,1,7,3,1,3,0
KR_8355178677,200,WIN,862909,14.38,1,2,2,2,7,1,3,0,0
KR_8355166450,100,WIN,805470,13.42,7,0,5,3,7,1,2,0,1
KR_8355166450,200,LOSE,805470,13.42,4,7,0,2,39,1,3,3,0
KR_8355128293,100,LOSE,1259956,21.0,3,3,3,2,14,6,1,0,2
KR_8355128293,200,WIN,1259956,21.0,1,5,3,6,16,1,4,3,1
KR_8354193085,100,WIN,854327,14.24,1,1,1,0,9,1,0,3,1
KR_8354193085,200,LOSE,854327,14.24,0,1,1,1,5,0,3,0,0
KR_8354170866,100,WIN,869226,14.49,1,3,0,4,20,1,6,0,0
KR_8354170866,200,LOSE,869226,14.49,5,0,1,2,10,1,1,3,1
KR_8351575772,100,WIN,683847,11.4,3,0,0,3,3,2,1,0,0
KR_8351575772,200,LOSE,683847,11.4,2,2,0,1,3,1,0,3,0
KR_8351563854,100,LOSE,935964,15.6,2,4,2,3,12,3,2,2,0
KR_8351563854,200,WIN,935964,15.6,3,2,3,3,17,4,1,1,2
