matchId,teamId,win,adc_championName,adc_masteryPoints,adc_masteryLevel,support_championName,support_masteryPoints,support_masteryLevel
KR_8351048949,100,False,Ezreal,30858,5,Alistar,435490,42
KR_8351048949,200,True,Sivir,169196,18,Bard,348248,34
KR_8349516694,100,False,Ezreal,959551,90,Karma,114885,13
KR_8349516694,200,True,Aphelios,125204,14,Nautilus,107595,12
KR_8349003390,100,False,Jhin,77535,10,Nautilus,30615,5
KR_8349003390,200,True,Ezreal,78931,10,Bard,184691,19
KR_8348597050,100,False,Kalista,143923,16,Thresh,1479269,137
KR_8348597050,200,True,Taliyah,15677,4,Camille,82436,10
KR_8348552489,100,False,Ezreal,78931,10,Karma,204802,21
KR_8348552489,200,True,Jhin,122738,14,Pyke,645187,61
KR_8348542193,100,False,Lucian,164350,18,Milio,23814,5
KR_8348542193,200,True,MissFortune,56658,8,Rell,758125,72
KR_8354547265,100,True,Lucian,11440,3,Camille,40695,6
KR_8354547265,200,False,Viego,426866,41,Rakan,120152,14
KR_8354466845,100,False,Tristana,420407,41,Shen,167803,17
KR_8354466845,200,True,Yunara,72829,9,Alistar,12521,3
KR_8350658415,100,False,Corki,41062,6,Braum,481918,46
KR_8350658415,200,True,Kaisa,48228,7,Rakan,948290,89
KR_8349133360,100,False,Kalista,198171,21,Renata,14513,4
KR_8349133360,200,True,Xayah,17852,4,Rakan,123601,14
KR_8348921613,100,False,Taliyah,746521,70,Nautilus,758,1
KR_8348921613,200,True,Yunara,110110,13,Rakan,120152,14
KR_8348867720,100,False,Hwei,676960,64,Rakan,45428,7
KR_8348867720,200,True,Ziggs,30631,5,Alistar,34142,6
KR_8348493034,100,False,Jhin,84645,10,Camille,50383,7
KR_8348493034,200,True,Kalista,271315,27,Renata,76502,10
KR_8348437912,100,False,Yunara,222084,23,Lulu,38501,6
KR_8348437912,200,True,Ezreal,66249,9,Karma,360268,35
KR_8348203572,100,True,Corki,116451,13,Karma,490804,47
KR_8348203572,200,False,Aphelios,685439,65,Lulu,262846,27
KR_8347500634,100,False,Xerath,3926,2,Rakan,30153,5
KR_8347500634,200,True,Lucian,6243,3,Milio,1859,2
KR_8347049369,100,True,Kaisa,141285,15,Neeko,285216,29
KR_8347049369,200,False,Ezreal,1079305,101,Karma,250898,25
KR_8346971247,100,True,Ezreal,130577,14,Rakan,120152,14
KR_8346971247,200,False,Corki,227480,23,Zoe,1082604,98
KR_8346901873,100,True,Kaisa,557632,53,Nautilus,5190,2
KR_8346901873,200,False,Xayah,65741,9,Rakan,20313,4
KR_8346858504,100,True,Ezreal,551436,53,Bard,24031,5
KR_8346858504,200,False,Draven,742841,70,Neeko,252789,26
KR_8345953638,100,True,Viktor,53826,8,Bard,374806,37
KR_8345953638,200,False,Locke,14493,4,Taric,425879,41
KR_8345859664,100,True,Mel,20003,4,Bard,3549648,325
KR_8345859664,200,False,Ambessa,155170,17,Rell,6003201,501
KR_8345809742,100,False,MissFortune,77096,10,Thresh,1479269,137
KR_8345809742,200,True,Taliyah,403380,39,Leona,30777,5
KR_8345750094,100,False,Corki,42777,7,Swain,89255,11
KR_8345750094,200,True,Caitlyn,225848,23,Pantheon,69710,9
KR_8345690183,100,True,Ashe,44360,7,Milio,12016,3
KR_8345690183,200,False,Kalista,160246,17,Renata,89131,11
KR_8345638374,100,False,Xerath,1168539,108,Nautilus,78392,10
KR_8345638374,200,True,Kaisa,514341,49,Skarner,14465,4
KR_8344709088,100,False,Ziggs,3646,2,Trundle,4355,2
KR_8344709088,200,True,Tristana,125496,14,Seraphine,259392,26
KR_8344624634,100,False,Jinx,410499,40,Singed,706409,67
KR_8344624634,200,True,Sivir,31966,6,Rakan,120152,14
KR_8344552152,100,False,Syndra,509695,49,Poppy,87815,11
KR_8344552152,200,True,Ezreal,47223,7,Trundle,76792,10
KR_8344510259,100,True,Cassiopeia,97701,12,Shen,58334,8
KR_8344510259,200,False,Syndra,44164,7,Nautilus,7270,3
KR_8352974176,100,True,Taliyah,264638,27,Alistar,333929,33
KR_8352974176,200,False,Yunara,276733,28,Lulu,92883,11
KR_8352932903,100,False,Lucian,311401,31,Milio,31366,5
KR_8352932903,200,True,Yunara,138561,15,Thresh,1587305,147
KR_8352916175,100,False,Viktor,132055,15,Camille,431143,42
KR_8352916175,200,True,Jhin,11578,3,Bard,63891,8
KR_8351332373,100,True,MissFortune,56658,8,Bard,262228,26
KR_8351332373,200,False,Jhin,44335,7,Rell,166828,18
KR_8351277055,100,False,Caitlyn,245503,25,Lux,3848,2
KR_8351277055,200,True,Yunara,276733,28,Lulu,80592,10
KR_8351162492,100,True,Aphelios,685439,65,Rakan,12585,3
KR_8351162492,200,False,Jinx,315560,31,Thresh,138097,15
KR_8351086698,100,True,Caitlyn,153080,17,Sylas,49143,7
KR_8351086698,200,False,Yunara,79338,10,Lulu,9700,3
KR_8350987623,100,True,Kalista,57309,8,Nautilus,91892,11
KR_8350987623,200,False,Yunara,79338,10,Lulu,106186,12
KR_8350879633,100,True,Aphelios,85840,10,Thresh,64221,8
KR_8350879633,200,False,Ziggs,30631,5,Singed,2357013,150
KR_8349782807,100,False,Caitlyn,6818,3,Lux,133200,15
KR_8349782807,200,True,Ezreal,38559,6,Karma,56833,8
KR_8347771130,100,False,Caitlyn,90131,11,Karma,35802,6
KR_8347771130,200,True,Jinx,384475,38,Lulu,186618,20
KR_8347540120,100,True,Ezreal,137938,15,Lissandra,2310379,186
KR_8347540120,200,False,Vladimir,4945121,354,Camille,51605,7
KR_8347392829,100,True,Xerath,1351723,126,Shen,78678,10
KR_8347392829,200,False,Viktor,79421,10,Alistar,541972,52
KR_8347323680,100,True,Tristana,34509,6,Braum,400890,39
KR_8347323680,200,False,Draven,487570,47,Nautilus,694055,66
KR_8346765343,100,False,Caitlyn,3428,2,Elise,79280,10
KR_8346765343,200,True,Ezreal,372901,37,Seraphine,24884,5
KR_8346464182,100,False,Tristana,49387,7,Nautilus,20542,4
KR_8346464182,200,True,Viktor,132055,15,Bard,36243,6
KR_8346451176,100,False,Yunara,525914,50,Seraphine,95251,11
KR_8346451176,200,True,Kalista,143923,16,Renata,17372,4
KR_8346406942,100,True,Kaisa,426341,41,Camille,51312,7
KR_8346406942,200,False,Jhin,301220,30,Shen,66589,9
KR_8346101007,100,True,Ezreal,202355,21,Karma,33663,6
KR_8346101007,200,False,Tristana,15117,4,Lulu,19357,4
KR_8346031984,100,False,Yunara,90567,11,Nautilus,112579,13
KR_8346031984,200,True,Kalista,271315,27,Rell,166828,18
KR_8354645141,100,True,Syndra,3426,2,TahmKench,119253,13
KR_8354645141,200,False,Yunara,106463,12,Lulu,142125,16
KR_8354587815,100,False,Aphelios,7374,3,Thresh,64221,8
KR_8354587815,200,True,Corki,43009,7,Leona,89584,11
KR_8350827668,100,True,Jhin,329868,33,Camille,31974,6
KR_8350827668,200,False,Ezreal,959551,90,Volibear,3391363,311
KR_8350761897,100,False,Kalista,57309,8,Pantheon,19722,4
KR_8350761897,200,True,Lucian,11440,3,Skarner,172011,18
KR_8350702056,100,False,Draven,174997,19,Camille,41823,6
KR_8350702056,200,True,Jinx,33068,6,Blitzcrank,5012,2
KR_8348631100,100,True,Syndra,201703,21,Camille,16720,4
KR_8348631100,200,False,Jhin,312630,31,Zoe,1082604,98
KR_8347668508,100,False,Aphelios,430856,42,Thresh,14548,4
KR_8347668508,200,True,Kaisa,76765,10,Rell,317058,31
KR_8351860951,100,True,Kaisa,153673,17,Nautilus,78392,10
KR_8351860951,200,False,Ezreal,594136,57,Elise,179303,19
KR_8351804965,100,False,Draven,174997,19,Pyke,277961,28
KR_8351804965,200,True,Kalista,611740,58,Taric,57151,8
KR_8349070225,100,False,Ezreal,6310,3,Leona,5022,2
KR_8349070225,200,True,Kalista,611740,58,Nautilus,8819,3
KR_8347931877,100,False,Kaisa,232566,24,Neeko,204065,21
KR_8347931877,200,True,Kalista,611740,58,Renata,23832,5
KR_8347908335,100,False,Tristana,301153,30,Shen,4039,2
KR_8347908335,200,True,Kalista,611740,58,Rakan,30153,5
KR_8346745910,100,True,Kalista,611740,58,Renata,71248,9
KR_8346745910,200,False,Ezreal,164689,18,Poppy,19813,4
KR_8345589624,100,False,Kaisa,46232,7,Skarner,172011,18
KR_8345589624,200,True,Ezreal,594136,57,Rell,50221,7
KR_8343232194,100,True,Qiyana,1290390,120,Pyke,722307,68
KR_8343232194,200,False,Xayah,556833,53,Rakan,140314,15
KR_8343154584,100,False,Zed,11575,3,Shen,2769,2
KR_8343154584,200,True,Corki,94093,11,Alistar,470726,45
KR_8343078857,100,True,Malphite,3923,2,Sylas,5225,2
KR_8343078857,200,False,Katarina,383007,37,Alistar,470726,45
KR_8343002491,100,False,Kaisa,80299,10,Neeko,17924,4
KR_8343002491,200,True,Lucian,232686,24,Milio,73668,9
KR_8342950277,100,False,Mel,81477,10,Karma,41227,6
KR_8342950277,200,True,Ezreal,594136,57,Pyke,35957,6
KR_8342879569,100,False,Jhin,240868,25,Pyke,722307,68
KR_8342879569,200,True,Ezreal,594136,57,Poppy,184683,19
KR_8342817817,100,True,Ezreal,594136,57,Karma,373285,37
KR_8342817817,200,False,Caitlyn,584216,56,Bard,267780,27
KR_8342765089,100,True,Katarina,383007,37,Shen,58334,8
KR_8342765089,200,False,Lucian,232686,24,Pantheon,6090,3
KR_8342716906,100,True,Caitlyn,584216,56,Nautilus,22362,5
KR_8342716906,200,False,Ezreal,1079305,101,Karma,62977,8
KR_8342656966,100,True,Ezreal,594136,57,Pyke,261681,26
KR_8342656966,200,False,Jhin,360999,35,Bard,70480,9
KR_8355143717,100,False,Xayah,37003,6,Rell,2498772,230
KR_8355143717,200,True,Kaisa,642516,61,Alistar,117874,13
KR_8354117349,100,False,Kalista,16933,4,Renata,15933,4
KR_8354117349,200,True,Jhin,290424,29,Pyke,645187,61
KR_8354096592,100,False,Yasuo,62097,8,Camille,112193,13
KR_8354096592,200,True,Lucian,401521,39,Rakan,396040,39
KR_8354069866,100,True,Ezreal,29513,5,Leona,132678,15
KR_8354069866,200,False,Kaisa,96841,11,Blitzcrank,146478,16
KR_8352930855,100,True,Ziggs,44042,7,Pyke,722307,68
KR_8352930855,200,False,Ezreal,29513,5,Rakan,140314,15
KR_8347470839,100,True,Aphelios,758620,72,Bard,88518,11
KR_8347470839,200,False,Ezreal,145007,16,Pyke,506237,49
KR_8352883674,100,True,Xerath,1168539,108,Alistar,16118,4
KR_8352883674,200,False,Viktor,56427,8,Camille,71918,9
KR_8352825377,100,True,Varus,247301,25,Bard,417008,41
KR_8352825377,200,False,Kalista,99947,12,Renata,54490,8
KR_8352751854,100,True,Yunara,154062,17,Lulu,46381,7
KR_8352751854,200,False,Kalista,915061,86,Nautilus,255446,26
KR_8352003936,100,True,Lucian,63311,8,Milio,13646,4
KR_8352003936,200,False,Kalista,34768,6,Renata,17372,4
KR_8351903966,100,True,Ezreal,164689,18,Alistar,27814,5
KR_8351903966,200,False,Jhin,22876,5,Pyke,22091,5
KR_8351535979,100,True,Zeri,43757,7,Rell,6103,3
KR_8351535979,200,False,Viktor,112403,13,Senna,299255,30
KR_8351529308,100,False,Ezreal,164689,18,Karma,33663,6
KR_8351529308,200,True,Jhin,44335,7,Bard,417008,41
KR_8351496431,100,True,Zyra,1904210,176,Poppy,151363,16
KR_8351496431,200,False,Kaisa,23648,5,Alistar,423032,41
KR_8351445185,100,True,Ezreal,565735,54,Karma,43200,7
KR_8351445185,200,False,Jhin,22876,5,Bard,585069,56
KR_8351063357,100,False,Kalista,198171,21,Renata,17372,4
KR_8351063357,200,True,Yunara,53656,8,Lulu,330040,33
KR_8350978218,100,False,Sivir,169196,18,Pyke,247018,25
KR_8350978218,200,True,Ezreal,1000704,94,Karma,124023,14
KR_8350871250,100,False,Jhin,360999,35,Heimerdinger,29060,5
KR_8350871250,200,True,Kalista,23276,5,Elise,213268,22
KR_8350809347,100,True,Ezreal,372901,37,Rumble,8308,3
KR_8350809347,200,False,Kaisa,564006,54,Pyke,22091,5
KR_8350735423,100,True,Ziggs,74279,9,Sylas,172803,18
KR_8350735423,200,False,Syndra,78087,10,Alistar,11435,3
KR_8350678499,100,False,Yasuo,1616266,150,Braum,13773,4
KR_8350678499,200,True,Cassiopeia,25565,5,Leona,13564,4
KR_8350621933,100,True,Kalista,137771,15,Alistar,1081,1
KR_8350621933,200,False,Nilah,34164,6,Yuumi,11956,3
KR_8350566412,100,False,Ezreal,272196,27,Karma,108181,12
KR_8350566412,200,True,Jhin,360999,35,Skarner,622934,59
KR_8350494333,100,False,Ezreal,37966,6,Pyke,22091,5
KR_8350494333,200,True,Jhin,55920,8,Hwei,23395,5
KR_8350405366,100,False,Caitlyn,584216,56,Lux,20880,4
KR_8350405366,200,True,Nasus,12142,3,Nautilus,607978,58
KR_8349236766,100,False,Caitlyn,339300,33,Pyke,645187,61
KR_8349236766,200,True,Kaisa,131109,15,Poppy,382755,37
KR_8349160550,100,True,Viktor,226227,23,Leona,92882,11
KR_8349160550,200,False,Kaisa,48179,7,Alistar,551062,53
KR_8349104246,100,True,Kalista,271315,27,Renata,23832,5
KR_8349104246,200,False,Irelia,1245439,116,Rell,574602,55
KR_8348544966,100,True,Yunara,69650,9,Nautilus,858554,81
KR_8348544966,200,False,Kalista,271315,27,Renata,69768,9
KR_8348502172,100,False,Ziggs,44042,7,Shen,125938,14
KR_8348502172,200,True,Jhin,79312,10,Nautilus,858554,81
KR_8352986657,100,False,Cassiopeia,505068,49,Sona,1551333,134
KR_8352986657,200,True,Yunara,154062,17,Nautilus,281109,28
KR_8352951958,100,False,Ezreal,145007,16,Rell,166828,18
KR_8352951958,200,True,Cassiopeia,505068,49,Nautilus,127357,14
KR_8349866048,100,False,Jhin,290424,29,Alistar,240279,24
KR_8349866048,200,True,Cassiopeia,505068,49,Leona,221842,23
KR_8349768600,100,True,Syndra,83048,10,JarvanIV,10748,3
KR_8349768600,200,False,Cassiopeia,505068,49,Nautilus,65948,9
KR_8349692884,100,True,Ezreal,398548,39,Bard,294125,29
KR_8349692884,200,False,Cassiopeia,505068,49,Nautilus,325195,32
KR_8354835865,100,True,Zeri,2631,2,Taric,152885,17
KR_8354835865,200,False,Syndra,5283,2,Nautilus,607978,58
KR_8351825608,100,False,Caitlyn,301447,30,Karma,14306,4
KR_8351825608,200,True,Ezreal,372901,37,Rakan,48972,7
KR_8351778487,100,False,Ezreal,131463,15,Karma,53398,7
KR_8351778487,200,True,Lucian,34915,6,Yuumi,179292,19
KR_8350249693,100,True,Xayah,37003,6,Rakan,519101,50
KR_8350249693,200,False,Kaisa,385612,38,Rell,76878,10
KR_8350221429,100,False,Viktor,2977,2,Trundle,65704,9
KR_8350221429,200,True,Syndra,35732,6,Skarner,171124,18
KR_8350163257,100,False,Xayah,162684,17,Alistar,163215,17
KR_8350163257,200,True,Kaisa,241987,25,Rell,127513,14
KR_8355188641,100,False,Caitlyn,228239,23,Bard,26485,5
KR_8355188641,200,True,Cassiopeia,57458,8,Nautilus,31742,6
KR_8349819732,100,True,Jhin,55487,8,Karma,255706,26
KR_8349819732,200,False,MissFortune,126056,14,Bard,417008,41
KR_8353972020,100,False,Ziggs,6345,3,Pyke,778394,73
KR_8353972020,200,True,Taliyah,403380,39,Poppy,436034,42
KR_8353924006,100,True,Kalista,190499,20,Renata,275614,28
KR_8353924006,200,False,Ezreal,1079305,101,Rell,758125,72
KR_8353622771,100,False,Zeri,13487,4,Rakan,76853,10
KR_8353622771,200,True,MissFortune,77096,10,Poppy,70692,9
KR_8352720856,100,False,Aphelios,326915,32,Thresh,42511,6
KR_8352720856,200,True,Jinx,116835,13,Lulu,1189,1
KR_8349106255,100,True,Tristana,227685,23,Bard,25472,5
KR_8349106255,200,False,Corki,91647,11,Rell,7958,3
KR_8347118210,100,False,Corki,23078,5,Rakan,227428,23
KR_8347118210,200,True,Lucian,671771,64,Milio,62439,8
KR_8346161118,100,True,Ezreal,959551,90,Bard,13330,4
KR_8346161118,200,False,Tristana,15117,4,Nautilus,46083,7
KR_8346063817,100,True,Viktor,226227,23,Nautilus,62683,8
KR_8346063817,200,False,Qiyana,930514,86,Rell,6003201,501
KR_8343083944,100,False,Sylas,654472,62,Alistar,466246,45
KR_8343083944,200,True,Ziggs,3646,2,Rell,166828,18
KR_8341979729,100,True,Jhin,7424,3,Bard,307569,31
KR_8341979729,200,False,Yunara,38778,6,Lulu,32020,6
KR_8341940671,100,True,Jhin,7424,3,Shen,61360,8
KR_8341940671,200,False,Ezreal,171481,18,Karma,59646,8
KR_8341741662,100,False,Caitlyn,211606,22,Bard,374806,37
KR_8341741662,200,True,Kaisa,51184,7,Nautilus,75298,9
KR_8341675387,100,False,Corki,125973,14,Anivia,1784489,165
KR_8341675387,200,True,Yunara,252131,26,Bard,374806,37
KR_8338645568,100,False,Tristana,76931,10,Lulu,223544,23
KR_8338645568,200,True,Ashe,71185,9,Poppy,387726,38
KR_8337535069,100,False,Syndra,9142,3,Alistar,96699,11
KR_8337535069,200,True,Hwei,9075,3,Shen,31570,5
KR_8337457114,100,True,Velkoz,280055,28,Taric,1650069,152
KR_8337457114,200,False,Cassiopeia,27893,5,Leona,498803,48
KR_8337423336,100,True,Tristana,13700,4,Poppy,81488,10
KR_8337423336,200,False,Yasuo,45516,7,Taric,1650069,152
KR_8354437600,100,True,Syndra,131910,15,Camille,51679,7
KR_8354437600,200,False,Caitlyn,148643,16,Bard,51121,7
KR_8353424341,100,False,Zoe,1082604,98,Nautilus,6049,3
KR_8353424341,200,True,Ziggs,184504,19,Blitzcrank,26223,5
KR_8353326098,100,True,Ezreal,10855,3,Rell,548659,53
KR_8353326098,200,False,Jhin,65132,9,Nautilus,557877,53
KR_8352274175,100,False,Kalista,20952,4,Pantheon,61577,8
KR_8352274175,200,True,Jhin,679185,64,Velkoz,280055,28
KR_8348957369,100,True,Kaisa,166943,18,Rell,6224,3
KR_8348957369,200,False,Xayah,30504,5,Sylas,39772,6
KR_8348036329,100,False,Jhin,852321,80,Annie,2057383,162
KR_8348036329,200,True,Zeri,82062,10,Camille,47019,7
KR_8344447118,100,False,Ezreal,6310,3,Bard,79599,10
KR_8344447118,200,True,Kaisa,24524,5,Skarner,1556916,144
KR_8344300040,100,False,Corki,68057,9,Pantheon,35568,6
KR_8344300040,200,True,Kaisa,166943,18,Pyke,60920,8
KR_8344189549,100,False,Tristana,18706,4,Lulu,186618,20
KR_8344189549,200,True,Kaisa,494714,48,Alistar,19641,4
KR_8355179374,100,True,Yunara,252131,26,Pyke,645187,61
KR_8355179374,200,False,KogMaw,23264,5,Milio,61304,8
KR_8354119704,100,True,Yunara,95857,11,Lulu,114136,13
KR_8354119704,200,False,Ezreal,38304,6,Karma,114885,13
KR_8349658884,100,False,Ziggs,86502,10,Alistar,541972,52
KR_8349658884,200,True,Jhin,55920,8,Rell,102996,12
KR_8348539655,100,True,Jhin,83371,10,Sylas,6089,3
KR_8348539655,200,False,Yunara,144005,16,Nautilus,59174,8
KR_8347432922,100,True,Jhin,16208,4,Bard,88518,11
KR_8347432922,200,False,Zoe,1082604,98,Shen,94736,11
KR_8351392547,100,True,Tristana,81005,10,Camille,107114,12
KR_8351392547,200,False,Vladimir,894,1,Leona,8628,3
KR_8351330946,100,True,Lucian,89648,11,Shen,59413,8
KR_8351330946,200,False,Jhin,3844,2,Rakan,11746,3
KR_8347495222,100,True,Ezreal,398548,39,Karma,7255,3
KR_8347495222,200,False,Kaisa,627699,60,Neeko,162315,17
KR_8347445945,100,False,Ezreal,291758,29,Shen,24790,5
KR_8347445945,200,True,Jhin,227095,23,Camille,13159,4
KR_8347384697,100,True,Caitlyn,584216,56,Elise,25622,5
KR_8347384697,200,False,Yunara,222084,23,Rell,90494,11
KR_8347341610,100,False,Katarina,383007,37,Braum,115441,13
KR_8347341610,200,True,Kalista,198171,21,Renata,52577,7
KR_8347302504,100,False,Ezreal,175562,19,Karma,32041,6
KR_8347302504,200,True,Kalista,198171,21,Pyke,50054,7
KR_8346890322,100,True,Kaisa,53330,7,Pantheon,214461,22
KR_8346890322,200,False,Aurora,1184468,110,Rakan,255268,26
KR_8349890382,100,True,Varus,373746,37,Gragas,25910,5
KR_8349890382,200,False,Tristana,109407,13,Alistar,46548,7
KR_8349872070,100,True,Yunara,263523,27,Alistar,423032,41
KR_8349872070,200,False,Vayne,62576,8,Shen,10838,3
KR_8349824447,100,True,Aphelios,93209,11,Galio,12578,3
KR_8349824447,200,False,Syndra,83048,10,Shen,52913,7
KR_8349718982,100,False,Lucian,4219,2,Milio,1128,1
KR_8349718982,200,True,Caitlyn,254044,26,Karma,1996,2
KR_8349680492,100,False,Yunara,333779,33,Poppy,196215,20
KR_8349680492,200,True,Tristana,109407,13,Lulu,86827,11
KR_8349604332,100,False,Kaisa,1163230,108,Nautilus,76055,10
KR_8349604332,200,True,Yunara,263523,27,Braum,59122,8
KR_8345760569,100,False,Kaisa,681646,65,Blitzcrank,451677,44
KR_8345760569,200,True,Syndra,83048,10,Alistar,87360,11
KR_8355071433,100,True,Yunara,70799,9,Pantheon,55143,8
KR_8355071433,200,False,Corki,236518,24,Taric,152885,17
KR_8354437256,100,False,Kaisa,353126,35,Blitzcrank,364,1
KR_8354437256,200,True,Jhin,11984,3,Bard,108613,13
KR_8354051368,100,True,Kaisa,1002862,94,Poppy,196215,20
KR_8354051368,200,False,Kalista,130586,14,Renata,68576,9
KR_8353996372,100,False,Caitlyn,148643,16,Poppy,24178,5
KR_8353996372,200,True,Jinx,56598,8,Bard,312349,31
KR_8353922904,100,True,Jhin,22876,5,Karma,145590,16
KR_8353922904,200,False,Caitlyn,584216,56,Lux,37893,6
KR_8353871988,100,False,Kaisa,751077,71,Camille,332382,33
KR_8353871988,200,True,Ezreal,1828546,169,Poppy,446715,43
KR_8353691791,100,True,Yasuo,62097,8,Bard,3549648,325
KR_8353691791,200,False,Corki,139959,15,Rell,166828,18
KR_8352837783,100,True,Yunara,114989,13,Lulu,223544,23
KR_8352837783,200,False,Jhin,183858,19,Neeko,61447,8
KR_8352794228,100,True,Caitlyn,301447,30,Milio,8392,3
KR_8352794228,200,False,Kalista,267373,27,Pantheon,144379,16
KR_8352720388,100,False,Zoe,5031679,460,Sylas,5225,2
KR_8352720388,200,True,Jhin,39444,6,Maokai,167193,18
KR_8352654642,100,True,Zeri,129271,14,Nautilus,11921,3
KR_8352654642,200,False,Jhin,227095,23,Karma,34804,6
KR_8352546382,100,False,Yunara,59324,8,Alistar,42879,7
KR_8352546382,200,True,Kaisa,385612,38,Rakan,140314,15
KR_8349438804,100,True,Kalista,131388,15,Leona,16300,4
KR_8349438804,200,False,Yunara,138561,15,Alistar,6452,3
KR_8349331960,100,True,Ziggs,74279,9,Camille,46345,7
KR_8349331960,200,False,Nasus,12142,3,Hwei,168387,18
KR_8349272098,100,True,Ashe,4859,2,Seraphine,10025,3
KR_8349272098,200,False,Rengar,3421704,314,Bard,1012338,95
KR_8348451695,100,True,Ezreal,904773,85,Karma,201334,21
KR_8348451695,200,False,Yunara,32385,6,Lulu,28720,5
KR_8347515639,100,False,Kaisa,51184,7,Nautilus,100727,12
KR_8347515639,200,True,Yunara,95080,11,Braum,94097,11
KR_8347487807,100,False,Kalista,33456,6,Renata,69768,9
KR_8347487807,200,True,Taliyah,46518,7,Alistar,148142,16
KR_8355032870,100,False,Kaisa,594507,57,Pantheon,128439,14
KR_8355032870,200,True,Xerath,1351723,126,Lux,17795,4
KR_8354130641,100,True,Xerath,1351723,126,Taric,1746650,161
KR_8354130641,200,False,Kaisa,56057,8,Rell,1060682,99
KR_8354101680,100,False,Kaisa,341025,34,Rell,4673,2
KR_8354101680,200,True,Ezreal,381211,37,Nautilus,39511,6
KR_8354067237,100,False,Xerath,1351723,126,Poppy,122946,14
KR_8354067237,200,True,Kaisa,36319,6,Shen,85648,10
KR_8354013848,100,True,Xerath,1351723,126,Rakan,8789,3
KR_8354013848,200,False,Ezreal,504161,48,Camille,9849,3
KR_8352985524,100,False,Jhin,22876,5,Bard,417008,41
KR_8352985524,200,True,Xerath,1351723,126,Alistar,357187,35
KR_8352810594,100,False,Xerath,1351723,126,Alistar,38412,6
KR_8352810594,200,True,Zeri,129271,14,Rell,29127,5
KR_8351196091,100,False,Jhin,112058,13,Karma,19680,4
KR_8351196091,200,True,Ezreal,504161,48,Nautilus,54219,8
KR_8349638350,100,False,Jhin,509731,49,Poppy,325645,32
KR_8349638350,200,True,Xerath,1351723,126,Camille,65255,9
KR_8348580915,100,True,Xerath,1351723,126,Camille,151766,16
KR_8348580915,200,False,Zeri,204530,21,Bard,79599,10
KR_8346234872,100,False,Ambessa,1082528,101,Rell,90494,11
KR_8346234872,200,True,Xerath,1351723,126,Swain,3500,2
KR_8345105327,100,True,Xerath,1351723,126,Shen,15190,4
KR_8345105327,200,False,Viktor,12951,4,Elise,910153,85
KR_8343483841,100,False,Xerath,1351723,126,Rakan,76853,10
KR_8343483841,200,True,Viktor,22186,5,Rell,191930,20
KR_8341832607,100,False,Kaisa,70564,9,Bard,79599,10
KR_8341832607,200,True,Xerath,1351723,126,Shen,42725,7
KR_8340257866,100,False,Ezreal,1391375,129,Karma,172739,18
KR_8340257866,200,True,Kaisa,1163230,108,Nautilus,297768,30
KR_8339023557,100,False,Aphelios,685439,65,Senna,39896,6
KR_8339023557,200,True,Xerath,1351723,126,JarvanIV,6776,3
KR_8338266072,100,True,Ezreal,57174,8,Senna,39896,6
KR_8338266072,200,False,Xerath,1351723,126,Thresh,60345,8
KR_8354080458,100,False,KogMaw,23264,5,Milio,18716,4
KR_8354080458,200,True,Yunara,222084,23,Lulu,79493,10
KR_8354024737,100,False,Yasuo,50145,7,Pantheon,348979,34
KR_8354024737,200,True,Kaisa,385612,38,Alistar,6335,3
KR_8349742695,100,True,Jhin,509731,49,Ambessa,689966,65
KR_8349742695,200,False,Zeri,204530,21,Yuumi,5769,2
KR_8348575568,100,False,Ezreal,38559,6,Camille,69495,9
KR_8348575568,200,True,Viktor,174115,18,Poppy,485305,47
KR_8347485274,100,False,Xerath,1168539,108,Shen,46631,7
KR_8347485274,200,True,Ezreal,564351,54,Camille,49679,7
KR_8345296881,100,False,Kalista,160246,17,Poppy,67428,9
KR_8345296881,200,True,Ezreal,171271,18,Shen,59413,8
KR_8345284092,100,True,Syndra,16959,4,Thresh,42511,6
KR_8345284092,200,False,Corki,346175,34,Blitzcrank,14121,4
KR_8345251535,100,True,Corki,346175,34,Rell,166828,18
KR_8345251535,200,False,Ezreal,94501,11,Nautilus,408270,40
KR_8343513446,100,False,Jhin,159234,17,Bard,374806,37
KR_8343513446,200,True,Ezreal,1079305,101,Karma,49408,7
KR_8342914366,100,False,Kalista,239654,24,Blitzcrank,57957,8
KR_8342914366,200,True,Yunara,69650,9,Camille,19024,4
KR_8351456433,100,True,Ezreal,247777,25,Bard,417008,41
KR_8351456433,200,False,Jhin,44335,7,Karma,268884,27
KR_8351424559,100,True,Kaisa,385612,38,Alistar,470726,45
KR_8351424559,200,False,Corki,111333,13,Bard,294125,29
KR_8351403253,100,True,Ezreal,272196,27,Leona,150526,16
KR_8351403253,200,False,Varus,373746,37,Nautilus,69045,9
KR_8350369843,100,True,MissFortune,77096,10,Alistar,423032,41
KR_8350369843,200,False,Kaisa,385612,38,Poppy,26962,5
KR_8349804117,100,True,Yunara,69650,9,Alistar,423032,41
KR_8349804117,200,False,Kaisa,976542,91,Rell,507765,49
KR_8349758521,100,True,Jhin,15956,4,Shen,66941,9
KR_8349758521,200,False,Zeri,17143,4,Alistar,205273,21
KR_8348661008,100,False,Caitlyn,584216,56,Bard,3468394,309
KR_8348661008,200,True,Kaisa,131109,15,Camille,82436,10
KR_8348641552,100,False,Kaisa,66031,9,Alistar,423032,41
KR_8348641552,200,True,Viktor,154874,17,Nautilus,45654,7
KR_8348626829,100,False,Ashe,42520,6,Lulu,4185,2
KR_8348626829,200,True,Mel,57539,8,Nautilus,478490,46
KR_8348626092,100,False,Lucian,274026,28,Shen,66941,9
KR_8348626092,200,True,Kaisa,491801,47,Alistar,551062,53
KR_8348510592,100,True,Kaisa,180532,19,Skarner,22458,5
KR_8348510592,200,False,Seraphine,19121,4,Shen,66941,9
KR_8348476366,100,True,Ezreal,167855,18,Karma,133807,15
KR_8348476366,200,False,Caitlyn,5493,2,Bard,294125,29
KR_8348412886,100,False,Ashe,421715,41,Lulu,97407,11
KR_8348412886,200,True,Jhin,158176,17,Bard,184691,19
KR_8347461508,100,False,Ezreal,154405,17,Rell,2498772,230
KR_8347461508,200,True,Taliyah,403380,39,Bard,294125,29
KR_8347424185,100,True,Ezreal,12927,4,Shen,66941,9
KR_8347424185,200,False,Seraphine,672048,64,Rell,2498772,230
KR_8342067980,100,False,Corki,6852,3,Maokai,207494,21
KR_8342067980,200,True,MissFortune,205968,21,Neeko,61447,8
KR_8342043006,100,True,Ezreal,504161,48,Pantheon,58318,8
KR_8342043006,200,False,Jhin,416696,41,Nautilus,10480,3
KR_8341900337,100,True,Mel,72425,9,Alistar,551062,53
KR_8341900337,200,False,Yasuo,45516,7,Leona,266728,27
KR_8341847440,100,True,Jhin,252899,26,Rakan,294432,29
KR_8341847440,200,False,Ezreal,1079305,101,Alistar,551062,53
KR_8341655242,100,True,Taliyah,403380,39,Shen,39202,6
KR_8341655242,200,False,Ezreal,29663,5,Camille,55369,8
KR_8340539047,100,True,Kaisa,131109,15,Trundle,76792,10
KR_8340539047,200,False,Xayah,7975,3,Shen,18401,4
KR_8340465799,100,False,Vladimir,1046805,94,Camille,112193,13
KR_8340465799,200,True,Kaisa,98260,12,Blitzcrank,298109,30
KR_8340442123,100,False,Ezreal,38559,6,Karma,373285,37
KR_8340442123,200,True,Kaisa,156140,17,Pyke,257241,26
KR_8340378649,100,True,Yunara,70799,9,Milio,135803,15
KR_8340378649,200,False,Lucian,55848,8,Bard,205551,21
KR_8340325984,100,False,Ezreal,992401,93,Vladimir,1046805,94
KR_8340325984,200,True,Sivir,54681,8,Leona,6917,3
KR_8349902139,100,False,Kalista,143923,16,Neeko,59534,8
KR_8349902139,200,True,Kaisa,1002862,94,Nami,63368,8
KR_8349642919,100,True,Vladimir,55019,8,Shen,7655,3
KR_8349642919,200,False,Vayne,3412,2,Galio,51760,7
KR_8348599936,100,True,Kalista,198171,21,Taric,42497,6
KR_8348599936,200,False,Taliyah,15677,4,Camille,55622,8
KR_8348540618,100,True,Jhin,307512,31,Nautilus,34191,6
KR_8348540618,200,False,Ezreal,904773,85,Leona,7967,3
KR_8348467544,100,True,Jhin,77535,10,Bard,353035,35
KR_8348467544,200,False,Ezreal,86252,10,Leona,221842,23
KR_8342886704,100,True,Lucian,525238,50,Amumu,15951,4
KR_8342886704,200,False,Sivir,56441,8,Bard,338269,33
KR_8340949933,100,True,Caitlyn,138729,15,Bard,9614,3
KR_8340949933,200,False,Viktor,10302,3,Shen,109086,13
KR_8340541466,100,True,Ezreal,86252,10,Alistar,15935,4
KR_8340541466,200,False,Yasuo,733229,69,Rell,341251,34
KR_8355217112,100,False,Ezreal,171271,18,Karma,43200,7
KR_8355217112,200,True,Jhin,122056,14,Nautilus,22666,5
KR_8355198029,100,True,Nasus,23481,5,Elise,910153,85
KR_8355198029,200,False,Corki,111277,13,Nautilus,20562,4
KR_8351283565,100,True,Zeri,486358,47,Bard,205551,21
KR_8351283565,200,False,Yunara,121406,14,Blitzcrank,1303297,121
KR_8351237396,100,True,Viktor,2848,2,Camille,152288,16
KR_8351237396,200,False,Tristana,15117,4,Lissandra,479063,42
KR_8345884213,100,True,Kaisa,714440,68,Rell,102831,12
KR_8345884213,200,False,Ezreal,125077,14,Leona,10574,3
KR_8345845376,100,False,Jhin,224576,23,Alistar,48233,7
KR_8345845376,200,True,Sivir,27012,5,Trundle,76792,10
KR_8341987008,100,False,Corki,94093,11,Pantheon,75043,9
KR_8341987008,200,True,Viktor,20032,4,Nautilus,152137,16
KR_8341893488,100,True,Syndra,16959,4,Shen,66941,9
KR_8341893488,200,False,Ezreal,108247,12,Karma,59646,8
KR_8341849449,100,False,Jhin,414517,40,Shen,5607,2
KR_8341849449,200,True,Ezreal,78840,10,Camille,58714,8
KR_8340475076,100,False,Ezreal,504161,48,Leona,6333,3
KR_8340475076,200,True,Viktor,53826,8,Camille,9849,3
KR_8340431177,100,False,Jhin,17222,4,Shen,6684,3
KR_8340431177,200,True,Yunara,68660,9,Lulu,16221,4
KR_8340255188,100,True,Sivir,125594,14,Shen,52913,7
KR_8340255188,200,False,Jhin,281062,28,Bard,62698,8
KR_8337955228,100,True,Jhin,15956,4,Bard,89912,11
KR_8337955228,200,False,Viktor,10132,3,Shen,85648,10
KR_8355140824,100,False,Taliyah,15677,4,Pyke,59815,8
KR_8355140824,200,True,Corki,53470,7,Camille,33648,6
KR_8355035414,100,False,Kaisa,385612,38,Braum,39066,6
KR_8355035414,200,True,Cassiopeia,2504228,230,Pyke,22091,5
KR_8352929454,100,True,Yunara,79338,10,Lulu,48948,7
KR_8352929454,200,False,MissFortune,1369,1,Rell,166828,18
KR_8349908196,100,True,Jhin,103114,12,Pyke,645187,61
KR_8349908196,200,False,Mel,8293,3,Camille,2010,2
KR_8348579031,100,True,Varus,247301,25,Renata,18653,4
KR_8348579031,200,False,Kalista,16933,4,Nautilus,95601,11
KR_8346286404,100,True,Xerath,32640,6,Shen,47862,7
KR_8346286404,200,False,Tristana,24898,5,Rell,226906,23
KR_8346256109,100,False,Jhin,227095,23,Shen,85648,10
KR_8346256109,200,True,Sivir,52393,7,Skarner,622934,59
KR_8346189053,100,True,Corki,10867,3,Alistar,64571,8
KR_8346189053,200,False,Ezreal,154405,17,Rell,166828,18
KR_8343591251,100,False,Kaisa,183295,19,Amumu,4100,2
KR_8343591251,200,True,Jhin,312630,31,Bard,374806,37
KR_8343533006,100,True,Yunara,207286,21,Lulu,79493,10
KR_8343533006,200,False,Tristana,63979,8,Camille,92503,11
KR_8353065679,100,True,Locke,58275,8,Rakan,131136,15
KR_8353065679,200,False,Heimerdinger,2743861,232,Alistar,195763,20
KR_8348642396,100,True,Katarina,383007,37,Bard,334669,33
KR_8348642396,200,False,Jinx,315560,31,Thresh,48277,7
KR_8347590170,100,False,Corki,2887,2,Nautilus,703697,67
KR_8347590170,200,True,Lucian,7691,3,Bard,237202,24
KR_8347574799,100,False,Draven,742841,70,Zoe,1082604,98
KR_8347574799,200,True,Ezreal,69718,9,Pantheon,15055,4
KR_8347564577,100,False,Ashe,9342,3,Mel,40965,6
KR_8347564577,200,True,Ezreal,247777,25,Seraphine,291931,29
KR_8346543734,100,True,Kaisa,339098,33,Blitzcrank,68516,9
KR_8346543734,200,False,Ezreal,449689,44,Pyke,12385,3
KR_8346508721,100,True,Lucian,14428,4,Alistar,48233,7
KR_8346508721,200,False,Sivir,1778151,164,Rakan,227428,23
KR_8346471866,100,False,Syndra,72580,9,Pantheon,55246,8
KR_8346471866,200,True,Corki,128407,14,Janna,225881,23
KR_8346467348,100,False,Corki,222656,23,Shen,58334,8
KR_8346467348,200,True,Xerath,15555,4,Poppy,256502,26
KR_8342166936,100,False,Yunara,129845,14,Lulu,7312,3
KR_8342166936,200,True,Zeri,129271,14,Rell,14819,4
KR_8341593941,100,False,Jinx,1864,2,Thresh,1442383,134
KR_8341593941,200,True,Zeri,425361,41,Seraphine,71475,9
KR_8341515279,100,False,Ezreal,959551,90,Karma,193953,20
KR_8341515279,200,True,Corki,94093,11,Shen,47160,7
KR_8341422869,100,True,Kaisa,541428,52,Shen,47160,7
KR_8341422869,200,False,Lucian,268276,27,Seraphine,14362,4
KR_8341364350,100,False,Lux,22549,5,Leona,56920,8
KR_8341364350,200,True,Ezreal,5363,2,Bard,374806,37
KR_8341302626,100,True,Kaisa,714440,68,Zilean,10071,3
KR_8341302626,200,False,Yunara,319813,32,Nautilus,566495,54
KR_8341246264,100,True,Jhin,38546,6,Bard,337025,33
KR_8341246264,200,False,Ziggs,74492,9,Pyke,8792,3
KR_8340610199,100,True,Kaisa,131109,15,Camille,55622,8
KR_8340610199,200,False,Katarina,1199269,112,Shen,47833,7
KR_8355214851,100,True,Jhin,122056,14,Poppy,44443,7
KR_8355214851,200,False,Xayah,81181,10,Pyke,645187,61
KR_8353842619,100,True,Viktor,30806,5,Taric,1650069,152
KR_8353842619,200,False,Ziggs,44457,7,Alistar,15935,4
KR_8353731430,100,False,Anivia,943978,88,Shen,20768,4
KR_8353731430,200,True,Yunara,95857,11,Thresh,1479269,137
KR_8353640897,100,True,Kaisa,39468,6,Camille,62181,8
KR_8353640897,200,False,Jhin,122738,14,Pantheon,3915,2
KR_8353473149,100,False,Velkoz,280055,28,Syndra,3507300,258
KR_8353473149,200,True,Kalista,317965,32,Bard,14036,4
KR_8349601724,100,False,Caitlyn,195972,20,Karma,42141,6
KR_8349601724,200,True,Jhin,75100,9,Alistar,15350,4
KR_8349229382,100,False,Draven,174997,19,Nautilus,196629,21
KR_8349229382,200,True,Kaisa,385612,38,Alistar,15350,4
KR_8351465120,100,True,Corki,13463,4,Camille,24184,5
KR_8351465120,200,False,MissFortune,138676,15,Poppy,17993,4
KR_8351420264,100,False,Kalista,198171,21,Nautilus,75002,9
KR_8351420264,200,True,Tristana,78372,10,Poppy,90757,11
KR_8351380591,100,False,Xayah,94488,11,Renata,131255,15
KR_8351380591,200,True,Jhin,307512,31,Poppy,60778,8
KR_8351318911,100,True,Kalista,45400,7,Poppy,7255,3
KR_8351318911,200,False,Kaisa,564006,54,Rengar,125595,14
KR_8351290306,100,False,Ezreal,379232,37,Bard,36231,6
KR_8351290306,200,True,Kaisa,19623,4,Shen,59413,8
KR_8351232618,100,False,Aphelios,685439,65,Alistar,427479,41
KR_8351232618,200,True,Viktor,18981,4,Seraphine,34916,6
KR_8350386710,100,True,Ezreal,379232,37,Bard,171436,18
KR_8350386710,200,False,Caitlyn,148643,16,Karma,360268,35
KR_8349897979,100,True,Xerath,7591,3,Nautilus,397029,39
KR_8349897979,200,False,Teemo,4810616,440,Lulu,11757,3
KR_8349873556,100,True,Ezreal,99221,12,Taric,152885,17
KR_8349873556,200,False,Mel,8293,3,Rakan,400026,39
KR_8349838449,100,False,Xerath,3964,2,Camille,50383,7
KR_8349838449,200,True,Jhin,33257,6,Taric,152885,17
KR_8349323738,100,True,Sivir,15055,4,Rell,317058,31
KR_8349323738,200,False,Jhin,51420,7,Shen,23976,5
KR_8349293371,100,True,Jinx,104641,12,Taric,152885,17
KR_8349293371,200,False,Caitlyn,146044,16,Neeko,316523,31
KR_8349170476,100,False,Sivir,1116,1,Soraka,107189,12
KR_8349170476,200,True,Draven,174997,19,Blitzcrank,11045,3
KR_8349126608,100,True,Caitlyn,331583,33,Pyke,645187,61
KR_8349126608,200,False,Ezreal,90855,11,Karma,397832,39
KR_8348926294,100,True,Ezreal,250760,25,Pantheon,54929,8
KR_8348926294,200,False,Syndra,1918,2,Rell,90494,11
KR_8354028411,100,False,Yone,1101363,103,Camille,78062,10
KR_8354028411,200,True,Ezreal,107151,12,Poppy,196215,20
KR_8354009144,100,True,MissFortune,126056,14,Pyke,645187,61
KR_8354009144,200,False,Ezreal,156704,17,Karma,114885,13
KR_8353923492,100,True,Viktor,77331,10,Camille,104281,12
KR_8353923492,200,False,Kaisa,510836,49,Shen,28019,5
KR_8353867179,100,False,Ezreal,145007,16,Bard,417008,41
KR_8353867179,200,True,Kaisa,594507,57,Nautilus,75298,9
KR_8355115742,100,False,Ezreal,291758,29,Leona,113006,13
KR_8355115742,200,True,Kaisa,385612,38,Alistar,24144,5
KR_8355161542,100,True,Jhin,108981,13,Leblanc,1156,1
KR_8355161542,200,False,Tristana,242423,25,Lulu,61380,8
KR_8355132358,100,False,Yasuo,62097,8,Shen,85648,10
KR_8355132358,200,True,Jhin,59832,8,Alistar,17692,4
KR_8355038810,100,True,Ezreal,5493,2,Bard,307569,31
KR_8355038810,200,False,Kaisa,27380,5,Alistar,148142,16
KR_8354999554,100,False,Taliyah,426005,41,Pyke,645187,61
KR_8354999554,200,True,Yunara,3155,2,Bard,332957,33
KR_8354752377,100,False,Viktor,84998,10,Poppy,436034,42
KR_8354752377,200,True,Jhin,86763,11,Rell,15596,4
KR_8354093586,100,True,Kaisa,564006,54,Shen,59413,8
KR_8354093586,200,False,MissFortune,3615,2,Poppy,3654,2
KR_8353991210,100,True,Yunara,440179,43,Shen,167803,17
KR_8353991210,200,False,Xayah,94488,11,Camille,462921,45
KR_8353855200,100,True,Kaisa,187138,20,Neeko,87581,11
KR_8353855200,200,False,Taliyah,403380,39,Shen,14293,4
KR_8353784896,100,True,MissFortune,34573,6,Galio,266517,27
KR_8353784896,200,False,Cassiopeia,1557498,144,Karthus,719404,68
KR_8353661796,100,True,Viktor,16378,4,Camille,127733,14
KR_8353661796,200,False,Sivir,2220,2,Lulu,3751316,344
KR_8353481007,100,True,Kaisa,89214,11,Pantheon,112780,13
KR_8353481007,200,False,Jhin,122738,14,Shen,59413,8
KR_8353435996,100,True,Syndra,28803,5,Rell,986636,92
KR_8353435996,200,False,Ezreal,160426,17,Bard,88518,11
KR_8353409322,100,False,Taliyah,746521,70,Nautilus,387666,38
KR_8353409322,200,True,Zoe,3667688,332,Rell,166828,18
KR_8352394111,100,False,Yunara,29881,5,Lulu,33601,6
KR_8352394111,200,True,Tristana,19458,4,Yuumi,6338,3
KR_8350639200,100,False,MasterYi,1287870,120,Thresh,42511,6
KR_8350639200,200,True,Ziggs,105258,12,Leona,54876,8
KR_8354306980,100,False,Ezreal,956488,90,Bard,22054,5
KR_8354306980,200,True,Jhin,164566,18,Qiyana,2795591,257
KR_8349208543,100,True,Vladimir,1698453,141,Bard,1012338,95
KR_8349208543,200,False,Ziggs,84556,10,Nautilus,703697,67
KR_8348824751,100,False,Ziggs,84556,10,Pantheon,54929,8
KR_8348824751,200,True,Kalista,111264,13,Renata,158120,17
KR_8348808078,100,True,Corki,184209,19,Jax,66272,9
KR_8348808078,200,False,Yunara,440179,43,Alistar,12521,3
KR_8340398223,100,True,Tristana,420407,41,Rell,90494,11
KR_8340398223,200,False,Ziggs,84556,10,Leona,385425,38
KR_8340320400,100,True,Corki,94093,11,Rell,166828,18
KR_8340320400,200,False,Xayah,338596,33,Poppy,577053,55
KR_8354580325,100,True,Xayah,162476,17,Leona,4267,2
KR_8354580325,200,False,Kaisa,1002862,94,Alistar,41667,6
KR_8354542857,100,True,Cassiopeia,2504228,230,Poppy,365686,36
KR_8354542857,200,False,Yunara,440179,43,Yuumi,174738,19
KR_8354524281,100,False,Kaisa,153673,17,Rakan,51042,7
KR_8354524281,200,True,Yasuo,1711429,158,Rell,96960,11
KR_8354422240,100,True,Ezreal,1079305,101,Leona,113006,13
KR_8354422240,200,False,Syndra,28803,5,Nautilus,397139,39
KR_8353941766,100,True,Varus,26118,5,Nautilus,77727,10
KR_8353941766,200,False,Ezreal,1079305,101,Braum,17675,4
KR_8352871524,100,False,Yunara,188968,20,Nautilus,7276,3
KR_8352871524,200,True,Ezreal,1079305,101,Karma,17100,4
KR_8351994690,100,False,Ashe,18729,4,Seraphine,262922,27
KR_8351994690,200,True,Kaisa,1002862,94,Blitzcrank,13670,4
KR_8351500246,100,True,Kalista,198171,21,Renata,204284,21
KR_8351500246,200,False,Smolder,796136,75,Poppy,196215,20
KR_8351358536,100,True,Ezreal,1079305,101,Rell,2498772,230
KR_8351358536,200,False,Kaisa,243828,25,Neeko,87040,11
KR_8350384222,100,True,Zed,2567815,227,Rell,6003201,501
KR_8350384222,200,False,Tristana,157723,17,Maokai,1944660,179
KR_8349737644,100,False,Kaisa,385612,38,Nautilus,209719,22
KR_8349737644,200,True,Syndra,72775,9,Alistar,541972,52
KR_8349589008,100,True,Ezreal,1079305,101,Karma,33199,6
KR_8349589008,200,False,Caitlyn,148643,16,Pyke,5205,2
KR_8349302550,100,True,MissFortune,191468,20,Nautilus,4609,2
KR_8349302550,200,False,Cassiopeia,1557498,144,Camille,55369,8
KR_8352058734,100,True,Velkoz,280055,28,Camille,20795,4
KR_8352058734,200,False,Vladimir,43773,7,Leblanc,167250,18
KR_8351666955,100,True,Caitlyn,147728,16,Elise,69146,9
KR_8351666955,200,False,Zed,11575,3,Camille,419871,41
KR_8351641853,100,False,Vladimir,43773,7,Rengar,468947,45
KR_8351641853,200,True,Jinx,86714,11,Lulu,33601,6
KR_8348160218,100,True,Vladimir,43773,7,Pyke,1778095,164
KR_8348160218,200,False,Viego,293289,29,Bard,374806,37
KR_8347821297,100,True,Jhin,186441,20,Nautilus,112085,13
KR_8347821297,200,False,Kaisa,24524,5,Pyke,87948,11
KR_8346303180,100,True,Ezreal,565735,54,Nautilus,47250,7
KR_8346303180,200,False,Naafiri,28594,5,Neeko,87581,11
KR_8343285066,100,False,Vladimir,43773,7,Rell,6003201,501
KR_8343285066,200,True,Jhin,5693,2,Leona,221842,23
KR_8343083023,100,False,Jhin,679185,64,Camille,124516,14
KR_8343083023,200,True,Vladimir,43773,7,Rell,6003201,501
KR_8342980815,100,True,KogMaw,1058337,99,Camille,25814,5
KR_8342980815,200,False,Ashe,21955,5,Seraphine,454800,44
KR_8339092676,100,True,Zed,11575,3,Camille,39273,6
KR_8339092676,200,False,Xerath,1168539,108,Alistar,15319,4
KR_8338853119,100,False,Ezreal,134532,15,Braum,21336,4
KR_8338853119,200,True,Zed,11575,3,TwistedFate,1104,1
KR_8338011051,100,True,Varus,316304,31,Leona,221842,23
KR_8338011051,200,False,Jhin,435995,42,Camille,80259,10
KR_8355193875,100,False,Jhin,90791,11,Leona,8660,3
KR_8355193875,200,True,Ziggs,86502,10,Rell,2498772,230
KR_8355166804,100,True,Jhin,416696,41,Nautilus,407094,40
KR_8355166804,200,False,Yunara,326901,32,Lulu,183500,19
KR_8355148771,100,False,Yasuo,62097,8,Sejuani,21055,4
KR_8355148771,200,True,Zeri,486358,47,Trundle,11408,3
KR_8353958082,100,True,Kalista,20952,4,Thresh,1479269,137
KR_8353958082,200,False,Jhin,20516,4,Bard,154473,17
KR_8352916340,100,True,Ziggs,16700,4,Bard,205551,21
KR_8352916340,200,False,Sivir,6106,3,Neeko,43222,7
KR_8351463582,100,True,Yunara,59495,8,Lulu,32338,6
KR_8351463582,200,False,Ashe,44360,7,Seraphine,131937,15
KR_8349767265,100,True,Jhin,446115,43,Bard,417008,41
KR_8349767265,200,False,Yunara,1531,1,Lulu,40219,6
KR_8349585381,100,False,Yunara,9396,3,Milio,62439,8
KR_8349585381,200,True,Yone,50835,7,Sejuani,11361,3
KR_8349525976,100,False,Corki,194838,20,Nami,134977,15
KR_8349525976,200,True,Jhin,3414,2,Seraphine,10025,3
KR_8349469698,100,True,Zeri,43757,7,Yuumi,37005,6
KR_8349469698,200,False,Kalista,198171,21,Renata,71287,9
KR_8349018280,100,True,Syndra,144688,16,Blitzcrank,21795,5
KR_8349018280,200,False,Yunara,32385,6,Lulu,11929,3
KR_8348614329,100,False,Ezreal,23521,5,Karma,166662,18
KR_8348614329,200,True,Mel,67879,9,Camille,55369,8
KR_8348597559,100,False,Varus,186347,20,Bard,347121,34
KR_8348597559,200,True,Ezreal,1079305,101,Taric,152885,17
KR_8347505604,100,False,Kaisa,564006,54,Rakan,3480,2
KR_8347505604,200,True,Lucian,397002,39,Pyke,247018,25
KR_8354562008,100,False,Xerath,20484,4,Alistar,382432,37
KR_8354562008,200,True,Jhin,51420,7,Elise,185649,20
KR_8354497950,100,False,Xayah,1160004,108,Rakan,370072,36
KR_8354497950,200,True,Ziggs,26486,5,Rell,271495,27
KR_8354450881,100,False,Velkoz,280055,28,Alistar,46548,7
KR_8354450881,200,True,Sivir,92393,11,Shen,58282,8
KR_8354319586,100,False,Kaisa,594507,57,Rell,90494,11
KR_8354319586,200,True,Katarina,705379,67,Nautilus,397139,39
KR_8339089435,100,True,Kaisa,243828,25,Neeko,268342,27
KR_8339089435,200,False,Sivir,42421,6,Shen,58282,8
KR_8339047537,100,False,Ezreal,540611,52,Camille,132106,15
KR_8339047537,200,True,Vayne,51628,7,Leona,221842,23
KR_8338982567,100,False,Ezreal,171481,18,Sylas,11752,3
KR_8338982567,200,True,Xerath,20484,4,Pantheon,195354,20
KR_8348364080,100,True,Jhin,122738,14,Senna,44308,7
KR_8348364080,200,False,Ezreal,46572,7,Karma,149619,16
KR_8348250207,100,False,Xayah,179345,16,Rell,6003201,501
KR_8348250207,200,True,Kaisa,634485,60,Alistar,46471,7
KR_8347359635,100,False,Jhin,43317,7,Camille,55369,8
KR_8347359635,200,True,Kaisa,36319,6,Shen,20768,4
KR_8347300704,100,True,Viktor,79421,10,Shen,85648,10
KR_8347300704,200,False,Corki,60820,8,Nautilus,703697,67
KR_8347250225,100,False,Corki,63920,8,Camille,225650,23
KR_8347250225,200,True,Tristana,107847,12,Braum,33819,6
KR_8347182205,100,False,Kaisa,131109,15,Gragas,687506,65
KR_8347182205,200,True,Aphelios,685439,65,Nautilus,42317,6
KR_8346212209,100,True,Yunara,333779,33,Gragas,687506,65
KR_8346212209,200,False,KogMaw,9037,3,Lulu,113149,13
KR_8346018893,100,False,Viktor,84998,10,Bard,374806,37
KR_8346018893,200,True,Syndra,3382,2,Camille,139867,15
KR_8345905511,100,False,Kaisa,50806,7,Maokai,2085319,161
KR_8345905511,200,True,Yunara,333779,33,Lulu,38604,6
KR_8343219917,100,True,Sivir,42421,6,Lulu,40570,6
KR_8343219917,200,False,Ezreal,20047,4,Karma,62747,8
KR_8343172810,100,True,Xerath,21387,4,Nautilus,80530,10
KR_8343172810,200,False,Ezreal,161373,17,Leona,264223,27
KR_8343144147,100,False,Kaisa,627699,60,Vi,4169,2
KR_8343144147,200,True,Xerath,1168539,108,Poppy,39621,6
KR_8337848077,100,False,Jhin,252899,26,Shen,78678,10
KR_8337848077,200,True,Ezreal,959551,90,Galio,5457,2
KR_8337779463,100,True,Xayah,556833,53,Rakan,74517,9
KR_8337779463,200,False,Lucian,397002,39,Milio,61304,8
KR_8337700740,100,False,Syndra,133387,15,Rakan,89436,11
KR_8337700740,200,True,Ezreal,29513,5,Qiyana,1290390,120
KR_8354356997,100,True,Cassiopeia,1868186,133,Bard,63891,8
KR_8354356997,200,False,Nasus,52147,7,Pyke,62540,8
KR_8345281732,100,True,Ezreal,544525,52,Blitzcrank,423196,41
KR_8345281732,200,False,Caitlyn,48845,7,Lux,3701337,303
KR_8345216155,100,False,Zeri,169136,18,Rakan,269538,27
KR_8345216155,200,True,Kaisa,627699,60,Rell,2498772,230
KR_8345157044,100,True,Taliyah,426005,41,Rell,2498772,230
KR_8345157044,200,False,Ziggs,357318,35,Camille,107987,12
KR_8345111623,100,False,Lucian,145590,16,Milio,31366,5
KR_8345111623,200,True,Caitlyn,407441,40,Bard,169103,18
KR_8345048469,100,True,Ezreal,56181,8,Anivia,91126,11
KR_8345048469,200,False,Sivir,141944,16,Lulu,954383,89
KR_8344957462,100,False,Kaisa,96841,11,Shen,47160,7
KR_8344957462,200,True,Corki,139959,15,Nautilus,703697,67
KR_8344855698,100,True,Yone,529424,51,Rell,310114,31
KR_8344855698,200,False,Viktor,84998,10,Pantheon,357671,35
KR_8343163033,100,True,Ezreal,134532,15,Leona,297152,30
KR_8343163033,200,False,Kaisa,51184,7,Nautilus,455044,44
KR_8341393271,100,False,Xerath,1168539,108,Poppy,122946,14
KR_8341393271,200,True,Kaisa,1002862,94,Neeko,187193,20
KR_8354462962,100,False,Sivir,78864,10,Alistar,22721,5
KR_8354462962,200,True,Tristana,1281202,119,Lulu,15008,4
KR_8353422055,100,False,Kaisa,100340,12,Neeko,252789,26
KR_8353422055,200,True,Tristana,1281202,119,Lulu,850,1
KR_8352113705,100,True,Yasuo,35423,6,Bard,12188,3
KR_8352113705,200,False,Velkoz,280055,28,Pyke,778394,73
KR_8347926044,100,True,Corki,109471,13,Braum,11668,3
KR_8347926044,200,False,Tristana,626075,60,Morgana,29154,5
KR_8346181544,100,True,Tristana,1281202,119,Alistar,17692,4
KR_8346181544,200,False,Corki,111277,13,Rell,6003201,501
KR_8345922213,100,True,Tristana,1281202,119,Braum,2572,2
KR_8345922213,200,False,Kaisa,174007,18,Nautilus,607978,58
KR_8345764678,100,False,Xerath,1168539,108,Rell,758125,72
KR_8345764678,200,True,Corki,109471,13,Rakan,227428,23
KR_8341190754,100,True,Caitlyn,21650,5,Braum,18589,4
KR_8341190754,200,False,Yunara,89297,11,Xerath,10651,3
KR_8341153418,100,False,Zeri,31246,5,Bard,115011,13
KR_8341153418,200,True,Yunara,50447,7,Nautilus,261228,26
KR_8341051695,100,False,Tristana,1281202,119,Jhin,69898,9
KR_8341051695,200,True,Xayah,18975,4,Thresh,178009,19
KR_8339524991,100,True,Tristana,1281202,119,Milio,37237,6
KR_8339524991,200,False,Zeri,468423,45,Bard,173688,18
KR_8339484672,100,True,Xayah,556833,53,Rakan,32882,6
KR_8339484672,200,False,Kaisa,6589,3,Nautilus,261228,26
KR_8338598219,100,False,Kaisa,627699,60,Alistar,551062,53
KR_8338598219,200,True,Viktor,134485,15,Shen,66589,9
KR_8337136927,100,True,Chogath,565229,54,Taric,1650069,152
KR_8337136927,200,False,Kaisa,84036,10,Rell,6265,3
KR_8346404834,100,False,Yunara,98850,12,Lulu,97407,11
KR_8346404834,200,True,Corki,106506,12,Bard,184691,19
KR_8346367962,100,False,Jhin,446115,43,Shen,52913,7
KR_8346367962,200,True,Yunara,222084,23,Lulu,97407,11
KR_8346353134,100,True,Mel,57539,8,Nautilus,858554,81
KR_8346353134,200,False,Kaisa,195158,20,Leona,40957,6
KR_8354684569,100,True,Viktor,12294,3,Nautilus,20542,4
KR_8354684569,200,False,Jhin,108981,13,Senna,5444429,498
KR_8354358288,100,True,Ezreal,210098,22,Bard,18706,4
KR_8354358288,200,False,Jhin,58023,8,JarvanIV,126788,14
KR_8354321654,100,False,Sivir,138508,15,Nautilus,152137,16
KR_8354321654,200,True,Yone,671389,64,Karma,53398,7
KR_8354298800,100,False,Tristana,344584,34,Rakan,131136,15
KR_8354298800,200,True,Velkoz,1781476,149,Rell,271495,27
KR_8353640065,100,True,Yasuo,397002,39,Nautilus,18180,4
KR_8353640065,200,False,Ezreal,381211,37,Bard,21899,5
KR_8353571813,100,False,Draven,48368,7,Thresh,42511,6
KR_8353571813,200,True,Kaisa,594507,57,Blitzcrank,40256,6
KR_8350905229,100,False,Kaisa,385612,38,Camille,55369,8
KR_8350905229,200,True,Corki,111277,13,Rell,166828,18
KR_8354892887,100,False,Lucian,83293,10,Milio,31366,5
KR_8354892887,200,True,Jinx,6498,3,Thresh,5284903,483
KR_8354822200,100,False,Caitlyn,147728,16,Camille,33648,6
KR_8354822200,200,True,Yasuo,1711429,158,Senna,104066,12
KR_8354781261,100,True,Draven,116654,13,Velkoz,77789,10
KR_8354781261,200,False,Kalista,333977,33,Renata,27150,5
KR_8355217602,100,False,Jhin,140095,15,Nautilus,480179,46
KR_8355217602,200,True,Caitlyn,584216,56,Karma,81901,10
KR_8354413605,100,True,Cassiopeia,2504228,230,Shen,31253,5
KR_8354413605,200,False,Yunara,525914,50,Camille,125051,14
KR_8352802534,100,False,Ezreal,403963,39,Karma,81901,10
KR_8352802534,200,True,Jinx,202214,21,Nautilus,281109,28
KR_8348969553,100,False,Tristana,15117,4,Bard,66624,9
KR_8348969553,200,True,Viktor,13973,4,Pyke,778394,73
KR_8348919216,100,True,Tristana,21446,4,Rell,188243,20
KR_8348919216,200,False,AurelionSol,1342680,82,Poppy,169813,18
KR_8343772676,100,False,Draven,174997,19,Camille,62055,8
KR_8343772676,200,True,Ezreal,1828546,169,Karma,360268,35
KR_8342679417,100,True,Ziggs,7777,3,Bard,154473,17
KR_8342679417,200,False,Zeri,303451,30,Poppy,148727,16
KR_8342580945,100,True,Zeri,577085,55,Bard,66624,9
KR_8342580945,200,False,Viktor,41759,6,Nautilus,176014,19
KR_8342545399,100,True,Jhin,360999,35,Nautilus,219826,23
KR_8342545399,200,False,Ashe,263456,27,Seraphine,258811,26
KR_8342484786,100,True,Xayah,556833,53,Jhin,69898,9
KR_8342484786,200,False,Kaisa,243828,25,Neeko,104211,12
KR_8339558021,100,False,Zeri,21604,5,Shen,31253,5
KR_8339558021,200,True,Corki,36544,6,Poppy,12162,3
KR_8338322136,100,True,Syndra,4202,2,Camille,17214,4
KR_8338322136,200,False,Corki,346175,34,Bard,215475,22
KR_8354458176,100,True,Jhin,122056,14,Neeko,108327,12
KR_8354458176,200,False,Xayah,71825,9,Rakan,401855,39
KR_8354427532,100,True,Kaisa,77849,10,Rell,166828,18
KR_8354427532,200,False,Jhin,416696,41,Shen,58334,8
KR_8354394512,100,True,Varus,374895,37,Alistar,427479,41
KR_8354394512,200,False,Viktor,2011,2,Rell,166828,18
KR_8354343419,100,False,Jhin,223653,23,Karma,149619,16
KR_8354343419,200,True,Ezreal,381211,37,Rakan,30153,5
KR_8354081368,100,True,Kaisa,1156239,108,Rell,39683,6
KR_8354081368,200,False,Hwei,80384,10,Blitzcrank,414410,40
KR_8354006199,100,True,Kaisa,29919,5,Pyke,778394,73
KR_8354006199,200,False,Jhin,14648,4,Bard,205551,21
KR_8355241756,100,True,Kalista,143923,16,Nautilus,1004,1
KR_8355241756,200,False,Ezreal,507705,49,Seraphine,13405,4
KR_8355232554,100,False,Camille,3338078,306,Rell,2498772,230
KR_8355232554,200,True,Kaisa,98260,12,Poppy,148491,16
KR_8354194680,100,False,Tristana,122552,14,Locke,130048,14
KR_8354194680,200,True,Kaisa,654792,62,Poppy,19596,4
KR_8354177924,100,False,Zed,586541,56,Bard,17911,4
KR_8354177924,200,True,Jhin,72115,9,Rell,2296793,210
KR_8354176455,100,True,Syndra,61239,8,Zilean,172083,18
KR_8354176455,200,False,Xerath,100419,12,Rell,361458,35
KR_8354175066,100,True,Seraphine,1481,1,Camille,200132,19
KR_8354175066,200,False,Singed,79940,10,Senna,299255,30
KR_8354144280,100,True,Taliyah,73867,9,Nautilus,190207,20
KR_8354144280,200,False,Sivir,5515,2,Senna,299255,30
KR_8354121223,100,False,Lucian,165247,18,Milio,31366,5
KR_8354121223,200,True,Kalista,130586,14,Renata,68576,9
KR_8345157429,100,False,Lucian,239176,24,Milio,2798,2
KR_8345157429,200,True,Cassiopeia,14158,4,Camille,40695,6
KR_8344988854,100,True,Zeri,204530,21,Alistar,541972,52
KR_8344988854,200,False,Jhin,22876,5,Rell,18475,4
KR_8344879611,100,True,Jhin,44030,7,Leona,27678,5
KR_8344879611,200,False,MissFortune,77096,10,Shen,72216,9
KR_8344740086,100,True,Corki,346175,34,Braum,481918,46
KR_8344740086,200,False,Kaisa,96841,11,Nautilus,1016489,95
KR_8344662789,100,True,Corki,346175,34,Shen,72216,9
KR_8344662789,200,False,Zeri,17143,4,Bard,190777,20
KR_8344399913,100,False,Kaisa,27474,5,Shen,546,1
KR_8344399913,200,True,Yunara,23637,5,Alistar,299839,30
KR_8344290194,100,False,Yunara,313864,31,Lulu,94580,11
KR_8344290194,200,True,Syndra,48908,7,Nautilus,253350,26
KR_8344219977,100,True,Viktor,384232,38,Poppy,60778,8
KR_8344219977,200,False,Ezreal,11770,3,Camille,51545,7
KR_8343815430,100,True,Jhin,44542,7,Rell,12134,3
KR_8343815430,200,False,Kaisa,90803,11,Nautilus,176014,19
KR_8353398164,100,False,Ezreal,177930,19,Rell,6003201,501
KR_8353398164,200,True,Kalista,915061,86,Alistar,228702,23
KR_8349796653,100,False,Corki,5191,2,Shen,28933,5
KR_8349796653,200,True,Taliyah,42863,7,Pyke,570044,54
KR_8349637918,100,True,Yasuo,397002,39,Taric,7843,3
KR_8349637918,200,False,Syndra,31241,5,Camille,124516,14
KR_8349466504,100,True,Yunara,114989,13,Lulu,28199,5
KR_8349466504,200,False,Lucian,311401,31,Milio,168596,18
KR_8349405904,100,False,Aphelios,19635,4,Poppy,13097,4
KR_8349405904,200,True,Kalista,198171,21,Renata,7117,3
KR_8349347742,100,True,Zeri,32828,6,Bard,171436,18
KR_8349347742,200,False,Taliyah,403380,39,Braum,26683,5
KR_8348520326,100,True,Lux,22549,5,Rakan,227428,23
KR_8348520326,200,False,Seraphine,672048,64,Camille,84661,10
KR_8348239761,100,True,Kalista,198171,21,Thresh,1479269,137
KR_8348239761,200,False,Aphelios,685439,65,Blitzcrank,348718,34
KR_8348003032,100,False,Yunara,32385,6,Rell,817056,77
KR_8348003032,200,True,Corki,63920,8,Lulu,202720,21
KR_8340509006,100,True,Kalista,271315,27,Renata,2082,1
KR_8340509006,200,False,Ezreal,402259,39,Thresh,3090,2
KR_8353628007,100,False,Ezreal,22283,5,Anivia,1784489,165
KR_8353628007,200,True,Kaisa,714440,68,Pantheon,281574,28
KR_8353557048,100,True,Syndra,28803,5,Poppy,35059,6
KR_8353557048,200,False,Velkoz,280055,28,Camille,33967,6
KR_8353510434,100,True,Jhin,416696,41,Nautilus,607978,58
KR_8353510434,200,False,Anivia,1784489,165,Poppy,97753,12
KR_8353451736,100,False,Vladimir,1698453,141,Anivia,1784489,165
KR_8353451736,200,True,Jhin,75100,9,Bard,190777,20
KR_8352578272,100,False,Vladimir,2706,2,Bard,422635,41
KR_8352578272,200,True,Velkoz,280055,28,Anivia,1784489,165
KR_8348341424,100,True,Kaisa,564006,54,Camille,56124,8
KR_8348341424,200,False,Jhin,301220,30,Bard,374806,37
KR_8348283159,100,True,Caitlyn,128888,14,Bard,374806,37
KR_8348283159,200,False,Aphelios,5219,2,Blitzcrank,117386,13
KR_8347344227,100,False,Kaisa,564006,54,Thresh,1479269,137
KR_8347344227,200,True,Ezreal,1828546,169,Bard,374806,37
KR_8345058525,100,True,Lucian,212427,22,Rell,317058,31
KR_8345058525,200,False,Ezreal,20047,4,Karma,34327,6
KR_8337552711,100,True,Kaisa,19802,4,Pyke,146087,16
KR_8337552711,200,False,Sivir,11694,3,Anivia,1784489,165
KR_8337485416,100,False,Corki,111333,13,Pantheon,74705,9
KR_8337485416,200,True,Katarina,1199269,112,Braum,41277,6
KR_8355094312,100,True,Kaisa,385612,38,Shen,61360,8
KR_8355094312,200,False,Ezreal,643009,61,Camille,143456,16
KR_8350287482,100,False,Caitlyn,137707,15,Karma,120352,14
KR_8350287482,200,True,Jhin,46648,7,Bard,171436,18
KR_8350241748,100,False,Yunara,3203,2,Pyke,22485,5
KR_8350241748,200,True,Lucian,17701,4,Milio,44056,7
KR_8348855994,100,False,Zeri,60299,8,Rell,317058,31
KR_8348855994,200,True,Syndra,35732,6,Bard,215475,22
KR_8348836512,100,True,Jhin,212177,22,Shen,39202,6
KR_8348836512,200,False,Kalista,5053,2,Renata,4683,2
KR_8345522499,100,False,Jinx,36310,6,Thresh,306932,31
KR_8345522499,200,True,Kalista,33456,6,Renata,58994,8
KR_8345214695,100,False,Xayah,459350,44,Bard,315219,31
KR_8345214695,200,True,Kaisa,1281130,119,Pyke,187906,20
KR_8344439008,100,False,Ezreal,87058,11,Poppy,93842,11
KR_8344439008,200,True,Kaisa,156460,17,Thresh,1479269,137
KR_8344386399,100,True,Caitlyn,225848,23,Bard,51121,7
KR_8344386399,200,False,Jhin,312630,31,Karma,120352,14
KR_8344180604,100,False,Jhin,60079,8,Elise,17357,4
KR_8344180604,200,True,Kaisa,195158,20,Shen,39202,6
KR_8344147235,100,False,MissFortune,5353,2,Leona,153293,17
KR_8344147235,200,True,Kaisa,54099,8,Camille,54849,8
KR_8344069913,100,False,Kaisa,276682,28,Poppy,133199,15
KR_8344069913,200,True,Zeri,302569,30,Alistar,192818,20
KR_8341799385,100,True,Gangplank,566933,54,Camille,51545,7
KR_8341799385,200,False,Hwei,169874,18,Pantheon,1778,1
KR_8341716520,100,False,Viktor,6342,3,Pyke,187906,20
KR_8341716520,200,True,Jhin,63856,8,Rakan,400026,39
KR_8341541922,100,True,Kaisa,153832,17,Nautilus,253350,26
KR_8341541922,200,False,Lucian,120787,14,Braum,154128,17
KR_8340883185,100,False,Kaisa,332286,33,Rell,507765,49
KR_8340883185,200,True,Zeri,577085,55,Lulu,90549,11
KR_8338352590,100,True,Kaisa,976542,91,Poppy,225802,23
KR_8338352590,200,False,Xayah,556833,53,Rell,59651,8
KR_8337876171,100,True,Ziggs,32991,6,Leona,142001,16
KR_8337876171,200,False,Ezreal,154405,17,Pyke,187906,20
KR_8337809827,100,False,Kaisa,976542,91,Neeko,115009,13
KR_8337809827,200,True,Xayah,283912,28,Poppy,170512,18
KR_8337738231,100,False,MissFortune,2465,2,Camille,51545,7
KR_8337738231,200,True,Xerath,263019,27,Pantheon,46136,7
KR_8354914778,100,True,Caitlyn,312425,31,Karma,87747,11
KR_8354914778,200,False,Viktor,16378,4,Nautilus,191431,20
KR_8354247402,100,True,Ezreal,87058,11,Poppy,187884,20
KR_8354247402,200,False,Viktor,49851,7,Nautilus,265311,27
KR_8350457955,100,True,Syndra,240740,25,Taric,152885,17
KR_8350457955,200,False,Yunara,5556,2,Lulu,299882,27
KR_8345674094,100,True,Zed,2567815,227,Senna,19974,4
KR_8345674094,200,False,Kaisa,514341,49,Neeko,214363,22
KR_8351535815,100,False,Ashe,263456,27,Seraphine,291931,29
KR_8351535815,200,True,Jhin,7641,3,Bard,48834,7
KR_8349934705,100,True,Zed,2567815,227,Taric,425879,41
KR_8349934705,200,False,Yunara,290846,29,Lulu,32338,6
KR_8349907808,100,False,Syndra,9954,3,Galio,4759,2
KR_8349907808,200,True,Aphelios,93209,11,Thresh,30998,5
KR_8349888859,100,True,Yunara,90567,11,Leona,361179,35
KR_8349888859,200,False,Ezreal,883980,83,Karma,33663,6
KR_8346142378,100,False,Yunara,59495,8,Bard,374806,37
KR_8346142378,200,True,Jhin,312630,31,Nautilus,112579,13
KR_8345830456,100,False,Viktor,283895,28,Shen,47862,7
KR_8345830456,200,True,Jhin,301220,30,Taric,425879,41
KR_8343783989,100,False,Jhin,15558,4,Bard,88994,11
KR_8343783989,200,True,Caitlyn,26015,5,Nautilus,112579,13
KR_8343756777,100,False,Viktor,117852,13,Bard,374806,37
KR_8343756777,200,True,Jhin,55487,8,Camille,16476,4
KR_8343732403,100,True,Syndra,9954,3,Nautilus,703697,67
KR_8343732403,200,False,Ezreal,144722,16,Karma,33663,6
KR_8352305414,100,False,Jhin,171760,18,Maokai,207494,21
KR_8352305414,200,True,Kaisa,23648,5,Blitzcrank,713117,67
KR_8349074401,100,False,Kaisa,81882,10,Bard,332957,33
KR_8349074401,200,True,Orianna,8266,3,Pantheon,7875,3
KR_8349054166,100,False,Corki,240486,24,Nautilus,98852,12
KR_8349054166,200,True,Velkoz,280055,28,Camille,106259,12
KR_8349004727,100,False,Kaisa,185724,20,Poppy,22970,5
KR_8349004727,200,True,TwistedFate,412276,40,Neeko,119582,13
KR_8343105229,100,False,Vladimir,21006,4,Pyke,360016,35
KR_8343105229,200,True,Xerath,41685,6,Alistar,410917,40
KR_8343050360,100,True,Tristana,18706,4,Shen,47160,7
KR_8343050360,200,False,Kalista,246398,25,Pantheon,41829,6
KR_8342833915,100,False,Kaisa,442809,43,Neeko,285216,29
KR_8342833915,200,True,Katarina,383007,37,Shen,2769,2
KR_8342788863,100,True,Kalista,19796,4,Nautilus,566495,54
KR_8342788863,200,False,Ezreal,88987,11,Karma,72550,9
KR_8339832691,100,False,Ezreal,145007,16,Bard,332957,33
KR_8339832691,200,True,Caitlyn,462417,45,Karma,699424,66
KR_8339702094,100,False,Lucian,398302,39,Milio,168596,18
KR_8339702094,200,True,Corki,94093,11,Taric,1650069,152
KR_8355113639,100,True,Jhin,416696,41,Karma,149523,16
KR_8355113639,200,False,Ezreal,643009,61,Bard,1012338,95
KR_8351154162,100,True,Ezreal,145007,16,Shen,49269,7
KR_8351154162,200,False,Viktor,12294,3,Bard,374806,37
KR_8348402397,100,True,Kaisa,153673,17,Braum,94218,11
KR_8348402397,200,False,Kalista,285688,29,Pyke,8970,3
KR_8347318533,100,False,Aphelios,685439,65,Neeko,214363,22
KR_8347318533,200,True,Yone,671389,64,Alistar,129110,14
KR_8346222610,100,False,Locke,825,1,Pyke,213129,22
KR_8346222610,200,True,Aurora,1184468,110,Alistar,541972,52
KR_8343450062,100,True,Corki,13838,4,Shen,27023,5
KR_8343450062,200,False,Kalista,90513,11,Rell,6003201,501
KR_8341818312,100,False,Ezreal,38964,6,Camille,29262,5
KR_8341818312,200,True,Kaisa,153673,17,KSante,22056,5
KR_8340244618,100,True,Ezreal,564351,54,Leona,322605,32
KR_8340244618,200,False,Corki,94093,11,Nautilus,66922,9
KR_8339031591,100,True,Viktor,154874,17,Shen,56627,8
KR_8339031591,200,False,Ezreal,86252,10,Camille,8797,3
KR_8354804270,100,False,Yunara,90365,11,Senna,5444429,498
KR_8354804270,200,True,Tristana,106276,12,Lulu,19447,4
KR_8353355137,100,True,Vladimir,55019,8,Rell,59651,8
KR_8353355137,200,False,Cassiopeia,2504228,230,Thresh,1799012,166
KR_8353206826,100,True,Cassiopeia,2504228,230,Thresh,306932,31
KR_8353206826,200,False,Yunara,18391,4,Lulu,32338,6
KR_8351435068,100,False,Caitlyn,32818,6,Maokai,22736,5
KR_8351435068,200,True,Syndra,35732,6,Thresh,113740,13
KR_8341201263,100,True,Corki,94093,11,Leona,9753,3
KR_8341201263,200,False,Kaisa,238004,24,Shen,6659,3
KR_8348962474,100,False,Kaisa,703798,67,Nautilus,78762,10
KR_8348962474,200,True,Kalista,4905,2,Alistar,31536,5
KR_8348927048,100,False,Syndra,13303,4,Rell,8058,3
KR_8348927048,200,True,Aurora,257949,26,Alistar,13577,4
KR_8348898196,100,True,Ezreal,210098,22,Senna,586258,56
KR_8348898196,200,False,Cassiopeia,30984,5,Leona,23284,5
KR_8348872014,100,False,Jhin,872118,82,Leona,349894,34
KR_8348872014,200,True,Kalista,198171,21,Rell,59651,8
KR_8347312543,100,True,Jhin,122738,14,TahmKench,119253,13
KR_8347312543,200,False,Viktor,126676,14,Bard,62335,8
KR_8346945744,100,False,Jhin,79609,10,Nautilus,7649,3
KR_8346945744,200,True,KogMaw,1058337,99,Lulu,7849,3
KR_8346920165,100,True,Yasuo,6418,3,Taric,1650069,152
KR_8346920165,200,False,Kaisa,32579,6,Rakan,525759,50
KR_8346893027,100,False,Hwei,7163,3,Rakan,11029,3
KR_8346893027,200,True,Draven,742841,70,Blitzcrank,297166,30
KR_8341850124,100,False,Jhin,108981,13,Alistar,13577,4
KR_8341850124,200,True,Caitlyn,386503,38,Sylas,482587,46
KR_8340521880,100,False,Kalista,317965,32,Renata,12515,3
KR_8340521880,200,True,Viktor,23562,5,Poppy,436034,42
KR_8340500031,100,False,Sett,436115,42,Senna,38817,6
KR_8340500031,200,True,Kaisa,12334,3,Rengar,468947,45
KR_8340442431,100,True,Sivir,52665,7,Rell,20000,4
KR_8340442431,200,False,Ezreal,105433,12,Shen,85244,10
KR_8340379930,100,False,Yasuo,2418863,223,Jhin,69898,9
KR_8340379930,200,True,Kaisa,632980,60,Rakan,711019,67
KR_8339776197,100,True,Yunara,21910,5,Shen,8583,3
KR_8339776197,200,False,Kaisa,35680,6,Pantheon,135216,15
KR_8339655581,100,False,Jinx,721172,68,Alistar,434788,42
KR_8339655581,200,True,Yunara,50069,7,Leona,31029,5
KR_8339613626,100,False,Ezreal,59387,8,Qiyana,1290390,120
KR_8339613626,200,True,Tristana,54342,8,Pyke,60920,8
KR_8339589295,100,False,Zeri,263749,27,Karma,1041,1
KR_8339589295,200,True,Yunara,131173,15,Blitzcrank,60880,8
KR_8339554483,100,True,Mel,39320,6,Skarner,1556916,144
KR_8339554483,200,False,Viktor,1089,1,Bard,173688,18
KR_8354846900,100,False,Yunara,29881,5,Zoe,372946,37
KR_8354846900,200,True,Jhin,33675,6,Leona,1810,2
KR_8351309770,100,True,Kalista,915061,86,Bard,347121,34
KR_8351309770,200,False,Ezreal,115206,13,Yuumi,17110,4
KR_8347098787,100,False,Jinx,337544,33,Janna,393822,38
KR_8347098787,200,True,Yunara,670322,64,Nautilus,91433,11
KR_8345927083,100,False,Hwei,2343362,216,Shen,34223,6
KR_8345927083,200,True,Kaisa,36319,6,Camille,59476,8
KR_8345873175,100,True,Jhin,54706,8,Shen,59413,8
KR_8345873175,200,False,Ezreal,171271,18,Bard,353035,35
KR_8345847066,100,False,Viktor,53632,8,Bard,3549648,325
KR_8345847066,200,True,Ezreal,171271,18,Leona,266728,27
KR_8345793743,100,False,Vayne,17818,4,Bard,3549648,325
KR_8345793743,200,True,Sivir,121529,14,Alistar,299839,30
KR_8344460146,100,False,Ezreal,992401,93,Leona,20058,4
KR_8344460146,200,True,Caitlyn,225848,23,Bard,101528,12
KR_8341450790,100,True,Tristana,18706,4,Nautilus,75298,9
KR_8341450790,200,False,Cassiopeia,27893,5,Leona,215568,22
KR_8340015237,100,False,Xerath,1168539,108,Karma,218836,23
KR_8340015237,200,True,Kaisa,976542,91,Rell,96960,11
KR_8337510946,100,False,Ezreal,379232,37,Camille,50168,7
KR_8337510946,200,True,Lucian,153073,17,Nautilus,91892,11
KR_8354065001,100,True,Jhin,416696,41,Taliyah,403380,39
KR_8354065001,200,False,Senna,103900,12,Velkoz,77789,10
KR_8353670987,100,True,Ezreal,101544,12,Leona,54606,8
KR_8353670987,200,False,Jhin,22589,5,Karma,439302,43
KR_8351159621,100,False,Lucian,2524,2,Elise,213268,22
KR_8351159621,200,True,Kaisa,250023,25,Senna,299255,30
KR_8350434417,100,False,MissFortune,77096,10,Skarner,22458,5
KR_8350434417,200,True,Ezreal,272196,27,Bard,101528,12
KR_8349966094,100,False,Kaisa,491801,47,Camille,23738,5
KR_8349966094,200,True,Viktor,44652,7,Taric,18006,4
KR_8349924925,100,True,MissFortune,56658,8,Alistar,2542,2
KR_8349924925,200,False,Varus,132095,15,Camille,40695,6
KR_8349862048,100,True,Yunara,98850,12,Lulu,61380,8
KR_8349862048,200,False,Ziggs,1645,1,Camille,124516,14
KR_8349786794,100,False,Jhin,51420,7,KSante,94833,11
KR_8349786794,200,True,Sivir,9022,3,Pantheon,58318,8
KR_8349099886,100,False,Jhin,405760,40,Pantheon,227427,23
KR_8349099886,200,True,Ezreal,41091,6,Camille,1339769,124
KR_8348635166,100,False,Taliyah,73867,9,Camille,11484,3
KR_8348635166,200,True,Kalista,96732,11,Fiora,4951032,453
KR_8346352992,100,False,Kaisa,627699,60,Nautilus,297768,30
KR_8346352992,200,True,Ezreal,565735,54,Bard,353035,35
KR_8346320115,100,False,Corki,5191,2,Rell,2498772,230
KR_8346320115,200,True,Ziggs,44042,7,Rakan,400026,39
KR_8345260362,100,False,Corki,21029,4,Rakan,38825,6
KR_8345260362,200,True,Xayah,208157,22,Nautilus,45654,7
KR_8345222520,100,True,Kaisa,51184,7,Galio,48453,7
KR_8345222520,200,False,Jhin,446115,43,Shen,78678,10
KR_8345196560,100,False,Lucian,145590,16,Milio,135803,15
KR_8345196560,200,True,Jhin,509731,49,Karma,245434,25
KR_8345144786,100,True,Kalista,160246,17,Neeko,5032,2
KR_8345144786,200,False,Corki,135742,15,Pyke,1778095,164
KR_8354526533,100,False,Kaisa,713667,68,Nautilus,24429,5
KR_8354526533,200,True,Jhin,45669,7,Shen,7950,3
KR_8353835022,100,True,Hwei,6770,3,Karma,145590,16
KR_8353835022,200,False,Ziggs,44042,7,Bard,3549648,325
KR_8353009304,100,False,Kaisa,564006,54,Maokai,1915403,169
KR_8353009304,200,True,Xayah,162476,17,Rakan,76853,10
KR_8352977451,100,True,Ezreal,160854,17,Karma,1967,2
KR_8352977451,200,False,Ziggs,8176,3,Lissandra,479063,42
KR_8352922396,100,True,Kaisa,719598,68,Camille,60533,8
KR_8352922396,200,False,Jhin,45228,7,Alistar,25803,5
KR_8351389363,100,False,Yunara,59495,8,Elise,213268,22
KR_8351389363,200,True,Kaisa,76765,10,Pantheon,112780,13
KR_8351135356,100,True,Syndra,155912,17,Nautilus,24429,5
KR_8351135356,200,False,Yunara,52123,7,Lulu,125836,14
KR_8351014429,100,True,MissFortune,77096,10,Alistar,382432,37
KR_8351014429,200,False,Kaisa,13359,4,Shen,45060,7
KR_8348559809,100,True,Aphelios,685439,65,Thresh,1479269,137
KR_8348559809,200,False,Zeri,43757,7,Lulu,15008,4
KR_8348409390,100,False,Kaisa,248962,25,Leona,349894,34
KR_8348409390,200,True,Corki,60820,8,Senna,299255,30
KR_8348165552,100,True,Jhin,224576,23,Pyke,645187,61
KR_8348165552,200,False,Kalista,271315,27,Renata,160517,17
KR_8354295639,100,True,Cassiopeia,6011,3,Nautilus,282165,28
KR_8354295639,200,False,Jinx,86714,11,Shen,59413,8
KR_8354289160,100,True,Viktor,16378,4,Camille,64583,8
KR_8354289160,200,False,Lucian,292686,29,Skarner,179844,19
KR_8353303453,100,False,Yunara,71915,9,Alistar,131016,15
KR_8353303453,200,True,Kaisa,347931,34,Nautilus,18004,4
KR_8351762432,100,False,Xerath,2027634,187,Thresh,680110,64
KR_8351762432,200,True,TwistedFate,237582,24,Camille,60533,8
KR_8346583573,100,False,Yunara,179344,19,Lulu,7312,3
KR_8346583573,200,True,Tristana,108658,13,Taric,1650069,152
KR_8352509026,100,False,Viktor,7812,3,Rell,90494,11
KR_8352509026,200,True,Akali,27895,5,Camille,108685,13
KR_8352441167,100,False,Yunara,93066,11,Lulu,11929,3
KR_8352441167,200,True,Caitlyn,158747,17,Senna,91552,11
KR_8352371292,100,False,Ezreal,176148,19,Shen,32762,6
KR_8352371292,200,True,Yunara,93066,11,Seraphine,672048,64
KR_8352303359,100,False,Yunara,93915,11,Lulu,15129,4
KR_8352303359,200,True,Kaisa,598936,57,Maokai,167193,18
KR_8351584036,100,False,Sivir,51138,7,Pyke,62783,8
KR_8351584036,200,True,Jhin,66629,9,Rakan,131136,15
KR_8351580041,100,False,Sivir,32975,6,Galio,1655025,133
KR_8351580041,200,True,Zeri,68462,9,Yuumi,2606,2
KR_8351563367,100,False,Viktor,112403,13,Camille,9849,3
KR_8351563367,200,True,Kalista,327184,32,Senna,299255,30
KR_8351537901,100,False,Yunara,75823,10,Lulu,357747,35
KR_8351537901,200,True,Aphelios,60741,8,Pyke,1213718,113
KR_8351537164,100,False,Aphelios,209570,22,Bard,34845,6
KR_8351537164,200,True,Jinx,296625,30,Lulu,32880,6
KR_8351509777,100,False,Caitlyn,243889,25,Thresh,4155,2
KR_8351509777,200,True,Viktor,10822,3,Qiyana,11345,3
KR_8355036443,100,True,Syndra,14156,4,Pyke,722307,68
KR_8355036443,200,False,Kaisa,495851,48,Rakan,570527,54
KR_8354997689,100,True,MissFortune,7997288,730,Nautilus,7911,3
KR_8354997689,200,False,Jhin,227095,23,Camille,159434,16
KR_8354959056,100,False,Sivir,146758,16,Seraphine,21856,5
KR_8354959056,200,True,Ezreal,177930,19,Karma,62747,8
KR_8354892506,100,False,Xayah,162476,17,Rakan,28440,5
KR_8354892506,200,True,Kaisa,86992,11,Pantheon,112780,13
KR_8346523798,100,True,Jhin,9532,3,Maokai,854929,79
KR_8346523798,200,False,Viktor,99573,12,Nautilus,75413,9
KR_8346518955,100,True,Vladimir,4945121,354,Pyke,645187,61
KR_8346518955,200,False,Senna,23698,5,Leona,30777,5
KR_8345993657,100,True,Xayah,13622,4,Senna,5444429,498
KR_8345993657,200,False,Viktor,53632,8,Maokai,1915403,169
KR_8345744792,100,False,Corki,31709,6,Rell,39937,6
KR_8345744792,200,True,Kalista,198171,21,Taric,152885,17
KR_8345712656,100,False,Ezreal,548057,52,Braum,259670,26
KR_8345712656,200,True,Qiyana,1290390,120,Pyke,1778095,164
KR_8345685853,100,False,Ezreal,548057,52,Pyke,1778095,164
KR_8345685853,200,True,Lucian,115723,13,Camille,28806,5
KR_8345651814,100,True,Jhin,64005,8,Rakan,526912,51
KR_8345651814,200,False,Zeri,9873,3,Rell,166828,18
KR_8345639103,100,False,Lucian,422,1,Milio,12753,4
KR_8345639103,200,True,Syndra,35732,6,Camille,104996,12
KR_8345573078,100,False,Tristana,66039,9,Poppy,382755,37
KR_8345573078,200,True,Corki,102275,12,Nautilus,75002,9
KR_8345537872,100,False,Jhin,779634,74,Alistar,82213,10
KR_8345537872,200,True,Tristana,63203,8,Rell,102831,12
KR_8345517923,100,True,Ezreal,177930,19,Yuumi,16829,4
KR_8345517923,200,False,Yunara,29881,5,Lulu,1421,1
KR_8354350063,100,False,Jhin,27305,5,Poppy,440032,43
KR_8354350063,200,True,Zoe,1082604,98,Karma,391180,38
KR_8353893196,100,True,Lucian,19268,4,Rakan,20313,4
KR_8353893196,200,False,Caitlyn,584216,56,Bard,41166,6
KR_8353678963,100,False,Ezreal,1828546,169,Zac,55799,8
KR_8353678963,200,True,Yunara,164050,18,Lulu,6046,3
KR_8353478644,100,True,Caitlyn,84230,10,Bard,88518,11
KR_8353478644,200,False,Lucian,19268,4,Milio,13584,4
KR_8353277128,100,False,Syndra,10246,3,Shen,59413,8
KR_8353277128,200,True,Zeri,303451,30,Nautilus,10348,3
KR_8353251361,100,True,Zeri,303451,30,Lulu,32338,6
KR_8353251361,200,False,Yunara,138561,15,Seraphine,672048,64
KR_8352893723,100,False,Jhin,360999,35,Alistar,541972,52
KR_8352893723,200,True,Xayah,94488,11,Rakan,207542,21
KR_8352540843,100,True,Yunara,128837,14,Nautilus,4091,2
KR_8352540843,200,False,Draven,487570,47,Thresh,25201,5
KR_8352457613,100,True,Sivir,121529,14,Rell,6003201,501
KR_8352457613,200,False,Ezreal,59387,8,Alistar,98891,12
KR_8348519320,100,True,Jhin,227095,23,Senna,299255,30
KR_8348519320,200,False,Ezreal,959551,90,Camille,69495,9
KR_8348485218,100,True,Caitlyn,44016,7,Pyke,3216661,295
KR_8348485218,200,False,Tristana,107847,12,Rengar,468947,45
KR_8348389111,100,True,Syndra,60664,8,Pyke,778394,73
KR_8348389111,200,False,Jhin,146231,16,Karma,245434,25
KR_8347135298,100,False,Lucian,76645,10,Milio,7906,3
KR_8347135298,200,True,Corki,63920,8,Bard,374806,37
KR_8347068005,100,False,Ezreal,67925,9,Pyke,486275,47
KR_8347068005,200,True,Aphelios,685439,65,Bard,108613,13
KR_8354947031,100,False,Ziggs,44042,7,Rakan,76853,10
KR_8354947031,200,True,Viktor,13148,4,Poppy,300304,30
KR_8354885124,100,False,Yunara,194277,20,Thresh,1479269,137
KR_8354885124,200,True,Caitlyn,147728,16,Neeko,61447,8
KR_8353516190,100,True,Karthus,719404,68,Senna,179089,18
KR_8353516190,200,False,Jhin,201051,21,Karma,204802,21
KR_8353458540,100,False,Kalista,57309,8,Renata,87559,11
KR_8353458540,200,True,Vladimir,34463,6,Leona,117988,13
KR_8349831266,100,True,Yunara,69650,9,Nautilus,102242,12
KR_8349831266,200,False,Caitlyn,37548,6,Karma,95393,11
KR_8349288563,100,True,Mel,16001,4,Leona,17999,4
KR_8349288563,200,False,Viego,384029,38,Neeko,1266186,118
KR_8349202299,100,True,Mel,8293,3,Thresh,42511,6
KR_8349202299,200,False,Taliyah,403380,39,Alistar,299839,30
KR_8349155080,100,False,Vladimir,2981,2,Skarner,55510,8
KR_8349155080,200,True,Taliyah,194702,20,Poppy,102084,12
KR_8348903165,100,True,Hwei,9075,3,Pyke,62540,8
KR_8348903165,200,False,Jhin,171760,18,Karma,439302,43
KR_8348878008,100,False,Aurora,1184468,110,Skarner,14285,4
KR_8348878008,200,True,Kaisa,74846,9,Taric,152885,17
KR_8348847008,100,False,Ezreal,177930,19,Alistar,83291,10
KR_8348847008,200,True,Tristana,310077,31,Camille,34599,6
KR_8348223628,100,True,Ezreal,1391375,129,Alistar,52358,7
KR_8348223628,200,False,Sivir,185222,19,Bard,374806,37
KR_8355076062,100,True,Ezreal,551436,53,Karma,43200,7
KR_8355076062,200,False,Yunara,4367,2,Lulu,131781,15
KR_8353231650,100,True,Kaisa,494714,48,Bard,460913,45
KR_8353231650,200,False,Velkoz,879617,83,Pantheon,227427,23
KR_8351259190,100,True,Yunara,154062,17,Lulu,54879,8
KR_8351259190,200,False,Jhin,223653,23,Rell,59651,8
KR_8349925380,100,True,Kaisa,494714,48,Zilean,135372,15
KR_8349925380,200,False,Yunara,140860,15,Nautilus,52636,7
KR_8349538039,100,True,Ziggs,442397,43,Blitzcrank,18836,4
KR_8349538039,200,False,Cassiopeia,51563,7,Rakan,16978,4
KR_8347519938,100,False,Draven,742841,70,Nautilus,694055,66
KR_8347519938,200,True,Kaisa,494714,48,Alistar,551062,53
KR_8346896230,100,True,Kalista,198171,21,Anivia,91126,11
KR_8346896230,200,False,Kaisa,494714,48,Camille,34823,6
KR_8342389057,100,True,Yunara,118200,13,Nautilus,307808,31
KR_8342389057,200,False,Lucian,62405,8,Milio,9759,3
KR_8340801758,100,False,Caitlyn,17403,4,Anivia,141537,15
KR_8340801758,200,True,Kaisa,137290,15,Blitzcrank,104180,12
KR_8339519609,100,False,Ezreal,883980,83,Pantheon,40463,6
KR_8339519609,200,True,Kaisa,494714,48,Bard,1620,1
KR_8338305524,100,False,Kaisa,95617,11,Poppy,4072,2
KR_8338305524,200,True,Xayah,227642,23,Rakan,105260,12
KR_8337101698,100,True,Kaisa,311510,30,Pantheon,70100,9
KR_8337101698,200,False,Corki,89861,11,Bard,59901,8
KR_8351278765,100,False,Ambessa,10631,3,Rakan,30153,5
KR_8351278765,200,True,Xerath,1168539,108,Nautilus,28367,5
KR_8350694964,100,False,Zeri,158597,17,Camille,55369,8
KR_8350694964,200,True,Jhin,360999,35,Shen,45060,7
KR_8350643475,100,True,Kalista,34768,6,Seraphine,21794,5
KR_8350643475,200,False,Varus,1077,1,Renata,3483,2
KR_8350576929,100,False,Mel,388,1,Leona,14946,4
KR_8350576929,200,True,Viktor,64914,9,Pantheon,19537,4
KR_8349801641,100,True,Ashe,262237,26,Seraphine,13913,4
KR_8349801641,200,False,Jhin,3844,2,Camille,46345,7
KR_8349285227,100,False,Kaisa,14919,4,Maokai,187764,20
KR_8349285227,200,True,Vladimir,1698453,141,Rell,166828,18
KR_8349216789,100,False,Syndra,54057,8,Pantheon,39198,6
KR_8349216789,200,True,Taliyah,8603,3,Shen,265688,27
KR_8349125167,100,False,Vladimir,1698453,141,Leona,417853,41
KR_8349125167,200,True,Zyra,1271,1,Alistar,9107,3
KR_8346668347,100,True,Caitlyn,148643,16,Karma,383580,36
KR_8346668347,200,False,Yunara,61301,8,Bard,24031,5
KR_8346634723,100,True,Ziggs,128705,13,Camille,95491,11
KR_8346634723,200,False,Swain,7094,3,Senna,299255,30
KR_8345962492,100,False,Draven,174997,19,Nautilus,5298,2
KR_8345962492,200,True,Caitlyn,148643,16,Neeko,4912,2
KR_8345883146,100,True,Kaisa,48179,7,Alistar,48233,7
KR_8345883146,200,False,Viego,580580,55,Sylas,2536,2
KR_8354677604,100,True,Corki,240486,24,Bard,88518,11
KR_8354677604,200,False,Ziggs,157442,17,Poppy,100500,12
KR_8353822269,100,True,Sivir,1540,1,Bard,171436,18
KR_8353822269,200,False,Corki,144785,16,Nautilus,135388,15
KR_8352497288,100,True,Cassiopeia,1557498,144,Nautilus,140948,15
KR_8352497288,200,False,Yunara,90365,11,Neeko,316523,31
KR_8350440540,100,False,Kalista,137771,15,Leona,26129,5
KR_8350440540,200,True,Velkoz,608411,58,Shen,59413,8
KR_8346971391,100,False,Kaisa,70264,9,Nautilus,122563,14
KR_8346971391,200,True,Caitlyn,147728,16,Bard,35768,6
KR_8346904726,100,False,Draven,742841,70,Alistar,242297,25
KR_8346904726,200,True,Sivir,27417,5,Shen,82783,10
KR_8345722773,100,False,Kaisa,187138,20,Nautilus,20922,4
KR_8345722773,200,True,Ezreal,144722,16,Kennen,335018,33
KR_8344483605,100,True,Xayah,26125,5,Nautilus,566495,54
KR_8344483605,200,False,Kaisa,131109,15,Rakan,74517,9
KR_8341380206,100,False,Tristana,17364,4,Blitzcrank,9386,3
KR_8341380206,200,True,Caitlyn,50045,7,Bard,6661,3
KR_8339815788,100,False,Kaisa,153673,17,Shen,125938,14
KR_8339815788,200,True,Jhin,301220,30,Skarner,622934,59
KR_8338275750,100,False,Ezreal,126369,14,Rakan,32243,6
KR_8338275750,200,True,Yunara,62070,8,Lulu,393268,38
KR_8337294048,100,True,Caitlyn,211606,22,Morgana,21000,4
KR_8337294048,200,False,Qiyana,1290390,120,Pyke,165068,18
KR_8354756400,100,True,Kalista,317965,32,Renata,204284,21
KR_8354756400,200,False,Yunara,176544,19,Rell,285319,29
KR_8354561900,100,False,Tristana,33158,6,Leona,349894,34
KR_8354561900,200,True,Kaisa,24524,5,Nautilus,557877,53
KR_8354419612,100,False,Kalista,335739,33,Shen,98005,12
KR_8354419612,200,True,Jhin,32011,6,Alistar,474151,46
KR_8353802678,100,True,Kalista,20952,4,Karma,62977,8
KR_8353802678,200,False,Ezreal,171271,18,Camille,46345,7
KR_8352312523,100,True,Zeri,62342,8,Elise,213268,22
KR_8352312523,200,False,Kaisa,25126,5,Shen,43629,7
KR_8352204306,100,False,Lucian,71125,9,Nautilus,150587,16
KR_8352204306,200,True,Yasuo,2418863,223,Taric,152885,17
KR_8352123355,100,True,Zeri,303451,30,Pyke,62783,8
KR_8352123355,200,False,Jhin,32011,6,Rakan,5500452,503
KR_8343739718,100,True,Lucian,87894,11,Milio,87081,11
KR_8343739718,200,False,Kaisa,627699,60,Nautilus,75002,9
KR_8343708634,100,True,Kaisa,627699,60,Blitzcrank,40144,6
KR_8343708634,200,False,Syndra,28803,5,Rengar,7775,3
KR_8343628264,100,False,Jhin,185580,19,Bard,104932,12
KR_8343628264,200,True,Caitlyn,50045,7,Karma,490804,47
KR_8343563281,100,False,Jhin,55487,8,Karma,157699,17
KR_8343563281,200,True,Caitlyn,50045,7,Braum,298843,30
KR_8343462839,100,True,Jinx,296625,30,Thresh,1442383,134
KR_8343462839,200,False,Sivir,22878,5,Bard,585069,56
KR_8343373324,100,False,Yone,16099,4,Maokai,49801,7
KR_8343373324,200,True,Xerath,1168539,108,Naafiri,6958,3
KR_8343005544,100,False,Hwei,168387,18,Camille,124516,14
KR_8343005544,200,True,Syndra,87921,11,Pantheon,357671,35
KR_8342226354,100,False,Jhin,360999,35,Alistar,143966,16
KR_8342226354,200,True,Zeri,27917,5,Skarner,12200,3
KR_8342197961,100,True,Jinx,296625,30,Janna,114411,13
KR_8342197961,200,False,Caitlyn,50045,7,Lux,23961,5
KR_8342194854,100,False,Vayne,12499,3,Nunu,729819,69
KR_8342194854,200,True,Jinx,87931,11,Nautilus,20468,4
KR_8350294917,100,True,Kaisa,19093,4,Camille,40542,6
KR_8350294917,200,False,Ezreal,168862,18,Swain,516013,50
KR_8350256998,100,False,Kalista,285688,29,Renata,204284,21
KR_8350256998,200,True,Viktor,64914,9,Bard,1016029,95
KR_8347519127,100,False,Zoe,1082604,98,Camille,151766,16
KR_8347519127,200,True,Ezreal,30858,5,Seraphine,35867,6
KR_8347424401,100,False,Jhin,8896,3,Alistar,333929,33
KR_8347424401,200,True,Ezreal,154405,17,Camille,183439,19
KR_8346769180,100,False,Yunara,70926,9,Lulu,263932,27
KR_8346769180,200,True,Kaisa,594507,57,Blitzcrank,348718,34
KR_8345221827,100,True,Jhin,256839,26,Leona,322605,32
KR_8345221827,200,False,Yunara,252131,26,Taric,152885,17
KR_8344367612,100,False,Tristana,160514,17,Neeko,87581,11
KR_8344367612,200,True,Jhin,22589,5,Alistar,3881,2
KR_8344244017,100,False,Ashe,22898,5,Nautilus,52401,7
KR_8344244017,200,True,Cassiopeia,3847942,352,Leona,33133,6
KR_8344093170,100,True,Kaisa,24524,5,Senna,39896,6
KR_8344093170,200,False,Ezreal,904773,85,Qiyana,835029,79
KR_8343690585,100,False,Ambessa,1082528,101,Pantheon,48550,7
KR_8343690585,200,True,Riven,682077,58,Rakan,400026,39
KR_8343640127,100,True,Qiyana,1290390,120,Poppy,196215,20
KR_8343640127,200,False,Yunara,30531,5,Lulu,42937,7
KR_8343583734,100,True,KogMaw,9310,3,Leona,297152,30
KR_8343583734,200,False,Yunara,27205,5,Rell,507765,49
KR_8355078914,100,False,Syndra,14156,4,Rakan,270385,27
KR_8355078914,200,True,Xerath,1168539,108,Taric,1746650,161
KR_8353957564,100,False,Cassiopeia,1183814,110,Nautilus,265853,27
KR_8353957564,200,True,Xerath,1168539,108,Rell,298093,30
KR_8353452394,100,False,Kalista,137771,15,Pantheon,28878,5
KR_8353452394,200,True,Xerath,1168539,108,Alistar,8648,3
KR_8353403020,100,False,Kaisa,573929,55,Nautilus,45654,7
KR_8353403020,200,True,Yunara,96033,11,Braum,55785,8
KR_8352944816,100,True,Jhin,598664,57,Rell,6003201,501
KR_8352944816,200,False,Veigar,273408,27,Bard,3468394,309
KR_8349704996,100,True,Xerath,1168539,108,Bard,338269,33
KR_8349704996,200,False,Vladimir,356,1,Senna,299255,30
KR_8340893441,100,False,Syndra,74617,9,Camille,288656,29
KR_8340893441,200,True,Seraphine,13286,4,Shen,20768,4
KR_8338320488,100,True,Corki,310002,31,Rell,166828,18
KR_8338320488,200,False,Yunara,42744,7,Alistar,103888,12
KR_8346429333,100,True,Seraphine,12852,4,Shen,82783,10
KR_8346429333,200,False,Hwei,92961,11,Poppy,87815,11
KR_8346404476,100,True,Senna,168158,18,Camille,40695,6
KR_8346404476,200,False,Kaisa,594507,57,Shen,2702,2
KR_8346385307,100,True,Sylas,52761,7,Bard,23466,5
KR_8346385307,200,False,Kaisa,243828,25,Senna,111235,13
KR_8355240590,100,True,Yasuo,1711429,158,Maokai,2442,2
KR_8355240590,200,False,Jhin,104805,12,Alistar,228915,23
KR_8347141346,100,True,Kalista,198171,21,Nautilus,36447,6
KR_8347141346,200,False,Ezreal,959551,90,Rell,11435,3
KR_8347081266,100,False,Caitlyn,233669,24,Neeko,61447,8
KR_8347081266,200,True,Jhin,164566,18,Nautilus,460427,44
KR_8347037080,100,False,Yasuo,397002,39,Nautilus,106071,12
KR_8347037080,200,True,Ezreal,58376,8,Bard,374806,37
KR_8346202832,100,True,Kalista,33456,6,Elise,121389,14
KR_8346202832,200,False,Senna,168158,18,Rell,215875,22
KR_8345085682,100,False,Kaisa,1002862,94,Rell,29871,5
KR_8345085682,200,True,Ezreal,5290,2,Pantheon,58318,8
KR_8341083225,100,True,Yunara,30531,5,Skarner,622934,59
KR_8341083225,200,False,Kaisa,163655,18,Braum,38258,6
KR_8341049099,100,False,Jinx,860605,81,Rell,2498772,230
KR_8341049099,200,True,Caitlyn,264327,27,Alistar,103888,12
KR_8340993184,100,False,Lucian,2176,2,Lulu,16268,4
KR_8340993184,200,True,Caitlyn,133963,15,Milio,2569,2
KR_8339901165,100,True,Jhin,122738,14,Anivia,124954,14
KR_8339901165,200,False,Ziggs,357318,35,Pyke,4116,2
KR_8338887061,100,True,Lux,22549,5,Shen,46631,7
KR_8338887061,200,False,Ziggs,357318,35,Camille,38635,6
KR_8353229954,100,False,Kalista,3238,2,Rell,76878,10
KR_8353229954,200,True,Viktor,46212,7,Camille,82378,10
KR_8352984556,100,False,Kalista,285688,29,Renata,4683,2
KR_8352984556,200,True,Jhin,140095,15,Poppy,256502,26
KR_8352973050,100,False,Kaisa,564006,54,Blitzcrank,713117,67
KR_8352973050,200,True,Xayah,8310,3,Thresh,1587305,147
KR_8352926311,100,True,Vayne,22450,5,Alistar,743047,70
KR_8352926311,200,False,Sivir,8377,3,Rell,2498772,230
KR_8351864144,100,False,Corki,41062,6,Alistar,96699,11
KR_8351864144,200,True,Ziggs,184504,19,Camille,288656,29
KR_8351361805,100,False,Ezreal,272196,27,Rell,6003201,501
KR_8351361805,200,True,Jhin,393362,38,Camille,95491,11
KR_8349913178,100,True,Kaisa,37408,6,Nautilus,1016489,95
KR_8349913178,200,False,Xayah,67922,9,Bard,12349,3
KR_8337986107,100,True,Taliyah,426005,41,Shen,2653,2
KR_8337986107,200,False,Corki,346175,34,Nautilus,119976,14
KR_8354112227,100,False,Jinx,36310,6,Pyke,722307,68
KR_8354112227,200,True,Kalista,317965,32,Renata,32639,6
KR_8354090398,100,False,Tristana,158740,17,Nautilus,24919,5
KR_8354090398,200,True,Velkoz,280055,28,Alistar,20180,4
KR_8354059575,100,False,Yunara,9875,3,Thresh,1479269,137
KR_8354059575,200,True,Yasuo,35423,6,Lulu,61380,8
KR_8355201704,100,True,Ezreal,590136,56,Yuumi,6958,3
KR_8355201704,200,False,Caitlyn,584216,56,Braum,78391,10
KR_8355194275,100,False,Yunara,87604,11,Lulu,330040,33
KR_8355194275,200,True,Caitlyn,584216,56,Seraphine,371892,36
KR_8355172048,100,False,Kalista,7990,3,Leona,208101,22
KR_8355172048,200,True,Jhin,265260,27,Poppy,130574,14
KR_8355147133,100,False,Caitlyn,128888,14,Lux,65725,9
KR_8355147133,200,True,Corki,115271,13,Camille,18432,4
KR_8355120141,100,False,Jhin,84645,10,Rell,6003201,501
KR_8355120141,200,True,Corki,102275,12,Alistar,424355,41
KR_8354364265,100,True,Corki,115271,13,Rell,62020,8
KR_8354364265,200,False,Ezreal,1828546,169,Pyke,413232,40
KR_8354339357,100,True,Kaisa,24524,5,Maokai,4334117,397
KR_8354339357,200,False,Yunara,18391,4,Lulu,8445,3
KR_8354022583,100,False,Sivir,35619,6,Karma,87747,11
KR_8354022583,200,True,Lucian,37395,6,Nautilus,607978,58
KR_8353986966,100,True,Caitlyn,216859,22,Karma,87747,11
KR_8353986966,200,False,Jhin,6465,3,Nautilus,75002,9
KR_8354367672,100,True,Yunara,326901,32,Alistar,271165,27
KR_8354367672,200,False,KogMaw,237739,24,Lulu,61380,8
KR_8351039891,100,True,Taliyah,482642,47,Rell,236965,24
KR_8351039891,200,False,Tristana,107847,12,Camille,60533,8
KR_8348405852,100,True,Jhin,60979,8,Rell,2498772,230
KR_8348405852,200,False,Corki,91280,11,Bard,511752,49
KR_8353409634,100,False,Lucian,11440,3,Camille,20795,4
KR_8353409634,200,True,Viktor,14668,4,Pyke,34071,6
KR_8353370566,100,False,Yunara,50447,7,Rell,166828,18
KR_8353370566,200,True,Vladimir,1698453,141,Alistar,324990,32
KR_8353346017,100,True,Vladimir,1698453,141,Rell,6003201,501
KR_8353346017,200,False,Viktor,30806,5,Alistar,45165,7
KR_8354101594,100,False,Zeri,348286,34,Rell,683901,65
KR_8354101594,200,True,Yunara,57921,8,Lulu,184843,19
KR_8352933308,100,True,Kalista,285688,29,Nautilus,858554,81
KR_8352933308,200,False,Vladimir,55019,8,Rell,236965,24
KR_8347512451,100,True,Caitlyn,101048,12,Bard,203233,21
KR_8347512451,200,False,Cassiopeia,585996,53,Nautilus,858554,81
KR_8347492256,100,True,Tristana,380735,37,Nautilus,858554,81
KR_8347492256,200,False,Zoe,1082604,98,Camille,151766,16
KR_8347476314,100,True,Zeri,343568,34,Nautilus,858554,81
KR_8347476314,200,False,Tristana,18706,4,Leona,349894,34
KR_8347440129,100,False,Sivir,12327,3,Nautilus,858554,81
KR_8347440129,200,True,Ezreal,130583,14,Bard,36663,6
KR_8346408404,100,False,Kaisa,114856,13,Rell,166828,18
KR_8346408404,200,True,Kalista,17242,4,Leona,190342,20
KR_8354013684,100,False,AurelionSol,61750,8,Thresh,1479269,137
KR_8354013684,200,True,Yunara,27715,5,Lulu,92883,11
KR_8352977711,100,False,Kalista,30520,5,Lulu,33601,6
KR_8352977711,200,True,Viktor,196630,21,Alistar,23437,5
KR_8347478697,100,True,Yunara,140860,15,Poppy,29828,5
KR_8347478697,200,False,Aphelios,352758,35,Shen,3793359,329
KR_8339216862,100,False,Lucian,115313,13,Milio,39437,6
KR_8339216862,200,True,Yunara,79338,10,Nautilus,858554,81
KR_8339199914,100,False,Yunara,26082,5,Shen,82783,10
KR_8339199914,200,True,Ezreal,69718,9,Elise,413222,40
KR_8339177802,100,False,Kaisa,131109,15,Nautilus,28367,5
KR_8339177802,200,True,Cassiopeia,1557498,144,Pyke,5513,2
KR_8339167254,100,True,Kaisa,385612,38,Bard,511752,49
KR_8339167254,200,False,Jhin,55487,8,Poppy,256502,26
KR_8338349405,100,False,Lucian,399695,39,Blitzcrank,13670,4
KR_8338349405,200,True,Tristana,9598,3,Milio,87081,11
KR_8338321334,100,False,Kaisa,332286,33,Pantheon,317588,31
KR_8338321334,200,True,Corki,43093,7,Trundle,4866,2
KR_8338294564,100,False,Yunara,68003,9,Lulu,89465,11
KR_8338294564,200,True,Tristana,63203,8,Morgana,253064,26
KR_8338270930,100,False,Yasuo,3773850,346,Rakan,636,1
KR_8338270930,200,True,Yunara,68003,9,Neeko,59525,8
KR_8351470449,100,False,Ezreal,46548,7,Alistar,2595,2
KR_8351470449,200,True,Viktor,196630,21,Nautilus,31128,5
KR_8351429028,100,False,Yunara,8844,3,Lulu,114136,13
KR_8351429028,200,True,KogMaw,15396,4,Seraphine,72109,9
KR_8351313052,100,False,Caitlyn,153080,17,Camille,60533,8
KR_8351313052,200,True,Yunara,157202,17,Maokai,1293136,110
KR_8351250372,100,True,Kalista,1424968,132,Rell,6003201,501
KR_8351250372,200,False,Ezreal,46548,7,Camille,20371,4
KR_8350836725,100,False,Yunara,265719,27,Lulu,131781,15
KR_8350836725,200,True,Ezreal,449689,44,Bard,3468394,309
KR_8350744956,100,True,Ashe,61232,8,Swain,516013,50
KR_8350744956,200,False,Kalista,93667,11,Neeko,18646,4
KR_8338605372,100,True,Ashe,71185,9,Lulu,55204,8
KR_8338605372,200,False,Yunara,171095,18,Vayne,42029,6
KR_8338570108,100,True,Ezreal,594136,57,Maokai,187764,20
KR_8338570108,200,False,Caitlyn,44016,7,Karma,14974,4
KR_8338486174,100,False,Yunara,171095,18,Lulu,186959,20
KR_8338486174,200,True,Katarina,1199269,112,Leona,321243,32
KR_8337381295,100,False,Jhin,5670449,502,Elise,44274,7
KR_8337381295,200,True,Yunara,171095,18,Bard,5537,2
KR_8337347874,100,False,Smolder,796136,75,Maokai,187764,20
KR_8337347874,200,True,Yunara,171095,18,Lulu,39874,6
KR_8337322326,100,False,Ezreal,379232,37,Pantheon,83211,10
KR_8337322326,200,True,Yunara,70926,9,Rell,10458,3
KR_8337275244,100,False,Syndra,29281,5,Maokai,187764,20
KR_8337275244,200,True,Jhin,36437,6,Rakan,227428,23
KR_8337266056,100,True,Viktor,99672,12,Poppy,55162,8
KR_8337266056,200,False,Kaisa,121402,14,Leona,37427,6
KR_8337219779,100,True,Corki,14243,4,Alistar,644615,61
KR_8337219779,200,False,Draven,742841,70,Nautilus,151161,16
KR_8337205295,100,True,Viktor,60125,8,Bard,55611,8
KR_8337205295,200,False,Yunara,171095,18,Alistar,19641,4
KR_8337189154,100,True,Yunara,171095,18,Pyke,722307,68
KR_8337189154,200,False,Caitlyn,245503,25,Nautilus,190207,20
KR_8337142564,100,False,Jhin,301220,30,Nautilus,1016489,95
KR_8337142564,200,True,Caitlyn,138729,15,Shen,25907,5
KR_8337128127,100,True,Yunara,171095,18,Shen,41029,6
KR_8337128127,200,False,Tristana,81005,10,Braum,61121,8
KR_8354139335,100,False,Draven,174997,19,Pyke,189829,20
KR_8354139335,200,True,Caitlyn,28383,5,Bard,114202,13
KR_8354128468,100,False,Caitlyn,584216,56,Rengar,468947,45
KR_8354128468,200,True,Draven,174997,19,Renata,2867,2
KR_8354118374,100,False,Lucian,93277,11,Braum,6401,3
KR_8354118374,200,True,Cassiopeia,1557498,144,Nautilus,95065,11
KR_8354100323,100,False,Zeri,303451,30,Nautilus,95065,11
KR_8354100323,200,True,Ezreal,84457,10,Pyke,213129,22
KR_8353442933,100,True,Caitlyn,19297,4,Maokai,46321,7
KR_8353442933,200,False,Lucian,11440,3,Pyke,147605,16
KR_8353393279,100,False,Mel,10822,3,Nautilus,10443,3
KR_8353393279,200,True,Jhin,156064,17,Skarner,919,1
KR_8353005855,100,False,MissFortune,7997288,730,Leona,55045,8
KR_8353005855,200,True,Lucian,11440,3,Camille,19972,4
KR_8352893487,100,True,Jhin,85609,10,Nautilus,95065,11
KR_8352893487,200,False,Ezreal,504161,48,Leona,364233,36
KR_8352854399,100,True,Kaisa,669675,64,Blitzcrank,713117,67
KR_8352854399,200,False,Ezreal,33177,6,Bard,28125,5
KR_8350647440,100,True,Xayah,162684,17,Rakan,9239,3
KR_8350647440,200,False,Tristana,33663,6,Pyke,22485,5
KR_8353825673,100,False,Kaisa,54692,8,Alistar,4129,2
KR_8353825673,200,True,Ezreal,379232,37,Pyke,9128,3
KR_8353599737,100,True,Ezreal,101544,12,Leona,349894,34
KR_8353599737,200,False,Jhin,73286,9,Bard,114202,13
KR_8352161944,100,False,Velkoz,280055,28,Leona,105818,12
KR_8352161944,200,True,Tristana,306008,30,Pyke,413232,40
KR_8352104690,100,False,Taliyah,81029,10,Nautilus,4374,2
KR_8352104690,200,True,Yunara,138561,15,Alistar,15237,4
KR_8345959933,100,False,Singed,2357013,150,Pyke,1778095,164
KR_8345959933,200,True,Yunara,525914,50,Alistar,1839,1
KR_8345896927,100,False,Ezreal,408607,40,Shen,3793359,329
KR_8345896927,200,True,Singed,2357013,150,Trundle,5167,2
KR_8345856256,100,False,Xayah,71825,9,Senna,5444429,498
KR_8345856256,200,True,Kalista,143923,16,Renata,5434,2
KR_8345812327,100,True,Ezreal,247777,25,Pantheon,87383,11
KR_8345812327,200,False,Caitlyn,135491,15,Pyke,22485,5
KR_8337750162,100,False,Jhin,5670449,502,Senna,299255,30
KR_8337750162,200,True,MissFortune,61553,8,Rell,45971,7
KR_8337670319,100,False,Viktor,41701,6,Alistar,12521,3
KR_8337670319,200,True,Sivir,15038,4,Pyke,1743,1
KR_8337595470,100,False,Xayah,556833,53,Senna,5444429,498
KR_8337595470,200,True,Lucian,379232,37,Milio,87081,11
KR_8337539469,100,True,Caitlyn,182973,19,Senna,5444429,498
KR_8337539469,200,False,Samira,156631,17,Rell,74972,9
KR_8337505306,100,True,Syndra,9971,3,Rakan,76853,10
KR_8337505306,200,False,Mel,42768,7,Rell,794834,75
KR_8354168685,100,True,Kaisa,85269,10,Pantheon,1112065,98
KR_8354168685,200,False,Yunara,24186,5,Galio,1655025,133
KR_8354650905,100,True,Kaisa,106055,12,Pantheon,227427,23
KR_8354650905,200,False,Seraphine,41378,6,Sylas,489686,47
KR_8354617528,100,True,Aphelios,39739,6,Karma,167121,18
KR_8354617528,200,False,Viktor,28006,5,Nautilus,607978,58
KR_8354563096,100,False,Viktor,30806,5,Bard,173688,18
KR_8354563096,200,True,Jhin,310191,31,Pantheon,54929,8
KR_8352282007,100,True,Zeri,303451,30,JarvanIV,126788,14
KR_8352282007,200,False,Yunara,138561,15,Alistar,521959,50
KR_8342451076,100,True,Ashe,105628,12,Seraphine,22408,5
KR_8342451076,200,False,Lucian,292686,29,Nautilus,385584,38
KR_8342400691,100,False,Lucian,42226,6,Rell,191930,20
KR_8342400691,200,True,Kaisa,90803,11,Nautilus,385584,38
KR_8342364586,100,True,Lucian,74607,9,Milio,32123,6
KR_8342364586,200,False,Xerath,1168539,108,Senna,5444429,498
KR_8341372716,100,False,Jhin,44054,7,Poppy,89141,11
KR_8341372716,200,True,Syndra,1811113,128,Rell,354035,35
KR_8341112571,100,True,Ezreal,24324,5,Sett,29063,5
KR_8341112571,200,False,Kaisa,27474,5,Leblanc,64041,8
KR_8341085454,100,True,Karthus,719404,68,Rell,70840,9
KR_8341085454,200,False,Tristana,15036,4,Rakan,305884,30
KR_8339906305,100,False,Jhin,60979,8,Bard,312349,31
KR_8339906305,200,True,Yunara,90567,11,Lulu,55204,8
KR_8339846622,100,False,Kaisa,627699,60,Alistar,521959,50
KR_8339846622,200,True,Xayah,37003,6,Rakan,65125,9
KR_8339676327,100,True,Corki,51970,7,Poppy,22970,5
KR_8339676327,200,False,Jhin,122056,14,Shen,72561,9
KR_8339631787,100,True,Ezreal,65215,9,Bard,348248,34
KR_8339631787,200,False,Jhin,97847,12,Leona,50884,7
KR_8339576686,100,True,Ziggs,5049,2,Rell,166828,18
KR_8339576686,200,False,Syndra,3843,2,Rakan,305884,30
KR_8339504234,100,False,Yunara,90365,11,Taric,1650069,152
KR_8339504234,200,True,Ezreal,377187,37,Karma,41297,6
KR_8339471793,100,True,Jhin,242786,25,Rakan,305884,30
KR_8339471793,200,False,Zeri,238993,24,Shen,24267,5
KR_8337312734,100,False,Yunara,7334,3,Lulu,137417,15
KR_8337312734,200,True,Xayah,101706,12,Nautilus,607978,58
KR_8337286008,100,True,Velkoz,280055,28,Poppy,89703,11
KR_8337286008,200,False,Tristana,54342,8,Shen,40878,6
KR_8337255017,100,False,Caitlyn,245503,25,Lux,86561,10
KR_8337255017,200,True,Kaisa,131109,15,Alistar,521959,50
KR_8337217100,100,False,Sylas,123390,14,Camille,178785,19
KR_8337217100,200,True,Lucian,216353,22,Bard,173688,18
KR_8337179911,100,True,Caitlyn,18842,4,Taric,152885,17
KR_8337179911,200,False,Kaisa,195158,20,Camille,95150,11
KR_8337155646,100,True,Syndra,8880,3,Alistar,410917,40
KR_8337155646,200,False,Kaisa,147581,16,Nautilus,385584,38
KR_8339231155,100,True,Kaisa,112349,13,Bard,14502,4
KR_8339231155,200,False,Ezreal,171481,18,Braum,1144,1
KR_8339198052,100,True,Kalista,611740,58,MonkeyKing,168041,18
KR_8339198052,200,False,Jhin,170378,18,Zilean,1267,1
KR_8339185095,100,False,Yunara,93066,11,Lulu,92883,11
KR_8339185095,200,True,Katarina,383007,37,Bard,171436,18
KR_8339147799,100,True,Taliyah,426005,41,Pantheon,25423,5
KR_8339147799,200,False,Jhin,122738,14,Nautilus,31128,5
KR_8337928969,100,False,Jhin,124905,14,Rakan,76853,10
KR_8337928969,200,True,Ezreal,1391375,129,Camille,42728,7
KR_8337906728,100,False,Yunara,98094,12,Shen,44539,7
KR_8337906728,200,True,Kaisa,976542,91,Camille,42728,7
KR_8337849578,100,True,Ezreal,38964,6,Karma,245434,25
KR_8337849578,200,False,Jhin,5670449,502,Bard,325051,32
KR_8337615247,100,True,Ezreal,105433,12,Maokai,27398,5
KR_8337615247,200,False,Kaisa,266307,27,Pyke,165068,18
KR_8337572297,100,False,Ezreal,28688,5,Galio,147622,16
KR_8337572297,200,True,Jhin,22589,5,Syndra,1811113,128
KR_8344852152,100,False,MissFortune,3335,2,Senna,5444429,498
KR_8344852152,200,True,Caitlyn,120801,14,Bard,337025,33
KR_8344788113,100,True,MissFortune,3615,2,Nautilus,607978,58
KR_8344788113,200,False,Varus,234988,24,Alistar,25202,5
KR_8344695283,100,True,Tristana,108658,13,Blitzcrank,91634,11
KR_8344695283,200,False,Jhin,156090,17,Thresh,4073,2
KR_8344383797,100,False,Qiyana,1290390,120,Sylas,5225,2
KR_8344383797,200,True,Lucian,122693,14,Trundle,23791,5
KR_8344354738,100,True,Ezreal,249234,25,Trundle,23791,5
KR_8344354738,200,False,Senna,76919,10,Rakan,526912,51
KR_8344325124,100,False,Kaisa,429007,42,Rell,6003201,501
KR_8344325124,200,True,Cassiopeia,97701,12,Trundle,23791,5
KR_8344247784,100,True,Caitlyn,148643,16,FiddleSticks,126966,14
KR_8344247784,200,False,Ziggs,40193,6,Skarner,1556916,144
KR_8343564909,100,False,Jhin,156090,17,Rell,680,1
KR_8343564909,200,True,Zeri,204530,21,Nautilus,95065,11
KR_8338057608,100,True,Tristana,92741,11,Velkoz,1781476,149
KR_8338057608,200,False,Jhin,156090,17,Karma,106640,12
KR_8338045760,100,False,Lucian,222458,23,Bard,171436,18
KR_8338045760,200,True,Kaisa,429007,42,Skarner,101520,12
KR_8354037530,100,True,Ezreal,177930,19,Bard,585069,56
KR_8354037530,200,False,Caitlyn,25606,5,Lux,3701337,303
KR_8352961661,100,False,Caitlyn,176878,19,Elise,52770,7
KR_8352961661,200,True,Kalista,317965,32,Camille,17429,4
KR_8352827920,100,False,Jinx,410499,40,Thresh,1587305,147
KR_8352827920,200,True,Yunara,138561,15,Lulu,330040,33
KR_8349183144,100,False,Syndra,28803,5,Qiyana,536259,51
KR_8349183144,200,True,Ezreal,959551,90,Anivia,91126,11
KR_8349100352,100,True,Ezreal,177930,19,Pyke,77068,10
KR_8349100352,200,False,Caitlyn,191455,20,Leona,8256,3
KR_8344706547,100,False,Kaisa,432436,42,Rakan,3762,2
KR_8344706547,200,True,Xerath,1168539,108,Leona,33133,6
KR_8344663837,100,False,Corki,24342,5,Nautilus,216262,22
KR_8344663837,200,True,Zeri,238993,24,Rell,27037,5
KR_8354627203,100,False,Caitlyn,331583,33,Blitzcrank,106595,12
KR_8354627203,200,True,Jhin,397391,39,Karma,439302,43
KR_8354605172,100,False,Kaisa,598936,57,Blitzcrank,297166,30
KR_8354605172,200,True,Lucian,59114,8,Milio,113866,13
KR_8354409213,100,False,Sivir,185222,19,Blitzcrank,52255,7
KR_8354409213,200,True,Jhin,122056,14,Karma,439302,43
KR_8354365940,100,True,Jhin,122056,14,Bard,1016029,95
KR_8354365940,200,False,Yunara,276733,28,Lulu,332669,33
KR_8353824488,100,False,Yunara,93915,11,Lulu,149173,16
KR_8353824488,200,True,Zeri,610022,58,Rengar,468947,45
KR_8350312451,100,False,Viktor,19046,4,Rell,400304,39
KR_8350312451,200,True,Caitlyn,584216,56,Bard,325051,32
KR_8350228872,100,False,Corki,111333,13,Poppy,387726,38
KR_8350228872,200,True,Sivir,87109,11,Lulu,131781,15
KR_8355228084,100,False,Senna,168158,18,Rengar,468947,45
KR_8355228084,200,True,Kaisa,143324,16,Shen,59413,8
KR_8355201982,100,False,Varus,127659,14,Nautilus,28367,5
KR_8355201982,200,True,MissFortune,126056,14,Rell,13006,4
KR_8355177773,100,False,Xayah,33887,6,Rakan,24336,5
KR_8355177773,200,True,Lucian,165247,18,Milio,6979,3
KR_8355137258,100,False,Caitlyn,79240,10,Karma,391180,38
KR_8355137258,200,True,Draven,94237,11,Nautilus,160897,17
KR_8354842631,100,False,Ezreal,195847,20,Karma,86376,10
KR_8354842631,200,True,Kalista,198171,21,Renata,20777,4
KR_8354784569,100,False,Singed,370572,36,Leona,498803,48
KR_8354784569,200,True,Corki,102889,12,Rell,6003201,501
KR_8354743413,100,False,Kalista,122937,14,Renata,7260,3
KR_8354743413,200,True,Draven,94237,11,Pyke,1778095,164
KR_8354455406,100,False,Caitlyn,71281,9,Lux,3701337,303
KR_8354455406,200,True,Kalista,70790,9,Nautilus,24442,5
KR_8354408724,100,False,Velkoz,3578,2,Rell,59651,8
KR_8354408724,200,True,Jhin,23704,5,Nautilus,624890,59
KR_8346438082,100,True,Ezreal,195847,20,Bard,374806,37
KR_8346438082,200,False,Jhin,122056,14,Karma,166662,18
KR_8346373407,100,True,Jhin,265260,27,Karma,149619,16
KR_8346373407,200,False,Kaisa,114079,13,Pantheon,112780,13
KR_8342034730,100,False,Ezreal,195847,20,Camille,71949,9
KR_8342034730,200,True,Sivir,99501,12,Maokai,207494,21
KR_8351606793,100,True,Tristana,34509,6,Nunu,3510980,322
KR_8351606793,200,False,Ezreal,372901,37,Senna,299255,30
KR_8350299423,100,False,Yunara,13199,4,Nautilus,367039,36
KR_8350299423,200,True,Kaisa,66829,9,Shen,105474,12
KR_8350196994,100,False,Corki,69139,9,Nautilus,1016489,95
KR_8350196994,200,True,Taliyah,482642,47,Thresh,42511,6
KR_8350178642,100,False,Kalista,75576,9,Camille,192068,20
KR_8350178642,200,True,Ezreal,810269,76,Nautilus,1016489,95
KR_8350154190,100,False,Jhin,236772,24,Rakan,11026,3
KR_8350154190,200,True,Corki,55441,8,Bard,1584554,147
KR_8350131038,100,True,Aphelios,61130,8,Nautilus,10250,3
KR_8350131038,200,False,Zeri,105247,12,Yuumi,38033,6
KR_8350084618,100,True,Jhin,60979,8,Senna,76509,10
KR_8350084618,200,False,Mel,1661,1,Camille,28287,5
KR_8350059423,100,True,Syndra,62479,8,Camille,419871,41
KR_8350059423,200,False,Caitlyn,147728,16,Elise,48209,7
KR_8350041398,100,False,Ezreal,201760,21,Alistar,52579,7
KR_8350041398,200,True,Kaisa,141285,15,Nautilus,129225,14
KR_8350022441,100,False,Kaisa,673165,64,Bard,3123,2
KR_8350022441,200,True,Ezreal,465216,45,Maokai,2001497,185
KR_8349996733,100,False,AurelionSol,1725007,112,Jax,73379,9
KR_8349996733,200,True,Zeri,113139,13,Yuumi,179292,19
KR_8349995094,100,True,Yone,413915,40,Senna,299255,30
KR_8349995094,200,False,Tristana,34509,6,Rell,317058,31
KR_8349977237,100,False,Tristana,116621,13,Alistar,27814,5
KR_8349977237,200,True,Yunara,174819,19,Senna,28903,5
KR_8348803952,100,True,Jinx,86714,11,Thresh,14548,4
KR_8348803952,200,False,Kalista,198171,21,Blitzcrank,348718,34
KR_8348780893,100,False,Yunara,16069,4,Bard,25671,5
KR_8348780893,200,True,Kaisa,557632,53,Rell,561575,54
KR_8348785020,100,True,Lucian,41684,6,Camille,31974,6
KR_8348785020,200,False,Tristana,106231,12,Karma,9452,3
KR_8348758499,100,True,Jhin,598664,57,Galio,35662,6
KR_8348758499,200,False,Yunara,265719,27,Lulu,20571,4
KR_8348740598,100,True,Tristana,34509,6,Pyke,10869,3
KR_8348740598,200,False,Corki,69139,9,Nautilus,114050,13
KR_8354739241,100,True,Ezreal,445917,43,Nautilus,76055,10
KR_8354739241,200,False,Syndra,35732,6,Camille,23591,5
KR_8354663342,100,True,Viktor,56427,8,Bard,585069,56
KR_8354663342,200,False,Ezreal,956488,90,Maokai,69494,9
KR_8354078015,100,True,Jhin,183858,19,Alistar,23437,5
KR_8354078015,200,False,Varus,14992,4,Bard,27413,5
KR_8354031730,100,True,Corki,97253,11,Pyke,722307,68
KR_8354031730,200,False,Yunara,222084,23,Lulu,28720,5
KR_8353528674,100,False,Anivia,943978,88,Nautilus,27665,5
KR_8353528674,200,True,Jhin,9127,3,Rell,33275,6
KR_8352185057,100,True,Zeri,303451,30,Camille,1339769,124
KR_8352185057,200,False,Kaisa,564006,54,Nautilus,7649,3
KR_8350901784,100,False,MissFortune,77096,10,Leona,15025,4
KR_8350901784,200,True,Kaisa,143324,16,TahmKench,42471,6
KR_8350830777,100,False,Draven,116654,13,Galio,22718,5
KR_8350830777,200,True,Kalista,915061,86,Braum,2025,2
KR_8348255810,100,False,Jhin,30640,5,Alistar,17923,4
KR_8348255810,200,True,Ezreal,53923,8,Nautilus,122563,14
KR_8348184402,100,True,Kalista,96732,11,Renata,7322,3
KR_8348184402,200,False,Jhin,88320,11,Senna,5444429,498
KR_8348133748,100,False,Caitlyn,31886,6,Braum,624235,59
KR_8348133748,200,True,Kalista,90513,11,Nautilus,44821,7
KR_8348079333,100,False,Mel,72425,9,Galio,120135,14
KR_8348079333,200,True,Kaisa,89214,11,Neeko,93065,11
KR_8346994933,100,False,Jhin,75100,9,Karma,490804,47
KR_8346994933,200,True,Xerath,33586,6,Jax,15868,4
KR_8345891939,100,False,Xerath,33586,6,Bard,152392,16
KR_8345891939,200,True,Jhin,17746,4,Nautilus,190207,20
KR_8344456748,100,True,Vayne,12929,4,Pantheon,28878,5
KR_8344456748,200,False,Zeri,43757,7,Camille,5897,2
KR_8344319225,100,True,Jhin,34229,6,Pantheon,58491,8
KR_8344319225,200,False,Viktor,60125,8,Taric,152885,17
KR_8339995143,100,False,Xayah,363177,36,Shen,14574,4
KR_8339995143,200,True,Kaisa,385612,38,Senna,5444429,498
KR_8350492877,100,True,Swain,516013,50,Rakan,948290,89
KR_8350492877,200,False,Kalista,198171,21,Alistar,108773,13
KR_8350443741,100,True,Corki,2667,2,Skarner,1556916,144
KR_8350443741,200,False,Taliyah,482642,47,Thresh,42511,6
KR_8349950497,100,False,Ezreal,7820,3,Leona,18751,4
KR_8349950497,200,True,Jhin,69528,9,Poppy,3661,2
KR_8349923817,100,False,Lucian,187750,20,Karma,63841,8
KR_8349923817,200,True,Kaisa,20099,4,Camille,7158,3
KR_8348134706,100,True,Sivir,146758,16,Alistar,132301,15
KR_8348134706,200,False,Ezreal,1079305,101,Camille,288656,29
KR_8347995127,100,True,Sivir,12264,3,Bard,78655,10
KR_8347995127,200,False,Cassiopeia,2504228,230,Alistar,551062,53
KR_8347964469,100,False,Zeri,367732,36,Nautilus,106071,12
KR_8347964469,200,True,Kaisa,45523,7,Neeko,61447,8
KR_8346941987,100,False,Ziggs,30786,5,Elise,185649,20
KR_8346941987,200,True,Kalista,93667,11,Pyke,52899,7
KR_8346921063,100,True,Viktor,64914,9,Rell,127117,14
KR_8346921063,200,False,Yunara,15175,4,Braum,81197,10
KR_8346901141,100,True,Sivir,5177,2,Karma,60644,8
KR_8346901141,200,False,Yunara,32385,6,Taric,1650069,152
KR_8346883003,100,True,Kalista,2661391,245,Taric,58832,8
KR_8346883003,200,False,Lucian,171833,18,Alistar,132301,15
KR_8346849361,100,False,Kaisa,588885,56,Alistar,117229,13
KR_8346849361,200,True,Yunara,38160,6,Bard,78655,10
KR_8343417517,100,True,Syndra,29945,5,Rakan,79158,10
KR_8343417517,200,False,Zeri,204530,21,Bard,88518,11
KR_8343338006,100,False,Kaisa,681646,65,Poppy,35059,6
KR_8343338006,200,True,Zeri,204530,21,Lulu,30579,5
KR_8343292183,100,True,Xerath,1168539,108,Alistar,132301,15
KR_8343292183,200,False,Syndra,9512,3,Thresh,42511,6
KR_8343248100,100,False,Ezreal,180734,19,Alistar,410917,40
KR_8343248100,200,True,Yone,750012,71,Leona,54356,8
KR_8342978113,100,True,Ezreal,19494,4,Karma,187121,20
KR_8342978113,200,False,Zeri,303451,30,Yuumi,24273,5
KR_8340020342,100,False,Kalista,43696,7,Maokai,57768,8
KR_8340020342,200,True,Jhin,105256,12,Rell,127117,14
KR_8339942366,100,True,Caitlyn,462417,45,Bard,171436,18
KR_8339942366,200,False,Jhin,17222,4,Nautilus,106071,12
KR_8353422313,100,False,Jhin,201051,21,Karma,78157,10
KR_8353422313,200,True,Kaisa,295811,30,Thresh,1587305,147
KR_8353389122,100,False,Kaisa,50806,7,Seraphine,35867,6
KR_8353389122,200,True,Viktor,30806,5,Blitzcrank,165464,18
KR_8352904772,100,False,Kalista,172666,18,Thresh,1587305,147
KR_8352904772,200,True,Jhin,9938,3,Maokai,4334117,397
KR_8352883353,100,True,Vayne,9626,3,Blitzcrank,165464,18
KR_8352883353,200,False,Zeri,62342,8,Alistar,148142,16
KR_8348641374,100,False,Yunara,59495,8,Lulu,28199,5
KR_8348641374,200,True,Jinx,446786,43,Thresh,1587305,147
KR_8354498567,100,True,Ezreal,49663,7,Shen,21840,5
KR_8354498567,200,False,Viktor,30806,5,Pantheon,54929,8
KR_8354472389,100,True,Ezreal,215038,22,Alistar,369642,36
KR_8354472389,200,False,Viktor,79421,10,Nautilus,455044,44
KR_8345346726,100,False,Ezreal,1828546,169,Lux,3701337,303
KR_8345346726,200,True,Kaisa,283614,28,Pantheon,87383,11
KR_8345342271,100,True,Lucian,151623,16,Fiora,4951032,453
KR_8345342271,200,False,Kaisa,131109,15,Pyke,27586,5
KR_8345332136,100,False,Swain,902457,85,Leona,21174,4
KR_8345332136,200,True,Kaisa,857328,81,Neeko,162105,17
KR_8345303819,100,False,Tristana,33110,6,Rakan,67776,9
KR_8345303819,200,True,Yunara,31489,5,Lux,3701337,303
KR_8342750243,100,False,Yunara,207286,21,Camille,462921,45
KR_8342750243,200,True,Yasuo,1109575,103,Lux,3701337,303
KR_8342204200,100,True,Viktor,64914,9,Jax,73379,9
KR_8342204200,200,False,Yunara,26082,5,Lux,3701337,303
KR_8341588925,100,False,Kaisa,423591,41,Lux,3701337,303
KR_8341588925,200,True,Yunara,90623,11,Singed,2357013,150
KR_8341523828,100,True,Kaisa,627699,60,Neeko,40267,6
KR_8341523828,200,False,Sivir,87079,11,Alistar,551062,53
KR_8339429685,100,True,Viktor,10308,3,Rakan,65250,9
KR_8339429685,200,False,KogMaw,1058337,99,Sona,76662,10
KR_8339022676,100,False,Jhin,126449,14,Leona,411099,40
KR_8339022676,200,True,Xerath,139970,15,Camille,78062,10
KR_8338960196,100,True,Hwei,71664,9,Bard,3346,2
KR_8338960196,200,False,Viktor,8359,3,Lux,3701337,303
KR_8354635602,100,False,Viktor,12294,3,Rakan,227428,23
KR_8354635602,200,True,Ezreal,177930,19,Pyke,486275,47
KR_8351078563,100,False,Corki,3038,2,Galio,45934,7
KR_8351078563,200,True,Viktor,12294,3,Shen,72216,9
KR_8349947673,100,False,Ziggs,120724,14,Leona,361179,35
KR_8349947673,200,True,Tristana,33158,6,Janna,393822,38
KR_8349512344,100,False,Kaisa,241987,25,Nautilus,729260,69
KR_8349512344,200,True,Caitlyn,36960,6,Bard,36663,6
KR_8338101688,100,True,Ekko,150718,16,Alistar,32710,6
KR_8338101688,200,False,Viktor,10363,3,Jax,6865,3
KR_8338097403,100,False,Caitlyn,37434,6,Poppy,8723,3
KR_8338097403,200,True,Kaisa,81882,10,Pyke,87948,11
KR_8353006510,100,False,Caitlyn,211214,22,Karma,293630,29
KR_8353006510,200,True,Jhin,64909,9,Bard,417008,41
KR_8354372711,100,False,Kalista,335739,33,Taric,152885,17
KR_8354372711,200,True,Draven,116654,13,Nautilus,566495,54
KR_8354363474,100,False,Kalista,33456,6,Renata,2305,2
KR_8354363474,200,True,Taliyah,15891,4,Camille,31974,6
KR_8352127867,100,False,Syndra,2093,2,Leona,27617,5
KR_8352127867,200,True,Katarina,1105881,103,Maokai,187764,20
KR_8349079802,100,False,Kaisa,255590,26,Nautilus,89886,11
KR_8349079802,200,True,Lucian,68902,9,Milio,20044,4
KR_8349056298,100,True,Varus,108187,12,Poppy,55748,8
KR_8349056298,200,False,Kaisa,24524,5,Rakan,227428,23
KR_8348025820,100,False,Jhin,69225,9,Rell,165293,18
KR_8348025820,200,True,Yunara,88771,11,Braum,94218,11
KR_8345799059,100,True,Katarina,1105881,103,Rell,152356,16
KR_8345799059,200,False,Kaisa,1201971,112,Camille,1339769,124
KR_8342803508,100,True,Ashe,5315,2,Seraphine,454800,44
KR_8342803508,200,False,Katarina,383007,37,Rakan,42870,7
KR_8342766259,100,False,Ziggs,2011818,186,Shen,10611,3
KR_8342766259,200,True,Kaisa,289607,29,Pantheon,9763,3
KR_8339967975,100,True,Kaisa,306198,30,Shen,19494,4
KR_8339967975,200,False,Katarina,1105881,103,Alistar,17437,4
KR_8337304355,100,True,Xerath,1168539,108,Mel,3793,2
KR_8337304355,200,False,Tristana,302712,30,Leona,684001,65
KR_8337254805,100,True,Zeri,26628,5,Yuumi,11956,3
KR_8337254805,200,False,Sylas,12388,3,Katarina,1105881,103
KR_8337239660,100,True,Aphelios,272653,27,Karma,95393,11
KR_8337239660,200,False,Viktor,60125,8,Chogath,565229,54
KR_8338040359,100,True,Vayne,190484,20,Alistar,228915,23
KR_8338040359,200,False,Yone,6365,3,Bard,334669,33
KR_8351646192,100,False,Aphelios,225466,23,Morgana,253064,26
KR_8351646192,200,True,Jinx,296625,30,Nami,45484,7
KR_8351625343,100,True,Kaisa,232566,24,Blitzcrank,162209,17
KR_8351625343,200,False,Xayah,3847,2,MonkeyKing,33384,6
KR_8351600924,100,True,Aurora,1184468,110,Alistar,534401,51
KR_8351600924,200,False,Viktor,3764,2,Leona,361179,35
KR_8351602198,100,False,Veigar,3218,2,Alistar,147011,16
KR_8351602198,200,True,Kaisa,228573,23,Thresh,30026,5
KR_8348697284,100,False,Ezreal,87058,11,Zoe,1082604,98
KR_8348697284,200,True,Jhin,224576,23,Karma,9452,3
KR_8348686197,100,False,Yunara,32385,6,Rakan,624,1
KR_8348686197,200,True,Singed,79940,10,Leona,7315,3
KR_8347118583,100,True,MissFortune,77096,10,Rell,23177,5
KR_8347118583,200,False,Jinx,36310,6,Pantheon,12325,3
KR_8339907693,100,True,Jhin,852321,80,Karma,79994,10
KR_8339907693,200,False,Aphelios,98953,12,Lulu,210069,22
KR_8339857811,100,True,Xerath,6272,3,Pyke,722307,68
KR_8339857811,200,False,Jhin,59629,8,Leona,297152,30
KR_8339814886,100,False,Zac,5445862,498,Nautilus,31855,6
KR_8339814886,200,True,Kaisa,266836,27,Anivia,943978,88
KR_8339786689,100,False,Sivir,29850,5,Rell,71843,9
KR_8339786689,200,True,Caitlyn,135491,15,Lux,17201,4
KR_8339746604,100,True,Jinx,46415,7,Rell,214763,22
KR_8339746604,200,False,Nasus,87454,11,Shen,3793359,329
KR_8339214431,100,True,Kalista,21496,4,Neeko,251159,25
KR_8339214431,200,False,Ezreal,26886,5,Karma,33199,6
KR_8339123964,100,False,Kaisa,385612,38,Nautilus,397029,39
KR_8339123964,200,True,Caitlyn,17033,4,Braum,20963,4
KR_8338045822,100,True,Jhin,173563,18,Bard,1012338,95
KR_8338045822,200,False,Yunara,333779,33,Taric,1650069,152
KR_8338025604,100,True,Zeri,27917,5,Camille,80259,10
KR_8338025604,200,False,Ezreal,145007,16,Bard,171436,18
KR_8338006475,100,True,Zeri,182693,19,Alistar,551062,53
KR_8338006475,200,False,Corki,9590,3,Nautilus,694055,66
KR_8337976233,100,False,Syndra,31241,5,Nautilus,694055,66
KR_8337976233,200,True,Ezreal,27797,5,Thresh,1479269,137
KR_8337950605,100,True,Syndra,52923,7,Leona,498803,48
KR_8337950605,200,False,Jhin,99438,12,Nautilus,694055,66
KR_8337915169,100,False,Kaisa,152858,17,Camille,30246,5
KR_8337915169,200,True,Taliyah,70501,9,Shen,85854,10
KR_8337860674,100,True,MissFortune,45515,7,Shen,8313,3
KR_8337860674,200,False,Kaisa,10073,3,Braum,10996,3
KR_8337814224,100,False,Kaisa,10073,3,Camille,50757,7
KR_8337814224,200,True,Jhin,24722,5,Pyke,5513,2
KR_8337398020,100,False,Ezreal,1000704,94,Nautilus,69126,9
KR_8337398020,200,True,Lucian,671771,64,Milio,27982,5
KR_8337369390,100,True,Jinx,18012,4,Alistar,552375,53
KR_8337369390,200,False,Kaisa,19802,4,Rell,110362,13
KR_8354431188,100,False,Jhin,33675,6,Poppy,440032,43
KR_8354431188,200,True,Diana,13796,4,Alistar,427479,41
KR_8352222522,100,False,Velkoz,280055,28,Blitzcrank,52255,7
KR_8352222522,200,True,Kalista,116161,13,Senna,5444429,498
KR_8352165052,100,False,Jayce,126219,14,Seraphine,10025,3
KR_8352165052,200,True,Ezreal,507705,49,Senna,5444429,498
KR_8351269056,100,False,Zeri,49757,7,Lulu,13558,4
KR_8351269056,200,True,Senna,369034,36,Poppy,68538,9
KR_8350806858,100,False,Yunara,162277,17,Bard,6046,3
KR_8350806858,200,True,Xayah,101706,12,Nautilus,19659,4
KR_8352617010,100,False,Kaisa,76828,10,Blitzcrank,713117,67
KR_8352617010,200,True,Ezreal,643009,61,Sona,1551333,134
KR_8350846418,100,True,Yunara,525914,50,Lulu,7151,3
KR_8350846418,200,False,Ezreal,73671,9,Braum,39066,6
KR_8344644463,100,True,MissFortune,6535,3,Nautilus,4989,2
KR_8344644463,200,False,Viktor,99573,12,Blitzcrank,57957,8
KR_8341349671,100,False,Ezreal,956488,90,Chogath,565229,54
KR_8341349671,200,True,Kaisa,557632,53,Bard,154943,17
KR_8351139646,100,False,Ezreal,73812,9,Karma,490804,47
KR_8351139646,200,True,Ashe,60376,8,Seraphine,291931,29
KR_8348528260,100,True,Ezreal,59387,8,Bard,295947,30
KR_8348528260,200,False,Jhin,68932,9,Karma,201334,21
KR_8348504037,100,False,Ezreal,579939,55,Syndra,101494,12
KR_8348504037,200,True,Jhin,134378,15,Camille,7158,3
KR_8348445415,100,True,Varus,68968,9,Leona,349894,34
KR_8348445415,200,False,Zeri,303451,30,Alistar,299089,30
KR_8346396129,100,True,Tristana,49387,7,Rakan,248725,25
KR_8346396129,200,False,Caitlyn,243889,25,Bard,585069,56
KR_8346363160,100,False,Kaisa,293729,29,Neeko,154008,17
KR_8346363160,200,True,Tristana,78253,10,Alistar,299089,30
KR_8346150404,100,True,MissFortune,56658,8,Camille,51312,7
KR_8346150404,200,False,Jhin,12824,4,Nautilus,45317,7
KR_8345687717,100,False,Corki,116451,13,Jax,15868,4
KR_8345687717,200,True,KogMaw,568392,54,Lulu,40570,6
KR_8344411991,100,True,Jhin,39608,6,Karma,201334,21
KR_8344411991,200,False,Lucian,151199,16,Milio,19211,4
KR_8343780693,100,True,Kaisa,245701,25,Karma,201123,21
KR_8343780693,200,False,Viktor,26912,5,Pantheon,1112065,98
KR_8343599205,100,False,Yasuo,35423,6,Nautilus,566495,54
KR_8343599205,200,True,Ezreal,59796,8,Bard,585069,56
KR_8343184103,100,False,Jhin,6041,3,Karma,397832,39
KR_8343184103,200,True,Ezreal,202355,21,Rell,6003201,501
KR_8338020595,100,False,Varus,114427,13,Elise,44274,7
KR_8338020595,200,True,Kalista,10088,3,Rell,29768,5
KR_8352950146,100,True,Ashe,6251,3,Bard,205551,21
KR_8352950146,200,False,MissFortune,56658,8,Nautilus,367039,36
KR_8350988190,100,False,Xayah,100213,12,Rell,6003201,501
KR_8350988190,200,True,Yunara,474014,46,Rakan,711019,67
KR_8350713575,100,False,Xayah,64378,8,Taric,848940,80
KR_8350713575,200,True,Taliyah,482642,47,Galio,153928,15
KR_8350613905,100,False,Yunara,26259,5,Nautilus,694055,66
KR_8350613905,200,True,Kaisa,76765,10,Leona,215568,22
KR_8350567684,100,False,Viego,293289,29,Sejuani,7131,3
KR_8350567684,200,True,Zeri,49757,7,Rell,215875,22
KR_8350518136,100,True,Kaisa,241987,25,Pantheon,227427,23
KR_8350518136,200,False,Tristana,27986,5,Rakan,711019,67
KR_8350409999,100,True,Ezreal,12179,3,Braum,481918,46
KR_8350409999,200,False,Kaisa,12495,3,Rell,19052,4
KR_8350360229,100,True,Kalista,285688,29,Neeko,48374,7
KR_8350360229,200,False,Kaisa,241987,25,Rakan,34263,6
KR_8349104407,100,False,Draven,174997,19,Pyke,298385,30
KR_8349104407,200,True,Zeri,610022,58,Leona,215568,22
KR_8349085147,100,True,Kaisa,232566,24,Nautilus,367039,36
KR_8349085147,200,False,Jhin,32011,6,Bard,25671,5
KR_8346371793,100,False,Xayah,7505,3,Rakan,542816,52
KR_8346371793,200,True,Qiyana,1290390,120,Pantheon,135216,15
KR_8346354148,100,True,Jhin,277107,27,Rell,215875,22
KR_8346354148,200,False,Yunara,63575,8,Alistar,242297,25
KR_8346330046,100,True,Yunara,59495,8,Rell,102831,12
KR_8346330046,200,False,Kaisa,423591,41,Alistar,743047,70
KR_8346260403,100,False,Ziggs,71039,9,Elise,25622,5
KR_8346260403,200,True,Jhin,557421,53,Rakan,711019,67
KR_8346161183,100,False,Xayah,38392,6,Rakan,711019,67
KR_8346161183,200,True,Kaisa,195158,20,Poppy,35059,6
KR_8346099776,100,True,Tristana,4887,2,Bard,88518,11
KR_8346099776,200,False,Corki,235107,24,Poppy,27915,5
KR_8346030753,100,True,Corki,9667,3,Nautilus,41611,6
KR_8346030753,200,False,Lucian,216123,22,Braum,481918,46
KR_8346010059,100,False,Kaisa,627699,60,Rakan,76853,10
KR_8346010059,200,True,Yunara,93066,11,Braum,481918,46
KR_8345892833,100,True,Tristana,306008,30,Nautilus,367039,36
KR_8345892833,200,False,Ezreal,377187,37,Poppy,72803,9
KR_8354655025,100,True,Zed,16607,4,Blitzcrank,348718,34
KR_8354655025,200,False,Aphelios,7374,3,Thresh,1479269,137
KR_8353766821,100,True,Draven,191860,20,Thresh,104525,12
KR_8353766821,200,False,Kalista,257115,26,Elise,959,1
KR_8346823588,100,False,Caitlyn,120149,14,Lux,13939,4
KR_8346823588,200,True,Kaisa,640068,61,Rell,317058,31
KR_8346722078,100,True,Draven,742841,70,Nautilus,98852,12
KR_8346722078,200,False,Caitlyn,257113,26,Braum,3539,2
KR_8345340154,100,True,Ezreal,1828546,169,Karma,10256,3
KR_8345340154,200,False,Zeri,172822,18,Yuumi,28557,5
KR_8345292878,100,False,Zeri,64591,8,Yuumi,9164,3
KR_8345292878,200,True,Lucian,115723,13,Karma,95393,11
KR_8341741258,100,True,Syndra,46832,7,Alistar,176266,19
KR_8341741258,200,False,Corki,94093,11,Braum,481918,46
KR_8338777174,100,False,Ashe,71185,9,Elise,100874,12
KR_8338777174,200,True,Yunara,66458,9,Camille,40695,6
KR_8354740023,100,True,Jhin,227095,23,Rell,33275,6
KR_8354740023,200,False,Corki,106506,12,Alistar,410778,40
KR_8354482949,100,False,Velkoz,909340,85,Alistar,410778,40
KR_8354482949,200,True,Kaisa,3017,2,Poppy,169813,18
KR_8345818335,100,False,Draven,174997,19,Thresh,827557,78
KR_8345818335,200,True,Ezreal,1079305,101,Alistar,96699,11
KR_8345792173,100,True,Zeri,9873,3,Alistar,48233,7
KR_8345792173,200,False,Viktor,53632,8,Camille,39254,6
KR_8345753383,100,True,Caitlyn,475657,46,Senna,40473,6
KR_8345753383,200,False,Tristana,44295,7,Nautilus,455044,44
KR_8345719664,100,False,Ezreal,30858,5,Karma,56833,8
KR_8345719664,200,True,Ziggs,95015,11,Nautilus,455044,44
KR_8341622031,100,True,Xayah,9912,3,Rakan,15389,4
KR_8341622031,200,False,Kaisa,74846,9,Rell,389163,38
KR_8340096372,100,False,Jhin,69769,9,Rell,2498772,230
KR_8340096372,200,True,Corki,94093,11,Alistar,410778,40
KR_8338598832,100,False,Xerath,2823,2,Elise,20743,4
KR_8338598832,200,True,Ezreal,149413,16,Bard,152392,16
KR_8354710076,100,True,Kaisa,4201,2,Nautilus,140948,15
KR_8354710076,200,False,Jhin,99635,12,Karma,62747,8
KR_8350775744,100,True,Aphelios,349115,34,Lulu,73216,9
KR_8350775744,200,False,Singed,2357013,150,Camille,4658,2
KR_8350690096,100,True,Varus,32028,6,Braum,326799,32
KR_8350690096,200,False,Ezreal,220864,23,Leona,411099,40
KR_8349873273,100,True,Kaisa,627699,60,Nautilus,45317,7
KR_8349873273,200,False,Taliyah,46518,7,Pantheon,48738,7
KR_8349586621,100,False,Jhin,435738,42,Karma,80299,10
KR_8349586621,200,True,Tristana,91439,11,Yuumi,49126,7
KR_8343636050,100,False,Lucian,145590,16,Milio,91687,11
KR_8343636050,200,True,Caitlyn,48845,7,Bard,312349,31
KR_8338791767,100,True,Kaisa,4201,2,Amumu,4100,2
KR_8338791767,200,False,Caitlyn,79262,10,Thresh,116834,13
KR_8338726068,100,True,Xayah,163862,18,Nautilus,98852,12
KR_8338726068,200,False,Lucian,397002,39,Milio,7741,3
KR_8338444426,100,True,Kaisa,681646,65,Sylas,654472,62
KR_8338444426,200,False,Ezreal,59387,8,Rengar,3421704,314
KR_8355249172,100,True,Yasuo,49316,7,Alistar,4143,2
KR_8355249172,200,False,Kaisa,195158,20,Hwei,136245,15
KR_8355219662,100,False,Mel,91813,11,Nautilus,69583,9
KR_8355219662,200,True,Xayah,208157,22,Thresh,1799012,166
KR_8355047650,100,False,Yasuo,1711429,158,Swain,60652,8
KR_8355047650,200,True,Kalista,317965,32,Nautilus,156272,17
KR_8354996059,100,False,Ezreal,104725,12,Blitzcrank,26223,5
KR_8354996059,200,True,Yasuo,1711429,158,Nautilus,6386,3
KR_8354639765,100,True,Yasuo,1711429,158,Maokai,4334117,397
KR_8354639765,200,False,Yunara,265719,27,Rengar,578948,55
KR_8354587207,100,True,Caitlyn,312425,31,Yasuo,1711429,158
KR_8354587207,200,False,Yunara,144951,16,Neeko,194893,20
KR_8354539836,100,True,Yasuo,1711429,158,JarvanIV,126788,14
KR_8354539836,200,False,Kaisa,19093,4,Alistar,427479,41
KR_8353169451,100,True,Yasuo,1711429,158,Lulu,357747,35
KR_8353169451,200,False,Lucian,91862,11,Bard,321006,32
KR_8353099141,100,True,Zeri,152736,17,Yuumi,3152,2
KR_8353099141,200,False,Karthus,135117,15,Pantheon,27961,5
KR_8353081512,100,False,Yunara,42744,7,Senna,299255,30
KR_8353081512,200,True,Yasuo,1711429,158,Nautilus,265311,27
KR_8351613054,100,True,Yunara,57037,8,Pyke,49278,7
KR_8351613054,200,False,Zeri,1068060,100,Bard,47019,7
KR_8348725969,100,False,Yasuo,1711429,158,Nautilus,5515,2
KR_8348725969,200,True,Zeri,23260,5,Rell,62020,8
KR_8348028949,100,True,Yunara,93066,11,Yuumi,17110,4
KR_8348028949,200,False,Tristana,253992,26,Lulu,202720,21
KR_8346528961,100,False,Yasuo,1711429,158,Rell,40976,6
KR_8346528961,200,True,Kaisa,743095,70,Alistar,21089,4
KR_8344048058,100,False,Karthus,1705346,112,Maokai,1293136,110
KR_8344048058,200,True,Xerath,52687,7,Nautilus,32988,6
KR_8342558238,100,True,Cassiopeia,3847942,352,Nautilus,4201,2
KR_8342558238,200,False,Yasuo,1711429,158,Alistar,61353,8
KR_8340652665,100,False,Zeri,17360,4,DrMundo,29105,5
KR_8340652665,200,True,Zed,586541,56,Rakan,309296,31
KR_8352458948,100,False,Caitlyn,245503,25,Rakan,283223,28
KR_8352458948,200,True,Zeri,62342,8,Nautilus,91892,11
KR_8352396226,100,True,Lucian,22974,5,Milio,20875,4
KR_8352396226,200,False,Zeri,62342,8,Rakan,144153,16
KR_8352340313,100,False,Tristana,19458,4,Lulu,19447,4
KR_8352340313,200,True,Zeri,348286,34,Neeko,18620,4
KR_8348279970,100,True,Zeri,303451,30,Rakan,169768,18
KR_8348279970,200,False,Kaisa,24524,5,Neeko,41509,6
KR_8347102257,100,True,Kaisa,99429,12,Nautilus,23839,5
KR_8347102257,200,False,Syndra,2054,2,Senna,40473,6
KR_8343158676,100,True,Zeri,303451,30,Rell,166828,18
KR_8343158676,200,False,Jhin,75100,9,Bard,585069,56
KR_8341516122,100,True,Kaisa,18176,4,Rakan,140314,15
KR_8341516122,200,False,Sivir,134418,15,Bard,169539,18
KR_8339819399,100,False,Yunara,131173,15,Pantheon,27500,5
KR_8339819399,200,True,Nilah,190238,20,Senna,2708,2
KR_8338795204,100,False,Kaisa,432436,42,Rell,139400,15
KR_8338795204,200,True,Syndra,16959,4,Shen,20768,4
KR_8352975305,100,False,Ezreal,810269,76,Bard,312349,31
KR_8352975305,200,True,Kaisa,443972,43,Rell,549070,53
KR_8352734159,100,True,Jhin,44138,7,Shen,59413,8
KR_8352734159,200,False,Caitlyn,199728,21,Camille,178785,19
KR_8352659947,100,True,Ezreal,504161,48,Bard,171436,18
KR_8352659947,200,False,Jhin,353726,35,Karma,62747,8
KR_8352026311,100,False,Kaisa,325816,32,Pantheon,23508,5
KR_8352026311,200,True,Ezreal,272196,27,Seraphine,10025,3
KR_8351482454,100,True,Zeri,102406,12,Camille,51312,7
KR_8351482454,200,False,Ezreal,55907,8,Maokai,22736,5
KR_8351454534,100,False,Xayah,67922,9,Rakan,25923,5
KR_8351454534,200,True,Kaisa,491801,47,Nautilus,43370,7
KR_8351345239,100,False,Kennen,352280,35,Urgot,3928903,326
KR_8351345239,200,True,Ziggs,184504,19,Leona,541335,52
KR_8351192917,100,True,Kalista,915061,86,Camille,115370,13
KR_8351192917,200,False,Kaisa,402478,39,Pyke,22485,5
KR_8350961148,100,False,Corki,111277,13,Neeko,61447,8
KR_8350961148,200,True,Lucian,22974,5,Milio,24858,5
KR_8350817306,100,False,Katarina,804922,76,Thresh,1799012,166
KR_8350817306,200,True,Corki,210384,22,Nautilus,130975,15
KR_8350739226,100,False,Lucian,22974,5,Taric,33565,6
KR_8350739226,200,True,Varus,32028,6,Shen,43629,7
KR_8350673759,100,False,Kaisa,8275,3,Rell,71843,9
KR_8350673759,200,True,Jhin,26539,5,Bard,22280,5
KR_8352468745,100,True,Yunara,273116,27,Lulu,330040,33
KR_8352468745,200,False,Jhin,555358,53,Bard,585069,56
KR_8352405387,100,True,Galio,61335,8,Bard,585069,56
KR_8352405387,200,False,Syndra,125495,14,Pantheon,54929,8
KR_8352334973,100,True,Viktor,30806,5,Shen,42725,7
KR_8352334973,200,False,Ashe,343651,34,Soraka,109317,13
KR_8352277456,100,False,Viktor,19046,4,Braum,20001,4
KR_8352277456,200,True,Caitlyn,584216,56,Poppy,19813,4
KR_8354855651,100,True,Viktor,28006,5,Thresh,72883,9
KR_8354855651,200,False,Kaisa,190101,20,Leona,50633,7
KR_8354818136,100,True,Taliyah,373930,37,Pantheon,55246,8
KR_8354818136,200,False,Kaisa,96841,11,Maokai,42520,6
KR_8354758075,100,False,Jinx,174112,18,Thresh,39704,6
KR_8354758075,200,True,Zeri,7838,3,Lulu,25935,5
KR_8354085917,100,True,Cassiopeia,1557498,144,Leona,349894,34
KR_8354085917,200,False,Ezreal,27951,5,Blitzcrank,106595,12
KR_8353282296,100,False,Kalista,699,1,Nautilus,6023,3
KR_8353282296,200,True,Velkoz,280055,28,Pyke,213129,22
KR_8352898376,100,True,Aphelios,39739,6,Seraphine,778738,73
KR_8352898376,200,False,KogMaw,766054,72,Nautilus,8400,3
KR_8352199057,100,False,Ezreal,67769,9,Blitzcrank,91634,11
KR_8352199057,200,True,KogMaw,1058337,99,Rakan,1216542,113
KR_8352130949,100,True,Syndra,28803,5,Renata,20777,4
KR_8352130949,200,False,MissFortune,47982,7,Bard,27413,5
KR_8352102046,100,False,Zeri,303451,30,Pyke,645187,61
KR_8352102046,200,True,Tristana,30483,5,Lulu,61380,8
KR_8349112639,100,False,Lucian,9549,3,Janna,3092,2
KR_8349112639,200,True,Nasus,12142,3,Alistar,15237,4
KR_8346624566,100,False,Jinx,243846,25,Nautilus,694055,66
KR_8346624566,200,True,Yunara,313864,31,Lulu,32338,6
KR_8346524154,100,False,Lucian,91862,11,Braum,1392,1
KR_8346524154,200,True,Kaisa,743095,70,Pantheon,87383,11
KR_8346086234,100,True,Jinx,130503,14,Lulu,395590,39
KR_8346086234,200,False,Jhin,44138,7,Senna,299255,30
KR_8343977605,100,False,Kaisa,137290,15,Alistar,18295,4
KR_8343977605,200,True,Kalista,267373,27,Maokai,22736,5
KR_8343848374,100,True,Tristana,31849,6,Sylas,114918,13
KR_8343848374,200,False,Caitlyn,62568,8,Braum,6808,3
KR_8343832734,100,True,Kaisa,32579,6,Galio,112064,13
KR_8343832734,200,False,Jhin,274372,28,Blitzcrank,29002,5
KR_8343823404,100,False,Mel,40965,6,Rell,39937,6
KR_8343823404,200,True,Corki,109350,13,Galio,112064,13
KR_8342621668,100,False,Ezreal,42837,7,Blitzcrank,29002,5
KR_8342621668,200,True,Kaisa,732682,69,Leona,114540,13
KR_8342561706,100,False,Jhin,11249,3,Lux,120431,14
KR_8342561706,200,True,Tristana,30483,5,Lulu,61380,8
KR_8354794090,100,False,Tristana,66039,9,Elise,213268,22
KR_8354794090,200,True,Kaisa,190101,20,Camille,256570,26
KR_8354520111,100,False,Jinx,450789,44,Bard,22280,5
KR_8354520111,200,True,Taliyah,218448,22,Pantheon,21894,5
KR_8354475382,100,False,Tristana,18706,4,Rengar,468947,45
KR_8354475382,200,True,Zeri,261917,26,Blitzcrank,898241,84
KR_8352684560,100,False,Kalista,267373,27,Renata,20777,4
KR_8352684560,200,True,Ezreal,177930,19,Alistar,38412,6
KR_8352638740,100,False,Caitlyn,475657,46,Bard,10711,3
KR_8352638740,200,True,Jhin,74387,9,Shen,59413,8
KR_8352591329,100,False,Ezreal,657853,62,Karma,72002,9
KR_8352591329,200,True,Sivir,1630,1,Rell,102831,12
KR_8352519611,100,False,Corki,159848,17,Karma,72002,9
KR_8352519611,200,True,Viktor,49851,7,Rell,119290,13
KR_8352072795,100,False,Zeri,610022,58,Bard,422635,41
KR_8352072795,200,True,Aphelios,8766,3,Thresh,111260,13
KR_8352046008,100,False,Jhin,74387,9,Poppy,55748,8
KR_8352046008,200,True,Zeri,610022,58,Pantheon,83211,10
KR_8351950464,100,False,Ezreal,363752,36,Karma,9790,3
KR_8351950464,200,True,Jinx,984058,92,Milio,8006,3
KR_8351832314,100,True,Karma,41297,6,Shen,30887,5
KR_8351832314,200,False,Jhin,74387,9,Senna,412144,40
KR_8351780775,100,False,Caitlyn,153080,17,Bard,96178,11
KR_8351780775,200,True,Yunara,313864,31,Lulu,262846,27
KR_8351738801,100,False,Yunara,106453,12,Blitzcrank,88795,11
KR_8351738801,200,True,Caitlyn,90131,11,Lux,1424,1
KR_8351709754,100,True,Yunara,40231,6,Lulu,46159,7
KR_8351709754,200,False,Kaisa,426357,41,Karma,8797,3
KR_8348599015,100,True,Lucian,143609,16,Nautilus,24429,5
KR_8348599015,200,False,Ezreal,160426,17,Camille,3149,2
KR_8347980170,100,True,Ziggs,20303,4,Camille,14561,4
KR_8347980170,200,False,Syndra,653823,62,Pantheon,19370,4
KR_8347448205,100,True,Yunara,131341,15,Lulu,66566,9
KR_8347448205,200,False,Viktor,44954,7,Camille,22467,5
KR_8347409827,100,False,Corki,23965,5,Braum,19480,4
KR_8347409827,200,True,Ezreal,590136,56,Nidalee,12989,4
KR_8347384126,100,True,Jhin,169797,18,Bard,24031,5
KR_8347384126,200,False,Ashe,7907,3,Nautilus,730578,69
KR_8347327157,100,True,Sivir,185222,19,Camille,10553,3
KR_8347327157,200,False,Yunara,27205,5,Rell,14790,4
KR_8346361985,100,True,Kalista,198171,21,Pyke,58843,8
KR_8346361985,200,False,Jhin,17978,4,Karma,397832,39
KR_8345317328,100,True,Ezreal,177930,19,Leona,17533,4
KR_8345317328,200,False,Kaisa,114856,13,Pantheon,35568,6
KR_8345298408,100,True,Jhin,169797,18,Camille,1395,1
KR_8345298408,200,False,Samira,218593,22,Nautilus,6563,3
KR_8344917382,100,False,Kaisa,190101,20,Nautilus,186821,20
KR_8344917382,200,True,Kalista,143923,16,Senna,5444429,498
KR_8344623440,100,True,Seraphine,672048,64,Alistar,52358,7
KR_8344623440,200,False,Yasuo,1616266,150,Rell,42154,6
KR_8344522500,100,True,Jhin,239322,24,Bard,585069,56
KR_8344522500,200,False,Karthus,719404,68,Shen,72216,9
KR_8344479552,100,True,Yunara,34843,6,Alistar,14210,4
KR_8344479552,200,False,Ezreal,419134,41,Janna,225881,23
KR_8342126404,100,False,Yunara,154062,17,Zilean,23055,5
KR_8342126404,200,True,Xayah,11478,3,Bard,257529,26
KR_8354149943,100,True,Yasuo,2812,2,Senna,299255,30
KR_8354149943,200,False,Aphelios,264845,27,Alistar,49640,7
KR_8354139930,100,False,Corki,128407,14,Nautilus,160897,17
KR_8354139930,200,True,Caitlyn,30776,5,Bard,417008,41
KR_8354127500,100,False,Cassiopeia,43752,7,Pantheon,19370,4
KR_8354127500,200,True,Lucian,19268,4,Milio,110705,13
KR_8354123060,100,True,Kaisa,74713,9,Pyke,59815,8
KR_8354123060,200,False,Yunara,53814,8,Leona,214794,21
KR_8354063241,100,False,Kaisa,709591,67,Rell,6003201,501
KR_8354063241,200,True,Jhin,55487,8,Camille,107987,12
KR_8353988433,100,False,Draven,590655,56,Camille,53864,8
KR_8353988433,200,True,Ezreal,69718,9,Pyke,55230,8
KR_8353835511,100,False,Draven,48368,7,Pyke,730169,69
KR_8353835511,200,True,Caitlyn,584216,56,Bard,321229,32
KR_8353760485,100,True,Ezreal,65482,9,Karma,145590,16
KR_8353760485,200,False,Caitlyn,14738,4,Bard,1584554,147
KR_8353656980,100,True,Tristana,158740,17,Lulu,5663,2
KR_8353656980,200,False,Yasuo,2812,2,Akshan,582738,56
KR_8353506950,100,False,Kaisa,74713,9,Maokai,2085319,161
KR_8353506950,200,True,Aphelios,53321,7,Alistar,369642,36
KR_8353024835,100,True,Corki,66944,9,Bard,25767,5
KR_8353024835,200,False,MissFortune,182935,19,Shen,14296,4
KR_8355244350,100,False,Caitlyn,39886,6,Lux,7579,3
KR_8355244350,200,True,Ezreal,535923,51,Karma,5752,2
KR_8355231298,100,True,Jhin,57014,8,Alistar,103888,12
KR_8355231298,200,False,Kalista,915061,86,Taric,6900,3
KR_8355201794,100,False,Syndra,35732,6,Leona,7104,3
KR_8355201794,200,True,Zyra,4641,2,Poppy,174253,18
KR_8355160882,100,False,Jhin,201051,21,Bard,422635,41
KR_8355160882,200,True,Kaisa,325816,32,Rakan,119968,14
KR_8354657830,100,True,Zeri,199872,21,Rell,81748,10
KR_8354657830,200,False,Kaisa,266836,27,Nautilus,228644,23
KR_8355199242,100,False,Syndra,29945,5,Maokai,1915403,169
KR_8355199242,200,True,Yone,169611,18,Alistar,42018,6
KR_8354661120,100,True,Lucian,3126,2,JarvanIV,126788,14
KR_8354661120,200,False,Sivir,31919,6,Nautilus,2422,2
KR_8352955917,100,True,MissFortune,7997288,730,Leona,5321,2
KR_8352955917,200,False,Kaisa,713667,68,Alistar,4940,2
KR_8349766703,100,False,Ezreal,378059,37,Karma,357933,35
KR_8349766703,200,True,Jhin,134378,15,Pyke,30615,5
KR_8348599948,100,False,Aphelios,197198,21,Thresh,725469,69
KR_8348599948,200,True,Draven,1226,1,Pyke,42232,6
KR_8348579628,100,True,Sivir,31919,6,Senna,299255,30
KR_8348579628,200,False,Katarina,383007,37,Camille,89403,11
KR_8346239039,100,True,Yunara,188365,20,Seraphine,259392,26
KR_8346239039,200,False,Ashe,35847,7,Bard,59001,8
KR_8346198216,100,True,Jhin,158176,17,Karma,95393,11
KR_8346198216,200,False,Ezreal,883980,83,Bard,11422,3
KR_8345071252,100,False,Jhin,122738,14,Bard,307569,31
KR_8345071252,200,True,Ezreal,101947,12,Nautilus,460427,44
KR_8343435342,100,True,Ziggs,40401,6,Bard,374806,37
KR_8343435342,200,False,Kaisa,262030,26,Karma,61473,8
KR_8341791070,100,False,Ezreal,24324,5,Bard,86104,10
KR_8341791070,200,True,Jhin,315133,31,Xerath,10240,3
KR_8340238290,100,True,Ezreal,470828,45,Nautilus,75413,9
KR_8340238290,200,False,Aphelios,412542,40,Pyke,213129,22
KR_8337915748,100,False,Lucian,464346,45,Milio,99946,12
KR_8337915748,200,True,Mel,81477,10,Blitzcrank,89493,11
KR_8337877164,100,False,Caitlyn,331583,33,Alistar,466246,45
KR_8337877164,200,True,Sivir,31919,6,Taric,1650069,152
KR_8337803631,100,False,Xerath,263019,27,TahmKench,1924352,178
KR_8337803631,200,True,Ziggs,2011818,186,Alistar,3707,2
KR_8337738922,100,False,Corki,217850,22,Rakan,330005,33
KR_8337738922,200,True,Jhin,446115,43,Alistar,658244,62
KR_8350365032,100,False,Yunara,5995,2,Taric,152885,17
KR_8350365032,200,True,Kaisa,632980,60,Shen,56627,8
KR_8348508178,100,False,Yunara,69650,9,Milio,41804,6
KR_8348508178,200,True,Hwei,43594,7,Rell,6003201,501
KR_8348449823,100,True,Caitlyn,144476,16,Senna,299255,30
KR_8348449823,200,False,Viktor,45258,7,Thresh,46599,7
KR_8348385755,100,False,Kaisa,632980,60,Pyke,1778095,164
KR_8348385755,200,True,Ezreal,87058,11,Karma,118657,13
KR_8348002883,100,False,Kalista,20952,4,Renata,17372,4
KR_8348002883,200,True,Yunara,69650,9,Lulu,48948,7
KR_8342817813,100,False,Yunara,131173,15,Lulu,43018,7
KR_8342817813,200,True,Ezreal,540611,52,Bard,187712,20
KR_8340516686,100,False,Kaisa,632980,60,JarvanIV,3286,2
KR_8340516686,200,True,Viktor,58129,8,Shen,51140,7
KR_8340486109,100,False,Jhin,265260,27,Nautilus,367039,36
KR_8340486109,200,True,Ezreal,540611,52,Bard,307569,31
KR_8340442519,100,True,Yasuo,2418863,223,Sejuani,76904,10
KR_8340442519,200,False,Jhin,5670449,502,Rell,49259,7
KR_8339802782,100,False,Xayah,253689,26,Brand,12404,3
KR_8339802782,200,True,Kaisa,104305,12,Nautilus,31128,5
KR_8339150221,100,True,Mel,12563,3,Camille,12868,4
KR_8339150221,200,False,Ashe,258824,26,Pyke,8777,3
KR_8339087438,100,True,Kaisa,211784,22,Camille,139867,15
KR_8339087438,200,False,Tristana,78372,10,Leona,221842,23
KR_8339002466,100,True,Xayah,94488,11,Renata,32639,6
KR_8339002466,200,False,Kaisa,195158,20,Rakan,711019,67
KR_8338264682,100,True,Lucian,324932,32,Milio,87081,11
KR_8338264682,200,False,Ezreal,304508,30,Karma,373285,37
KR_8345002851,100,True,Sivir,27417,5,Bard,374806,37
KR_8345002851,200,False,Karthus,8940,3,Shen,66589,9
KR_8344889642,100,False,Yunara,373347,37,Braum,13542,4
KR_8344889642,200,True,Kaisa,339098,33,Camille,37941,6
KR_8339014716,100,True,Vayne,233616,22,Lulu,3751316,344
KR_8339014716,200,False,Viktor,24987,5,Blitzcrank,79139,10
KR_8338464392,100,True,Corki,43009,7,Poppy,423848,41
KR_8338464392,200,False,Aphelios,633963,60,Lulu,666,1
KR_8338311689,100,True,Ezreal,904773,85,Blitzcrank,13670,4
KR_8338311689,200,False,Lucian,78892,10,Milio,87081,11
KR_8338052587,100,False,Ezreal,594136,57,Leona,215568,22
KR_8338052587,200,True,Caitlyn,48845,7,Karma,49408,7
KR_8338021569,100,False,Caitlyn,88291,11,Lux,3701337,303
KR_8338021569,200,True,Ezreal,1391375,129,Karma,114885,13
KR_8337901597,100,True,Jhin,5670449,502,Shen,85648,10
KR_8337901597,200,False,Ezreal,38964,6,Karma,132307,15
KR_8337134250,100,False,Viktor,43842,7,Nautilus,77916,10
KR_8337134250,200,True,Yunara,412702,40,Camille,20371,4
KR_8354584712,100,False,Zed,468642,45,Rammus,7854698,641
KR_8354584712,200,True,Xerath,6370603,581,Camille,107987,12
KR_8353919881,100,False,Caitlyn,89144,11,Bard,59901,8
KR_8353919881,200,True,Ezreal,97265,11,Camille,419871,41
KR_8353579301,100,True,MissFortune,3335,2,Rakan,227428,23
KR_8353579301,200,False,Yunara,35815,6,Rell,23530,5
KR_8353491178,100,False,Jhin,22589,5,Karma,4658,2
KR_8353491178,200,True,Seraphine,106983,12,Pantheon,10595,3
KR_8352488276,100,True,Karthus,719404,68,Camille,16849,4
KR_8352488276,200,False,Cassiopeia,1042742,96,Shen,1706,1
KR_8347818155,100,True,Aphelios,320346,32,Lulu,7145,3
KR_8347818155,200,False,Kaisa,743095,70,Nautilus,4059,2
KR_8347510216,100,True,KogMaw,766054,72,Lulu,4732,2
KR_8347510216,200,False,Cassiopeia,1183814,110,Rell,837,1
KR_8354503315,100,True,Corki,31709,6,Rell,189939,20
KR_8354503315,200,False,Lucian,1743,1,Milio,20044,4
KR_8354465728,100,True,Kalista,52259,7,Kled,62620,8
KR_8354465728,200,False,Hwei,37159,6,Pantheon,33562,6
KR_8354438544,100,True,Yunara,412702,40,Alistar,382432,37
KR_8354438544,200,False,Kaisa,54692,8,Rell,6003201,501
KR_8354429178,100,True,Mel,19535,4,Camille,33648,6
KR_8354429178,200,False,Ziggs,226459,23,Nautilus,151161,16
KR_8354383809,100,True,Sivir,82313,10,Velkoz,1781476,149
KR_8354383809,200,False,Kaisa,37408,6,Alistar,13551,4
KR_8354344919,100,False,Velkoz,280055,28,Pyke,645187,61
KR_8354344919,200,True,Yunara,73701,9,Rakan,525759,50
KR_8348982361,100,False,Zeri,43757,7,Bard,79599,10
KR_8348982361,200,True,Cassiopeia,93334,11,Rell,166828,18
KR_8348943353,100,True,Xayah,162476,17,Rakan,45428,7
KR_8348943353,200,False,Kaisa,598936,57,Rell,317058,31
KR_8347873121,100,False,Xayah,338596,33,Lulu,186618,20
KR_8347873121,200,True,Kaisa,264287,27,Anivia,91126,11
KR_8347836914,100,False,Kalista,198171,21,Skarner,101520,12
KR_8347836914,200,True,Kaisa,264287,27,Shen,7458,3
KR_8347814164,100,True,Yunara,88771,11,Leona,1679,1
KR_8347814164,200,False,Kalista,7611,3,Pyke,21157,4
KR_8347772492,100,True,Velkoz,280055,28,Rell,317058,31
KR_8347772492,200,False,Zeri,9873,3,Yuumi,49126,7
KR_8346761268,100,False,Kaisa,687989,65,Bard,32155,6
KR_8346761268,200,True,Ezreal,176148,19,Skarner,1556916,144
KR_8344547747,100,True,Yasuo,1616266,150,Alistar,13577,4
KR_8344547747,200,False,Kaisa,141285,15,Nautilus,3659,2
KR_8355144177,100,True,Ezreal,53923,8,Leona,349894,34
KR_8355144177,200,False,Corki,5191,2,Camille,45210,7
KR_8355093210,100,False,Corki,32416,6,Nautilus,36447,6
KR_8355093210,200,True,Ezreal,301655,30,Senna,16816,4
KR_8354975347,100,True,Kaisa,51184,7,Rell,310276,31
KR_8354975347,200,False,Xayah,94488,11,Rakan,396040,39
KR_8354914588,100,False,Kaisa,1172,1,Nautilus,70925,9
KR_8354914588,200,True,Syndra,29945,5,Rell,66842,9
KR_8354806483,100,False,Jinx,174112,18,Rell,130723,15
KR_8354806483,200,True,Zeri,33198,6,Bard,21899,5
KR_8354185994,100,True,Yasuo,49316,7,Jax,73379,9
KR_8354185994,200,False,Teemo,4810616,440,Bard,366647,36
KR_8354192304,100,False,Aphelios,162039,17,Lulu,10838,3
KR_8354192304,200,True,Jinx,24146,5,Nautilus,141638,16
KR_8354173937,100,True,Yunara,29128,5,Lulu,885758,83
KR_8354173937,200,False,Corki,222656,23,Nautilus,100507,12
KR_8354173644,100,False,Kaisa,514341,49,Maokai,13799,4
KR_8354173644,200,True,Zed,586541,56,Leona,16447,4
KR_8354157529,100,True,Ezreal,230204,24,Rell,238435,24
KR_8354157529,200,False,Kaisa,100093,12,Nautilus,56511,8
KR_8354148730,100,False,Caitlyn,41378,6,Lux,35863,6
KR_8354148730,200,True,Jhin,56874,8,Seraphine,33626,6
KR_8354128979,100,True,Ezreal,50733,7,Camille,462921,45
KR_8354128979,200,False,Kaisa,564006,54,Nautilus,23357,5
KR_8353997923,100,True,Xayah,162684,17,Rakan,65125,9
KR_8353997923,200,False,Ezreal,73812,9,Rell,6003201,501
KR_8353976587,100,False,Tristana,19458,4,Nautilus,40604,6
KR_8353976587,200,True,Yunara,93915,11,Lulu,6427,3
KR_8355242684,100,True,Syndra,5283,2,Senna,299255,30
KR_8355242684,200,False,Jhin,625454,59,Shen,47821,7
KR_8354839689,100,False,Tristana,23476,5,Nautilus,13871,4
KR_8354839689,200,True,Yunara,79338,10,Lulu,27001,5
KR_8354326205,100,False,Cassiopeia,200265,21,Blitzcrank,26223,5
KR_8354326205,200,True,Tristana,344584,34,Camille,50783,7
KR_8354298186,100,True,Cassiopeia,200265,21,Nautilus,69045,9
KR_8354298186,200,False,Caitlyn,7992,3,Karma,145590,16
KR_8354269782,100,False,Viktor,64914,9,Nautilus,69045,9
KR_8354269782,200,True,Tristana,344584,34,Rell,181442,19
KR_8354262405,100,False,Corki,63987,8,Alistar,271165,27
KR_8354262405,200,True,Tristana,344584,34,Rell,90494,11
KR_8354243196,100,True,Kalista,36718,6,Nautilus,13871,4
KR_8354243196,200,False,Ashe,43949,7,Swain,386,1
KR_8353981239,100,False,Katarina,383007,37,Nautilus,69045,9
KR_8353981239,200,True,Viktor,7812,3,Rell,194413,20
KR_8353924380,100,False,Viktor,196630,21,Rell,90494,11
KR_8353924380,200,True,Hwei,109064,13,Alistar,470726,45
KR_8353754719,100,True,Ezreal,94113,11,Alistar,42933,7
KR_8353754719,200,False,Sivir,11929,3,Camille,29025,5
KR_8353027238,100,False,Tristana,27873,5,Bard,3468394,309
KR_8353027238,200,True,Zeri,13487,4,Senna,103900,12
KR_8352958244,100,True,Yunara,196149,20,Nautilus,730578,69
KR_8352958244,200,False,Smolder,38129,6,Maokai,4334117,397
KR_8350931374,100,True,Ezreal,195357,20,Karma,248320,25
KR_8350931374,200,False,Kaisa,426357,41,Nautilus,394097,38
KR_8344769393,100,True,Kaisa,114856,13,Maokai,824,1
KR_8344769393,200,False,Xayah,73945,9,Rakan,9267,3
KR_8341961346,100,True,Tristana,33583,6,Poppy,583734,56
KR_8341961346,200,False,Kaisa,20440,4,Nautilus,75298,9
KR_8341920175,100,False,Xerath,203313,21,Galio,15616,4
KR_8341920175,200,True,Kaisa,70564,9,Nautilus,8547,3
KR_8341874376,100,True,Sylas,115371,13,Nautilus,34191,6
KR_8341874376,200,False,Ezreal,101544,12,Braum,10867,3
KR_8341835373,100,True,Jhin,34624,6,Alistar,743047,70
KR_8341835373,200,False,Viktor,13384,4,Gragas,121292,14
KR_8341785719,100,True,Corki,102889,12,Nautilus,367039,36
KR_8341785719,200,False,Caitlyn,462417,45,Bard,325051,32
KR_8341658595,100,True,Ezreal,145007,16,Leona,114540,13
KR_8341658595,200,False,Yunara,90623,11,Pyke,213129,22
KR_8341553948,100,True,Viktor,20401,4,Nautilus,460427,44
KR_8341553948,200,False,Sivir,5014,2,Pyke,1778095,164
KR_8341495400,100,True,Viego,580580,55,Camille,40830,6
KR_8341495400,200,False,Yunara,59495,8,Shen,66589,9
KR_8341453394,100,False,Kaisa,112349,13,Leona,417853,41
KR_8341453394,200,True,Xerath,1168539,108,Camille,288656,29
KR_8341415394,100,False,Ziggs,105258,12,Camille,288656,29
KR_8341415394,200,True,Kaisa,225465,23,Shen,57233,8
KR_8341389160,100,False,Kaisa,100093,12,Rell,92203,11
KR_8341389160,200,True,Jhin,36873,6,Pantheon,83211,10
KR_8341341242,100,False,MissFortune,77096,10,Camille,59476,8
KR_8341341242,200,True,Viktor,111306,13,Pyke,185545,19
KR_8341292765,100,False,Varus,99145,12,Pantheon,288320,29
KR_8341292765,200,True,Kaisa,90803,11,Alistar,332619,33
KR_8341243654,100,False,Kaisa,458216,44,Nautilus,460427,44
KR_8341243654,200,True,Ezreal,97265,11,Jhin,69898,9
KR_8341194916,100,True,Yunara,142548,16,Poppy,87815,11
KR_8341194916,200,False,Tristana,63203,8,Lulu,364772,36
KR_8341137467,100,False,Zeri,610022,58,Camille,15504,4
KR_8341137467,200,True,Chogath,565229,54,Leona,6917,3
KR_8341070806,100,False,Jhin,62221,8,Bard,79599,10
KR_8341070806,200,True,Lucian,80195,10,Milio,46301,7
KR_8341029298,100,True,Syndra,72580,9,Rell,507765,49
KR_8341029298,200,False,Cassiopeia,2504228,230,Nautilus,98852,12
KR_8340963895,100,False,Jhin,55128,8,Zilean,3878303,352
KR_8340963895,200,True,Ziggs,1574,1,Camille,288656,29
KR_8348623798,100,False,Kaisa,6115,3,Blitzcrank,7517,3
KR_8348623798,200,True,Xerath,62092,8,Thresh,725469,69
KR_8348613913,100,False,Corki,5778,2,Karma,68218,9
KR_8348613913,200,True,Lucian,9451,3,Thresh,725469,69
KR_8346817984,100,True,Jhin,393362,38,Camille,5144,2
KR_8346817984,200,False,Corki,32817,6,Shen,5663,2
KR_8346522067,100,True,Lucian,17896,4,Taric,10423,3
KR_8346522067,200,False,Kaisa,32060,6,Nautilus,47250,7
KR_8346512385,100,True,Xayah,32782,6,Lulu,327750,32
KR_8346512385,200,False,Kaisa,573929,55,Senna,29205,5
KR_8346498846,100,False,Ezreal,507705,49,Bard,7241,3
KR_8346498846,200,True,Kaisa,389515,38,Rakan,19849,4
KR_8346489760,100,True,Ezreal,507705,49,Alistar,63555,8
KR_8346489760,200,False,Kaisa,423591,41,Camille,35388,6
KR_8346477916,100,True,Draven,250332,25,FiddleSticks,1507933,111
KR_8346477916,200,False,Kaisa,95617,11,Alistar,658244,62
KR_8346462773,100,True,Cassiopeia,88086,11,Nautilus,13816,4
KR_8346462773,200,False,Jhin,277107,27,Zilean,172083,18
KR_8346391740,100,True,Hwei,67015,9,Karma,166662,18
KR_8346391740,200,False,Ezreal,53923,8,Pyke,147798,16
KR_8346349621,100,False,Yunara,224584,23,Lulu,32060,6
KR_8346349621,200,True,Jinx,296625,30,Karma,123962,14
KR_8346316455,100,False,Yasuo,2418863,223,Pyke,109230,13
KR_8346316455,200,True,Ezreal,202355,21,Karma,245434,25
KR_8355237528,100,False,Sivir,147126,16,Lulu,38501,6
KR_8355237528,200,True,Yunara,136172,15,Pyke,645187,61
KR_8352196531,100,True,Jhin,341605,34,Pantheon,54929,8
KR_8352196531,200,False,Ezreal,62595,8,Karma,42487,6
KR_8352146253,100,True,Lucian,6126,3,Milio,27982,5
KR_8352146253,200,False,Jhin,59754,8,Skarner,622934,59
KR_8352105302,100,False,Cassiopeia,20591,4,Nautilus,122563,14
KR_8352105302,200,True,Syndra,28803,5,Pyke,34739,6
KR_8348551657,100,True,MissFortune,56008,8,Rell,236965,24
KR_8348551657,200,False,Corki,3163,2,Nautilus,1016489,95
KR_8348530869,100,False,Jhin,285788,29,Camille,288656,29
KR_8348530869,200,True,Zeri,134574,15,Rakan,170346,18
KR_8345872956,100,False,Ezreal,376044,37,Nautilus,325195,32
KR_8345872956,200,True,Yunara,440179,43,Karma,293630,29
KR_8345839271,100,False,Tristana,40874,6,Leona,18751,4
KR_8345839271,200,True,Kalista,198171,21,Alistar,27953,5
KR_8340455494,100,False,Lucian,10111,3,Milio,135803,15
KR_8340455494,200,True,Ezreal,379232,37,Blitzcrank,158432,17
KR_8340411747,100,True,Jhin,651254,62,Karma,490804,47
KR_8340411747,200,False,Caitlyn,158747,17,Bard,10714,3
KR_8340349202,100,False,Xerath,1168539,108,Poppy,196215,20
KR_8340349202,200,True,Kaisa,211784,22,Neeko,86088,10
KR_8340280572,100,True,Yasuo,2418863,223,Rakan,3173,2
KR_8340280572,200,False,Ezreal,97265,11,Alistar,743047,70
KR_8340234103,100,True,Kaisa,104305,12,Camille,51312,7
KR_8340234103,200,False,Lucian,42226,6,Sylas,482587,46
KR_8340147854,100,True,Jhin,36873,6,Blitzcrank,40144,6
KR_8340147854,200,False,Tristana,54342,8,Camille,107972,12
KR_8340042700,100,True,Lucian,360849,35,Milio,33610,6
KR_8340042700,200,False,Caitlyn,164035,18,Karma,108944,13
KR_8348546633,100,False,Jhin,122056,14,Camille,107972,12
KR_8348546633,200,True,Yone,47034,7,Pantheon,4925,2
KR_8348507774,100,False,Yunara,126920,14,Udyr,2736826,251
KR_8348507774,200,True,Zed,2567815,227,Jax,412293,40
KR_8348467740,100,False,Zed,1295903,120,Shen,66589,9
KR_8348467740,200,True,Zoe,5031679,460,Pyke,60195,8
KR_8348436185,100,True,Viego,293289,29,Braum,2692,2
KR_8348436185,200,False,Ezreal,378059,37,Karma,33348,6
KR_8347462576,100,False,Caitlyn,30776,5,Braum,26715,5
KR_8347462576,200,True,Yunara,29798,5,Pantheon,10454,3
KR_8347374842,100,False,Kalista,198171,21,Renata,52577,7
KR_8347374842,200,True,Caitlyn,147728,16,Karma,204802,21
KR_8344810240,100,True,Viktor,20401,4,Shen,72216,9
KR_8344810240,200,False,Ezreal,173401,18,Bard,300883,30
KR_8344659083,100,True,Ezreal,137938,15,Janna,261709,26
KR_8344659083,200,False,MissFortune,253559,26,Rakan,412177,40
KR_8353868398,100,True,Tristana,35161,6,Blitzcrank,150856,16
KR_8353868398,200,False,Corki,19671,4,Bard,13284,4
KR_8350170705,100,False,Kaisa,92126,11,Camille,104996,12
KR_8350170705,200,True,Xerath,17201,4,Hwei,267451,27
KR_8350130496,100,False,Yunara,92410,11,Lulu,283345,28
KR_8350130496,200,True,Kaisa,92126,11,Rell,127513,14
KR_8347888442,100,True,Kaisa,553314,53,Nautilus,10348,3
KR_8347888442,200,False,Yunara,68207,9,Lulu,9930,3
KR_8347738008,100,True,Cassiopeia,1868186,133,Rell,2296793,210
KR_8347738008,200,False,Viktor,64243,8,Nautilus,69126,9
KR_8347697207,100,False,Jinx,246534,25,Thresh,1103504,103
KR_8347697207,200,True,Tristana,302712,30,Rell,271495,27
KR_8347024622,100,False,Aphelios,3002,2,Thresh,1479269,137
KR_8347024622,200,True,Jinx,36310,6,Alistar,46471,7
KR_8346973967,100,True,Yunara,68207,9,Lulu,203976,21
KR_8346973967,200,False,Jinx,36310,6,TahmKench,9051,3
KR_8346743929,100,False,Draven,742841,70,Nautilus,127479,14
KR_8346743929,200,True,Yunara,68207,9,Braum,79069,10
KR_8345824391,100,True,Karthus,719404,68,Rell,6003201,501
KR_8345824391,200,False,Yunara,68207,9,Braum,236263,24
KR_8345694599,100,True,Caitlyn,148643,16,Bard,37982,6
KR_8345694599,200,False,Viktor,64243,8,Soraka,85813,10
KR_8345635183,100,True,Zeri,9873,3,Rell,320217,32
KR_8345635183,200,False,Kaisa,92126,11,Alistar,644615,61
KR_8345614374,100,True,Yunara,68207,9,Nautilus,438692,43
KR_8345614374,200,False,Kalista,45400,7,Senna,299255,30
KR_8345593119,100,True,Corki,267836,27,Braum,21336,4
KR_8345593119,200,False,Xerath,3949,2,Camille,29121,5
KR_8345514794,100,False,Cassiopeia,649147,62,Maokai,187764,20
KR_8345514794,200,True,Ezreal,547419,52,Karma,522156,50
KR_8344582440,100,False,Kaisa,92126,11,Yuumi,67061,9
KR_8344582440,200,True,Lucian,497586,48,Milio,4687,2
KR_8355182357,100,False,Ezreal,810269,76,Bard,29488,5
KR_8355182357,200,True,Caitlyn,9893,3,Seraphine,26491,5
KR_8355148782,100,True,Ezreal,622798,59,Alistar,185404,19
KR_8355148782,200,False,Tristana,447169,43,Yuumi,562,1
KR_8354461429,100,False,Yunara,93066,11,Braum,20668,4
KR_8354461429,200,True,Yasuo,2418863,223,Mel,13666,4
KR_8353747748,100,True,Tristana,78372,10,Nautilus,59688,8
KR_8353747748,200,False,Caitlyn,554294,53,Bard,171436,18
KR_8353363038,100,True,Sylas,203891,21,Rell,13330,4
KR_8353363038,200,False,Zeri,348286,34,Alistar,871,1
KR_8351527485,100,True,Ezreal,504161,48,Karma,95267,11
KR_8351527485,200,False,Sivir,78864,10,Camille,143456,16
KR_8346642537,100,False,Corki,204640,21,Alistar,619164,59
KR_8346642537,200,True,Yunara,313864,31,Rell,191930,20
KR_8346548916,100,True,Caitlyn,49956,7,Leona,23284,5
KR_8346548916,200,False,Yunara,313864,31,Blitzcrank,160928,17
KR_8346553186,100,True,Jinx,36310,6,Leona,30777,5
KR_8346553186,200,False,Viktor,10363,3,Camille,17214,4
KR_8346516117,100,False,Sivir,1778151,164,Rell,317058,31
KR_8346516117,200,True,Syndra,126502,14,Bard,62335,8
KR_8353026408,100,False,Kaisa,64234,8,Shen,20081,4
KR_8353026408,200,True,Lucian,102890,12,Poppy,49975,7
KR_8353014275,100,True,Lucian,20606,4,Camille,143456,16
KR_8353014275,200,False,Kalista,317965,32,Sylas,44348,7
KR_8349658086,100,False,Akali,64866,9,Shen,25897,5
KR_8349658086,200,True,Kalista,93667,11,Neeko,185277,19
KR_8347359234,100,False,Jhin,310191,31,Bard,256960,26
KR_8347359234,200,True,Caitlyn,216859,22,Karma,490804,47
KR_8346389285,100,False,Caitlyn,115995,13,Bard,171436,18
KR_8346389285,200,True,Lucian,145590,16,Rell,2498772,230
KR_8339586846,100,False,Ezreal,176148,19,Camille,71860,9
KR_8339586846,200,True,Xayah,17852,4,Nautilus,45694,7
KR_8354610583,100,True,Jinx,89437,11,Lulu,53551,7
KR_8354610583,200,False,Kaisa,514341,49,Blitzcrank,80473,10
KR_8354066889,100,True,Corki,181533,19,Nami,65224,9
KR_8354066889,200,False,Yunara,145269,16,Lulu,53551,7
KR_8353955890,100,True,Kaisa,634485,60,Blitzcrank,713117,67
KR_8353955890,200,False,Ezreal,379232,37,Bard,205551,21
KR_8353019024,100,False,Tristana,81005,10,Pyke,1125035,105
KR_8353019024,200,True,Yunara,34449,6,Lulu,330040,33
KR_8355202181,100,False,Jax,93473,11,Thresh,4155,2
KR_8355202181,200,True,Syndra,765765,72,Pyke,645187,61
KR_8355159636,100,True,Ezreal,171271,18,Camille,148295,16
KR_8355159636,200,False,Tristana,15117,4,Rell,683901,65
KR_8352990968,100,True,Tristana,242231,25,Maokai,69494,9
KR_8352990968,200,False,Xayah,38114,6,Poppy,3661,2
KR_8352964606,100,False,Xerath,746,1,Pyke,389,1
KR_8352964606,200,True,Irelia,3731,2,Senna,103900,12
KR_8352780405,100,False,Yasuo,1622,1,Alistar,11284,3
KR_8352780405,200,True,Ezreal,775050,73,Sylas,5578,2
KR_8351558811,100,False,Viktor,12563,3,Vex,95718,11
KR_8351558811,200,True,Jinx,296625,30,Pantheon,4594,2
KR_8351558383,100,False,Ziggs,360,1,Karma,6169,3
KR_8351558383,200,True,Syndra,5283,2,Rell,20734,4
KR_8351913924,100,False,Ezreal,90855,11,Alistar,19199,4
KR_8351913924,200,True,Kalista,915061,86,Pyke,77068,10
KR_8351867250,100,False,Aphelios,759127,72,Rakan,23295,5
KR_8351867250,200,True,Jhin,433928,42,Jax,628858,60
KR_8351812984,100,True,Jhin,212177,22,Brand,44762,7
KR_8351812984,200,False,Ezreal,272196,27,Bard,35768,6
KR_8351585386,100,True,Kalista,35966,6,Neeko,214363,22
KR_8351585386,200,False,Zeri,43757,7,Taric,18006,4
KR_8351576094,100,False,Yunara,273116,27,Pyke,62783,8
KR_8351576094,200,True,KogMaw,382291,37,Rakan,131136,15
KR_8351571152,100,True,Viktor,37633,6,Leona,361179,35
KR_8351571152,200,False,Lucian,292686,29,Rakan,131136,15
KR_8351554278,100,True,Swain,902457,85,Maokai,2001497,185
KR_8351554278,200,False,Jhin,71617,9,Nautilus,59137,8
KR_8351529735,100,True,Ezreal,548057,52,Leona,361179,35
KR_8351529735,200,False,Swain,902457,85,Bard,296762,30
KR_8350303017,100,True,Jhin,72805,9,Nautilus,1016489,95
KR_8350303017,200,False,Tristana,63979,8,Bard,257529,26
KR_8350232452,100,False,Jhin,72805,9,Nautilus,9110,3
KR_8350232452,200,True,Kalista,198171,21,Bard,115041,13
KR_8350203717,100,True,Caitlyn,13848,4,Karma,16402,4
KR_8350203717,200,False,Jhin,156156,17,Janna,306012,30
KR_8350171971,100,True,Lucian,47757,7,Milio,37237,6
KR_8350171971,200,False,Taliyah,8186,3,Shen,6796,3
KR_8350154316,100,True,Sivir,109196,13,Blitzcrank,4233,2
KR_8350154316,200,False,Ezreal,810269,76,Karma,9452,3
KR_8349982889,100,False,Kaisa,143753,16,Pantheon,54929,8
KR_8349982889,200,True,Jhin,61409,8,Bard,321006,32
KR_8349965966,100,True,Viktor,6168,3,Lulu,33601,6
KR_8349965966,200,False,Sivir,1778151,164,Camille,14414,4
KR_8349974334,100,True,Syndra,243609,25,Alistar,178063,19
KR_8349974334,200,False,Zed,2567815,227,Elise,76881,10
KR_8352211498,100,False,Lucian,44674,7,Milio,8392,3
KR_8352211498,200,True,Yunara,276733,28,Yuumi,27549,5
KR_8352076653,100,True,Jhin,201051,21,Rakan,5500452,503
KR_8352076653,200,False,Viktor,26761,5,Leona,411099,40
KR_8349369454,100,True,Yunara,61301,8,Lulu,784776,74
KR_8349369454,200,False,Caitlyn,176878,19,Karma,397832,39
KR_8349317560,100,False,Ezreal,46839,7,Karma,95393,11
KR_8349317560,200,True,MasterYi,1287870,120,Blitzcrank,1663,1
KR_8349021299,100,True,Kalista,12264,3,Camille,16720,4
KR_8349021299,200,False,Lucian,87966,11,Bard,5008,2
KR_8348761901,100,False,Jinx,218189,22,Leona,30777,5
KR_8348761901,200,True,KogMaw,15013,4,Braum,129979,14
KR_8348754408,100,False,Ezreal,211913,22,Leona,35441,6
KR_8348754408,200,True,Kaisa,39468,6,Pyke,62783,8
KR_8347260520,100,True,Caitlyn,386503,38,Camille,43733,7
KR_8347260520,200,False,Jinx,58233,8,Sylas,654472,62
KR_8347196794,100,True,Kaisa,290959,29,Nautilus,456117,44
KR_8347196794,200,False,Yunara,525914,50,Maokai,2085319,161
KR_8347128774,100,False,Ezreal,1828546,169,Lulu,668,1
KR_8347128774,200,True,Tristana,82437,10,Senna,159783,17
KR_8343129957,100,True,Jhin,308690,31,Lux,806095,76
KR_8343129957,200,False,Zeri,126246,14,Yuumi,5131,2
KR_8342039394,100,True,Ezreal,6906,3,Poppy,22970,5
KR_8342039394,200,False,Ashe,63196,8,Seraphine,30553,5
KR_8341992710,100,False,Kalista,546827,52,Nautilus,98852,12
KR_8341992710,200,True,Caitlyn,386503,38,Rell,39937,6
KR_8341925850,100,True,Ezreal,38964,6,Poppy,40774,6
KR_8341925850,200,False,Caitlyn,17033,4,Senna,159783,17
KR_8341767679,100,False,Kalista,25026,5,Neeko,40267,6
KR_8341767679,200,True,Ezreal,642178,61,Bard,585069,56
KR_8341697224,100,False,Ziggs,183958,19,Soraka,23175,5
KR_8341697224,200,True,Kaisa,290959,29,Leona,85674,10
KR_8354399919,100,True,Corki,181533,19,Rell,6003201,501
KR_8354399919,200,False,Kalista,25255,5,JarvanIV,126788,14
KR_8354356797,100,True,Xayah,1160004,108,Rakan,254284,26
KR_8354356797,200,False,Ezreal,59796,8,Karma,1446511,131
KR_8352032874,100,True,Corki,32817,6,Shen,24790,5
KR_8352032874,200,False,Caitlyn,148643,16,TahmKench,1900,2
KR_8351985585,100,True,Corki,184743,19,Pantheon,19722,4
KR_8351985585,200,False,Lucian,1866,2,Milio,4012,2
KR_8348920926,100,True,Ziggs,21216,4,Neeko,18620,4
KR_8348920926,200,False,Chogath,565229,54,Lulu,784776,74
KR_8348903433,100,False,Caitlyn,261811,26,Bard,88994,11
KR_8348903433,200,True,Kaisa,255590,26,Thresh,42511,6
KR_8347877328,100,True,Ezreal,51363,7,Bard,115011,13
KR_8347877328,200,False,Yunara,20424,4,Senna,299255,30
KR_8347202912,100,True,Kaisa,264287,27,Bard,374806,37
KR_8347202912,200,False,Jinx,36310,6,Lulu,395590,39
KR_8345017957,100,False,Vladimir,18180,4,Pantheon,35568,6
KR_8345017957,200,True,Lucian,12680,4,Taric,10613,3
KR_8341686373,100,True,Jhin,276766,28,Bard,585069,56
KR_8341686373,200,False,Viktor,50417,7,Shen,57233,8
KR_8341622931,100,False,Jinx,301568,30,Braum,7466,3
KR_8341622931,200,True,Kaisa,113907,13,Nautilus,20922,4
KR_8340167743,100,False,Kaisa,89706,11,Jax,9507,3
KR_8340167743,200,True,Viktor,99573,12,Jhin,69898,9
KR_8338755979,100,False,Aphelios,685439,65,Leona,6669,3
KR_8338755979,200,True,Kaisa,175113,19,Nautilus,190207,20
KR_8337282556,100,True,Jhin,350482,34,Pantheon,155449,17
KR_8337282556,200,False,Ezreal,544525,52,Leona,35145,6
KR_8354605363,100,True,Jhin,44542,7,Rell,48646,7
KR_8354605363,200,False,Senna,16219,4,Pantheon,87383,11
KR_8354561911,100,False,Kaisa,37408,6,Maokai,10893,3
KR_8354561911,200,True,Yunara,93066,11,Lulu,24568,5
KR_8349843028,100,True,Kaisa,211728,22,Neeko,251159,25
KR_8349843028,200,False,Yunara,157202,17,Lulu,356283,35
KR_8349783772,100,True,Yasuo,397002,39,Alistar,541972,52
KR_8349783772,200,False,Fiora,853002,80,Sejuani,6431,3
KR_8349027164,100,True,Xayah,71825,9,Rakan,45428,7
KR_8349027164,200,False,Viktor,26187,5,Neeko,23087,5
KR_8348984191,100,True,Kalista,198171,21,Maokai,18793,4
KR_8348984191,200,False,DrMundo,34018,6,Senna,25403,5
KR_8348026501,100,False,Xayah,9761,3,Poppy,25747,5
KR_8348026501,200,True,MissFortune,17328,4,Maokai,187764,20
KR_8346348872,100,False,Viktor,7139,3,Camille,34317,6
KR_8346348872,200,True,Kaisa,407191,40,Leona,22010,5
KR_8346261101,100,False,Viktor,49851,7,Shen,105474,12
KR_8346261101,200,True,Kaisa,1163230,108,Rell,2498772,230
KR_8346203638,100,False,Kaisa,423591,41,Pyke,60195,8
KR_8346203638,200,True,Jhin,212177,22,Bard,88518,11
KR_8344574920,100,True,Viktor,117852,13,Rakan,254284,26
KR_8344574920,200,False,Jhin,262246,26,Trundle,23791,5
KR_8342350696,100,False,Swain,902457,85,Alistar,662993,63
KR_8342350696,200,True,Kaisa,249359,25,Morgana,52715,7
KR_8342318812,100,True,Aphelios,349115,34,Thresh,136938,15
KR_8342318812,200,False,Kaisa,137290,15,Camille,11956,3
KR_8340366944,100,False,Viktor,10308,3,Shen,22612,5
KR_8340366944,200,True,Jhin,173563,18,Alistar,197065,21
KR_8340328346,100,True,Lucian,5825,2,Milio,3644,2
KR_8340328346,200,False,Ezreal,470828,45,Karma,107306,12
KR_8340290082,100,True,Jhin,13591,4,Shen,17462,4
KR_8340290082,200,False,Vladimir,1046805,94,Janna,12736,4
KR_8340196689,100,False,Jhin,122738,14,Karma,107306,12
KR_8340196689,200,True,Ziggs,16700,4,Camille,69495,9
KR_8353544019,100,False,Corki,5191,2,Shen,58334,8
KR_8353544019,200,True,Ezreal,82116,10,Camille,106259,12
KR_8353497713,100,True,Ezreal,177930,19,Yuumi,14312,4
KR_8353497713,200,False,Caitlyn,75372,9,Velkoz,280055,28
KR_8350678209,100,True,Tristana,626075,60,Bard,1640,1
KR_8350678209,200,False,Aphelios,53321,7,Blitzcrank,423196,41
KR_8343504487,100,True,Tristana,18706,4,Lulu,3620,2
KR_8343504487,200,False,Ezreal,1086514,101,Poppy,17051,4
KR_8341789776,100,True,Xerath,28614,5,Skarner,24615,5
KR_8341789776,200,False,Aphelios,1648842,153,Blitzcrank,423196,41
KR_8341485239,100,False,Yunara,76682,10,Lulu,30722,5
KR_8341485239,200,True,Caitlyn,270569,27,Alistar,18612,4
KR_8351097921,100,True,Xayah,133835,15,Rakan,43520,7
KR_8351097921,200,False,Kaisa,627699,60,Pyke,38994,6
KR_8350578444,100,True,Jinx,984058,92,Thresh,198954,21
KR_8350578444,200,False,Kaisa,454934,44,Blitzcrank,7283,3
KR_8348850557,100,True,MissFortune,144500,16,Rell,166828,18
KR_8348850557,200,False,Jhin,312630,31,Alistar,62653,8
KR_8347295318,100,True,Jinx,56598,8,Thresh,54735,8
KR_8347295318,200,False,Caitlyn,339300,33,Elise,79280,10
KR_8346211741,100,True,Kaisa,166943,18,Bard,374806,37
KR_8346211741,200,False,Lucian,140860,15,Shen,66941,9
KR_8345506716,100,False,Singed,2229565,192,Rakan,5500452,503
KR_8345506716,200,True,Jhin,42255,6,Alistar,534401,51
KR_8341603699,100,True,Yasuo,2418863,223,Shen,110363,13
KR_8341603699,200,False,Lucian,217913,22,Milio,11774,3
KR_8341563256,100,True,Corki,125973,14,Nautilus,566495,54
KR_8341563256,200,False,Yunara,199989,21,Lulu,152897,17
KR_8341499331,100,True,Katarina,1062978,99,Blitzcrank,160928,17
KR_8341499331,200,False,Galio,41535,6,Pantheon,40463,6
KR_8337804195,100,False,Jhin,5670449,502,Nautilus,152137,16
KR_8337804195,200,True,Kaisa,266307,27,Yasuo,397002,39
KR_8337040231,100,True,Jinx,147047,16,Poppy,26656,5
KR_8337040231,200,False,Jhin,187566,20,Morgana,2919,2
KR_8353096942,100,True,Ezreal,11958,3,Bard,3468394,309
KR_8353096942,200,False,Ziggs,24473,5,Elise,145160,16
KR_8353088731,100,False,Tristana,344584,34,Pyke,20716,4
KR_8353088731,200,True,Ezreal,81274,10,Leona,8650,3
KR_8349254148,100,True,Syndra,4656,2,Camille,89325,11
KR_8349254148,200,False,Sivir,169196,18,Velkoz,909340,85
KR_8342288617,100,True,Kaisa,137290,15,Karma,18803,4
KR_8342288617,200,False,Ezreal,58739,8,Poppy,8182,3
KR_8342262916,100,False,Ezreal,521847,50,Thresh,45201,7
KR_8342262916,200,True,Corki,118466,13,Nautilus,66181,9
KR_8342257289,100,False,Jhin,82637,10,Bard,615655,59
KR_8342257289,200,True,Jinx,113947,13,Morgana,52715,7
KR_8339330371,100,True,Akali,11939,3,Janna,24772,5
KR_8339330371,200,False,Sivir,87079,11,Karma,114885,13
KR_8339321293,100,False,Kaisa,93864,11,Pantheon,5334,2
KR_8339321293,200,True,Yunara,243187,25,Yuumi,156058,17
KR_8338675763,100,False,Draven,207086,20,Elise,213268,22
KR_8338675763,200,True,Syndra,17674,4,Camille,121693,14
KR_8337545021,100,True,Kaisa,243828,25,Skarner,622934,59
KR_8337545021,200,False,Jhin,55128,8,Neeko,268342,27
KR_8354984544,100,False,Jhin,18081,4,Nautilus,407094,40
KR_8354984544,200,True,Cassiopeia,6915,3,Leona,225901,21
KR_8354921595,100,False,Sylas,654472,62,Alistar,228915,23
KR_8354921595,200,True,Zed,2567815,227,Pantheon,83211,10
KR_8352836371,100,True,Sylas,23101,5,Pantheon,6500,3
KR_8352836371,200,False,Kaisa,598936,57,Xerath,341484,34
KR_8352779602,100,True,Kalista,16933,4,Neeko,18646,4
KR_8352779602,200,False,Yunara,134885,15,Maokai,167193,18
KR_8350878332,100,False,Ezreal,88266,11,Thresh,34689,6
KR_8350878332,200,True,Ziggs,13964,4,Nautilus,138257,15
KR_8346388319,100,True,Ezreal,98169,12,Alistar,253519,26
KR_8346388319,200,False,Lucian,212427,22,Milio,23814,5
KR_8345305866,100,True,Kaisa,74713,9,Alistar,1335,1
KR_8345305866,200,False,Ezreal,175562,19,Pantheon,153342,17
KR_8345308008,100,True,Corki,79937,10,Rell,317058,31
KR_8345308008,200,False,Yunara,138561,15,Bard,6046,3
KR_8344925795,100,False,Yunara,89540,11,Lulu,297938,30
KR_8344925795,200,True,Kaisa,627699,60,Leona,305754,30
KR_8344868285,100,False,Jhin,277107,27,Nautilus,972635,91
KR_8344868285,200,True,Ezreal,130583,14,Bard,338269,33
KR_8340491198,100,True,Viktor,53632,8,Rell,84548,10
KR_8340491198,200,False,Ezreal,87058,11,Sylas,45508,7
KR_8340420961,100,True,Jhin,57014,8,Leona,41957,6
KR_8340420961,200,False,Kaisa,102687,12,Nautilus,4784,2
KR_8355201894,100,False,Kalista,35966,6,Nautilus,407094,40
KR_8355201894,200,True,Ezreal,408607,40,Lulu,233314,24
KR_8354090892,100,True,Katarina,383007,37,Rakan,175048,19
KR_8354090892,200,False,Yunara,59495,8,Lulu,330040,33
KR_8354047289,100,False,Lucian,89648,11,Nautilus,972635,91
KR_8354047289,200,True,Caitlyn,584216,56,Karma,204802,21
KR_8353966736,100,False,Yunara,96033,11,Leona,221378,23
KR_8353966736,200,True,Cassiopeia,93334,11,Alistar,619164,59
KR_8351250063,100,True,Yunara,126920,14,Lulu,233314,24
KR_8351250063,200,False,Kaisa,857328,81,Camille,112193,13
KR_8345156238,100,True,Ezreal,105433,12,Nautilus,972635,91
KR_8345156238,200,False,Singed,2357013,150,Bard,190777,20
KR_8345070066,100,False,Yunara,8039,3,Poppy,128733,14
KR_8345070066,200,True,Jhin,19200,4,Nautilus,119976,14
KR_8344776553,100,False,Xayah,92245,11,Rakan,175048,19
KR_8344776553,200,True,Tristana,310077,31,Lulu,115018,13
KR_8348900028,100,True,Aphelios,236682,24,Thresh,755046,71
KR_8348900028,200,False,Kaisa,703798,67,Karma,23471,5
KR_8348852266,100,True,Swain,902457,85,Shen,33045,6
KR_8348852266,200,False,Ezreal,913903,86,Camille,26232,5
KR_8347446582,100,True,Jhin,212177,22,Karma,201334,21
KR_8347446582,200,False,Lucian,858504,81,Milio,3686,2
KR_8347220814,100,False,Ezreal,959551,90,Karma,8186,3
KR_8347220814,200,True,Kalista,198171,21,Renata,3316,2
KR_8346771147,100,False,Jhin,325299,32,Shen,25907,5
KR_8346771147,200,True,Corki,116451,13,Skarner,101520,12
KR_8345514698,100,False,Jhin,75100,9,Yuumi,67061,9
KR_8345514698,200,True,Viktor,102487,12,Senna,299255,30
KR_8345216897,100,False,Jayce,572026,55,Rell,191930,20
KR_8345216897,200,True,Ziggs,16700,4,Nautilus,47250,7
KR_8344340323,100,True,Jhin,60079,8,Pyke,22485,5
KR_8344340323,200,False,Corki,189408,20,Camille,39601,6
KR_8344111721,100,False,Caitlyn,30929,5,Nautilus,69126,9
KR_8344111721,200,True,Corki,262865,27,Nami,29179,5
KR_8341863292,100,True,Jhin,679185,64,Camille,26232,5
KR_8341863292,200,False,Lucian,138755,15,Nautilus,25365,5
KR_8341804158,100,True,Kaisa,673165,64,Thresh,687381,65
KR_8341804158,200,False,Jhin,184907,19,Blitzcrank,27773,5
KR_8341737217,100,False,Tristana,138538,15,Braum,19047,4
KR_8341737217,200,True,Yunara,18391,4,Rell,6699,3
KR_8354724386,100,False,Tristana,344584,34,Lulu,115018,13
KR_8354724386,200,True,Karthus,13303,4,Camille,106259,12
KR_8353328112,100,True,Yunara,138561,15,Camille,23881,5
KR_8353328112,200,False,Jhin,28215,5,Bard,114202,13
KR_8349061396,100,False,Jhin,159912,17,Rell,281269,28
KR_8349061396,200,True,Zyra,653382,62,Alistar,435490,42
KR_8348683180,100,True,Karthus,51542,7,Zoe,169113,18
KR_8348683180,200,False,Ezreal,620974,59,Karma,25646,5
KR_8348663408,100,True,Hwei,80384,10,Poppy,86462,10
KR_8348663408,200,False,Jhin,113633,13,Vi,55237,8
KR_8346865582,100,False,Jinx,36310,6,Thresh,485009,47
KR_8346865582,200,True,Ashe,3351,2,Seraphine,666631,63
KR_8345310954,100,False,Ezreal,1828546,169,Zoe,169113,18
KR_8345310954,200,True,Xerath,3949,2,Rell,317058,31
KR_8345290209,100,False,Kaisa,211728,22,Maokai,48249,7
KR_8345290209,200,True,Ashe,97756,12,Shen,25907,5
KR_8345241442,100,True,Viktor,13973,4,Rell,515034,49
KR_8345241442,200,False,Kaisa,627699,60,Camille,51312,7
KR_8343309968,100,True,Kaisa,423591,41,Alistar,215329,22
KR_8343309968,200,False,Corki,186664,20,Rell,39937,6
KR_8354258073,100,True,Sivir,32019,6,Zoe,2890243,265
KR_8354258073,200,False,Kaisa,389515,38,Leona,3193,2
KR_8354237226,100,True,Zed,586541,56,Bard,8962,3
KR_8354237226,200,False,Ezreal,354031,35,Pyke,19661,4
KR_8354226518,100,True,Ashe,43949,7,Seraphine,33626,6
KR_8354226518,200,False,Yunara,138561,15,Lulu,29026,5
KR_8354214522,100,True,Xayah,108613,13,Rakan,5436,2
KR_8354214522,200,False,Jinx,130503,14,Lulu,650,1
KR_8354199905,100,True,Jinx,130503,14,Alistar,7967,3
KR_8354199905,200,False,Draven,210841,22,Pyke,52539,7
KR_8354191921,100,False,Tristana,112539,13,Rell,2296793,210
KR_8354191921,200,True,Jinx,130503,14,Alistar,271165,27
KR_8354197154,100,True,Samira,3589,2,Rell,2296793,210
KR_8354197154,200,False,Kaisa,389515,38,Maokai,4334117,397
KR_8354185193,100,False,Lucian,275743,28,Lulu,357747,35
KR_8354185193,200,True,Kaisa,389515,38,Rell,2296793,210
KR_8354180136,100,True,Kaisa,389515,38,Braum,76094,10
KR_8354180136,200,False,Aphelios,509725,49,Nautilus,1112875,104
KR_8354175044,100,True,Kaisa,389515,38,Sylas,12495,3
KR_8354175044,200,False,Lucian,275743,28,Rell,6699,3
KR_8354163312,100,False,Sivir,40191,6,Ahri,508976,49
KR_8354163312,200,True,Ezreal,354031,35,Karma,370915,36
KR_8354252946,100,True,Velkoz,608411,58,Pantheon,4009,2
KR_8354252946,200,False,Ezreal,507705,49,Nautilus,13096,4
KR_8354212357,100,False,Kalista,2256,2,Rell,152835,17
KR_8354212357,200,True,Jhin,99574,12,Nautilus,265622,27
KR_8353387867,100,False,Zeri,303451,30,Rakan,226323,23
KR_8353387867,200,True,Syndra,36607,6,Nautilus,228320,23
KR_8353381086,100,True,Taliyah,6000,3,Camille,4742,2
KR_8353381086,200,False,Lucian,232920,24,Yuumi,94997,11
KR_8353304789,100,True,Jhin,259769,26,Swain,1031529,69
KR_8353304789,200,False,Ashe,439738,43,Skarner,92219,11
KR_8353246973,100,False,Xayah,56881,8,Rakan,96484,11
KR_8353246973,200,True,Tristana,344584,34,Taliyah,141453,15
KR_8353244250,100,True,Syndra,70984,9,Pantheon,896705,84
KR_8353244250,200,False,Yunara,54006,8,Rell,57362,8
KR_8353114793,100,False,Lucian,292686,29,Elise,14157,4
KR_8353114793,200,True,Ezreal,201760,21,Pyke,38994,6
KR_8353102945,100,True,Tristana,197695,21,Thresh,7055,3
KR_8353102945,200,False,Kaisa,106600,12,Nautilus,9110,3
KR_8353091769,100,False,Corki,14879,4,Zed,7022357,629
KR_8353091769,200,True,Zeri,172822,18,Pyke,213129,22
KR_8353098103,100,False,Zeri,211640,22,Poppy,670,1
KR_8353098103,200,True,Draven,14346,4,Rell,17547,4
KR_8353084110,100,True,Cassiopeia,1868186,133,Pantheon,15911,4
KR_8353084110,200,False,Viktor,129366,14,Rell,194413,20
KR_8353068717,100,False,Yunara,154062,17,Elise,155898,17
KR_8353068717,200,True,Caitlyn,62871,8,Bard,422635,41
KR_8351705077,100,False,Ezreal,1150386,107,Karma,269987,27
KR_8351705077,200,True,Tristana,45313,7,Pantheon,896705,84
KR_8351679075,100,False,Lucian,33217,6,Singed,7191,3
KR_8351679075,200,True,Jinx,24779,5,Maokai,98018,12
KR_8351642835,100,True,Lucian,11895,3,Yuumi,179292,19
KR_8351642835,200,False,Kaisa,48929,7,Pantheon,1869,2
KR_8351644048,100,True,Vayne,18850,4,Pantheon,33977,6
KR_8351644048,200,False,Caitlyn,110694,13,Vex,95718,11
KR_8351568411,100,True,Hwei,80384,10,Neeko,12855,4
KR_8351568411,200,False,Jinx,95447,11,Lulu,20104,4
KR_8351560197,100,False,Sivir,807,1,Lulu,885758,83
KR_8351560197,200,True,Corki,260906,26,Soraka,957398,90
KR_8350276294,100,False,Jhin,852321,80,Thresh,104677,12
KR_8350276294,200,True,Yunara,103490,12,Rell,127513,14
KR_8350248016,100,True,Jinx,130472,14,Rell,127513,14
KR_8350248016,200,False,Kaisa,432533,42,Bard,3468394,309
KR_8350199294,100,True,Veigar,2962,2,Rell,127787,14
KR_8350199294,200,False,Ezreal,33005,6,Bard,374953,37
KR_8349778723,100,True,Karthus,719404,68,Alistar,218187,22
KR_8349778723,200,False,Yasuo,2461,2,Rell,127513,14
KR_8349729023,100,True,Lucian,31460,5,Pantheon,227427,23
KR_8349729023,200,False,Kaisa,447756,43,Rell,127513,14
KR_8349677115,100,True,Kaisa,423591,41,Rell,127513,14
KR_8349677115,200,False,Yunara,174819,19,Braum,94218,11
KR_8349599857,100,False,Caitlyn,173142,18,Alistar,451941,44
KR_8349599857,200,True,Lucian,259614,26,Rell,127513,14
KR_8349553994,100,False,Viktor,8354,3,Janna,261709,26
KR_8349553994,200,True,Xayah,9761,3,Rakan,23023,5
KR_8348975883,100,False,Yunara,31549,5,Rakan,158270,17
KR_8348975883,200,True,Kaisa,39468,6,Rell,127513,14
KR_8348948638,100,True,Caitlyn,81451,10,Janna,41434,6
KR_8348948638,200,False,Yunara,273116,27,Rell,127513,14
KR_8348923031,100,False,Velkoz,89545,11,Bard,374953,37
KR_8348923031,200,True,Kaisa,407191,40,Pyke,392957,38
KR_8348879656,100,False,Cassiopeia,47365,7,Camille,157021,17
KR_8348879656,200,True,Jinx,6394,3,Bard,374953,37
KR_8348853698,100,False,Yunara,157202,17,Rell,127513,14
KR_8348853698,200,True,Jhin,54326,8,Karma,108944,13
KR_8348618229,100,False,Kaisa,163655,18,Lulu,144190,16
KR_8348618229,200,True,Lucian,59781,8,Bard,374953,37
KR_8348584960,100,True,Ezreal,14507,4,Rell,127513,14
KR_8348584960,200,False,Jhin,117304,13,Seraphine,3775,2
KR_8347796836,100,True,Draven,944371,88,Bard,115011,13
KR_8347796836,200,False,Jhin,44400,7,Rell,127513,14
KR_8347769667,100,False,Jhin,219142,23,Rell,127513,14
KR_8347769667,200,True,Draven,944371,88,Alistar,48233,7
KR_8347746353,100,False,Sivir,10660,3,Bard,374953,37
KR_8347746353,200,True,Seraphine,30553,5,Rell,317058,31
KR_8347726622,100,False,Jinx,246534,25,Alistar,292622,29
KR_8347726622,200,True,Jhin,277107,27,Bard,374953,37
KR_8345808857,100,False,Corki,3196,2,Nami,4276,2
KR_8345808857,200,True,Caitlyn,1670,1,Morgana,253064,26
KR_8345759907,100,False,Kaisa,1003681,94,Nautilus,34296,6
KR_8345759907,200,True,AurelionSol,1725007,112,Leona,19284,4
KR_8345740322,100,False,Jinx,4804,2,Rell,71843,9
KR_8345740322,200,True,Ezreal,883980,83,Bard,20363,4
KR_8345710330,100,True,Jinx,4804,2,Nautilus,39336,6
KR_8345710330,200,False,Tristana,36137,6,Lulu,14731,4
KR_8345663781,100,False,Corki,2838,2,Karma,46530,7
KR_8345663781,200,True,Lucian,881286,83,Nautilus,83710,10
KR_8345638205,100,False,Tristana,4618,2,Camille,54849,8
KR_8345638205,200,True,Viktor,112403,13,Shen,1634,1
KR_8344348648,100,False,Syndra,48908,7,Rakan,218008,22
KR_8344348648,200,True,Jinx,434339,42,Thresh,337068,33
KR_8344308296,100,True,Corki,63920,8,Shen,3793359,329
KR_8344308296,200,False,Jinx,4804,2,Rakan,5500452,503
KR_8338500434,100,True,Jhin,117156,13,Rell,54049,8
KR_8338500434,200,False,Zeri,35104,6,Shen,3793359,329
KR_8338472411,100,True,Yasuo,2418863,223,Skarner,101520,12
KR_8338472411,200,False,Xayah,17852,4,Nautilus,34296,6
KR_8338445611,100,True,Jhin,71617,9,Xerath,10240,3
KR_8338445611,200,False,Kaisa,54370,8,Rell,54049,8
KR_8348886064,100,False,Xerath,7364,3,Rell,59651,8
KR_8348886064,200,True,Viktor,64914,9,Maokai,2085319,161
KR_8348851640,100,True,Cassiopeia,2504228,230,Alistar,27814,5
KR_8348851640,200,False,Ezreal,6768,3,Rakan,58043,8
KR_8348821691,100,True,Corki,227480,23,Leona,105818,12
KR_8348821691,200,False,Syndra,35732,6,Camille,19841,4
KR_8347445271,100,True,Katarina,383007,37,Rell,549070,53
KR_8347445271,200,False,Yunara,18391,4,Poppy,340984,34
KR_8347417538,100,True,Jhin,16208,4,Rell,6003201,501
KR_8347417538,200,False,Katarina,383007,37,Pantheon,166099,18
KR_8346768693,100,True,Kaisa,232566,24,Alistar,336997,33
KR_8346768693,200,False,Sivir,141944,16,Rell,166828,18
KR_8345215945,100,True,Xerath,19742,4,Blitzcrank,1803847,167
KR_8345215945,200,False,Ezreal,56776,8,Karma,2959,2
KR_8344356353,100,True,Swain,516013,50,Blitzcrank,177136,19
KR_8344356353,200,False,Ezreal,347834,34,Janna,26039,5
KR_8344267544,100,False,Vayne,66795,9,Nami,252175,26
KR_8344267544,200,True,Jhin,25903,5,Nautilus,89886,11
KR_8344205418,100,False,Yunara,412702,40,Poppy,133199,15
KR_8344205418,200,True,Kaisa,573929,55,Alistar,48233,7
KR_8344161237,100,False,Jhin,353726,35,Senna,299255,30
KR_8344161237,200,True,Ziggs,183958,19,Thresh,42511,6
KR_8344107981,100,False,Caitlyn,153080,17,Bard,59001,8
KR_8344107981,200,True,MissFortune,24135,5,Thresh,42511,6
KR_8344074817,100,True,Viktor,65335,9,Skarner,24615,5
KR_8344074817,200,False,Ezreal,504698,49,Janna,261709,26
KR_8341817149,100,False,Ziggs,10281,3,Elise,370884,36
KR_8341817149,200,True,Kaisa,315077,31,Leona,44497,7
KR_8341667995,100,False,Ziggs,3758,2,Shen,30887,5
KR_8341667995,200,True,Singed,2357013,150,Rell,14031,4
KR_8340890509,100,False,Ezreal,92239,11,Camille,33685,6
KR_8340890509,200,True,Jhin,26539,5,Nautilus,112735,13
KR_8338369352,100,True,Lucian,266518,27,Alistar,44813,7
KR_8338369352,200,False,Kaisa,255590,26,Rakan,19395,4
KR_8338320583,100,True,Kaisa,432533,42,Neeko,2613,2
KR_8338320583,200,False,Ezreal,32976,6,Jax,111876,13
KR_8338307541,100,False,Yunara,177665,19,Lulu,36421,6
KR_8338307541,200,True,Kaisa,32495,6,Alistar,162394,17
KR_8354557228,100,False,Aphelios,352758,35,Thresh,11410,3
KR_8354557228,200,True,KogMaw,5270,2,Lulu,347649,34
KR_8350628739,100,False,Kaisa,388572,38,Blitzcrank,324301,32
KR_8350628739,200,True,Yunara,373347,37,Rell,202417,21
KR_8349705713,100,False,Caitlyn,190810,20,Thresh,8309,3
KR_8349705713,200,True,Yunara,84213,10,Rakan,1052880,98
KR_8349152171,100,False,Lucian,41684,6,JarvanIV,12465,3
KR_8349152171,200,True,Yunara,236810,24,Lulu,784776,74
KR_8349102429,100,True,Kaisa,608237,58,Bard,219255,23
KR_8349102429,200,False,Aphelios,1648842,153,Thresh,1987772,183
KR_8349065607,100,True,Yunara,265719,27,Seraphine,71475,9
KR_8349065607,200,False,Syndra,15203,4,Bard,3468394,309
KR_8347993051,100,False,Syndra,8895,3,Rakan,115841,13
KR_8347993051,200,True,Kaisa,250551,25,Maokai,7906,3
KR_8347408347,100,False,Ezreal,107151,12,Janna,389,1
KR_8347408347,200,True,Jhin,20991,4,Karma,268884,27
KR_8344549009,100,True,Corki,74928,9,Braum,38258,6
KR_8344549009,200,False,Yunara,89297,11,Leona,12985,4
KR_8344487865,100,True,Corki,118466,13,Soraka,119386,13
KR_8344487865,200,False,Yunara,132576,15,Pantheon,66345,9
KR_8342985857,100,True,Ziggs,120724,14,Pyke,22485,5
KR_8342985857,200,False,Kaisa,88129,11,Zac,55799,8
KR_8342936509,100,False,Tristana,134599,15,Nautilus,73628,9
KR_8342936509,200,True,Kaisa,102687,12,Alistar,3933,2
KR_8339711461,100,False,Jhin,16825,4,Pantheon,102699,12
KR_8339711461,200,True,Katarina,166982,18,Leona,53172,7
KR_8354582867,100,False,Cassiopeia,1120252,104,Nautilus,10759,3
KR_8354582867,200,True,Yunara,265719,27,Rakan,40022,6
KR_8350846577,100,True,Kaisa,30277,5,Amumu,146372,16
KR_8350846577,200,False,Riven,1882278,174,Rell,229842,24
KR_8350770892,100,True,Yunara,53656,8,Camille,61413,8
KR_8350770892,200,False,Ezreal,33350,6,Leona,442577,43
KR_8350714695,100,True,Rammus,1411,1,Seraphine,22408,5
KR_8350714695,200,False,Ezreal,171481,18,Thresh,1799012,166
KR_8346705093,100,False,Kaisa,122349,14,Neeko,7195906,657
KR_8346705093,200,True,Zed,29386,5,Jax,15868,4
KR_8346676613,100,False,Jhin,113633,13,Karma,23349,5
KR_8346676613,200,True,Zed,586541,56,Rakan,227428,23
KR_8346656380,100,False,Zed,586541,56,Yuumi,7368,3
KR_8346656380,200,True,Yunara,128837,14,Blitzcrank,7143,3
KR_8346631680,100,False,AurelionSol,1342680,82,Pantheon,7228,3
KR_8346631680,200,True,Tristana,227685,23,Bard,104932,12
KR_8344463108,100,True,Katarina,383007,37,Pantheon,33977,6
KR_8344463108,200,False,Ezreal,695858,66,Leona,21949,5
KR_8344157767,100,True,Ziggs,17792,4,Pyke,2140612,163
KR_8344157767,200,False,Ezreal,9526,3,Nautilus,23839,5
KR_8344120283,100,True,Yasuo,903631,85,Skarner,24615,5
KR_8344120283,200,False,Kaisa,10073,3,Rell,1273374,118
KR_8351640735,100,True,Ashe,364292,36,Pantheon,143118,16
KR_8351640735,200,False,Aphelios,349115,34,Alistar,15237,4
KR_8350140526,100,True,Ezreal,383453,37,Bard,305723,30
KR_8350140526,200,False,Yunara,38944,6,Nautilus,91433,11
KR_8349929703,100,False,KogMaw,2252,2,Lulu,442839,43
KR_8349929703,200,True,Yunara,174819,19,Pyke,81727,10
KR_8349921274,100,True,Jhin,393362,38,Senna,299255,30
KR_8349921274,200,False,Viktor,112403,13,Blitzcrank,158432,17
KR_8354688164,100,True,Jayce,24168,5,JarvanIV,126788,14
KR_8354688164,200,False,Viktor,30806,5,Rengar,578948,55
KR_8354580188,100,True,Yunara,363110,36,Lulu,50357,7
KR_8354580188,200,False,Lucian,7183,3,Braum,45457,7
KR_8355213380,100,True,Lucian,33490,6,Braum,79069,10
KR_8355213380,200,False,Jhin,57014,8,Nautilus,720285,68
KR_8355179561,100,True,Kaisa,283296,28,Nautilus,63740,8
KR_8355179561,200,False,Tristana,447169,43,Elise,213268,22
KR_8352919907,100,True,Syndra,382963,37,Camille,3338078,306
KR_8352919907,200,False,Yasuo,693383,66,Thresh,72883,9
KR_8352886130,100,False,Yunara,670322,64,Neeko,1214325,113
KR_8352886130,200,True,Corki,210384,22,Karma,17311,4
KR_8352846588,100,False,MissFortune,37773,6,Thresh,675923,64
KR_8352846588,200,True,Ezreal,172472,18,Nautilus,59795,8
KR_8352796026,100,True,Kaisa,476161,46,Neeko,112976,13
KR_8352796026,200,False,Zeri,1068060,100,Lulu,269118,27
KR_8352707279,100,False,Kaisa,276682,28,Camille,54585,8
KR_8352707279,200,True,Jhin,366112,36,Alistar,5284,2
KR_8352623604,100,False,Xerath,86382,10,Blitzcrank,187876,20
KR_8352623604,200,True,Jhin,407938,40,Senna,299255,30
KR_8351413150,100,False,Yunara,89540,11,Leblanc,825993,78
KR_8351413150,200,True,Ezreal,536689,51,Katarina,383007,37
KR_8351373196,100,True,Ezreal,527038,51,Braum,8711,3
KR_8351373196,200,False,Kaisa,315916,31,Morgana,723733,68
KR_8350906187,100,False,Ezreal,88991,11,Nautilus,517733,50
KR_8350906187,200,True,Corki,6563,3,Rell,127787,14
KR_8347557367,100,True,Ezreal,50733,7,Viego,94146,11
KR_8347557367,200,False,Seraphine,90299,11,Shen,14574,4
KR_8347531800,100,False,Ezreal,87058,11,Rakan,62822,8
KR_8347531800,200,True,Caitlyn,9893,3,Nautilus,91892,11
KR_8347513908,100,False,Azir,66785,9,KogMaw,766054,72
KR_8347513908,200,True,Yunara,114703,13,Lulu,7871,3
KR_8342165392,100,False,Zeri,4799,2,Alistar,56975,8
KR_8342165392,200,True,Kaisa,385612,38,Rell,361458,35
KR_8342137942,100,True,Zeri,4799,2,Braum,31982,6
KR_8342137942,200,False,Ezreal,103909,12,Neeko,24225,5
KR_8342126715,100,False,Corki,5156,2,Pantheon,70100,9
KR_8342126715,200,True,Yunara,63343,8,Braum,10996,3
KR_8342092569,100,True,Yunara,10174,3,Camille,149036,16
KR_8342092569,200,False,Corki,20321,4,Nautilus,10480,3
KR_8339288276,100,False,Zed,39062,6,Leona,119680,14
KR_8339288276,200,True,Caitlyn,9893,3,Shen,71751,9
KR_8339269766,100,True,Xayah,2633100,242,Nautilus,11701,3
KR_8339269766,200,False,Caitlyn,148314,16,Karma,4111,2
KR_8339267515,100,True,Lucian,136738,15,Milio,809,1
KR_8339267515,200,False,Aphelios,236682,24,Hwei,92961,11
KR_8339250719,100,False,Zeri,577085,55,Bard,24031,5
KR_8339250719,200,True,Ezreal,50733,7,Sylas,20088,4
KR_8338076577,100,True,Yunara,35815,6,Nautilus,15473,4
KR_8338076577,200,False,Lucian,10109,3,Milio,53241,7
KR_8338070885,100,True,Kalista,837,1,Pyke,58843,8
KR_8338070885,200,False,Mel,1083,1,Bard,169539,18
KR_8338058325,100,False,Ezreal,456069,44,Janna,24772,5
KR_8338058325,200,True,Kaisa,25549,5,Pyke,40383,6
KR_8338050160,100,False,Ziggs,829,1,Rell,193865,20
KR_8338050160,200,True,Kaisa,25549,5,Elise,269645,27
KR_8338027095,100,False,Kaisa,412891,40,Blitzcrank,1733,1
KR_8338027095,200,True,Vayne,8198,3,Nautilus,50500,7
KR_8351582299,100,False,Draven,323185,32,Yuumi,926962,87
KR_8351582299,200,True,Jhin,289633,29,Lulu,357747,35
KR_8351561948,100,False,Yunara,198582,21,Lulu,3300403,303
KR_8351561948,200,True,Jhin,289633,29,Thresh,350154,34
KR_8351564426,100,False,Kaisa,94340,11,Alistar,26913,5
KR_8351564426,200,True,Tristana,45313,7,Leona,26652,5
KR_8351547859,100,True,Jhin,289633,29,Galio,1655025,133
KR_8351547859,200,False,Tristana,72898,9,Alistar,108726,13
KR_8351540770,100,False,Viktor,18824,4,Jayce,306952,31
KR_8351540770,200,True,Jhin,289633,29,Galio,619829,59
KR_8351525988,100,True,Jinx,218189,22,Galio,619829,59
KR_8351525988,200,False,Jhin,289633,29,Nautilus,29064,5
KR_8348974059,100,True,Kaisa,127254,14,Rell,229842,24
KR_8348974059,200,False,Jhin,852321,80,Pantheon,28954,5
KR_8348950083,100,False,Kalista,210769,22,Milio,34604,6
KR_8348950083,200,True,Ezreal,579939,55,Leona,26652,5
KR_8348909555,100,False,Sivir,40317,6,Janna,113856,13
KR_8348909555,200,True,Varus,230133,24,Lulu,357747,35
KR_8348876665,100,False,Lucian,167979,18,Lulu,18289,4
KR_8348876665,200,True,Veigar,192887,20,Rell,148121,16
KR_8348855539,100,True,Syndra,101494,12,Thresh,110705,13
KR_8348855539,200,False,Jhin,289633,29,Alistar,99483,12
KR_8348836235,100,True,Vladimir,311994,31,Nautilus,7565805,615
KR_8348836235,200,False,Jhin,289633,29,Rakan,5760,2
KR_8348816311,100,True,Caitlyn,120149,14,Karma,4118,2
KR_8348816311,200,False,Jhin,289633,29,Rakan,64419,8
KR_8348786759,100,True,Aphelios,349115,34,Rell,2377,2
KR_8348786759,200,False,Sivir,1778151,164,Leona,26652,5
KR_8348764784,100,False,Ashe,307361,31,Maokai,11847,3
KR_8348764784,200,True,Swain,902457,85,Braum,23089,5
KR_8348763018,100,False,Swain,902457,85,Nautilus,531648,51
KR_8348763018,200,True,Jhin,289633,29,Rell,39937,6
KR_8348743202,100,False,Kaisa,168030,18,Rakan,1087345,101
KR_8348743202,200,True,KogMaw,82192,10,Poppy,55748,8
KR_8353187937,100,False,Ezreal,234684,24,Leona,1974,2
KR_8353187937,200,True,Yunara,103899,12,Nautilus,36429,6
KR_8353180817,100,True,Lucian,179893,19,Alistar,12160,3
KR_8353180817,200,False,Caitlyn,40243,6,Pyke,785113,74
KR_8353164589,100,False,Kaisa,98864,12,Sylas,14282,4
KR_8353164589,200,True,Aurora,1184468,110,Alistar,12160,3
KR_8350189981,100,True,Ezreal,620974,59,Seraphine,666631,63
KR_8350189981,200,False,Yasuo,2418863,223,Rell,6003201,501
KR_8350165576,100,True,Kalista,285688,29,Renata,204284,21
KR_8350165576,200,False,Jhin,66629,9,Pyke,22091,5
KR_8350108399,100,False,Ezreal,286619,29,Nunu,1538475,142
KR_8350108399,200,True,Tristana,344584,34,Rell,48165,7
KR_8348775745,100,True,Ezreal,810269,76,Karma,65221,9
KR_8348775745,200,False,Zed,54427,8,Rell,98168,12
KR_8348770323,100,False,Sylas,76574,10,Shen,45060,7
KR_8348770323,200,True,Corki,116451,13,Rell,10721,3
KR_8348750464,100,True,Sivir,6640,3,Nautilus,154169,17
KR_8348750464,200,False,Ezreal,460081,44,Blitzcrank,712677,67
KR_8348725308,100,False,Akali,103759,12,Blitzcrank,180537,19
KR_8348725308,200,True,Jhin,322699,32,Galio,1655025,133
KR_8347917698,100,True,Sylas,76574,10,Camille,70016,9
KR_8347917698,200,False,Ezreal,48745,7,Karma,30658,5
KR_8347884171,100,False,Zed,54427,8,Leona,129565,14
KR_8347884171,200,True,Ashe,95881,11,Rell,52542,7
KR_8347873001,100,True,Akali,103759,12,Nautilus,81096,10
KR_8347873001,200,False,Aphelios,9795,3,Thresh,36006,6
KR_8347830761,100,True,Zed,54427,8,Leona,105818,12
KR_8347830761,200,False,Xayah,20810,4,Pantheon,135312,15
KR_8347803978,100,False,Aphelios,44458,7,Nautilus,406269,40
KR_8347803978,200,True,Kalista,333977,33,Rell,6423,3
KR_8347794007,100,False,Kaisa,247457,25,Poppy,16575,4
KR_8347794007,200,True,Ashe,81696,10,Rell,2296793,210
KR_8347756844,100,True,Aphelios,759127,72,Lulu,337577,33
KR_8347756844,200,False,Ambessa,52383,7,Bard,183941,19
KR_8347658171,100,True,Lucian,52615,7,Lulu,91934,11
KR_8347658171,200,False,Ezreal,210098,22,Karma,41934,6
KR_8347625774,100,True,Ezreal,3607,2,Sylas,31449,5
KR_8347625774,200,False,Aatrox,49819,7,Zoe,162025,17
KR_8339336541,100,True,Zed,54427,8,Yuumi,204091,21
KR_8339336541,200,False,Lucian,887965,83,Rell,651934,62
KR_8339319728,100,False,Yasuo,3773850,346,Lulu,281415,28
KR_8339319728,200,True,Yunara,243187,25,Bard,171210,18
KR_8338148047,100,False,Xayah,19227,4,Thresh,40862,6
KR_8338148047,200,True,Kaisa,477021,46,Seraphine,30553,5
KR_8338129743,100,False,Kaisa,27541,5,Alistar,48233,7
KR_8338129743,200,True,Xayah,73945,9,Poppy,17205,4
KR_8354640337,100,True,Kaisa,802473,76,Nautilus,394097,38
KR_8354640337,200,False,Jhin,11854,3,Rell,288304,29
KR_8354210077,100,True,Kalista,23375,5,Rell,152835,17
KR_8354210077,200,False,MissFortune,29432,5,Sylas,44348,7
KR_8354179381,100,False,Ashe,11027,3,Seraphine,3313,2
KR_8354179381,200,True,Jhin,277107,27,Mel,163911,18
KR_8354175140,100,False,Yunara,77225,10,Lulu,47659,7
KR_8354175140,200,True,Jhin,259769,26,Bard,422635,41
KR_8354165313,100,False,Ezreal,470828,45,Blitzcrank,68516,9
KR_8354165313,200,True,Jinx,288115,29,Thresh,369384,36
KR_8354155476,100,True,Jhin,259769,26,Skarner,43399,7
KR_8354155476,200,False,Ezreal,775050,73,Camille,123500,14
KR_8354158011,100,False,Lucian,48825,7,Milio,1248,1
KR_8354158011,200,True,Kaisa,385612,38,Sett,436115,42
KR_8354135674,100,False,Caitlyn,11167,3,Alistar,4741,2
KR_8354135674,200,True,Tristana,5895399,494,Maokai,2001497,185
KR_8354120145,100,False,Syndra,35732,6,Poppy,189993,20
KR_8354120145,200,True,Jhin,27619,5,Senna,299255,30
KR_8354095543,100,True,Caitlyn,50510,7,Bard,1584554,147
KR_8354095543,200,False,Kaisa,846638,78,Sylas,112832,13
KR_8354059923,100,True,Kaisa,195158,20,Nautilus,316883,31
KR_8354059923,200,False,Syndra,194161,16,Shen,5378,2
KR_8354023562,100,True,Yunara,6698,3,Lulu,34334,6
KR_8354023562,200,False,Mel,11195,3,Thresh,9417,3
KR_8353937479,100,False,Ezreal,247777,25,Rakan,261186,26
KR_8353937479,200,True,Jhin,61409,8,Bard,171436,18
KR_8353816211,100,True,Cassiopeia,1042742,96,Nautilus,2292,2
KR_8353816211,200,False,Ezreal,241398,25,Sion,4030859,177
KR_8353121076,100,True,Yunara,6698,3,Soraka,55967,8
KR_8353121076,200,False,Tristana,71646,9,Pyke,75927,10
KR_8353062641,100,True,Tristana,380735,37,Soraka,55967,8
KR_8353062641,200,False,KogMaw,189002,20,Lulu,33601,6
KR_8353062294,100,True,Syndra,70984,9,Leona,5403,2
KR_8353062294,200,False,Jinx,141236,15,Thresh,81571,10
KR_8353047468,100,True,Jhin,112058,13,Bard,41166,6
KR_8353047468,200,False,Caitlyn,584216,56,Skarner,98988,12
KR_8353027500,100,False,MissFortune,7997288,730,Pantheon,23863,5
KR_8353027500,200,True,Viktor,30806,5,Maokai,69494,9
KR_8353014637,100,False,Caitlyn,385907,38,Bard,59843,8
KR_8353014637,200,True,Ezreal,290304,29,Pyke,42232,6
KR_8352984970,100,False,Xerath,18776,4,Seraphine,15864,4
KR_8352984970,200,True,Jhin,68332,9,Cassiopeia,498858,48
KR_8352983451,100,True,Kaisa,713667,68,Pyke,54989,8
KR_8352983451,200,False,Ezreal,230204,24,Nautilus,113314,13
KR_8353701243,100,False,Yunara,20658,4,Lulu,152897,17
KR_8353701243,200,True,Tristana,180042,19,Pyke,414750,40
KR_8353634617,100,True,Kaisa,423812,41,Pyke,413232,40
KR_8353634617,200,False,Aphelios,248516,25,Thresh,119648,14
KR_8350750316,100,False,Kaisa,966102,90,Viego,201812,21
KR_8350750316,200,True,Tristana,180042,19,Lulu,708399,67
KR_8349238701,100,True,Yunara,64444,8,Lulu,131781,15
KR_8349238701,200,False,Zeri,158597,17,Rakan,283223,28
KR_8348057771,100,False,Corki,37096,6,Senna,5444429,498
KR_8348057771,200,True,Kaisa,113907,13,Rakan,283223,28
KR_8346001633,100,False,Yunara,139042,15,Leona,20058,4
KR_8346001633,200,True,Swain,902457,85,Pantheon,83211,10
KR_8345941430,100,True,Karthus,719404,68,Sion,938555,88
KR_8345941430,200,False,Caitlyn,26019,5,Lux,4594473,420
KR_8344716820,100,True,Yunara,106453,12,Rell,574602,55
KR_8344716820,200,False,Xayah,17852,4,Rakan,283223,28
KR_8343029496,100,True,Kaisa,461330,45,Rakan,283223,28
KR_8343029496,200,False,Ezreal,46839,7,Senna,5444429,498
KR_8341443209,100,False,Zeri,205792,21,Rell,2684,2
KR_8341443209,200,True,Tristana,180042,19,Poppy,2947,2
KR_8339797680,100,False,Yunara,32385,6,Shen,16120,4
KR_8339797680,200,True,Zeri,610022,58,Rakan,283223,28
KR_8338746577,100,False,Ezreal,112236,13,Rakan,283223,28
KR_8338746577,200,True,Mel,81477,10,Nautilus,730578,69
KR_8337409093,100,False,Ziggs,7300,3,Blitzcrank,5242,2
KR_8337409093,200,True,Draven,742841,70,Rakan,283223,28
KR_8347884872,100,True,Lucian,274026,28,Lulu,523229,50
KR_8347884872,200,False,Corki,40662,6,Thresh,192309,20
KR_8347876097,100,False,Jinx,193867,20,Milio,77721,10
KR_8347876097,200,True,Corki,5057,2,Pyke,194383,20
KR_8342460212,100,False,Kaisa,46890,7,Pyke,194383,20
KR_8342460212,200,True,Xayah,53053,7,Rakan,2670,2
KR_8342434346,100,True,Lucian,188336,20,Senna,5444429,498
KR_8342434346,200,False,Zeri,238993,24,Bard,80890,10
KR_8340917039,100,True,Yunara,116601,13,Blitzcrank,85225,10
KR_8340917039,200,False,Singed,2357013,150,Pyke,194383,20
KR_8337374649,100,False,Kaisa,557632,53,Alistar,65533,9
KR_8337374649,200,True,Tristana,18668,4,Braum,1340,1
KR_8337353640,100,False,AurelionSol,1725007,112,Pantheon,25982,5
KR_8337353640,200,True,MissFortune,218403,22,Pyke,194383,20
KR_8354868797,100,True,Ezreal,49839,7,Leona,10574,3
KR_8354868797,200,False,Ashe,24811,5,Seraphine,20730,4
KR_8354832130,100,False,Jinx,87931,11,Nautilus,194694,20
KR_8354832130,200,True,Ashe,143220,16,Braum,14247,4
KR_8354765673,100,False,Ezreal,217870,22,Camille,15722,4
KR_8354765673,200,True,Zeri,91681,11,Alistar,185404,19
KR_8354695104,100,True,Jinx,218189,22,Thresh,1147429,107
KR_8354695104,200,False,Jhin,728294,69,Bard,160049,17
KR_8348189902,100,False,Draven,1055385,99,Alistar,7761,3
KR_8348189902,200,True,Swain,516013,50,Leona,52219,7
KR_8347235046,100,True,Kaisa,876833,82,Rell,71843,9
KR_8347235046,200,False,Ashe,185356,19,Blitzcrank,50828,7
KR_8347091320,100,True,Jhin,115495,13,Bard,1584554,147
KR_8347091320,200,False,Singed,2357013,150,Pantheon,494239,48
KR_8344985184,100,False,Kaisa,34869,6,Nautilus,729260,69
KR_8344985184,200,True,Viktor,117852,13,Bard,29097,5
KR_8344813058,100,True,Xerath,48004,7,TwistedFate,420007,41
KR_8344813058,200,False,Ezreal,25636,5,Karma,95393,11
KR_8344698655,100,True,Yone,671389,64,Leona,12097,3
KR_8344698655,200,False,Kaisa,199470,21,Pantheon,121015,14
KR_8344522860,100,False,Katarina,383007,37,Blitzcrank,50828,7
KR_8344522860,200,True,Ezreal,176148,19,Pantheon,66345,9
KR_8344424630,100,True,Mel,2289,2,Camille,218652,23
KR_8344424630,200,False,Kaisa,2184977,201,Poppy,38177,6
KR_8339351760,100,True,Nilah,190238,20,Soraka,81048,10
KR_8339351760,200,False,Ezreal,242496,25,Skarner,24615,5
KR_8352943838,100,True,Singed,2357013,150,Yuumi,4443,2
KR_8352943838,200,False,Lucian,241050,25,Sylas,219430,23
KR_8352923330,100,False,Yunara,8067,3,Rammus,70972,9
KR_8352923330,200,True,Kaisa,63824,8,Nautilus,17765,4
KR_8352844968,100,True,Corki,25819,5,Thresh,120260,14
KR_8352844968,200,False,Kalista,30520,5,Sylas,58049,8
KR_8352825017,100,True,Caitlyn,370895,36,Bard,122344,14
KR_8352825017,200,False,Kalista,30520,5,Nautilus,303409,30
KR_8352791216,100,False,MissFortune,261321,26,Nautilus,3740,2
KR_8352791216,200,True,Caitlyn,136132,15,Bard,298300,30
KR_8352531443,100,True,Yunara,62070,8,Rell,6003201,501
KR_8352531443,200,False,Jinx,860605,81,Lulu,330040,33
KR_8352463346,100,False,Ezreal,177880,19,Rakan,1811,2
KR_8352463346,200,True,Viktor,45628,7,Camille,6119,3
KR_8352398431,100,False,Kaisa,719978,68,Leona,16671,4
KR_8352398431,200,True,Yunara,265719,27,Alistar,382432,37
KR_8352322465,100,False,Yunara,172374,18,Senna,69819,9
KR_8352322465,200,True,Samira,2087,2,Nautilus,61584,8
KR_8352290008,100,True,Syndra,43108,7,Maokai,69494,9
KR_8352290008,200,False,Jinx,130472,14,Rell,6003201,501
KR_8352204362,100,False,Zeri,585615,56,Pyke,60532,8
KR_8352204362,200,True,Jinx,984058,92,Thresh,15370,4
KR_8352142815,100,True,Syndra,80464,10,Pantheon,22518,5
KR_8352142815,200,False,Kalista,30520,5,Nautilus,3490,2
KR_8352113504,100,False,Kaisa,46890,7,Leona,46422,7
KR_8352113504,200,True,Jinx,14911,4,Soraka,1150447,107
KR_8352048920,100,True,Jinx,984058,92,Yuumi,276460,28
KR_8352048920,200,False,Yunara,174819,19,Alistar,317441,31
KR_8351926027,100,False,Seraphine,961,1,MonkeyKing,7342076,609
KR_8351926027,200,True,Yunara,100154,12,Lulu,16232,4
KR_8351479294,100,True,Kalista,7990,3,Renata,27313,5
KR_8351479294,200,False,Varus,135225,15,Nautilus,66181,9
KR_8351445470,100,True,Kaisa,327834,32,Galio,24041,5
KR_8351445470,200,False,Yasuo,22090,5,Elise,245190,25
KR_8351317964,100,True,Aphelios,788877,74,Lulu,784776,74
KR_8351317964,200,False,Viktor,13973,4,Nami,364233,36
KR_8351176768,100,False,Kalista,30520,5,Renata,89422,11
KR_8351176768,200,True,Corki,13142,4,Alistar,382432,37
KR_8350899358,100,False,Vayne,82220,10,Yuumi,67061,9
KR_8350899358,200,True,Kaisa,652441,62,Blitzcrank,1402055,124
KR_8350814818,100,False,Tristana,309824,31,Alistar,1174,1
KR_8350814818,200,True,Singed,2357013,150,Leona,233669,24
KR_8354458867,100,False,Ezreal,75341,9,Karma,142161,16
KR_8354458867,200,True,Syndra,34360,6,Pantheon,163323,17
KR_8354440155,100,True,Velkoz,3578,2,Rell,59651,8
KR_8354440155,200,False,Kalista,9872,3,Nautilus,624890,59
KR_8354398090,100,True,Xayah,53053,7,Rakan,105503,12
KR_8354398090,200,False,Ryze,28107,5,Alistar,644615,61
KR_8349744566,100,True,Tristana,224745,23,Pyke,190140,20
KR_8349744566,200,False,AurelionSol,1725007,112,Swain,516013,50
KR_8349656390,100,False,Caitlyn,140685,15,Thresh,337068,33
KR_8349656390,200,True,Zeri,62342,8,Karma,134273,15
KR_8349507885,100,False,Xayah,35651,6,Rakan,22999,5
KR_8349507885,200,True,Lucian,887965,83,Leona,14856,4
KR_8349146229,100,True,Aphelios,467419,45,Thresh,74069,9
KR_8349146229,200,False,Jhin,90793,11,Morgana,253064,26
KR_8348084733,100,True,Syndra,101494,12,Nautilus,108513,12
KR_8348084733,200,False,Corki,1985,2,Bard,59901,8
KR_8348058475,100,True,Yunara,32385,6,Rell,6003201,501
KR_8348058475,200,False,Kaisa,295811,30,Alistar,435490,42
KR_8345246205,100,False,Corki,20092,4,Nautilus,140948,15
KR_8345246205,200,True,Lucian,75372,9,Milio,3694,2
KR_8345223188,100,False,Yunara,27205,5,Rakan,47787,7
KR_8345223188,200,True,Jhin,38538,6,Shen,105474,12
KR_8345165993,100,False,Katarina,383007,37,Rakan,19005,4
KR_8345165993,200,True,Ezreal,2717,2,Karma,31680,6
KR_8343611542,100,True,Swain,516013,50,Alistar,467751,45
KR_8343611542,200,False,Sivir,57235,8,Bard,366647,36
KR_8338472386,100,False,Lucian,165365,18,Milio,11352,3
KR_8338472386,200,True,Syndra,22668,5,Poppy,55748,8
KR_8337945263,100,True,Anivia,124954,14,Camille,139867,15
KR_8337945263,200,False,Urgot,1169159,109,Shen,66589,9
KR_8337879769,100,True,Jhin,173563,18,Maokai,1915403,169
KR_8337879769,200,False,Kaisa,447756,43,Rell,817056,77
KR_8343032578,100,True,Sivir,12327,3,Rakan,400026,39
KR_8343032578,200,False,Ezreal,104509,12,Alistar,98891,12
KR_8342977064,100,True,Kalista,93667,11,Pantheon,1751,1
KR_8342977064,200,False,Ezreal,104509,12,Alistar,48233,7
KR_8342893240,100,True,Yasuo,1109575,103,Maokai,2800,2
KR_8342893240,200,False,Renekton,20200,4,Poppy,17051,4
KR_8342770445,100,True,Jhin,311687,31,Karma,9790,3
KR_8342770445,200,False,Caitlyn,584216,56,Nautilus,1468051,123
KR_8342392817,100,False,Ezreal,184748,19,Bard,384287,38
KR_8342392817,200,True,Corki,56953,8,Nautilus,96320,11
KR_8342385143,100,True,Ezreal,39503,6,Leona,8020,3
KR_8342385143,200,False,Ryze,26960,5,Alistar,2755,2
KR_8342361028,100,False,Syndra,10188,3,Janna,393822,38
KR_8342361028,200,True,Yunara,59324,8,Blitzcrank,214662,22
KR_8339156205,100,True,Draven,12055,3,Thresh,1442383,134
KR_8339156205,200,False,Mel,14134,4,Shen,3793359,329
KR_8338474967,100,False,Kalista,317965,32,Rell,110362,13
KR_8338474967,200,True,Xayah,71825,9,Nautilus,607340,58
KR_8338463344,100,False,Corki,15384,4,Leona,411099,40
KR_8338463344,200,True,Syndra,10188,3,Pantheon,25204,5
KR_8338418506,100,False,Viktor,43281,7,Alistar,14571,4
KR_8338418506,200,True,Sivir,37054,6,Ekko,3284302,301
KR_8337918504,100,False,Xayah,33120,6,Bard,190777,20
KR_8337918504,200,True,Kaisa,353126,35,Camille,33648,6
KR_8337494932,100,False,Yunara,172375,18,Lulu,34106,6
KR_8337494932,200,True,Zeri,610022,58,Blitzcrank,68516,9
KR_8354181500,100,True,Tristana,61496,8,Braum,59164,8
KR_8354181500,200,False,Zeri,68462,9,Yuumi,290791,29
KR_8351577085,100,True,Ziggs,120724,14,Camille,52139,7
KR_8351577085,200,False,Kaisa,669675,64,Leona,361179,35
KR_8351569204,100,True,Seraphine,165912,18,Nautilus,627789,60
KR_8351569204,200,False,Viktor,12502,3,Pantheon,1112065,98
KR_8351552972,100,True,Tristana,31999,6,Pyke,1213718,113
KR_8351552972,200,False,Draven,2722080,236,Pantheon,1112065,98
KR_8351540600,100,True,Caitlyn,144885,16,Zoe,141641,16
KR_8351540600,200,False,MissFortune,1837,2,Rakan,89029,11
KR_8351529799,100,True,Sivir,32975,6,Shen,14296,4
KR_8351529799,200,False,Corki,235107,24,Senna,299255,30
KR_8351511883,100,False,Zyra,1904210,176,Camille,16050,4
KR_8351511883,200,True,Jhin,14752,4,Neeko,60770,8
KR_8351492763,100,False,Xayah,67922,9,Karma,293630,29
KR_8351492763,200,True,Ashe,362843,36,Seraphine,21856,5
KR_8351468251,100,False,Ezreal,275975,28,Camille,8828,3
KR_8351468251,200,True,Kaisa,363080,36,Rell,26374,5
KR_8351420166,100,True,Caitlyn,62432,8,Soraka,55967,8
KR_8351420166,200,False,Varus,870003,82,Braum,59551,8
KR_8355241218,100,True,Kaisa,564006,54,Nautilus,171450,18
KR_8355241218,200,False,Yunara,8632,3,Braum,1465,1
KR_8355069058,100,False,Ezreal,101544,12,Pyke,21832,5
KR_8355069058,200,True,Syndra,35732,6,Akshan,141555,15
KR_8354902117,100,False,Corki,21615,5,Alistar,30270,5
KR_8354902117,200,True,Tristana,43608,7,Nautilus,1813,2
KR_8354823972,100,False,Zed,46820,7,Rell,92203,11
KR_8354823972,200,True,Viktor,4219,2,Nautilus,624890,59
KR_8354802035,100,True,Kaisa,131167,15,Nautilus,31567,5
KR_8354802035,200,False,Xayah,223421,23,Alistar,4988,2
KR_8350982728,100,True,Jhin,44661,7,Nautilus,364484,36
KR_8350982728,200,False,Kaisa,8275,3,Rell,267392,27
KR_8347827663,100,False,Aphelios,50118,7,Lulu,116757,13
KR_8347827663,200,True,Kaisa,432730,42,Nautilus,531648,51
KR_8346868745,100,False,Katarina,383007,37,Leona,498803,48
KR_8346868745,200,True,Lucian,45386,7,Braum,400890,39
KR_8345740215,100,False,Sylas,156901,17,Camille,80894,10
KR_8345740215,200,True,Ezreal,43673,7,Bard,7257,3
KR_8345701591,100,True,Yunara,35271,6,Aatrox,17677,4
KR_8345701591,200,False,Jhin,38253,6,Bard,337025,33
KR_8342859286,100,False,Syndra,36206,6,Camille,89325,11
KR_8342859286,200,True,Hwei,433952,42,Bard,11583,3
KR_8342806061,100,True,Katarina,1062978,99,Galio,123942,14
KR_8342806061,200,False,Nilah,190238,20,Braum,16058,4
KR_8340925222,100,True,Tristana,67612,9,Rell,116370,13
KR_8340925222,200,False,AurelionSol,1342680,82,Senna,40473,6
KR_8340810582,100,True,Jhin,88320,11,Rakan,527436,51
KR_8340810582,200,False,Ezreal,600940,57,Karma,2821,2
KR_8354640018,100,False,Aphelios,759127,72,Lulu,527,1
KR_8354640018,200,True,Jinx,141236,15,Thresh,233188,24
KR_8354605146,100,False,Kaisa,24524,5,Pyke,103504,12
KR_8354605146,200,True,Zeri,791110,75,Rakan,119132,13
KR_8354517355,100,True,Caitlyn,135491,15,Karma,194647,20
KR_8354517355,200,False,Jhin,143914,16,Neeko,182448,19
KR_8353864460,100,False,Kaisa,264287,27,Alistar,26262,5
KR_8353864460,200,True,Tristana,19939,4,Janna,828,1
KR_8353808388,100,False,Zeri,35452,6,Rengar,854428,80
KR_8353808388,200,True,Kalista,11546,3,Renata,275614,28
KR_8353727927,100,True,Jhin,68932,9,Lux,2116801,195
KR_8353727927,200,False,Xerath,31371,5,Nautilus,10390,3
KR_8353690584,100,False,Tristana,2943292,270,Poppy,83755,10
KR_8353690584,200,True,Varus,119743,14,KSante,422808,41
KR_8353488356,100,True,Kaisa,53339,7,JarvanIV,126788,14
KR_8353488356,200,False,Ashe,379153,37,Braum,119406,13
KR_8354096939,100,True,Tristana,242231,25,Sona,268656,27
KR_8354096939,200,False,Lucian,70778,9,Taric,1746650,161
KR_8352250541,100,True,Tristana,242231,25,Lulu,92681,11
KR_8352250541,200,False,Jinx,984058,92,Nautilus,615592,59
KR_8348983334,100,True,Viktor,43183,7,Alistar,12521,3
KR_8348983334,200,False,Ziggs,2307574,211,Senna,586258,56
KR_8347848124,100,True,Tristana,87272,11,Rakan,123839,14
KR_8347848124,200,False,Ezreal,201760,21,Karma,1054724,99
KR_8342483586,100,True,Tristana,242231,25,Pantheon,43154,7
KR_8342483586,200,False,Ezreal,6551,3,Karma,13224,4
KR_8342439738,100,True,Kaisa,274494,28,Blitzcrank,11158,3
KR_8342439738,200,False,Ezreal,362213,36,Neeko,214363,22
KR_8342392710,100,True,Yunara,150949,16,Zilean,4473,2
KR_8342392710,200,False,Jhin,288738,29,Rammus,7854698,641
KR_8340800845,100,True,Ezreal,89694,11,Alistar,79561,10
KR_8340800845,200,False,Yunara,150949,16,Braum,1032979,82
KR_8340771977,100,False,Jhin,11604,3,Leona,2123146,196
KR_8340771977,200,True,Tristana,242231,25,Bard,298300,30
KR_8346517771,100,True,Yone,107151,12,Taric,1650069,152
KR_8346517771,200,False,Syndra,28520,5,Alistar,368939,36
KR_8346503768,100,True,Kaisa,743095,70,Nautilus,57755,8
KR_8346503768,200,False,Caitlyn,136781,15,Lux,697,1
KR_8346504512,100,False,Syndra,36607,6,Pyke,22287,5
KR_8346504512,200,True,Aphelios,9703,3,Rengar,757889,72
KR_8345544096,100,False,Jhin,13529,4,Nautilus,35282,6
KR_8345544096,200,True,Kaisa,140956,15,Leona,80700,10
KR_8345408769,100,True,Kaisa,140205,15,Senna,39896,6
KR_8345408769,200,False,Ezreal,17131,4,Nautilus,76055,10
KR_8345405243,100,False,Yunara,103583,12,Karma,68056,9
KR_8345405243,200,True,Tristana,63203,8,Lulu,1343,1
KR_8344920566,100,True,Chogath,565229,54,Camille,40542,6
KR_8344920566,200,False,Kaisa,237894,24,Bard,21500,4
KR_8344863098,100,True,Corki,169695,18,Pantheon,12250,3
KR_8344863098,200,False,Chogath,565229,54,Pyke,35957,6
KR_8340019661,100,True,Viktor,353713,35,Thresh,78586,10
KR_8340019661,200,False,Katarina,5592139,511,Camille,46685,7
KR_8339974251,100,True,Syndra,103913,12,Nautilus,589548,56
KR_8339974251,200,False,Ezreal,304508,30,Bard,169539,18
KR_8339900478,100,True,Ryze,6560,3,Alistar,700978,66
KR_8339900478,200,False,Katarina,1199269,112,Taric,1650069,152
KR_8339852351,100,False,Aphelios,1648842,153,Taric,1650069,152
KR_8339852351,200,True,Kalista,19996,4,Thresh,55323,8
KR_8338924192,100,True,Syndra,41946,6,Sylas,40056,6
KR_8338924192,200,False,Aphelios,93358,11,Alistar,26025,5
KR_8338866616,100,True,Yunara,94843,11,Rell,40079,6
KR_8338866616,200,False,Lucian,206818,21,Alistar,16466,4
KR_8338634474,100,True,Ezreal,379232,37,Karma,248320,25
KR_8338634474,200,False,Zeri,68462,9,Nautilus,82125,10
KR_8338609302,100,False,Lucian,5898,2,Maokai,187764,20
KR_8338609302,200,True,Ezreal,470828,45,Rell,215875,22
KR_8338564415,100,False,Kaisa,106600,12,Nautilus,440557,43
KR_8338564415,200,True,Zeri,262669,27,Rell,339324,33
KR_8353845191,100,False,Jhin,126793,14,Locke,5764,2
KR_8353845191,200,True,Ezreal,40810,6,Nautilus,66181,9
KR_8353789502,100,False,Smolder,194801,20,Bard,511571,49
KR_8353789502,200,True,Zeri,31186,5,Yuumi,5245,2
KR_8353680744,100,True,Jhin,282570,28,Maokai,167193,18
KR_8353680744,200,False,Ezreal,31435,5,Poppy,38445,6
KR_8353623328,100,True,Ezreal,913903,86,Pantheon,153208,17
KR_8353623328,200,False,Akali,1354,1,TahmKench,1398,1
KR_8353562738,100,False,KogMaw,11596,3,Thresh,2081161,180
KR_8353562738,200,True,Karthus,719404,68,Leona,67238,9
KR_8353528407,100,False,Varus,7263,3,Braum,10324,3
KR_8353528407,200,True,Kalista,9872,3,Pantheon,83211,10
KR_8352285803,100,True,Yone,410639,40,Yuumi,37378,6
KR_8352285803,200,False,Kaisa,229709,24,Jax,60924,8
KR_8352237937,100,True,Aphelios,788877,74,Thresh,98788,12
KR_8352237937,200,False,Jinx,860605,81,Milio,7642,3
KR_8347272577,100,True,Jhin,185733,20,Galio,147446,16
KR_8347272577,200,False,Zeri,3448700,308,Rell,151123,16
KR_8347211673,100,True,Caitlyn,48333,7,Bard,93067,11
KR_8347211673,200,False,Jhin,230518,24,Blitzcrank,129089,14
KR_8347178472,100,True,Jinx,88821,11,Nautilus,313068,31
KR_8347178472,200,False,Yunara,43582,7,Galio,8018,3
KR_8347123384,100,False,Caitlyn,261811,26,Braum,56516,8
KR_8347123384,200,True,Aphelios,685439,65,Lulu,10220,3
KR_8347026550,100,False,Singed,2357013,150,Pantheon,235679,24
KR_8347026550,200,True,Jinx,984058,92,Sylas,156901,17
KR_8346966831,100,False,Ezreal,6551,3,Neeko,12884,4
KR_8346966831,200,True,Zeri,577085,55,Shen,20783,4
KR_8355233887,100,False,Kalista,30017,5,Camille,136477,15
KR_8355233887,200,True,Sivir,50538,7,Lulu,8577,3
KR_8355211781,100,False,Tristana,87272,11,Pantheon,87383,11
KR_8355211781,200,True,Kalista,333977,33,Shen,408378,40
KR_8355188870,100,False,Ezreal,584262,56,Zoe,1133606,106
KR_8355188870,200,True,Jhin,311687,31,Pantheon,87383,11
KR_8355031773,100,True,Corki,69139,9,Leona,121499,14
KR_8355031773,200,False,Tristana,227685,23,Rell,6003201,501
KR_8354850478,100,False,TwistedFate,7408,3,Bard,366647,36
KR_8354850478,200,True,Xerath,6370603,581,Nautilus,372134,36
KR_8354790747,100,True,Kaisa,888608,83,Blitzcrank,76441,10
KR_8354790747,200,False,Yunara,83876,10,Lulu,11886,3
KR_8354739765,100,True,Caitlyn,129900,13,Zilean,3758,2
KR_8354739765,200,False,Ezreal,998996,93,Neeko,29563,5
KR_8354700292,100,True,Ezreal,126553,14,Blitzcrank,13030,4
KR_8354700292,200,False,Jhin,11984,3,Karma,204802,21
KR_8354650026,100,False,Zeri,152407,16,Alistar,305225,30
KR_8354650026,200,True,Caitlyn,89144,11,Bard,135843,15
KR_8354569201,100,False,Zeri,303451,30,Pantheon,281574,28
KR_8354569201,200,True,Jhin,54326,8,Leona,33133,6
KR_8354538309,100,False,Singed,79940,10,Pantheon,153208,17
KR_8354538309,200,True,Xayah,9912,3,Rell,56014,8
KR_8354497837,100,True,Aphelios,39739,6,Karma,87747,11
KR_8354497837,200,False,Kalista,915061,86,Nautilus,313068,31
KR_8354163788,100,False,Kaisa,172636,18,Jax,40801,6
KR_8354163788,200,True,Yasuo,54646,8,Pantheon,77706,10
KR_8354164408,100,False,Yunara,186005,20,Lulu,357747,35
KR_8354164408,200,True,Singed,79940,10,Zilean,86657,11
KR_8354109579,100,True,Syndra,155912,17,Camille,130201,14
KR_8354109579,200,False,Jhin,14752,4,Nautilus,107595,12
KR_8353716179,100,False,Kaisa,166208,18,Pantheon,87383,11
KR_8353716179,200,True,Xayah,347533,34,Senna,13809,4
KR_8353649171,100,False,Xerath,86382,10,Jax,2770,2
KR_8353649171,200,True,KogMaw,10859,3,Pantheon,15055,4
KR_8355231024,100,False,Jinx,356876,35,Alistar,218187,22
KR_8355231024,200,True,Jhin,39143,6,Rakan,330005,33
KR_8355206861,100,True,Lucian,5973,2,Thresh,275737,28
KR_8355206861,200,False,Jhin,149812,16,Neeko,57567,8
KR_8355194752,100,True,Yunara,160644,17,Rell,720670,68
KR_8355194752,200,False,Jayce,58881,8,Sylas,5736,2
KR_8355059346,100,False,Tristana,1967,2,Yuumi,445,1
KR_8355059346,200,True,Kaisa,429164,42,Alistar,20180,4
KR_8354333560,100,False,Aphelios,1185468,110,Leona,67238,9
KR_8354333560,200,True,Kaisa,429164,42,Galio,179722,19
KR_8354324103,100,False,Yasuo,64873,9,Poppy,24483,5
KR_8354324103,200,True,Tristana,66039,9,Maokai,4334117,397
KR_8354094101,100,False,Yunara,94843,11,Lulu,92652,11
KR_8354094101,200,True,Kaisa,429164,42,Nautilus,491989,47
KR_8354052999,100,True,Jayce,58881,8,Rell,561575,54
KR_8354052999,200,False,Yunara,88771,11,Poppy,576554,55
KR_8354055522,100,False,Jhin,57014,8,Bard,14739,4
KR_8354055522,200,True,Corki,260906,26,Rakan,22951,5
KR_8354033241,100,True,Yunara,213812,22,Galio,109366,13
KR_8354033241,200,False,Kaisa,510836,49,Alistar,117229,13
KR_8354012152,100,False,Ezreal,341950,31,Lillia,417,1
KR_8354012152,200,True,Zed,16607,4,Thresh,1799012,166
KR_8353500081,100,True,Jhin,399126,39,Bard,90693,11
KR_8353500081,200,False,Kaisa,39468,6,Camille,26303,5
KR_8352635816,100,False,Lucian,751,1,Rakan,22182,5
KR_8352635816,200,True,Yasuo,1702686,157,Leona,30644,5
KR_8349055734,100,False,Syndra,41623,6,Blitzcrank,89493,11
KR_8349055734,200,True,Kalista,9872,3,Renata,2579,2
KR_8347037401,100,False,Ziggs,2011818,186,Nautilus,73150,9
KR_8347037401,200,True,Jinx,103807,12,Maokai,187764,20
KR_8346008488,100,True,Jhin,288955,29,Blitzcrank,1803847,167
KR_8346008488,200,False,Xerath,62092,8,Rell,1273374,118
KR_8343012927,100,True,Katarina,383007,37,Alistar,2755,2
KR_8343012927,200,False,Kalista,19996,4,Neeko,375574,37
KR_8341836531,100,True,Yunara,188365,20,Lulu,15008,4
KR_8341836531,200,False,Corki,44708,7,Karma,30773,5
KR_8354403292,100,True,Lucian,35259,6,Bard,231379,24
KR_8354403292,200,False,Yunara,157202,17,Lulu,44991,7
KR_8354383226,100,True,Lucian,41684,6,Milio,14403,4
KR_8354383226,200,False,Katarina,705379,67,Senna,13449,4
KR_8354351646,100,True,Caitlyn,247117,25,Rakan,13882,4
KR_8354351646,200,False,Kaisa,19802,4,Rell,7958,3
KR_8350022647,100,False,Tristana,75768,10,Alistar,108726,13
KR_8350022647,200,True,Jhin,1310525,122,Galio,45802,7
KR_8350012213,100,True,Yunara,72444,9,Camille,169983,18
KR_8350012213,200,False,Katarina,705379,67,Yuumi,5117,2
KR_8354949813,100,False,KogMaw,1581,1,Lulu,5222,2
KR_8354949813,200,True,Aphelios,1069380,100,Pyke,32499,6
KR_8354913007,100,True,Ezreal,657853,62,Camille,9472,3
KR_8354913007,200,False,Sivir,72147,9,Leblanc,74616,9
KR_8354848188,100,False,Karthus,719404,68,Nautilus,12004,3
KR_8354848188,200,True,Kaisa,141898,16,Neeko,20137,4
KR_8354781251,100,False,Xerath,86382,10,Leona,563703,54
KR_8354781251,200,True,Mel,2767,2,Alistar,43265,7
KR_8353479339,100,False,Tristana,98889,12,Yuumi,3170,2
KR_8353479339,200,True,Cassiopeia,1042742,96,Pantheon,131553,15
KR_8352621242,100,True,Tristana,200803,21,Rell,44898,7
KR_8352621242,200,False,Kalista,915061,86,Renata,62092,8
KR_8352568107,100,False,Jhin,115495,13,Thresh,11410,3
KR_8352568107,200,True,Tristana,32181,6,Janna,244409,25
KR_8352362605,100,True,Zeri,367732,36,Maokai,20477,4
KR_8352362605,200,False,Kaisa,547669,52,Zoe,337612,33
KR_8350514058,100,True,Caitlyn,360400,35,Karma,490804,47
KR_8350514058,200,False,Kalista,285688,29,Nautilus,1112875,104
KR_8348003596,100,False,Ezreal,210098,22,Karma,76951,10
KR_8348003596,200,True,Jinx,91576,11,Rakan,227428,23
KR_8346832571,100,True,Xayah,9128,3,Rakan,194391,20
KR_8346832571,200,False,Kaisa,289607,29,Maokai,2085319,161
KR_8354370910,100,True,Jhin,733566,69,Aatrox,262374,26
KR_8354370910,200,False,Yunara,22697,5,Alistar,122127,14
KR_8352059810,100,True,Caitlyn,64200,8,Thresh,275737,28
KR_8352059810,200,False,Viktor,78261,10,Bard,67298,9
KR_8350021053,100,False,Lucian,212427,22,Thresh,1147429,107
KR_8350021053,200,True,Viktor,78261,10,Neeko,251159,25
KR_8349996040,100,True,Viktor,1551,1,Yorick,5171615,471
KR_8349996040,200,False,Corki,2878,2,Rell,9720,3
KR_8348991927,100,False,Sivir,159977,17,Sylas,752610,71
KR_8348991927,200,True,Yunara,50069,7,Lulu,970,1
KR_8348774186,100,True,Kaisa,86992,11,Janna,14220,4
KR_8348774186,200,False,Ezreal,211913,22,Senna,2736674,217
KR_8347641518,100,True,Yunara,36004,6,Nautilus,615592,59
KR_8347641518,200,False,Jinx,145467,16,Lulu,570649,55
KR_8347638260,100,True,MissFortune,36335,6,Rell,70424,9
KR_8347638260,200,False,Jhin,28773,5,Alistar,534401,51
KR_8344332841,100,True,Ezreal,289738,29,Karma,46459,7
KR_8344332841,200,False,Zeri,9105,3,Vex,9003,3
KR_8343284475,100,True,Viego,525000,50,Rakan,17892,4
KR_8343284475,200,False,Jhin,21055,4,Lissandra,1652542,151
KR_8340771576,100,False,Jinx,147047,16,Fiora,466550,45
KR_8340771576,200,True,Ezreal,287532,29,Neeko,87581,11
KR_8339393444,100,False,Cassiopeia,47365,7,Nautilus,607340,58
KR_8339393444,200,True,Kaisa,161153,17,Ashe,21845,5
KR_8339376245,100,False,Jhin,184907,19,Bard,295947,30
KR_8339376245,200,True,Kaisa,90803,11,Nautilus,7774,3
KR_8353422604,100,False,Varus,32028,6,Pantheon,22518,5
KR_8353422604,200,True,Kaisa,703798,67,Rakan,9475,3
KR_8353355932,100,True,Sivir,1880,2,Rell,371753,36
KR_8353355932,200,False,Swain,193701,20,Alistar,382432,37
KR_8353339847,100,False,Yunara,42660,7,Lissandra,1924,2
KR_8353339847,200,True,Kalista,165476,18,Renata,65475,9
KR_8353323426,100,True,Zoe,3667688,332,Rell,371753,36
KR_8353323426,200,False,Olaf,2580674,237,Senna,32985,6
KR_8353299718,100,False,Ezreal,144920,14,Karma,130791,15
KR_8353299718,200,True,Sivir,34717,6,Shen,8546,3
KR_8353273269,100,False,Draven,171490,18,Pyke,151152,16
KR_8353273269,200,True,Ziggs,19515,4,Nautilus,160576,17
KR_8350108306,100,False,Draven,10535,3,Thresh,57546,8
KR_8350108306,200,True,Kaisa,342495,34,Nautilus,28199,5
KR_8350076454,100,False,Xerath,36400,6,Shen,32726,6
KR_8350076454,200,True,Corki,43484,7,TahmKench,790800,75
KR_8350061340,100,True,Ashe,281205,28,Camille,245361,25
KR_8350061340,200,False,Ezreal,173047,18,Soraka,234240,23
KR_8350050273,100,False,Ambessa,245027,25,Swain,1340,1
KR_8350050273,200,True,Viktor,30806,5,Pantheon,6021,3
KR_8350044049,100,False,Aphelios,349115,34,Nautilus,53839,8
KR_8350044049,200,True,Ezreal,269541,27,Karma,193335,20
KR_8350022089,100,True,Zeri,12710,4,Lulu,357747,35
KR_8350022089,200,False,Singed,909905,85,Nautilus,438692,43
KR_8349981585,100,False,Sivir,1778151,164,Nautilus,28199,5
KR_8349981585,200,True,Ambessa,176352,19,Yuumi,82516,10
KR_8349967588,100,True,Zeri,68462,9,Thresh,40527,6
KR_8349967588,200,False,Caitlyn,245503,25,Nautilus,43791,7
KR_8349955990,100,True,Sylas,61087,8,Alistar,108726,13
KR_8349955990,200,False,Swain,39612,6,Lulu,1419,1
KR_8349963101,100,True,Lucian,492414,47,Pyke,213129,22
KR_8349963101,200,False,Jinx,454854,44,Pantheon,10159,3
KR_8349951159,100,True,Yunara,174819,19,Lulu,34014,6
KR_8349951159,200,False,Kaisa,10622,3,Soraka,55967,8
KR_8349934369,100,False,AurelionSol,1725007,112,TwistedFate,42043,6
KR_8349934369,200,True,Kaisa,909461,85,Nautilus,38330,6
KR_8349911348,100,True,Kalista,96732,11,Nautilus,150587,16
KR_8349911348,200,False,Zed,2567815,227,Janna,393822,38
KR_8347918893,100,False,Jhin,419953,41,Nautilus,127650,14
KR_8347918893,200,True,Kaisa,37408,6,Poppy,22336,5
KR_8347906004,100,True,Kaisa,352004,35,Neeko,172818,18
KR_8347906004,200,False,Viktor,79421,10,Rell,56501,8
KR_8347879100,100,False,Yasuo,858207,81,Singed,796678,75
KR_8347879100,200,True,AurelionSol,401629,39,Blitzcrank,31934,6
KR_8347232838,100,False,Jhin,82637,10,Pyke,20716,4
KR_8347232838,200,True,Zeri,211958,22,Lulu,4829,2
KR_8347185466,100,False,MissFortune,77096,10,Alistar,46471,7
KR_8347185466,200,True,Yunara,154062,17,Rell,6003201,501
KR_8346949413,100,True,Tristana,186955,20,Lulu,35304,6
KR_8346949413,200,False,Lucian,724876,69,Alistar,2693,2
KR_8346910489,100,False,Tristana,1156459,108,Pyke,43634,7
KR_8346910489,200,True,Kaisa,864032,81,TahmKench,16673,4
KR_8346896286,100,True,Aphelios,69178,9,Rell,127787,14
KR_8346896286,200,False,Kaisa,51280,7,Braum,274611,28
KR_8346852815,100,True,Kaisa,640068,61,Alistar,382432,37
KR_8346852815,200,False,Vayne,118248,13,Maokai,2085319,161
KR_8346825487,100,False,Yunara,318292,32,Lulu,30942,5
KR_8346825487,200,True,Aphelios,197782,21,Senna,40164,6
KR_8346782802,100,False,Ziggs,11837,3,Camille,234039,24
KR_8346782802,200,True,Jhin,73394,9,Maokai,2085319,161
KR_8346760715,100,True,Zeri,88694,11,Camille,234039,24
KR_8346760715,200,False,Kaisa,12461,3,Nautilus,177319,19
KR_8345756754,100,True,Jhin,143766,16,Taric,6992,3
KR_8345756754,200,False,Kaisa,125033,14,Braum,343110,34
KR_8345709274,100,False,Tristana,310077,31,Amumu,240936,23
KR_8345709274,200,True,Yunara,174819,19,Lulu,22323,5
KR_8354715667,100,False,Ezreal,527038,51,Lulu,337577,33
KR_8354715667,200,True,Caitlyn,1037592,97,Bard,2425,2
KR_8354671754,100,False,Kaisa,363025,36,Nautilus,2422,2
KR_8354671754,200,True,Yunara,670322,64,Braum,682017,58
KR_8350418244,100,True,Xayah,77802,10,Braum,45457,7
KR_8350418244,200,False,Kaisa,3480,2,Rakan,113595,13
KR_8350367947,100,False,Kaisa,3480,2,Braum,66399,8
KR_8350367947,200,True,KogMaw,1058337,99,Pantheon,77706,10
KR_8350337089,100,True,Yunara,42660,7,Lulu,6856,3
KR_8350337089,200,False,Kaisa,3480,2,Blitzcrank,9456,3
KR_8347266275,100,False,Ezreal,124038,14,Xerath,2220,2
KR_8347266275,200,True,Kalista,98961,12,Nautilus,48616,7
KR_8339524953,100,True,Katarina,804922,76,Soraka,119386,13
KR_8339524953,200,False,Caitlyn,167112,18,Senna,229026,23
KR_8337404949,100,True,AurelionSol,1725007,112,Pantheon,15563,4
KR_8337404949,200,False,Kaisa,54692,8,Pyke,38994,6
KR_8350756823,100,True,Viktor,9911,3,Alistar,153039,17
KR_8350756823,200,False,Sivir,54315,8,Pantheon,77485,10
KR_8350696635,100,False,Syndra,21472,4,Rell,130249,14
KR_8350696635,200,True,Yasuo,117457,13,Leona,361179,35
KR_8350638659,100,True,Syndra,25171,5,Galio,74184,9
KR_8350638659,200,False,Karthus,53906,8,Senna,5444429,498
KR_8350595274,100,True,Syndra,56883,8,Bard,298300,30
KR_8350595274,200,False,Viktor,15643,4,Karma,119646,14
KR_8347272332,100,True,Xayah,223421,23,Braum,12550,3
KR_8347272332,200,False,Kaisa,332286,33,Nautilus,12402,3
KR_8347199587,100,False,Ezreal,151941,16,Karma,4265,2
KR_8347199587,200,True,Yone,671389,64,Pantheon,16754,4
KR_8347150360,100,False,Jinx,3885,2,Pantheon,19722,4
KR_8347150360,200,True,Yunara,157202,17,Alistar,52579,7
KR_8347112511,100,False,Ezreal,108220,12,Leona,4624,2
KR_8347112511,200,True,Yone,671389,64,Karma,22213,5
KR_8344779830,100,False,Lucian,28154,5,Blitzcrank,106595,12
KR_8344779830,200,True,Karthus,53906,8,Nami,12333,3
KR_8338546189,100,False,Kaisa,719598,68,Pyke,2963,2
KR_8338546189,200,True,Jhin,276766,28,Karma,228562,23
KR_8338506669,100,True,Ezreal,802724,76,Maokai,8075,3
KR_8338506669,200,False,Aphelios,202393,21,Lulu,395590,39
KR_8348287744,100,True,Lucian,695754,66,Braum,326799,32
KR_8348287744,200,False,Viktor,99573,12,Rell,7001,3
KR_8346715060,100,False,Zed,586541,56,Alistar,382432,37
KR_8346715060,200,True,Corki,40662,6,Shen,25907,5
KR_8346374194,100,True,Lucian,671771,64,Milio,48609,7
KR_8346374194,200,False,Jax,162692,17,Pantheon,227427,23
KR_8345602341,100,True,Kalista,2661391,245,Renata,1952,2
KR_8345602341,200,False,Kaisa,139921,15,Shen,8474,3
KR_8342528323,100,True,Hwei,330546,33,Nami,134977,15
KR_8342528323,200,False,Yunara,13157,4,Rell,314674,31
KR_8342481447,100,False,Jinx,141236,15,Rell,180544,19
KR_8342481447,200,True,Ezreal,256339,26,Alistar,92400,11
KR_8337299097,100,False,Ziggs,21591,4,Vi,11945,3
KR_8337299097,200,True,Caitlyn,261811,26,Bard,59901,8
KR_8337258688,100,True,Jhin,487207,47,Jax,7311,3
KR_8337258688,200,False,Kalista,210769,22,Renata,1643,1
KR_8337167470,100,False,Zeri,91072,11,Pyke,172421,18
KR_8337167470,200,True,Yone,20619,4,Rakan,28890,5
KR_8353889762,100,True,Yasuo,2610361,240,Alistar,10842,3
KR_8353889762,200,False,Xerath,4066,2,Bard,3549648,325
KR_8353845116,100,True,Kaisa,36397,6,Rell,3749,2
KR_8353845116,200,False,Xayah,105142,12,Rakan,246367,25
KR_8353788366,100,False,Corki,36846,6,Rell,3749,2
KR_8353788366,200,True,Kaisa,32579,6,Nautilus,306119,30
KR_8352586097,100,False,Aphelios,352758,35,Alistar,292622,29
KR_8352586097,200,True,Lucian,275569,28,Taric,408354,40
KR_8344644804,100,True,Xayah,17410,4,Xerath,890532,67
KR_8344644804,200,False,Kaisa,32903,6,Rakan,9734,3
KR_8344584584,100,False,Kaisa,119773,14,Poppy,108391,12
KR_8344584584,200,True,Corki,52119,7,Camille,32944,6
KR_8344540048,100,False,Corki,28783,5,Nautilus,47549,7
KR_8344540048,200,True,Kaisa,598216,57,Senna,63329,8
KR_8344497088,100,True,Kaisa,32903,6,Bard,70611,9
KR_8344497088,200,False,Xayah,114177,13,Sylas,10195,3
KR_8338381385,100,False,Jhin,13872,4,Leona,5357,2
KR_8338381385,200,True,Twitch,33569,6,Rakan,25923,5
KR_8338340964,100,False,Sivir,10595,3,Bard,171436,18
KR_8338340964,200,True,Ezreal,442308,43,Lulu,337577,33
KR_8338322989,100,True,AurelionSol,95010,11,Elise,44274,7
KR_8338322989,200,False,Syndra,926,1,Swain,64334,8
KR_8337207805,100,False,Corki,28783,5,Bard,511571,49
KR_8337207805,200,True,Tristana,27035,5,Poppy,22022,5
KR_8353024876,100,True,Zed,586541,56,Shen,11635,3
KR_8353024876,200,False,Syndra,24038,5,KSante,414793,40
KR_8353028253,100,True,Lucian,2768,2,Senna,299255,30
KR_8353028253,200,False,Morgana,32979,6,Nautilus,177319,19
KR_8352999865,100,False,AurelionSol,1725007,112,Rakan,729841,69
KR_8352999865,200,True,Viktor,18981,4,Alistar,271165,27
KR_8352973959,100,False,Syndra,21882,5,Camille,10302,3
KR_8352973959,200,True,Xerath,100419,12,Bard,3468394,309
KR_8352969073,100,False,Jinx,58878,8,Elise,44274,7
KR_8352969073,200,True,Xerath,100419,12,Leona,388536,38
KR_8352937138,100,False,Ekko,278652,28,Pyke,36238,6
KR_8352937138,200,True,Yasuo,515613,50,Bard,70611,9
KR_8352886321,100,True,Kaisa,98864,12,Alistar,23437,5
KR_8352886321,200,False,Tristana,11712,3,Camille,51695,7
KR_8352840432,100,False,Jhin,1991,2,KSante,370411,36
KR_8352840432,200,True,Kaisa,98864,12,Maokai,2762,2
KR_8352779192,100,True,Yunara,247097,25,Bard,2639,2
KR_8352779192,200,False,KogMaw,766054,72,Galio,1995141,184
KR_8352377970,100,False,Ezreal,195580,20,Rell,3603,2
KR_8352377970,200,True,Corki,118466,13,Shen,11635,3
KR_8352316649,100,False,Viktor,97224,11,Alistar,3850,2
KR_8352316649,200,True,Yunara,243187,25,Swain,63362,8
KR_8352261172,100,True,Kaisa,252240,26,Maokai,2085319,161
KR_8352261172,200,False,Kled,199194,21,Rell,59651,8
KR_8352219578,100,True,Yasuo,515613,50,Senna,1322816,123
KR_8352219578,200,False,Jhin,148815,16,Bard,386274,38
KR_8352178840,100,False,Jhin,69528,9,Karma,128321,14
KR_8352178840,200,True,Kaisa,480652,46,Zoe,337612,33
KR_8350247557,100,True,Corki,9122,3,Nautilus,178600,19
KR_8350247557,200,False,Yunara,32632,6,Shen,11635,3
KR_8350217099,100,False,Ezreal,657853,62,Senna,68214,9
KR_8350217099,200,True,Jhin,62788,8,Bard,59901,8
KR_8350122180,100,False,Jinx,24146,5,Lulu,39428,6
KR_8350122180,200,True,Ezreal,550336,53,Shen,11635,3
KR_8345738685,100,False,Kalista,6158,3,Renata,12746,4
KR_8345738685,200,True,Lucian,525238,50,Alistar,22721,5
KR_8345702790,100,True,Syndra,80464,10,Senna,1066529,100
KR_8345702790,200,False,Kaisa,51688,7,Nautilus,108000,12
KR_8345672317,100,False,Jhin,318059,32,Pantheon,494239,48
KR_8345672317,200,True,Kaisa,477402,46,Rell,189939,20
KR_8345012524,100,False,Tristana,209777,22,Rakan,196826,21
KR_8345012524,200,True,Yone,671389,64,Poppy,128733,14
KR_8344958039,100,False,Kaisa,266836,27,Pyke,730169,69
KR_8344958039,200,True,Yone,671389,64,Rell,189939,20
KR_8344896054,100,True,Yone,671389,64,Blitzcrank,20839,4
KR_8344896054,200,False,Yunara,145269,16,Lulu,126391,14
KR_8344825008,100,True,Xayah,554452,53,Rell,189939,20
KR_8344825008,200,False,Kaisa,491801,47,Poppy,12611,4
KR_8341319441,100,True,Katarina,383007,37,Alistar,52358,7
KR_8341319441,200,False,Kalista,90565,11,Pantheon,135312,15
KR_8341279018,100,True,Ezreal,87058,11,Nautilus,80240,10
KR_8341279018,200,False,MissFortune,218641,23,Karma,17806,4
KR_8341239137,100,False,Aphelios,251506,25,Nautilus,108000,12
KR_8341239137,200,True,Yunara,132576,15,Thresh,350154,34
KR_8341179535,100,False,Maokai,1563689,132,Camille,38548,6
KR_8341179535,200,True,Kaisa,155390,17,Rell,189939,20
KR_8337439378,100,True,Xerath,1168539,108,Poppy,577053,55
KR_8337439378,200,False,Chogath,565229,54,Nautilus,108000,12
KR_8337405610,100,False,Kaisa,966102,90,Maokai,187764,20
KR_8337405610,200,True,Cassiopeia,5557271,491,Camille,10001,3
KR_8353707591,100,False,Ezreal,657853,62,Alistar,10874,3
KR_8353707591,200,True,Caitlyn,584216,56,Maokai,187764,20
KR_8353643231,100,True,Caitlyn,126688,14,Karma,168414,18
KR_8353643231,200,False,Yunara,91439,11,Lulu,20163,4
KR_8353573681,100,False,Viktor,107342,12,JarvanIV,126788,14
KR_8353573681,200,True,Xayah,54610,8,Lulu,20163,4
KR_8346857995,100,False,MissFortune,77096,10,Soraka,11219,3
KR_8346857995,200,True,Ezreal,43054,7,Lulu,20163,4
KR_8346844457,100,True,Jinx,21753,5,Lulu,20163,4
KR_8346844457,200,False,Yunara,84677,10,Karma,136441,15
KR_8346806676,100,True,Jinx,50886,7,Lulu,20163,4
KR_8346806676,200,False,Yunara,76723,10,Alistar,162394,17
KR_8346775656,100,False,Yunara,50447,7,Rell,28022,5
KR_8346775656,200,True,Kaisa,175113,19,Nautilus,17845,4
KR_8339274713,100,True,Tristana,1156459,108,Shen,47833,7
KR_8339274713,200,False,Ziggs,35411,6,Rell,28022,5
KR_8339251952,100,True,Syndra,36607,6,Rell,28022,5
KR_8339251952,200,False,Tristana,55370,8,Shen,3793359,329
KR_8338174052,100,True,Kaisa,140956,15,Maokai,1854,2
KR_8338174052,200,False,Corki,30620,5,Nautilus,528257,51
KR_8338148828,100,True,Ezreal,38453,6,Karma,5998,2
KR_8338148828,200,False,Xerath,3180,2,Janna,17689,4
KR_8338134538,100,False,Vladimir,4945121,354,Nautilus,112588,13
KR_8338134538,200,True,Mel,8677,3,Alistar,10874,3
KR_8338121933,100,False,Sivir,27012,5,Yuumi,29320,5
KR_8338121933,200,True,Draven,196608,21,Alistar,10874,3
KR_8338112936,100,False,Corki,25751,5,Nautilus,225649,23
KR_8338112936,200,True,Yunara,41488,6,Lulu,20163,4
KR_8338110909,100,False,Kaisa,166208,18,Neeko,25673,5
KR_8338110909,200,True,Zeri,134574,15,Lulu,20163,4
KR_8338106661,100,True,Yunara,31993,6,Lulu,10616,3
KR_8338106661,200,False,Jhin,58272,8,Neeko,4049,2
KR_8338092464,100,True,Kaisa,93864,11,Rell,28022,5
KR_8338092464,200,False,Kalista,51472,7,Elise,269645,27
KR_8338074126,100,True,Kaisa,598216,57,Nautilus,18089,4
KR_8338074126,200,False,Zeri,32693,6,Lulu,18111,4
KR_8338063633,100,True,Yunara,211989,22,Lulu,20163,4
KR_8338063633,200,False,Ezreal,168097,18,Soraka,410147,40
KR_8338063047,100,False,Mel,72425,9,Pyke,10465,3
KR_8338063047,200,True,Kaisa,172636,18,Bard,101528,12
KR_8354877168,100,False,Xayah,251690,26,Maokai,10893,3
KR_8354877168,200,True,Kaisa,85269,10,Nautilus,28764,5
KR_8354086901,100,True,Sivir,122060,14,Seraphine,26491,5
KR_8354086901,200,False,Yunara,105398,12,Lulu,9004,3
KR_8353823155,100,True,Zed,16607,4,Alistar,325280,32
KR_8353823155,200,False,Jhin,60979,8,Bard,1584554,147
KR_8353470757,100,False,Kaisa,23099,5,Rell,519075,50
KR_8353470757,200,True,Caitlyn,50510,7,Lulu,27618,5
KR_8349927686,100,False,Katarina,383007,37,Karma,69398,9
KR_8349927686,200,True,Lucian,225217,23,Milio,3788,2
KR_8349376201,100,True,Yunara,175204,19,Lulu,708399,67
KR_8349376201,200,False,Xerath,62092,8,JarvanIV,12465,3
KR_8348643159,100,True,Zeri,26381,5,Lulu,111004,13
KR_8348643159,200,False,Caitlyn,27299,5,Bard,3468394,309
KR_8348300979,100,True,Jhin,58765,8,Leona,220525,23
KR_8348300979,200,False,Zeri,133116,15,Rell,311703,31
KR_8348246099,100,False,Xerath,100419,12,Pyke,160097,17
KR_8348246099,200,True,Hwei,88940,11,Sylas,16424,4
KR_8347886269,100,False,Jhin,105484,12,Camille,38429,6
KR_8347886269,200,True,Tristana,87272,11,Blitzcrank,712677,67
KR_8347848278,100,True,Kaisa,109379,13,Camille,9609,3
KR_8347848278,200,False,Yunara,33264,6,Alistar,503903,48
KR_8345357004,100,True,Lucian,178805,19,Taric,18006,4
KR_8345357004,200,False,Ezreal,87058,11,Nautilus,75413,9
KR_8342839739,100,True,Lucian,115098,13,Thresh,538961,52
KR_8342839739,200,False,Aphelios,416823,40,Karma,30082,5
KR_8342797495,100,True,Yunara,128837,14,Gragas,12644,4
KR_8342797495,200,False,Kaisa,90803,11,Braum,1032979,82
KR_8342745936,100,False,Caitlyn,46534,7,Soraka,2618507,241
KR_8342745936,200,True,Jhin,308690,31,Bard,171210,18
KR_8342722464,100,False,Vayne,99558,12,Soraka,2618507,241
KR_8342722464,200,True,Katarina,383007,37,Bard,34091,6
KR_8342678598,100,True,Swain,516013,50,Leona,28592,5
KR_8342678598,200,False,Zeri,327706,32,Poppy,28756,5
KR_8339910001,100,True,KogMaw,691703,66,Lulu,19447,4
KR_8339910001,200,False,Caitlyn,22218,5,Milio,11352,3
KR_8339861827,100,True,KogMaw,691703,66,Poppy,86391,10
KR_8339861827,200,False,AurelionSol,1725007,112,Nautilus,351606,35
KR_8339820215,100,False,Kaisa,99393,12,Alistar,4147,2
KR_8339820215,200,True,Caitlyn,293004,29,Blitzcrank,5941,2
KR_8339756945,100,False,Cassiopeia,32773,6,Elise,98603,12
KR_8339756945,200,True,KogMaw,691703,66,Milio,1761,1
KR_8339715728,100,True,KogMaw,691703,66,Lulu,4653,2
KR_8339715728,200,False,Xerath,13615,4,Bard,114606,13
KR_8339673744,100,False,Aphelios,1648842,153,Nautilus,467766,45
KR_8339673744,200,True,KogMaw,691703,66,Lulu,721309,68
KR_8339664232,100,False,KogMaw,691703,66,Rell,495937,48
KR_8339664232,200,True,Mel,85945,10,Camille,40081,6
KR_8339638175,100,True,KogMaw,691703,66,Lulu,393268,38
KR_8339638175,200,False,Kaisa,52772,7,Nautilus,23899,5
KR_8355091766,100,False,Caitlyn,201219,21,Jax,44567,7
KR_8355091766,200,True,Zed,16607,4,Camille,28046,5
KR_8354979448,100,True,Sivir,148615,16,Pantheon,23863,5
KR_8354979448,200,False,Ezreal,377187,37,Alistar,120094,14
KR_8354906312,100,True,Taliyah,25631,5,Thresh,104525,12
KR_8354906312,200,False,Kaisa,17100,4,Nautilus,33166,6
KR_8353686026,100,True,Ziggs,2307574,211,Galio,271466,27
KR_8353686026,200,False,Ezreal,42094,6,Rengar,854428,80
KR_8353605404,100,True,Syndra,142641,16,Alistar,218187,22
KR_8353605404,200,False,Mel,16001,4,Karma,343753,34
KR_8351591519,100,False,Syndra,8968,3,Senna,25051,5
KR_8351591519,200,True,Kaisa,321305,32,Bard,47311,7
KR_8348992408,100,True,AurelionSol,1725007,112,Rakan,2071,2
KR_8348992408,200,False,Ezreal,87058,11,Bard,171687,18
KR_8348960016,100,False,Zeri,43757,7,Shen,3238266,297
KR_8348960016,200,True,DrMundo,34018,6,Senna,25403,5
KR_8347240725,100,False,Caitlyn,147728,16,Neeko,61447,8
KR_8347240725,200,True,Ziggs,442397,43,Nautilus,190207,20
KR_8339931822,100,True,Syndra,87921,11,Skarner,24615,5
KR_8339931822,200,False,Jhin,145243,16,Camille,46685,7
KR_8339883073,100,True,Ashe,393125,38,Seraphine,20719,4
KR_8339883073,200,False,Ezreal,594136,57,Bard,542029,52
KR_8339732438,100,False,Cassiopeia,200265,21,Alistar,435490,42
KR_8339732438,200,True,Ashe,41837,6,Galio,19420,4
KR_8348638367,100,False,Lucian,23426,5,Nautilus,1468051,123
KR_8348638367,200,True,Tristana,49685,7,Lulu,357747,35
KR_8348618892,100,True,Ezreal,2944,2,Braum,3133,2
KR_8348618892,200,False,Aurora,1184468,110,Elise,90090,11
KR_8347324901,100,False,Zeri,224049,23,Rakan,383,1
KR_8347324901,200,True,Caitlyn,140089,15,Thresh,48277,7
KR_8342236458,100,False,Viktor,117852,13,Janna,225881,23
KR_8342236458,200,True,Yunara,90128,11,Rell,348920,34
KR_8342223895,100,True,Caitlyn,82841,10,Rakan,44646,7
KR_8342223895,200,False,Lucian,23426,5,Galio,1995141,184
KR_8337864487,100,False,Kaisa,201478,21,Nautilus,351606,35
KR_8337864487,200,True,Xayah,69295,9,Galio,1655025,133
KR_8337667736,100,True,Aphelios,416823,40,Lulu,161127,17
KR_8337667736,200,False,Zeri,105247,12,Braum,293469,29
KR_8352984527,100,True,Ashe,60376,8,Pyke,11746,3
KR_8352984527,200,False,Jinx,202214,21,Leona,31197,5
KR_8352960973,100,True,Lucian,239176,24,Sona,1551333,134
KR_8352960973,200,False,Caitlyn,46534,7,Rakan,170346,18
KR_8352939926,100,False,Jhin,182730,19,Rakan,1236997,115
KR_8352939926,200,True,Jinx,202214,21,Karma,159301,17
KR_8352874480,100,True,Yunara,62041,8,Lulu,67135,9
KR_8352874480,200,False,Kaisa,51184,7,Lux,3263,2
KR_8352832942,100,True,Jinx,202214,21,Lulu,784776,74
KR_8352832942,200,False,Zeri,534732,51,Yuumi,53315,7
KR_8352596099,100,True,Jinx,202214,21,Galio,171436,18
KR_8352596099,200,False,Ezreal,402381,39,Elise,100874,12
KR_8346407777,100,True,Jinx,202214,21,Rakan,47787,7
KR_8346407777,200,False,Varus,46185,7,Bard,108291,12
KR_8352418766,100,True,Xerath,7203,3,Rakan,227428,23
KR_8352418766,200,False,Karthus,1705346,112,Jax,820424,77
KR_8352341017,100,True,Karthus,1705346,112,Karma,21863,5
KR_8352341017,200,False,Zeri,23165,5,KSante,183386,19
KR_8351379905,100,False,Varus,346819,34,Bard,1584554,147
KR_8351379905,200,True,Kalista,1424968,132,Leona,361179,35
KR_8351322816,100,True,Karthus,1705346,112,Nautilus,166046,18
KR_8351322816,200,False,Xerath,29625,5,Bard,7936,3
KR_8344130879,100,False,Corki,5199,2,Seraphine,3495,2
KR_8344130879,200,True,Kaisa,57372,8,Rell,638879,61
KR_8344005474,100,True,Viktor,10308,3,Lux,4594473,420
KR_8344005474,200,False,Karthus,1705346,112,Pyke,63713,8
KR_8343971800,100,False,Karthus,1705346,112,Skarner,461306,45
KR_8343971800,200,True,Sivir,101494,12,Rakan,4071,2
KR_8343954657,100,True,Tristana,344584,34,Skarner,461306,45
KR_8343954657,200,False,Xerath,122263,14,Pyke,2140612,163
KR_8340056305,100,False,Karthus,1705346,112,Alistar,5873,2
KR_8340056305,200,True,Corki,20092,4,Kennen,2237619,205
KR_8340001655,100,False,Karthus,1705346,112,Alistar,42879,7
KR_8340001655,200,True,Kaisa,164918,18,Leona,355584,35
KR_8339937272,100,False,Ezreal,106313,12,Karma,2122,2
KR_8339937272,200,True,Kaisa,557632,53,Mel,163911,18
KR_8339837797,100,False,Jhin,183130,19,Bard,261824,26
KR_8339837797,200,True,Karthus,1705346,112,Leona,31174,5
KR_8353964843,100,True,Lucian,244297,25,Soraka,18753,4
KR_8353964843,200,False,Zeri,317203,31,Poppy,166131,18
KR_8353908773,100,False,Sivir,20971,4,Malphite,5772,2
KR_8353908773,200,True,Yunara,197595,21,Sylas,8029,3
KR_8352749524,100,True,Jhin,282497,28,Karma,18000,4
KR_8352749524,200,False,Lucian,9568,3,Nautilus,15251,4
KR_8351373812,100,False,Xayah,253150,26,Rakan,2232,2
KR_8351373812,200,True,Tristana,200803,21,Bard,80258,10
KR_8351308427,100,False,Kaisa,422689,41,Rell,78905,10
KR_8351308427,200,True,Singed,796678,75,Taric,24754,5
KR_8349717704,100,False,Caitlyn,331583,33,Bard,12349,3
KR_8349717704,200,True,Ziggs,138066,15,Rakan,97384,11
KR_8349635687,100,True,Ashe,136346,15,Lulu,33601,6
KR_8349635687,200,False,Viktor,126505,14,Seraphine,10025,3
KR_8348446252,100,False,Lucian,174996,19,Milio,108935,13
KR_8348446252,200,True,Kaisa,422689,41,Pyke,1778095,164
KR_8348389746,100,True,Jinx,130365,14,Lulu,22429,5
KR_8348389746,200,False,Xayah,253150,26,Nautilus,129225,14
KR_8347399063,100,True,Xayah,253150,26,Camille,107987,12
KR_8347399063,200,False,Zeri,82062,10,Shen,21284,4
KR_8347344046,100,True,Kaisa,286742,29,Nautilus,38767,6
KR_8347344046,200,False,Yunara,201778,21,Yuumi,11407,3
KR_8347276365,100,True,Kaisa,100340,12,Pantheon,12325,3
KR_8347276365,200,False,Yunara,197595,21,Yuumi,787,1
KR_8346280732,100,False,Kaisa,571858,55,Zoe,372946,37
KR_8346280732,200,True,Zeri,317203,31,Shen,3507,2
KR_8346235657,100,True,AurelionSol,1725007,112,Camille,14414,4
KR_8346235657,200,False,Jinx,251577,25,Bard,31859,6
KR_8354833262,100,True,Kalista,915061,86,Renata,17372,4
KR_8354833262,200,False,Zeri,91681,11,Lulu,169572,18
KR_8354238647,100,True,Jhin,55017,8,Karma,501843,48
KR_8354238647,200,False,Ezreal,4719,2,Camille,27682,5
KR_8354113626,100,True,Kalista,126432,14,Nautilus,40492,6
KR_8354113626,200,False,Kaisa,465240,45,Maokai,1915403,169
KR_8354102244,100,False,Jhin,133805,15,Nautilus,66181,9
KR_8354102244,200,True,Viktor,30806,5,KSante,325231,32
KR_8352985592,100,False,Kaisa,465240,45,Nautilus,50500,7
KR_8352985592,200,True,Ashe,362843,36,Braum,4787,2
KR_8352888336,100,False,Zeri,150459,16,Bard,3468394,309
KR_8352888336,200,True,Kaisa,428466,42,Camille,60533,8
KR_8352861542,100,False,Kaisa,465240,45,Neeko,210772,22
KR_8352861542,200,True,Yunara,311233,31,Alistar,310229,31
KR_8352838302,100,False,Tristana,163231,17,Poppy,96814,11
KR_8352838302,200,True,Kaisa,142261,16,Maokai,4614,2
KR_8351772875,100,True,Kaisa,582234,56,Thresh,950702,89
KR_8351772875,200,False,Xayah,128716,14,Poppy,66433,9
KR_8347452994,100,False,Xayah,19139,4,Camille,11723,3
KR_8347452994,200,True,Zeri,3448700,308,Nautilus,12473,3
KR_8347439136,100,False,Viktor,4747,2,Bard,374806,37
KR_8347439136,200,True,Kaisa,465240,45,Camille,95491,11
KR_8347397917,100,False,Kaisa,93761,11,Leona,361179,35
KR_8347397917,200,True,Ezreal,171920,18,Rell,49556,7
KR_8347068783,100,True,Tristana,163231,17,Blitzcrank,1402055,124
KR_8347068783,200,False,Jhin,852321,80,Rell,495937,48
KR_8346114908,100,False,Yunara,106453,12,Alistar,382432,37
KR_8346114908,200,True,Tristana,11387,3,Rakan,1820763,168
KR_8345835118,100,False,Zeri,63691,8,Zyra,653382,62
KR_8345835118,200,True,Jhin,133805,15,Bard,2918,2
KR_8345801486,100,False,Ezreal,618356,59,Nautilus,104194,12
KR_8345801486,200,True,Lucian,9549,3,Sona,1551333,134
KR_8344601808,100,True,Jinx,200676,21,Lulu,13435,4
KR_8344601808,200,False,Tristana,99731,12,Braum,71559,9
KR_8344543560,100,False,Katarina,5592139,511,Thresh,72736,9
KR_8344543560,200,True,Zeri,150459,16,Sylas,144420,16
KR_8344489821,100,False,Yunara,106453,12,Lulu,1816,2
KR_8344489821,200,True,Xayah,556327,53,Rakan,241360,25
KR_8344370273,100,False,Aphelios,320346,32,Thresh,1479269,137
KR_8344370273,200,True,Xayah,192751,20,Seraphine,30553,5
KR_8344317281,100,False,Jhin,133805,15,Rell,102831,12
KR_8344317281,200,True,Yunara,90365,11,Zed,1229672,114
KR_8343492553,100,False,Lucian,30701,5,Milio,7680,3
KR_8343492553,200,True,Yunara,106453,12,Rell,417951,41
KR_8343434070,100,False,Jinx,200676,21,Nautilus,41982,6
KR_8343434070,200,True,Kaisa,90803,11,Neeko,215832,22
KR_8346501753,100,False,Kalista,24125,5,Maokai,102932,12
KR_8346501753,200,True,Caitlyn,5299,2,Lux,4594473,420
KR_8345809058,100,False,Lucian,41711,6,Milio,21626,5
KR_8345809058,200,True,MissFortune,73130,9,Seraphine,26524,5
KR_8345757190,100,True,Kaisa,337859,33,Nautilus,13096,4
KR_8345757190,200,False,Jhin,329868,33,Shen,8299,3
KR_8345672733,100,False,Jhin,39816,6,Anivia,1125411,105
KR_8345672733,200,True,Zeri,1453962,126,Blitzcrank,139858,15
KR_8345632519,100,True,Yunara,48317,7,Camille,157021,17
KR_8345632519,200,False,Zeri,1231191,115,Lulu,104960,12
KR_8345600263,100,False,Kaisa,4226,2,Shen,3793359,329
KR_8345600263,200,True,Xayah,42643,7,Alistar,382432,37
KR_8345573011,100,False,Sylas,172463,18,Rakan,115841,13
KR_8345573011,200,True,Jhin,18795,4,Bard,171687,18
KR_8345537123,100,False,Lucian,285590,29,Pantheon,34268,6
KR_8345537123,200,True,Ezreal,504698,49,Braum,4787,2
KR_8345502459,100,False,Yunara,161517,17,Shen,7966,3
KR_8345502459,200,True,Kaisa,109234,13,Nautilus,9923,3
KR_8345457246,100,True,Yunara,243187,25,Yuumi,29893,5
KR_8345457246,200,False,Corki,6849,3,Blitzcrank,61920,8
KR_8345439210,100,False,Zeri,30534,5,Karma,13205,4
KR_8345439210,200,True,Yunara,74392,9,Maokai,102932,12
KR_8345421459,100,False,Caitlyn,395676,39,Yuumi,3726,2
KR_8345421459,200,True,Yunara,116712,13,Nautilus,932878,87
KR_8345404729,100,True,Lucian,91862,11,Blitzcrank,79139,10
KR_8345404729,200,False,Corki,39708,6,Nautilus,25081,5
KR_8345392582,100,False,Ziggs,8647,3,Pantheon,284548,28
KR_8345392582,200,True,Aurora,1184468,110,Sylas,75695,10
KR_8345381585,100,False,Zeri,164070,18,Camille,32259,6
KR_8345381585,200,True,Yunara,35631,6,Shen,35387,6
KR_8345388125,100,False,Ziggs,138374,15,Bard,229193,23
KR_8345388125,200,True,Ezreal,43046,7,Rell,13754,4
KR_8345367823,100,False,Kaisa,315077,31,Nautilus,3357,2
KR_8345367823,200,True,Yunara,133889,15,Lulu,69899,9
KR_8345358847,100,False,Caitlyn,20157,4,Bard,179410,19
KR_8345358847,200,True,Jhin,382275,37,Zoe,2324512,120
KR_8354742566,100,False,Kaisa,346065,34,Senna,5444429,498
KR_8354742566,200,True,Zed,16607,4,Rengar,578948,55
KR_8352421520,100,True,Jhin,14752,4,Rengar,578948,55
KR_8352421520,200,False,Singed,1973,2,Yuumi,155645,17
KR_8352362319,100,True,Samira,66221,9,Poppy,90612,11
KR_8352362319,200,False,Jhin,115495,13,Rengar,578948,55
KR_8352311102,100,True,Vayne,48613,7,Alistar,115671,13
KR_8352311102,200,False,Kaisa,38977,6,Rengar,578948,55
KR_8352191609,100,True,Aphelios,1648842,153,Lulu,16232,4
KR_8352191609,200,False,Lucian,41684,6,Yuumi,391102,38
KR_8351732589,100,False,Fiora,248716,25,Rengar,578948,55
KR_8351732589,200,True,Kalista,118162,13,Camille,31974,6
KR_8351601167,100,False,Xayah,27148,5,Rakan,131136,15
KR_8351601167,200,True,Kaisa,600393,57,Rengar,578948,55
KR_8350696228,100,True,Ezreal,87415,11,Rengar,578948,55
KR_8350696228,200,False,Kaisa,447756,43,Leona,11876,3
KR_8349141311,100,False,Corki,32761,6,Nami,122971,14
KR_8349141311,200,True,Yunara,29881,5,Rengar,578948,55
KR_8343034404,100,True,Katarina,1062978,99,Rengar,578948,55
KR_8343034404,200,False,Tristana,1156459,108,Pantheon,166099,18
KR_8342968393,100,False,Kaisa,692891,66,Rell,3877,2
KR_8342968393,200,True,Jhin,16902,4,Alistar,156756,17
KR_8342834441,100,True,Kaisa,102687,12,Rengar,578948,55
KR_8342834441,200,False,Ezreal,1150386,107,Alistar,435490,42
KR_8342788828,100,True,Jhin,852321,80,Alistar,162394,17
KR_8342788828,200,False,Tristana,148189,16,Sylas,6347,3
KR_8342730484,100,True,Kaisa,14055,4,Rengar,578948,55
KR_8342730484,200,False,Caitlyn,8651,3,Bard,57725,8
KR_8342660171,100,True,Syndra,5192,2,Rell,361458,35
KR_8342660171,200,False,Zeri,35933,6,Rengar,578948,55
KR_8354970401,100,False,Lucian,74042,9,Pantheon,830499,73
KR_8354970401,200,True,Zeri,3448700,308,Nautilus,44644,7
KR_8352961934,100,False,Caitlyn,8164,3,Karma,95267,11
KR_8352961934,200,True,Aphelios,247418,25,Nautilus,196629,21
KR_8352934929,100,True,MissFortune,182935,19,Rell,12988,4
KR_8352934929,200,False,Caitlyn,42409,6,Karma,202877,21
KR_8352912334,100,False,Lucian,74042,9,Yuumi,57346,8
KR_8352912334,200,True,Velkoz,879617,83,Pantheon,34234,6
KR_8352542212,100,True,Jhin,58926,8,Rakan,32762,6
KR_8352542212,200,False,Kalista,62386,8,Camille,286463,29
KR_8352486162,100,True,Jinx,401113,39,Swain,2359436,202
KR_8352486162,200,False,Caitlyn,114734,13,Bard,12475,3
KR_8352225508,100,True,Jinx,240972,25,Nautilus,279207,28
KR_8352225508,200,False,Kaisa,152579,16,Pyke,213879,22
KR_8351977580,100,True,Yunara,134549,15,Lulu,41006,6
KR_8351977580,200,False,Corki,7254,3,Alistar,427081,41
KR_8349621584,100,False,Ezreal,41472,6,Braum,4833,2
KR_8349621584,200,True,Xerath,97843,12,Nautilus,4335,2
KR_8349574486,100,True,Tristana,1156459,108,Braum,326799,32
KR_8349574486,200,False,Corki,8436,3,Pantheon,23170,5
KR_8347946828,100,True,Syndra,24427,5,Rell,6003201,501
KR_8347946828,200,False,Varus,85374,10,Pantheon,83211,10
KR_8354279506,100,False,Xerath,16540,4,Blitzcrank,712677,67
KR_8354279506,200,True,Ezreal,63898,8,Rell,34554,6
KR_8350391866,100,True,Aphelios,21528,4,Thresh,1799012,166
KR_8350391866,200,False,Kaisa,212819,22,Sylas,64979,9
KR_8350360707,100,True,Aphelios,1069380,100,Thresh,103291,12
KR_8350360707,200,False,Jinx,128908,14,Camille,188688,20
KR_8350333660,100,False,KogMaw,1058337,99,Sylas,64979,9
KR_8350333660,200,True,Tristana,344584,34,Lulu,104960,12
KR_8345533741,100,False,Syndra,29283,5,Pyke,283678,28
KR_8345533741,200,True,Yunara,48317,7,Lulu,103132,12
KR_8345529008,100,False,Jinx,401113,39,Lulu,188691,20
KR_8345529008,200,True,Yunara,101315,12,Nautilus,73413,9
KR_8345510292,100,True,Jhin,308690,31,Sylas,64979,9
KR_8345510292,200,False,Tristana,227685,23,Gragas,4519,2
KR_8345477951,100,True,Swain,601689,50,Rell,320217,32
KR_8345477951,200,False,Kaisa,681646,65,Shen,33341,6
KR_8339320863,100,False,Kaisa,339098,33,Karma,437060,42
KR_8339320863,200,True,Viktor,56029,8,Qiyana,167072,18
KR_8338449893,100,False,Kaisa,3442,2,Pyke,151152,16
KR_8338449893,200,True,Ezreal,96263,11,Karma,210229,22
KR_8338371881,100,False,Ashe,78481,10,Pyke,77713,10
KR_8338371881,200,True,Nilah,470935,45,Neeko,7494,3
KR_8336934470,100,False,Tristana,63203,8,Poppy,92367,11
KR_8336934470,200,True,Kaisa,936073,88,Rell,87356,11
KR_8355056177,100,True,Aphelios,342433,34,Thresh,2081161,180
KR_8355056177,200,False,Kaisa,461757,45,Alistar,1168036,96
KR_8346325741,100,False,Caitlyn,195972,20,Bard,59001,8
KR_8346325741,200,True,Vayne,14823,4,Camille,79267,10
KR_8346300741,100,False,Lucian,78892,10,Yuumi,67061,9
KR_8346300741,200,True,Viktor,2514,2,Sona,1551333,134
KR_8346266397,100,True,Ezreal,82595,10,Leona,71197,9
KR_8346266397,200,False,Syndra,16132,4,Senna,39896,6
KR_8341974167,100,True,Viktor,64914,9,Nautilus,89886,11
KR_8341974167,200,False,Ezreal,134532,15,Karma,397832,39
KR_8340988071,100,True,Ezreal,584222,56,Pyke,247018,25
KR_8340988071,200,False,Corki,20092,4,Bard,17911,4
KR_8340940431,100,True,Xayah,138475,15,Anivia,141537,15
KR_8340940431,200,False,Kaisa,327932,32,Bard,460913,45
KR_8339169899,100,False,AurelionSol,11888,3,Nautilus,391546,38
KR_8339169899,200,True,Qiyana,930514,86,Leona,169043,18
KR_8339140836,100,False,Corki,116661,13,Alistar,434788,42
KR_8339140836,200,True,Viktor,39747,6,Nautilus,139056,15
KR_8339123302,100,False,Caitlyn,93722,11,Karma,147409,16
KR_8339123302,200,True,Ezreal,173426,18,Elise,54999,8
KR_8338948497,100,True,Viktor,53904,8,Bard,94614,11
KR_8338948497,200,False,Syndra,4519,2,Seraphine,80184,10
KR_8354514980,100,False,Xerath,7887,3,Malphite,5772,2
KR_8354514980,200,True,Jhin,779634,74,Camille,20927,4
KR_8348302507,100,True,Yunara,132290,15,Braum,29094,5
KR_8348302507,200,False,Samira,2454255,205,Thresh,1199011,112
KR_8346178609,100,False,Jhin,20238,4,Alistar,81839,10
KR_8346178609,200,True,Samira,2454255,205,Bard,366647,36
KR_8346115646,100,False,Ezreal,109567,13,Alistar,2963,2
KR_8346115646,200,True,Samira,2454255,205,Poppy,103420,12
KR_8346074310,100,False,Xerath,62092,8,Senna,342537,34
KR_8346074310,200,True,Jhin,690403,65,Zilean,3878303,352
KR_8346010912,100,False,Samira,2454255,205,Poppy,2046,2
KR_8346010912,200,True,Kalista,348043,34,Rell,6699,3
KR_8341791973,100,False,Samira,2454255,205,Camille,149036,16
KR_8341791973,200,True,Caitlyn,335411,33,Amumu,146372,16
KR_8339746060,100,False,Zeri,834178,78,Pantheon,208460,19
KR_8339746060,200,True,Kaisa,37587,6,Poppy,16105,4
KR_8339713204,100,True,Samira,2454255,205,Poppy,44052,7
KR_8339713204,200,False,Xerath,55898,8,Alistar,17692,4
KR_8338497933,100,False,Kaisa,447052,43,Alistar,275367,28
KR_8338497933,200,True,Samira,2454255,205,Nautilus,38385,6
KR_8349247053,100,True,Kaisa,127254,14,Alistar,658244,62
KR_8349247053,200,False,Xayah,32782,6,Senna,5444429,498
KR_8349192446,100,False,Ziggs,97033,11,Poppy,119998,14
KR_8349192446,200,True,Kalista,43696,7,Nautilus,54754,8
KR_8347285709,100,False,Viktor,27338,5,Alistar,658244,62
KR_8347285709,200,True,Kaisa,51280,7,Neeko,317089,31
KR_8347243113,100,False,Jhin,69769,9,Alistar,658244,62
KR_8347243113,200,True,Lucian,187931,20,Braum,43338,7
KR_8347057440,100,True,Corki,32817,6,Alistar,658244,62
KR_8347057440,200,False,Jinx,218189,22,Seraphine,30553,5
KR_8346996847,100,False,Tristana,24103,5,Poppy,18919,4
KR_8346996847,200,True,Yunara,76429,10,Alistar,658244,62
KR_8346485954,100,False,Caitlyn,243889,25,Bard,81694,10
KR_8346485954,200,True,Zeri,172822,18,Blitzcrank,14980,4
KR_8346481849,100,False,Swain,4468,2,Alistar,658244,62
KR_8346481849,200,True,Aurora,1184468,110,Janna,225881,23
KR_8346487461,100,True,Kaisa,580580,55,Poppy,81488,10
KR_8346487461,200,False,Tristana,157723,17,Alistar,658244,62
KR_8346473702,100,False,Jinx,32126,6,Alistar,658244,62
KR_8346473702,200,True,Yunara,84677,10,Rell,80376,10
KR_8345296614,100,True,Corki,23965,5,Alistar,658244,62
KR_8345296614,200,False,Yunara,70799,9,Rell,210036,22
KR_8345288138,100,True,Kaisa,339098,33,Poppy,58220,8
KR_8345288138,200,False,Sivir,34717,6,Alistar,658244,62
KR_8339240446,100,True,Jhin,117136,13,Alistar,658244,62
KR_8339240446,200,False,Lucian,30701,5,Camille,63216,8
KR_8339218728,100,True,Corki,217850,22,Alistar,658244,62
KR_8339218728,200,False,Ezreal,69718,9,Pantheon,40643,6
KR_8339209152,100,True,Galio,49973,7,Pantheon,16021,4
KR_8339209152,200,False,Xerath,1661,1,Camille,17214,4
KR_8338781676,100,False,Tristana,2943292,270,Camille,149036,16
KR_8338781676,200,True,Kaisa,223686,23,Poppy,5953,2
KR_8338742114,100,False,Kaisa,250023,25,Pyke,90379,11
KR_8338742114,200,True,Yunara,46122,7,Braum,343110,34
KR_8338676836,100,False,Xayah,22442,5,Shen,3793359,329
KR_8338676836,200,True,Kaisa,184762,19,Alistar,658244,62
KR_8353276450,100,False,Tristana,58033,8,Rell,17849,4
KR_8353276450,200,True,Jhin,353726,35,Camille,286463,29
KR_8353250500,100,True,Singed,2357013,150,Pantheon,19722,4
KR_8353250500,200,False,Kalista,915061,86,Blitzcrank,44019,7
KR_8348195104,100,False,Tristana,71581,9,Sion,938555,88
KR_8348195104,200,True,Kaisa,34869,6,Neeko,317089,31
KR_8348128863,100,False,Kaisa,15353,4,Senna,5444429,498
KR_8348128863,200,True,Kalista,90565,11,Nautilus,225649,23
KR_8348081226,100,False,Zeri,62342,8,Camille,234039,24
KR_8348081226,200,True,Yunara,21440,4,Soraka,2618507,241
KR_8351735301,100,True,Aphelios,759127,72,Lulu,357747,35
KR_8351735301,200,False,Karthus,1053405,98,Braum,1032979,82
KR_8351695197,100,False,Hwei,81276,10,Elise,507918,46
KR_8351695197,200,True,Yunara,670322,64,Lulu,147897,16
KR_8351672561,100,False,Cassiopeia,35098,6,Galio,1655025,133
KR_8351672561,200,True,Jhin,430881,42,Morgana,253064,26
KR_8351642975,100,False,Swain,68640,9,Yuumi,926962,87
KR_8351642975,200,True,Caitlyn,113423,13,Morgana,253064,26
KR_8350742132,100,False,Jhin,120505,14,Alistar,36646,6
KR_8350742132,200,True,Corki,40789,6,Galio,1995141,184
KR_8350676135,100,False,Zeri,74601,9,Poppy,80147,10
KR_8350676135,200,True,Kaisa,1156239,108,Nautilus,488821,47
KR_8350623253,100,True,Jhin,106595,12,Rammus,7854698,641
KR_8350623253,200,False,Zed,19123,4,Galio,11178,3
KR_8350564504,100,False,Kaisa,1486,1,Braum,71993,9
KR_8350564504,200,True,Zeri,6774,3,Alistar,32464,6
KR_8350101078,100,True,Jinx,15670,4,Nautilus,43248,7
KR_8350101078,200,False,Zeri,84559,10,Pantheon,76093,10
KR_8350080135,100,True,Sivir,19538,4,Alistar,15237,4
KR_8350080135,200,False,Ziggs,261398,26,Elise,35323,6
KR_8337602138,100,False,Caitlyn,160875,16,Lux,73220,9
KR_8337602138,200,True,Viktor,57687,8,Nautilus,42038,6
KR_8338589503,100,False,Lucian,119073,13,Milio,636883,51
KR_8338589503,200,True,Xerath,37812,6,Blitzcrank,3106425,279
KR_8353951151,100,False,Ziggs,398566,39,Thresh,30871,5
KR_8353951151,200,True,Corki,327490,32,Lux,344272,34
KR_8353890921,100,True,Ezreal,156619,17,Karma,17530,4
KR_8353890921,200,False,Aphelios,166800,17,Lulu,127547,14
KR_8353837749,100,False,Katarina,84158,10,Yuumi,43300,7
KR_8353837749,200,True,Vayne,52033,7,Nautilus,1479020,137
KR_8351210602,100,True,Ezreal,124436,14,Bard,1601580,144
KR_8351210602,200,False,Sivir,110243,13,Blitzcrank,361352,35
KR_8351136131,100,True,Tristana,107490,12,Yuumi,2944708,270
KR_8351136131,200,False,Caitlyn,203946,21,Camille,4452,2
KR_8351041803,100,False,Ezreal,266382,27,Bard,868865,82
KR_8351041803,200,True,Corki,180595,19,Pyke,1481969,137
KR_8347246840,100,True,Ashe,266082,27,Leona,388955,35
KR_8347246840,200,False,Jhin,77812,10,Amumu,1125183,105
KR_8347193865,100,True,Varus,231233,24,Swain,6737,3
KR_8347193865,200,False,Kaisa,347364,34,Leona,73747,9
KR_8345086193,100,False,Kaisa,138542,15,Nautilus,34842,6
KR_8345086193,200,True,KogMaw,356013,35,Thresh,8190,3
KR_8343337801,100,False,Jhin,310813,31,Braum,83926,10
KR_8343337801,200,True,Caitlyn,26982,5,Lux,46708,7
KR_8343279151,100,True,Vayne,63375,8,Bard,823417,74
KR_8343279151,200,False,Jhin,107422,12,Leona,64991,9
KR_8343203720,100,True,Viktor,5377,2,Pyke,200958,21
KR_8343203720,200,False,Varus,785188,74,Morgana,17217,4
KR_8343136845,100,True,Tristana,52432,7,Pyke,200958,21
KR_8343136845,200,False,Kaisa,172221,18,Camille,153274,17
KR_8343071506,100,False,Yunara,34907,6,Sona,113011,13
KR_8343071506,200,True,Ezreal,129510,14,Bard,162355,17
KR_8338097211,100,True,Kaisa,113659,13,Nautilus,55612,8
KR_8338097211,200,False,Zeri,28441,5,Lulu,954010,89
KR_8338073857,100,False,Sivir,1902,2,Lulu,954010,89
KR_8338073857,200,True,Yunara,109127,13,Alistar,29468,5
KR_8338065924,100,True,Xerath,65961,9,Nautilus,48696,7
KR_8338065924,200,False,Jinx,347279,34,Rell,51230,7
KR_8338041400,100,True,Caitlyn,196164,20,Bard,7938,3
KR_8338041400,200,False,Kaisa,12101,3,Nautilus,59351,8
KR_8338031383,100,False,Jhin,70814,9,Leona,174036,18
KR_8338031383,200,True,Yunara,8654,3,Nautilus,79252,10
KR_8339550117,100,False,Lucian,101363,12,Nami,17628,4
KR_8339550117,200,True,Kaisa,47013,7,Braum,206784,21
KR_8339511717,100,False,Jinx,655750,62,Thresh,8449,3
KR_8339511717,200,True,Aphelios,620366,59,Lulu,333638,33
KR_8343211805,100,False,Zeri,1275285,119,Zilean,88331,11
KR_8343211805,200,True,Kaisa,172080,18,Pyke,38699,6
KR_8343171465,100,True,Samira,225333,23,Rell,3729792,267
KR_8343171465,200,False,Kaisa,207978,22,Alistar,101686,12
KR_8339917133,100,True,Kaisa,221257,23,Milio,9278,3
KR_8339917133,200,False,Yasuo,1209585,113,Elise,3578,2
KR_8354006991,100,False,Jinx,60232,8,Thresh,149140,16
KR_8354006991,200,True,Twitch,2290857,211,Rakan,67911,9
KR_8347992716,100,True,Twitch,2290857,211,Leona,17244,4
KR_8347992716,200,False,Kaisa,356747,35,Rell,14992,4
KR_8347960757,100,True,Twitch,2290857,211,Rakan,20493,4
KR_8347960757,200,False,Ezreal,62461,8,Blitzcrank,28619,5
KR_8347932386,100,False,Twitch,2290857,211,Skarner,443788,43
KR_8347932386,200,True,Jinx,44507,7,Leona,15490,4
KR_8353980856,100,True,Ziggs,93452,11,Bard,39874,6
KR_8353980856,200,False,Lucian,71335,9,Shaco,14012,4
KR_8344715982,100,False,Jinx,60162,8,Rell,29164,5
KR_8344715982,200,True,Kaisa,36497,6,Pyke,1425194,132
KR_8343403494,100,False,Sivir,48573,7,Poppy,11677,3
KR_8343403494,200,True,Lucian,88155,11,Milio,34693,6
KR_8340963065,100,False,Ashe,70722,9,Nautilus,93211,11
KR_8340963065,200,True,Lucian,204348,19,Lulu,657155,62
KR_8340925245,100,False,Kaisa,71466,9,Bard,9558,3
KR_8340925245,200,True,Xayah,240090,24,Rakan,10954,3
KR_8340888053,100,False,Jinx,60162,8,Singed,3026128,271
KR_8340888053,200,True,Tristana,77698,10,Sylas,829373,72
KR_8340852819,100,True,Ezreal,98780,12,Nautilus,12190,3
KR_8340852819,200,False,Kaisa,236621,24,Leona,6148,3
KR_8340480784,100,False,Yunara,31429,5,Soraka,4746393,281
KR_8340480784,200,True,Viktor,15640,4,Rell,115697,13
KR_8340427779,100,True,Jhin,25457,5,Lulu,11889,3
KR_8340427779,200,False,Zeri,351710,35,Bard,2924,2
KR_8340105356,100,True,Veigar,38215,6,Thresh,117912,13
KR_8340105356,200,False,Caitlyn,49268,7,Bard,510979,49
KR_8337454098,100,False,Caitlyn,68076,9,Leona,75536,9
KR_8337454098,200,True,Jhin,183480,19,Pantheon,18208,4
KR_8350401442,100,True,Aphelios,323531,32,Taric,1152345,107
KR_8350401442,200,False,Jhin,302944,30,Thresh,74215,9
KR_8350163440,100,True,Zeri,16343,4,Braum,19708,4
KR_8350163440,200,False,Ezreal,269886,27,Nautilus,25137,5
KR_8344296051,100,True,Kaisa,2441,2,Pyke,1228503,114
KR_8344296051,200,False,Ezreal,269886,27,Hwei,76158,10
KR_8344099448,100,False,Jhin,505893,47,Blitzcrank,553735,53
KR_8344099448,200,True,Jinx,167269,18,Karma,69321,9
KR_8341335742,100,False,Ezreal,18717,4,Morgana,39512,6
KR_8341335742,200,True,Kaisa,127341,14,Blitzcrank,21325,4
KR_8353361925,100,True,Kaisa,266757,27,Swain,818208,77
KR_8353361925,200,False,Ashe,1032722,97,Nautilus,45706,7
KR_8353345601,100,True,Twitch,65162,9,Pyke,133786,15
KR_8353345601,200,False,Jinx,227089,23,Morgana,292668,29
KR_8353322885,100,False,Kaisa,39373,6,Galio,19702,4
KR_8353322885,200,True,Xayah,120300,14,Soraka,342761,31
KR_8353315164,100,True,Kalista,34313,6,Thresh,146788,16
KR_8353315164,200,False,Kaisa,1854,2,Renata,13692,4
KR_8345569239,100,False,Jinx,222312,23,Leona,297308,26
KR_8345569239,200,True,Kaisa,29717,5,Braum,15142,4
KR_8345533584,100,False,Viktor,13488,4,Nautilus,19681,4
KR_8345533584,200,True,Corki,38030,6,Blitzcrank,63363,8
KR_8345419954,100,True,Xerath,13946,4,Brand,40266,6
KR_8345419954,200,False,Ezreal,177725,19,Senna,30747,5
KR_8345424423,100,True,Viktor,620227,58,Nautilus,2911,2
KR_8345424423,200,False,Ashe,343565,34,Rell,35960,6
KR_8345401860,100,False,Samira,45564,7,Nami,65462,9
KR_8345401860,200,True,Aphelios,588356,56,MonkeyKing,1131995,102
KR_8338146426,100,True,Kaisa,416124,40,Poppy,6107,3
KR_8338146426,200,False,Yunara,62762,8,Braum,7076,3
KR_8338140025,100,True,Yunara,37692,6,Lulu,129355,14
KR_8338140025,200,False,Ashe,24476,5,Renata,476305,46
KR_8338129571,100,True,Caitlyn,16339,4,Vi,5011,2
KR_8338129571,200,False,Jhin,307048,31,Renata,476305,46
KR_8338126275,100,True,Kaisa,186642,20,Leona,138048,15
KR_8338126275,200,False,Lucian,464415,45,Rell,85993,10
KR_8338129014,100,False,Kaisa,41101,6,Maokai,2954,2
KR_8338129014,200,True,Xerath,23999,5,KSante,202642,21
KR_8338104746,100,False,Ezreal,75938,10,Pyke,95648,11
KR_8338104746,200,True,Sivir,24176,5,Senna,117779,13
KR_8337016183,100,False,Seraphine,219448,23,Lux,54488,8
KR_8337016183,200,True,Jhin,50662,7,TahmKench,825619,78
KR_8336995287,100,False,Seraphine,219448,23,Zyra,1733713,110
KR_8336995287,200,True,Yunara,13938,4,Sylas,66625,9
KR_8336985190,100,False,Ezreal,269479,27,Lulu,135973,15
KR_8336985190,200,True,Aphelios,40206,6,Blitzcrank,10324,3
KR_8347766244,100,True,Kaisa,34045,6,Nautilus,85597,10
KR_8347766244,200,False,Seraphine,495139,48,Rengar,3728444,342
KR_8339640409,100,False,Sivir,125870,14,Alistar,931047,87
KR_8339640409,200,True,Ezreal,414572,40,Zyra,10126,3
KR_8339342773,100,False,MasterYi,111870,13,Yuumi,127590,14
KR_8339342773,200,True,Seraphine,495139,48,Shen,11591,3
KR_8338335400,100,True,Jhin,106711,12,Camille,259078,26
KR_8338335400,200,False,Aphelios,236957,24,Thresh,12880,4
KR_8338301996,100,False,Kaisa,110195,13,Blitzcrank,168909,18
KR_8338301996,200,True,Seraphine,495139,48,Poppy,75636,10
KR_8337001261,100,True,Kaisa,113659,13,Leona,17968,4
KR_8337001261,200,False,Seraphine,495139,48,Morgana,42681,7
KR_8336961129,100,False,Kaisa,127341,14,Thresh,437057,42
KR_8336961129,200,True,Seraphine,495139,48,Janna,73179,9
KR_8349283237,100,True,Ashe,49005,7,Milio,147302,16
KR_8349283237,200,False,Ezreal,513936,49,Camille,39242,6
KR_8349227698,100,False,Jhin,197778,21,Soraka,3268369,290
KR_8349227698,200,True,Ezreal,54988,8,Pyke,81603,10
KR_8349170545,100,False,Xayah,2501,2,Leona,41645,6
KR_8349170545,200,True,Nilah,61224,8,Rengar,1367832,97
KR_8345197271,100,True,Ezreal,97780,12,Janna,2206623,165
KR_8345197271,200,False,Lucian,127430,14,Thresh,1440403,134
KR_8345144359,100,False,Ezreal,134258,15,Blitzcrank,4081,2
KR_8345144359,200,True,Lucian,75582,9,Nautilus,2084,2
KR_8345116219,100,False,Jhin,123859,14,Senna,56591,8
KR_8345116219,200,True,Sivir,35829,6,Swain,1204303,100
KR_8354413234,100,True,Caitlyn,136610,15,Seraphine,40711,6
KR_8354413234,200,False,Draven,289591,29,Camille,23610,5
KR_8354376945,100,False,AurelionSol,92018,11,TahmKench,57929,8
KR_8354376945,200,True,Xerath,9521,3,Blitzcrank,1353,1
KR_8354366502,100,False,Lucian,144010,16,Syndra,14397,4
KR_8354366502,200,True,Jhin,677809,64,Alistar,125576,14
KR_8354335853,100,False,Yunara,15867,4,Braum,8566,3
KR_8354335853,200,True,Xayah,119121,13,Camille,22334,5
KR_8354325223,100,False,Zeri,14042,4,Lulu,1285986,120
KR_8354325223,200,True,Jhin,210003,22,Bard,68746,9
KR_8354303184,100,True,Tristana,6043,3,Pyke,1481969,137
KR_8354303184,200,False,Syndra,17085,4,Sona,466727,45
KR_8354262877,100,True,MissFortune,151337,16,Zyra,979857,92
KR_8354262877,200,False,Kaisa,35390,6,Maokai,466529,45
KR_8352963493,100,False,Ezreal,188831,20,Brand,37366,6
KR_8352963493,200,True,Xayah,26670,5,Thresh,1654334,153
KR_8345975734,100,True,Samira,385802,38,Nautilus,60344,8
KR_8345975734,200,False,Draven,896548,84,JarvanIV,145158,16
KR_8345910245,100,False,Lucian,80010,10,Poppy,8955,3
KR_8345910245,200,True,Jhin,210003,22,Malphite,96980,11
KR_8345842871,100,True,Aphelios,59088,8,Lulu,190302,20
KR_8345842871,200,False,Ezreal,361235,35,Pantheon,3681,2
KR_8345831314,100,True,Jhin,48084,7,Rakan,69223,9
KR_8345831314,200,False,Caitlyn,161252,17,Neeko,2462,2
KR_8345780962,100,False,Jinx,49510,7,Alistar,2605,2
KR_8345780962,200,True,Tristana,61335,8,Braum,8566,3
KR_8345710613,100,False,Yunara,30753,5,Lulu,544898,52
KR_8345710613,200,True,Kaisa,111939,13,Ezreal,239174,24
KR_8345691564,100,True,Ezreal,700660,66,Karma,2584,2
KR_8345691564,200,False,Jinx,292988,29,Thresh,358,1
KR_8347851379,100,True,Corki,38723,6,Zilean,676116,60
KR_8347851379,200,False,Caitlyn,310038,31,Morgana,55424,8
KR_8347806282,100,True,Jinx,670899,64,Thresh,498904,48
KR_8347806282,200,False,Sivir,77204,10,Seraphine,8913,3
KR_8347784322,100,True,Yunara,15132,4,Maokai,260317,26
KR_8347784322,200,False,Jhin,1241556,115,Seraphine,515,1
KR_8347755652,100,True,Kaisa,79812,10,Pyke,10735,3
KR_8347755652,200,False,Ezreal,709566,67,Karma,7075,3
KR_8347738475,100,True,Ezreal,414485,40,Poppy,44456,7
KR_8347738475,200,False,Caitlyn,42108,6,Neeko,7997,3
KR_8347719445,100,True,Jinx,57625,8,Rell,73844,9
KR_8347719445,200,False,Caitlyn,78416,10,Bard,37703,6
KR_8343040220,100,True,Yunara,32856,6,Rell,109555,13
KR_8343040220,200,False,Ezreal,127620,14,Amumu,51765,7
KR_8342972662,100,True,Ezreal,584367,56,Blitzcrank,46172,7
KR_8342972662,200,False,Kaisa,187814,18,Rell,109555,13
KR_8342913493,100,False,Sivir,32519,6,Leona,7776,3
KR_8342913493,200,True,Yunara,20026,4,Rell,109555,13
KR_8353772820,100,False,Zeri,130467,14,Yuumi,36920,6
KR_8353772820,200,True,Kaisa,327778,32,Galio,2950,2
KR_8343836843,100,True,Caitlyn,22174,5,Morgana,15454,4
KR_8343836843,200,False,Kaisa,234350,24,Blitzcrank,450858,44
KR_8354722829,100,True,Corki,7687,3,Maokai,141987,16
KR_8354722829,200,False,Kaisa,62248,8,Poppy,290787,29
KR_8349900582,100,True,Kalista,193912,20,Lulu,988993,74
KR_8349900582,200,False,Ezreal,188831,20,Brand,60511,8
KR_8349880288,100,True,Tristana,22998,5,Yuumi,337270,33
KR_8349880288,200,False,Ezreal,188831,20,Pantheon,24776,5
KR_8349818217,100,False,Varus,549650,53,Alistar,30741,5
KR_8349818217,200,True,Kaisa,521605,46,Pyke,60385,8
KR_8353324927,100,False,Ashe,86641,11,Nautilus,45996,7
KR_8353324927,200,True,Caitlyn,64370,8,Lux,17440,4
KR_8353020393,100,True,Yunara,471227,45,Lulu,270221,27
KR_8353020393,200,False,Ezreal,81607,10,Shen,28864,5
KR_8352894699,100,True,Caitlyn,25211,5,Senna,8223,3
KR_8352894699,200,False,Lucian,38124,6,JarvanIV,143101,16
KR_8352855419,100,False,Draven,263134,27,Thresh,341963,34
KR_8352855419,200,True,Tristana,16916,4,Lulu,5868,2
KR_8354515597,100,False,Jhin,206512,21,Blitzcrank,156818,17
KR_8354515597,200,True,Ezreal,134091,15,Soraka,171191,18
KR_8340812944,100,False,Seraphine,17575,4,Zilean,920051,78
KR_8340812944,200,True,Kaisa,349568,34,Lulu,480305,46
KR_8340462682,100,True,Jhin,32039,6,Swain,416354,39
KR_8340462682,200,False,Yunara,38405,6,Xerath,36350,6
KR_8339770559,100,True,Xayah,333014,33,Velkoz,6169714,559
KR_8339770559,200,False,Caitlyn,4308787,394,Yuumi,354214,35
KR_8339596339,100,True,Yunara,25747,5,Karma,13712,4
KR_8339596339,200,False,Jinx,104247,12,Blitzcrank,338797,33
KR_8339561226,100,False,Kaisa,485999,47,Nautilus,440940,43
KR_8339561226,200,True,Tristana,85877,10,Morgana,87205,11
KR_8338506348,100,True,Kaisa,357045,35,Senna,104614,12
KR_8338506348,200,False,Lucian,277237,28,Yuumi,22053,5
KR_8337238954,100,True,Jhin,545036,52,Rakan,11327,3
KR_8337238954,200,False,Samira,31216,5,Rell,17085,4
KR_8354465473,100,True,Yunara,48436,7,Nautilus,37493,6
KR_8354465473,200,False,Jhin,237736,24,Xerath,84272,10
KR_8354442480,100,True,Jhin,112232,13,MissFortune,74298,9
KR_8354442480,200,False,Aphelios,99307,12,Shen,6355,3
KR_8354423129,100,False,Aphelios,133410,13,Alistar,25468,5
KR_8354423129,200,True,Yunara,91441,11,Lulu,64129,8
KR_8354389706,100,True,Ezreal,124603,14,Karma,645870,61
KR_8354389706,200,False,Caitlyn,62653,8,Swain,656634,62
KR_8352618730,100,False,Caitlyn,190278,20,Senna,119322,13
KR_8352618730,200,True,Lucian,10709,3,Yuumi,37716,6
KR_8352582208,100,True,Jinx,4185709,350,Blitzcrank,50094,7
KR_8352582208,200,False,Ashe,138567,15,Seraphine,5737,2
KR_8352530708,100,False,Yunara,66240,9,Poppy,34207,5
KR_8352530708,200,True,Caitlyn,190278,20,Sylas,170345,18
KR_8352457292,100,True,Ezreal,219507,23,Lulu,2360923,217
KR_8352457292,200,False,Ziggs,59430,8,Pantheon,29899,5
KR_8352398224,100,True,Ashe,138567,15,Milio,22558,5
KR_8352398224,200,False,Jinx,150277,16,Lulu,594645,57
KR_8352334663,100,True,Ezreal,92555,11,Karma,3500,2
KR_8352334663,200,False,Caitlyn,107090,12,Senna,35940,6
KR_8352266953,100,False,Xerath,96482,11,Thresh,2656109,244
KR_8352266953,200,True,Caitlyn,190278,20,Rell,191737,20
KR_8352220684,100,False,Aphelios,2130330,196,Thresh,5122,2
KR_8352220684,200,True,Samira,401246,39,Pantheon,149062,16
KR_8352164865,100,True,Jhin,156577,17,Poppy,14245,4
KR_8352164865,200,False,Twitch,38214,6,Leona,7683,3
KR_8345220288,100,False,Kaisa,71586,9,Lux,48388,7
KR_8345220288,200,True,Senna,35940,6,TahmKench,41375,6
KR_8345191325,100,False,Ezreal,632517,60,Skarner,301564,30
KR_8345191325,200,True,Kaisa,408414,40,Blitzcrank,60476,8
KR_8347286643,100,False,Jinx,74719,9,Twitch,9290,3
KR_8347286643,200,True,Lucian,560865,54,Thresh,2167018,188
KR_8346287612,100,False,Xerath,13364,4,Senna,79173,10
KR_8346287612,200,True,Yunara,287767,29,Leona,3046,2
KR_8346095332,100,True,Yunara,46532,7,Nautilus,148271,16
KR_8346095332,200,False,Aphelios,870940,82,Braum,196920,21
KR_8344008039,100,False,Caitlyn,46221,7,Lux,604609,58
KR_8344008039,200,True,Xayah,22960,5,Nautilus,148271,16
KR_8342823858,100,False,Jhin,559043,53,Xerath,128255,14
KR_8342823858,200,True,Kaisa,256001,26,Nautilus,148271,16
KR_8352311133,100,False,Ezreal,115596,13,Shen,21498,4
KR_8352311133,200,True,Kaisa,240062,24,Camille,2622,2
KR_8349071285,100,False,Jhin,98100,12,Lux,64933,9
KR_8349071285,200,True,MissFortune,22505,5,Xerath,64814,9
KR_8348777398,100,True,Kaisa,136536,15,Rakan,48717,7
KR_8348777398,200,False,Ezreal,66823,9,Poppy,20638,4
KR_8348761041,100,True,Xayah,21165,4,Braum,98184,12
KR_8348761041,200,False,Kaisa,98592,12,Nautilus,306708,31
KR_8348732782,100,False,Lucian,1039321,65,Nami,102093,12
KR_8348732782,200,True,Yunara,5697,2,Lulu,207900,22
KR_8348721346,100,False,Xayah,77000,10,Rakan,48717,7
KR_8348721346,200,True,Jhin,90082,11,Leona,46340,7
KR_8348715331,100,False,Jhin,928553,87,Alistar,15344,4
KR_8348715331,200,True,Lucian,175713,19,Milio,17236,4
KR_8348700420,100,False,Tristana,32042,6,Leona,180010,19
KR_8348700420,200,True,Kaisa,160969,17,Pyke,2429803,221
KR_8348681640,100,True,Corki,18329,4,Poppy,38332,6
KR_8348681640,200,False,Kaisa,1538295,142,Leona,180010,19
KR_8348680468,100,False,Kalista,17794,4,Alistar,150969,16
KR_8348680468,200,True,Kaisa,409961,40,Rakan,48717,7
KR_8348682185,100,False,Xayah,37022,6,Poppy,21353,4
KR_8348682185,200,True,Kaisa,362670,36,Rakan,48717,7
KR_8348679172,100,True,Kaisa,26882,5,Rakan,48717,7
KR_8348679172,200,False,Twitch,25436,5,Kayle,11692,3
KR_8348671241,100,False,Ezreal,60191,8,Bard,26081,5
KR_8348671241,200,True,Aphelios,73461,9,Lulu,207900,22
KR_8348653812,100,True,Jhin,4839,2,Leona,12788,4
KR_8348653812,200,False,Katarina,497213,46,Yuumi,153732,17
KR_8348648607,100,True,Jhin,36649,6,Nautilus,362050,29
KR_8348648607,200,False,Caitlyn,37658,6,Ekko,403348,39
KR_8348643574,100,True,Swain,741912,69,Soraka,5452,2
KR_8348643574,200,False,Zeri,103473,12,Seraphine,872394,65
KR_8348630738,100,True,Jhin,355417,35,Xerath,13577,4
KR_8348630738,200,False,Kaisa,138212,15,Nautilus,362050,29
KR_8348623194,100,True,Xayah,174056,18,Rakan,13323,4
KR_8348623194,200,False,Kaisa,127432,14,Milio,17236,4
KR_8346651622,100,False,Aphelios,138878,15,Thresh,67388,9
KR_8346651622,200,True,Twitch,867410,81,Seraphine,872394,65
KR_8346630076,100,True,Syndra,62462,8,Leona,180010,19
KR_8346630076,200,False,Jhin,115220,13,Pyke,509774,49
KR_8346615333,100,True,Jinx,119588,13,Rakan,48717,7
KR_8346615333,200,False,Jhin,34790,6,Lulu,358819,35
KR_8346586794,100,True,Jhin,511903,49,Amumu,616055,49
KR_8346586794,200,False,Kaisa,55853,8,Braum,98184,12
KR_8346587022,100,False,Tristana,108993,13,Leona,401314,39
KR_8346587022,200,True,Lucian,29556,5,Milio,17236,4
KR_8346553957,100,False,Jhin,154131,17,Nautilus,362050,29
KR_8346553957,200,True,Ashe,93541,11,Braum,65224,9
KR_8346553440,100,True,Brand,137315,15,Seraphine,872394,65
KR_8346553440,200,False,MissFortune,25400,5,Leona,521388,49
KR_8346524665,100,False,Jhin,33376,6,Seraphine,872394,65
KR_8346524665,200,True,Kaisa,89438,11,Amumu,616055,49
KR_8346505969,100,True,Jhin,96183,11,Lissandra,2561317,226
KR_8346505969,200,False,Kaisa,461668,45,Nautilus,362050,29
KR_8352457173,100,True,Zeri,51191,7,Poppy,7616,3
KR_8352457173,200,False,Tristana,9892,3,Blitzcrank,9651,3
KR_8350585582,100,True,Kaisa,272355,27,Rell,57286,8
KR_8350585582,200,False,Zeri,41821,6,Thresh,89952,11
KR_8350530651,100,False,Kaisa,152913,17,Yuumi,31248,5
KR_8350530651,200,True,Ezreal,181687,19,Braum,183860,19
KR_8349785470,100,True,Corki,42871,7,Bard,13238,4
KR_8349785470,200,False,Jhin,553580,53,Senna,72702,9
KR_8349739360,100,True,Jhin,102385,12,Senna,72702,9
KR_8349739360,200,False,Ezreal,172040,18,Zilean,199583,21
KR_8349676968,100,True,Yunara,204991,21,Poppy,10534,3
KR_8349676968,200,False,Zeri,51191,7,Blitzcrank,119894,11
KR_8349619070,100,True,Jinx,39670,6,Lulu,240373,24
KR_8349619070,200,False,Tristana,34839,6,Zilean,297075,30
KR_8349548786,100,True,Zeri,51191,7,Alistar,3511321,304
KR_8349548786,200,False,Tristana,19063,4,Nautilus,238338,20
KR_8349505316,100,False,Ezreal,12660,4,Camille,7791,3
KR_8349505316,200,True,Kaisa,152913,17,Pantheon,24174,5
KR_8348593346,100,False,Kaisa,90021,11,Blitzcrank,111666,13
KR_8348593346,200,True,Xayah,51268,7,Thresh,1387403,129
KR_8348562685,100,False,Ezreal,114839,13,Seraphine,550538,53
KR_8348562685,200,True,Zeri,51191,7,Pyke,91428,11
KR_8348536691,100,True,Xerath,63926,8,Braum,3555,2
KR_8348536691,200,False,Jhin,15098,4,Senna,60197,8
KR_8348360721,100,False,Aphelios,356656,35,Leona,1906,2
KR_8348360721,200,True,Zeri,51191,7,Alistar,20580,4
KR_8348316322,100,True,Zeri,51191,7,Lulu,1120831,105
KR_8348316322,200,False,Yunara,27202,5,Janna,788451,74
KR_8348252730,100,True,Yunara,17490,4,Velkoz,81035,10
KR_8348252730,200,False,Ezreal,172040,18,Xerath,60828,8
KR_8346498531,100,True,MissFortune,15570,4,Rakan,88711,11
KR_8346498531,200,False,Ezreal,54415,8,Karma,33146,6
KR_8346499295,100,False,Ezreal,79611,10,Shaco,10071,3
KR_8346499295,200,True,Kaisa,152913,17,Nautilus,17987,4
KR_8345330647,100,False,Kaisa,339037,33,Nautilus,13016,4
KR_8345330647,200,True,Caitlyn,37392,6,Braum,15827,4
KR_8345316498,100,False,Jinx,47820,7,Thresh,108936,13
KR_8345316498,200,True,Xerath,1537134,100,Zyra,2296682,198
KR_8343798840,100,True,Xayah,51268,7,Rakan,25079,5
KR_8343798840,200,False,Kaisa,54044,8,Camille,11020,3
KR_8343789770,100,False,Kaisa,136135,15,Braum,39296,6
KR_8343789770,200,True,Xayah,51268,7,Thresh,12618,4
KR_8343785268,100,True,Jinx,33720,6,Soraka,3416,2
KR_8343785268,200,False,Lucian,83879,10,Milio,3023,2
KR_8342903297,100,True,Jhin,104389,12,Nautilus,140008,15
KR_8342903297,200,False,Tristana,31344,5,Shaco,1006030,82
KR_8342168819,100,True,Jhin,104389,12,Bard,12178,3
KR_8342168819,200,False,Kaisa,76614,10,Rell,17461,4
KR_8341433882,100,False,Aphelios,250709,25,TahmKench,15949,4
KR_8341433882,200,True,Kaisa,108041,12,Nautilus,67236,9
KR_8341373688,100,False,Jhin,48639,7,Senna,323694,32
KR_8341373688,200,True,Tristana,38475,6,Nautilus,410213,40
KR_8340874105,100,False,Lucian,215613,21,Yuumi,1250673,114
KR_8340874105,200,True,Ezreal,602083,57,Nami,138382,15
KR_8354672628,100,True,Varus,43647,7,Karma,144853,16
KR_8354672628,200,False,Ezreal,553961,53,Poppy,103192,12
KR_8354633510,100,True,Hwei,1592052,119,Thresh,107379,12
KR_8354633510,200,False,Kaisa,313747,31,Rakan,196611,21
KR_8345442714,100,True,Lucian,765316,72,Poppy,103192,12
KR_8345442714,200,False,Zeri,26907,5,Yuumi,39525,6
KR_8349031089,100,False,Ezreal,31189,5,Leona,13805,4
KR_8349031089,200,True,Caitlyn,26002,5,Seraphine,13326,4
KR_8342789107,100,True,Lucian,103586,12,Milio,71351,9
KR_8342789107,200,False,Caitlyn,43614,7,Leona,1283186,119
KR_8342746292,100,True,Ashe,42969,7,Lulu,204455,21
KR_8342746292,200,False,Jinx,4185709,350,Milio,91122,11
KR_8348225932,100,False,Kaisa,603215,57,Neeko,2172136,177
KR_8348225932,200,True,Tristana,397423,39,Lux,252775,26
KR_8348174382,100,False,Kaisa,123667,14,Nami,683,1
KR_8348174382,200,True,Tristana,397423,39,Lulu,495846,48
KR_8348102915,100,False,Xayah,93530,9,Poppy,45954,7
KR_8348102915,200,True,Tristana,397423,39,Taric,255800,26
KR_8346151074,100,False,Ziggs,158025,17,Nautilus,60344,8
KR_8346151074,200,True,Tristana,397423,39,Braum,134236,15
KR_8346073739,100,True,Tristana,397423,39,Poppy,4109,2
KR_8346073739,200,False,Zeri,19326,4,Sylas,649644,62
KR_8346030203,100,True,Tristana,397423,39,Lulu,1198611,110
KR_8346030203,200,False,Xayah,405870,40,Poppy,32229,6
KR_8345966340,100,True,Tristana,397423,39,Maokai,264011,27
KR_8345966340,200,False,Jinx,134703,15,Lulu,18742,4
KR_8344296947,100,False,MissFortune,51407,7,Bard,33853,6
KR_8344296947,200,True,Tristana,397423,39,Zyra,83995,10
KR_8344250551,100,True,Tristana,397423,39,Veigar,405936,40
KR_8344250551,200,False,Caitlyn,404349,39,Chogath,18531,4
KR_8344197339,100,True,Tristana,397423,39,Neeko,134609,15
KR_8344197339,200,False,Kaisa,88518,11,Pantheon,71252,9
KR_8344145539,100,False,Kaisa,43953,7,Milio,207955,22
KR_8344145539,200,True,Tristana,397423,39,Thresh,501831,48
KR_8344102735,100,False,Kaisa,187979,20,Pantheon,82309,10
KR_8344102735,200,True,Tristana,397423,39,Shen,2660,2
KR_8343373298,100,False,Tristana,397423,39,Milio,2613,2
KR_8343373298,200,True,Kaisa,3467,2,Neeko,678084,64
KR_8343301034,100,False,Yunara,13551,4,Nautilus,20391,4
KR_8343301034,200,True,Tristana,397423,39,Alistar,5492,2
KR_8343240235,100,False,Ezreal,219825,23,Bard,1220,1
KR_8343240235,200,True,Caitlyn,246096,25,Lux,21020,4
KR_8343180162,100,False,Tristana,397423,39,Jhin,126691,14
KR_8343180162,200,True,Lucian,87413,11,Nami,8271,3
KR_8343106365,100,True,Jhin,18019,4,Xerath,1083025,101
KR_8343106365,200,False,Tristana,397423,39,Nautilus,27830,5
KR_8343040127,100,True,Tristana,397423,39,Camille,6811,3
KR_8343040127,200,False,Ezreal,229811,24,Heimerdinger,2205274,172
KR_8342960123,100,True,Tristana,397423,39,Velkoz,2239246,162
KR_8342960123,200,False,Corki,52102,7,Pyke,3585519,329
KR_8342881920,100,True,Corki,50384,7,Nami,7241,3
KR_8342881920,200,False,Tristana,397423,39,Alistar,43795,7
KR_8340410873,100,True,Tristana,397423,39,Nautilus,7894,3
KR_8340410873,200,False,Jhin,7509,3,FiddleSticks,879159,66
KR_8340358064,100,False,Corki,41655,6,Pantheon,39596,6
KR_8340358064,200,True,Tristana,397423,39,Blitzcrank,6812,3
KR_8340289722,100,False,KogMaw,35045,6,Lulu,24111,5
KR_8340289722,200,True,Tristana,397423,39,Yuumi,35396,6
KR_8340206653,100,False,Xayah,50306,7,Yuumi,35396,6
KR_8340206653,200,True,Kaisa,133316,15,Pantheon,53090,7
KR_8340151605,100,True,Tristana,397423,39,Yuumi,35396,6
KR_8340151605,200,False,Jinx,168302,17,Thresh,1643330,152
KR_8352571368,100,True,Jinx,159851,17,Seraphine,121438,14
KR_8352571368,200,False,Ezreal,614573,57,Lux,5237454,479
KR_8352507096,100,False,Ryze,54025,8,Pantheon,27479,5
KR_8352507096,200,True,Kaisa,118616,13,FiddleSticks,116538,13
KR_8352452610,100,True,Yunara,3757,2,Blitzcrank,575847,55
KR_8352452610,200,False,Caitlyn,77144,10,Karma,68908,9
KR_8347832160,100,False,Ezreal,1328301,123,Nami,61013,8
KR_8347832160,200,True,Caitlyn,2344265,216,Rell,34127,6
KR_8347796744,100,True,Aphelios,79741,10,Lulu,19179,4
KR_8347796744,200,False,Azir,45565,7,Jax,28968,5
KR_8345510010,100,False,Sivir,44576,7,Skarner,205630,21
KR_8345510010,200,True,Lucian,296047,30,Milio,106497,12
KR_8345450785,100,False,Zeri,13168,4,Thresh,36904,6
KR_8345450785,200,True,Yunara,17610,4,Lulu,13863,4
KR_8340857157,100,True,Aphelios,406893,40,Milio,16068,4
KR_8340857157,200,False,Jhin,2372,2,Leona,1772266,164
KR_8340822353,100,False,Aphelios,299504,30,Thresh,168624,18
KR_8340822353,200,True,Jinx,162864,17,Lulu,1738294,149
KR_8339391670,100,False,Ezreal,136221,15,Teemo,1856939,140
KR_8339391670,200,True,Viktor,37007,6,Seraphine,211431,22
KR_8337114718,100,True,Hwei,86555,10,Gragas,36148,6
KR_8337114718,200,False,Kaisa,152006,16,Shen,17320,4
KR_8337105176,100,False,Varus,45084,7,Lulu,243601,25
KR_8337105176,200,True,Corki,16449,4,Zilean,7148,3
KR_8353577189,100,True,Varus,70571,9,Lulu,131126,15
KR_8353577189,200,False,KogMaw,6519,3,Renata,12793,4
KR_8353521463,100,True,Kaisa,186225,20,Zilean,102168,12
KR_8353521463,200,False,Lucian,381742,37,Milio,794,1
KR_8353491197,100,False,Sivir,13145,4,Mel,2503,2
KR_8353491197,200,True,Kaisa,116451,13,Blitzcrank,219237,23
KR_8353382827,100,False,Draven,1662807,154,Renata,8024,3
KR_8353382827,200,True,Syndra,26483,5,Bard,434195,42
KR_8353306828,100,True,Vayne,37011,6,Renata,84163,9
KR_8353306828,200,False,Aphelios,333649,33,Soraka,33839,6
KR_8353223972,100,True,Kaisa,369855,36,Nautilus,77721,10
KR_8353223972,200,False,Zeri,24732,5,Lulu,755715,71
KR_8350462779,100,True,Corki,8151,3,Alistar,1687677,131
KR_8350462779,200,False,Yunara,47273,7,Leona,372059,36
KR_8350426080,100,True,Sivir,40009,6,Leona,124415,14
KR_8350426080,200,False,Ashe,109720,13,Thresh,142157,16
KR_8350352989,100,True,Kaisa,223074,23,Leona,226965,23
KR_8350352989,200,False,Tristana,19460,4,Yuumi,971386,91
KR_8350320460,100,True,Jinx,105545,12,Braum,1195,1
KR_8350320460,200,False,Ezreal,79664,10,Senna,3722,2
KR_8347253895,100,False,Caitlyn,13689,4,Neeko,116071,13
KR_8347253895,200,True,Kalista,189204,19,Leona,60511,8
KR_8340966617,100,False,Aphelios,13858,4,Lulu,1252467,113
KR_8340966617,200,True,Kaisa,55932,8,Blitzcrank,35551,6
KR_8340011946,100,False,Caitlyn,71449,9,FiddleSticks,478616,42
KR_8340011946,200,True,Jhin,61219,8,Anivia,21895,5
KR_8354629925,100,False,Aurora,29072,5,Velkoz,94185,11
KR_8354629925,200,True,Ezreal,504776,49,Blitzcrank,11159,3
KR_8354604650,100,True,Aurora,29072,5,Pantheon,100176,12
KR_8354604650,200,False,Zeri,2566867,228,Lulu,15592,4
KR_8354584528,100,True,Lucian,57737,8,Pyke,1243666,116
KR_8354584528,200,False,Kaisa,212151,22,Rakan,94847,11
KR_8354560092,100,False,Kaisa,45600,7,Shen,20583,4
KR_8354560092,200,True,Draven,125042,14,Elise,607067,57
KR_8354531508,100,True,Yone,1250998,116,Soraka,41184,6
KR_8354531508,200,False,Sivir,14421,4,Shaco,327009,32
KR_8354500115,100,False,Draven,388732,38,Morgana,158354,17
KR_8354500115,200,True,Caitlyn,10606,3,Thresh,35684,6
KR_8354463238,100,True,Zyra,39760,6,Pyke,4943,2
KR_8354463238,200,False,Kaisa,45600,7,Galio,56738,8
KR_8354446048,100,False,Xayah,22561,5,Blitzcrank,64227,8
KR_8354446048,200,True,Corki,241378,25,Thresh,117446,13
KR_8354422006,100,True,Ezreal,59021,8,Karma,2958,2
KR_8354422006,200,False,Lucian,394164,38,Galio,26656,5
KR_8354843501,100,False,Samira,2240864,206,Leona,58335,8
KR_8354843501,200,True,Lucian,264605,27,Blitzcrank,4543,2
KR_8353667594,100,False,Ezreal,178819,19,KSante,493326,47
KR_8353667594,200,True,Lucian,264605,27,Galio,31265,5
KR_8353588294,100,True,Ezreal,152149,16,Karma,20986,4
KR_8353588294,200,False,Kaisa,185415,19,Nautilus,55853,8
KR_8353521338,100,True,Caitlyn,180311,19,Gragas,184252,19
KR_8353521338,200,False,Lucian,133535,15,Milio,85974,10
KR_8352808129,100,True,Lucian,29842,5,Thresh,867602,82
KR_8352808129,200,False,Ashe,145309,16,Nami,9519,3
KR_8352733915,100,True,Kaisa,114542,13,Soraka,746848,71
KR_8352733915,200,False,Smolder,169106,18,Lulu,780461,74
KR_8352616820,100,False,Jhin,82359,10,TahmKench,543037,52
KR_8352616820,200,True,Seraphine,354983,35,Pantheon,196082,20
KR_8352542580,100,True,Ziggs,28885,5,Shaco,162335,17
KR_8352542580,200,False,Jinx,173950,18,Lulu,12460,3
KR_8351970296,100,True,Hwei,169374,18,Blitzcrank,69247,9
KR_8351970296,200,False,Ezreal,96442,11,Velkoz,811624,76
KR_8351916001,100,True,Kaisa,109083,13,Nami,241139,25
KR_8351916001,200,False,Caitlyn,180311,19,Brand,477225,46
KR_8351861854,100,True,Jhin,81956,10,Bard,21752,5
KR_8351861854,200,False,Ziggs,120524,14,Senna,55042,8
KR_8351715869,100,False,Xayah,40047,6,Shaco,24299,5
KR_8351715869,200,True,Kaisa,22488,5,Blitzcrank,4190,2
KR_8351693690,100,True,MissFortune,16042,4,Veigar,405936,40
KR_8351693690,200,False,Kaisa,561876,54,Milio,162948,17
KR_8351681361,100,True,Kaisa,185415,19,Rell,9513,3
KR_8351681361,200,False,Jhin,60584,8,Swain,936763,88
KR_8350284899,100,True,Kaisa,14043,4,Rell,168142,18
KR_8350284899,200,False,Ezreal,96442,11,Thresh,473572,46
KR_8350245927,100,True,Xerath,32844,6,Blitzcrank,410061,40
KR_8350245927,200,False,Caitlyn,371414,36,Thresh,1771443,164
KR_8348158239,100,False,Lucian,257437,26,Milio,23529,5
KR_8348158239,200,True,Jhin,114665,13,Karma,773468,73
KR_8348092340,100,True,Jhin,741439,70,Swain,30872,5
KR_8348092340,200,False,Ezreal,96442,11,Karma,23425,5
KR_8348057682,100,True,Ziggs,17507,4,Bard,257275,21
KR_8348057682,200,False,Ashe,145309,16,Blitzcrank,16721,4
KR_8344965387,100,True,Caitlyn,180311,19,Ezreal,90593,11
KR_8344965387,200,False,Kaisa,29040,5,Lulu,985522,92
KR_8344902431,100,True,Ezreal,96442,11,Anivia,2016446,152
KR_8344902431,200,False,Zeri,18763,4,Seraphine,132443,15
KR_8344818460,100,True,Cassiopeia,1411546,112,Lux,37660,6
KR_8344818460,200,False,Caitlyn,425438,41,Sona,353100,35
KR_8347387398,100,True,Senna,34739,6,Milio,53897,8
KR_8347387398,200,False,Aphelios,103281,12,Seraphine,840226,79
KR_8342983099,100,True,KogMaw,35703,6,Thresh,1260425,117
KR_8342983099,200,False,Jhin,7899,3,Morgana,104137,12
KR_8342914018,100,True,Nilah,847059,80,Sona,1712089,158
KR_8342914018,200,False,Kaisa,109564,13,Blitzcrank,220237,23
KR_8342839794,100,False,Yone,302121,30,Leona,1772266,164
KR_8342839794,200,True,Xayah,7276,3,Shen,11435,3
KR_8342012927,100,False,Kaisa,456733,44,Pyke,32463,6
KR_8342012927,200,True,Zeri,118152,13,Lulu,48403,7
KR_8341955934,100,True,Kaisa,242699,25,Lulu,8776,3
KR_8341955934,200,False,Xayah,134125,15,Rakan,2947,2
KR_8341908404,100,False,Kaisa,3415576,287,Thresh,205162,21
KR_8341908404,200,True,Lucian,4155,2,Rakan,39038,6
KR_8338352688,100,True,Ezreal,405323,39,Elise,7166,3
KR_8338352688,200,False,Kaisa,40688,6,Nautilus,47188,7
KR_8350663329,100,False,Jhin,425199,41,Velkoz,10229187,933
KR_8350663329,200,True,Kaisa,203587,21,Alistar,31456,5
KR_8350619073,100,True,Xayah,164813,18,Bard,37060,6
KR_8350619073,200,False,Lucian,176040,19,Rumble,13380,4
KR_8350568452,100,False,Aphelios,299940,30,Lulu,147668,16
KR_8350568452,200,True,MissFortune,75651,10,Seraphine,53357,7
KR_8350516854,100,True,Tristana,40463,6,Senna,400983,29
KR_8350516854,200,False,Yasuo,24856,5,Yuumi,6052,3
KR_8350482405,100,True,Xayah,18083,4,Zyra,463799,45
KR_8350482405,200,False,Kaisa,290069,29,Maokai,42484,6
KR_8350420427,100,False,Yunara,13359,4,Lulu,30657,5
KR_8350420427,200,True,Caitlyn,159833,17,Nautilus,913025,83
KR_8350360156,100,False,Caitlyn,73045,9,Bard,7954,3
KR_8350360156,200,True,Ezreal,140738,15,Brand,7031,3
KR_8349662273,100,False,Tristana,220386,21,Leona,147521,16
KR_8349662273,200,True,Jhin,116600,13,Sylas,108405,12
KR_8349505566,100,True,Ezreal,22388,5,Pyke,4928,2
KR_8349505566,200,False,MissFortune,60297,8,Leona,4885,2
KR_8349378073,100,True,Ezreal,79664,10,Brand,30875,5
KR_8349378073,200,False,Jhin,326326,32,Katarina,1393406,129
KR_8349309693,100,True,Nilah,1043385,97,Morgana,126332,14
KR_8349309693,200,False,Jinx,179626,19,Thresh,551,1
KR_8349241630,100,False,Jhin,299107,30,Alistar,78589,10
KR_8349241630,200,True,Caitlyn,161584,17,Blitzcrank,37571,6
KR_8349208221,100,False,Caitlyn,74959,9,Lux,56998,8
KR_8349208221,200,True,Seraphine,52607,7,Bard,403791,21
KR_8344261796,100,False,Aphelios,25291,5,Thresh,1437277,111
KR_8344261796,200,True,Kaisa,42972,7,Blitzcrank,80578,10
KR_8344199143,100,False,Sivir,266228,27,Lissandra,16470,4
KR_8344199143,200,True,Swain,10678,3,Leona,121987,14
KR_8344130681,100,True,Kaisa,42972,7,Nautilus,32197,6
KR_8344130681,200,False,Tristana,20830,4,Yuumi,21933,5
KR_8344097058,100,True,Aphelios,396112,39,Milio,77882,10
KR_8344097058,200,False,Kaisa,190128,20,Pantheon,51328,7
KR_8344025979,100,True,Kaisa,204788,21,Nautilus,46913,7
KR_8344025979,200,False,Caitlyn,180311,19,Rakan,8946,3
KR_8343539607,100,True,Ezreal,95496,11,Maokai,88687,11
KR_8343539607,200,False,Kaisa,215446,22,Poppy,44493,7
KR_8343477542,100,True,Lucian,135901,15,Nami,10457,3
KR_8343477542,200,False,Kaisa,29328,5,Velkoz,1276314,119
KR_8337620193,100,False,Ezreal,577510,55,Karma,668310,63
KR_8337620193,200,True,Varus,25978,5,Xerath,88175,11
KR_8337590582,100,False,Jhin,131557,15,Swain,1162076,108
KR_8337590582,200,True,Kaisa,6442,3,Blitzcrank,12687,4
KR_8337522370,100,False,Senna,1665802,135,Alistar,295572,27
KR_8337522370,200,True,Ezreal,408667,40,Nautilus,378855,37
KR_8338725488,100,False,Kaisa,98117,12,Alistar,15943,4
KR_8338725488,200,True,Caitlyn,198620,21,Seraphine,225600,23
KR_8338656777,100,False,Kaisa,26949,5,Pantheon,1882,2
KR_8338656777,200,True,Viktor,19916,4,Velkoz,477918,46
KR_8339613210,100,False,Jinx,52528,7,Braum,59168,7
KR_8339613210,200,True,Tristana,35720,6,Pyke,5150,2
KR_8339570925,100,True,Ezreal,54858,8,Sylas,125976,14
KR_8339570925,200,False,Lucian,701777,66,Yuumi,2163684,196
KR_8339544224,100,False,Rengar,28795,5,Ivern,90464,11
KR_8339544224,200,True,Lux,7535,3,Poppy,7582,3
KR_8348701353,100,False,Ziggs,5440,2,Bard,115720,13
KR_8348701353,200,True,Ezreal,292975,29,Yuumi,60416,8
KR_8348683953,100,True,Jhin,142719,15,Lulu,66261,9
KR_8348683953,200,False,Kaisa,217919,22,Leona,1260934,113
KR_8348678555,100,True,Corki,12193,3,Thresh,21009,4
KR_8348678555,200,False,Kaisa,179135,19,Nautilus,242249,25
KR_8346943471,100,True,Ezreal,101444,10,Lux,3060444,281
KR_8346943471,200,False,Kaisa,108051,12,Sion,11888,3
KR_8346904938,100,False,Lucian,161660,17,Leona,105268,12
KR_8346904938,200,True,Kaisa,27252,5,Alistar,86022,10
KR_8346886374,100,False,Nilah,29753,5,Sylas,352001,35
KR_8346886374,200,True,Syndra,5862,2,Leona,105268,12
KR_8346840719,100,False,Jhin,172295,18,Pyke,112047,13
KR_8346840719,200,True,Veigar,101714,12,Brand,384336,38
KR_8346812923,100,True,Kaisa,409961,40,Thresh,8186,3
KR_8346812923,200,False,Xayah,95707,11,Rakan,25780,5
KR_8345031054,100,True,Xayah,41415,6,Rakan,17880,4
KR_8345031054,200,False,Lucian,15885,4,Nautilus,7731,3
KR_8344939554,100,False,Zeri,60928,8,Pyke,1782841,145
KR_8344939554,200,True,Yasuo,107427,10,Nautilus,22255,5
KR_8344855923,100,True,Aphelios,354061,35,Leblanc,395931,39
KR_8344855923,200,False,Zeri,60928,8,Senna,73594,9
KR_8344685845,100,True,Aphelios,86580,10,Seraphine,472777,46
KR_8344685845,200,False,Ashe,258495,26,Thresh,85691,10
KR_8344596622,100,False,Tristana,3303,2,Pyke,9514,3
KR_8344596622,200,True,Jhin,1162,1,Rell,25158,5
KR_8343010640,100,True,Jhin,142719,15,Blitzcrank,75170,9
KR_8343010640,200,False,Yunara,108642,13,Braum,41933,6
KR_8342950600,100,False,Ashe,146268,16,Seraphine,62942,8
KR_8342950600,200,True,Aphelios,86580,10,Lulu,39141,6
KR_8341269644,100,True,Sivir,50117,7,Skarner,24615,5
KR_8341269644,200,False,Ziggs,183958,19,Alistar,38482,6
KR_8348122415,100,True,Corki,71940,9,Pyke,623174,59
KR_8348122415,200,False,Yunara,47434,7,Nautilus,22699,5
KR_8348070171,100,True,Ezreal,116508,13,Bard,27252,5
KR_8348070171,200,False,Kaisa,411100,40,TahmKench,9207,3
KR_8348037658,100,False,Corki,62288,8,Thresh,976019,91
KR_8348037658,200,True,Jhin,396478,39,Bard,27498,5
KR_8348004299,100,False,MissFortune,775113,73,Pyke,59762,8
KR_8348004299,200,True,Caitlyn,212619,20,Bard,8916,3
KR_8347966645,100,True,Kaisa,9505,3,Zac,352400,33
KR_8347966645,200,False,Jhin,396478,39,Lulu,30234,5
KR_8347951159,100,False,Jinx,285047,29,Milio,2156,2
KR_8347951159,200,True,Yunara,44025,7,Lulu,35049,6
KR_8347910940,100,False,Jhin,252276,26,Shen,133740,15
KR_8347910940,200,True,Kaisa,137800,15,Rell,109129,13
KR_8347880508,100,False,Yasuo,1383978,121,Blitzcrank,20459,4
KR_8347880508,200,True,Xerath,64818,9,Velkoz,2086073,192
KR_8347863335,100,False,Jhin,42553,6,Bard,27252,5
KR_8347863335,200,True,Kalista,156342,17,Nautilus,40717,6
KR_8347828446,100,True,Jhin,396478,39,Pantheon,242064,25
KR_8347828446,200,False,Lucian,38586,6,Shaco,118998,13
KR_8347814139,100,True,Jhin,396478,39,Nautilus,166210,18
KR_8347814139,200,False,Corki,313082,31,Elise,30894,5
KR_8347780429,100,False,Jhin,396478,39,Pantheon,518995,50
KR_8347780429,200,True,Kaisa,172474,18,Nautilus,166210,18
KR_8347737637,100,False,Yunara,10366,3,Trundle,37314,6
KR_8347737637,200,True,Jhin,396478,39,Camille,51813,7
KR_8347717805,100,False,Kaisa,88796,11,Shen,36296,6
KR_8347717805,200,True,Caitlyn,63834,8,Bard,27252,5
KR_8354687446,100,True,Jinx,148387,16,Thresh,479910,46
KR_8354687446,200,False,Morgana,13049,4,Lux,9059,3
KR_8353561415,100,True,Jinx,148387,16,Nautilus,74410,9
KR_8353561415,200,False,Xayah,314996,31,Rakan,31381,5
KR_8352615648,100,True,Jinx,148387,16,Nautilus,330413,33
KR_8352615648,200,False,Kaisa,56873,8,Alistar,99746,12
KR_8352546704,100,True,Nilah,847059,80,Alistar,27794,5
KR_8352546704,200,False,Kaisa,56873,8,Leona,77280,10
KR_8351435782,100,True,Ezreal,112066,13,Karma,142058,16
KR_8351435782,200,False,MissFortune,264139,27,Shaco,603814,58
KR_8349482159,100,True,Kaisa,228314,23,Nautilus,10717,3
KR_8349482159,200,False,Tristana,62650,8,Zaahen,12076,3
KR_8347073683,100,False,Kaisa,112093,13,Thresh,74864,9
KR_8347073683,200,True,Aphelios,190288,20,Lulu,3278,2
KR_8347020364,100,False,Kaisa,228314,23,TahmKench,87233,11
KR_8347020364,200,True,Ezreal,135210,15,Seraphine,454955,44
KR_8341698968,100,True,Jinx,148387,16,Thresh,26004,5
KR_8341698968,200,False,Kaisa,17299,4,Morgana,7874,3
KR_8350382935,100,False,Ezreal,94165,11,Mel,13374,4
KR_8350382935,200,True,Zeri,141560,15,Thresh,131242,15
KR_8345117857,100,True,Brand,5746770,482,Zed,852124,78
KR_8345117857,200,False,MissFortune,203036,21,Syndra,2231419,132
KR_8345076394,100,False,Zeri,141560,15,Rakan,36231,6
KR_8345076394,200,True,Ezreal,88918,11,Nautilus,25520,5
KR_8345014707,100,False,Yunara,91301,11,Seraphine,16676,4
KR_8345014707,200,True,Caitlyn,29068,5,Senna,48576,7
KR_8344973694,100,False,Yasuo,166873,16,Bard,433547,42
KR_8344973694,200,True,Nilah,37709,6,Thresh,141072,15
KR_8338903268,100,True,Caitlyn,111542,13,Leona,2178660,167
KR_8338903268,200,False,Varus,7398,3,Pyke,205040,21
KR_8338847718,100,True,Zeri,141560,15,Poppy,134450,15
KR_8338847718,200,False,Yunara,39124,6,Neeko,1475265,122
KR_8338785478,100,False,Velkoz,492953,47,Rell,13996,4
KR_8338785478,200,True,Kaisa,249304,25,Alistar,14175,4
KR_8350074316,100,True,Zeri,94451,11,Lulu,2168966,137
KR_8350074316,200,False,Kaisa,43982,7,Pantheon,230761,24
KR_8350055280,100,False,Kaisa,8124,3,Nautilus,82692,10
KR_8350055280,200,True,Tristana,753742,65,Pantheon,230761,24
KR_8350036099,100,False,Kaisa,350744,35,Blitzcrank,599037,56
KR_8350036099,200,True,Viktor,9900,3,Pantheon,230761,24
KR_8344366172,100,False,Ezreal,72889,9,Karma,25326,5
KR_8344366172,200,True,Kaisa,521702,50,Pantheon,230761,24
KR_8344302121,100,True,Tristana,122830,14,Pantheon,230761,24
KR_8344302121,200,False,Hwei,162032,17,Bard,64224,8
KR_8342274640,100,True,Xayah,89995,9,Leona,492508,47
KR_8342274640,200,False,Kaisa,190667,17,Pantheon,230761,24
KR_8342266514,100,False,Yunara,35270,6,Pantheon,230761,24
KR_8342266514,200,True,Kaisa,941446,84,Poppy,10158,3
KR_8342249646,100,True,Yunara,59764,8,Pantheon,230761,24
KR_8342249646,200,False,Xayah,130669,15,Braum,103100,12
KR_8340755810,100,True,Lucian,158054,17,Pantheon,230761,24
KR_8340755810,200,False,Ezreal,50424,7,Vex,15448,4
KR_8337375406,100,True,Lucian,275910,28,Milio,7496,3
KR_8337375406,200,False,Kalista,243075,25,Alistar,110749,13
KR_8340124630,100,False,Lucian,4005,2,Karma,8157,3
KR_8340124630,200,True,Aphelios,661936,63,Lulu,42859,7
KR_8340077934,100,False,Kaisa,271518,26,Poppy,77589,10
KR_8340077934,200,True,Ezreal,242273,25,Camille,104835,12
KR_8339172990,100,True,Kaisa,435568,42,Shen,18224,4
KR_8339172990,200,False,Ezreal,1275360,119,Skarner,49575,7
KR_8349127040,100,True,Kaisa,51329,7,Nautilus,62284,8
KR_8349127040,200,False,Corki,32697,6,Velkoz,23933,5
KR_8348339810,100,True,Jinx,27971,5,Soraka,267445,27
KR_8348339810,200,False,Yunara,3429,2,Braum,56842,8
KR_8343607151,100,False,Yasuo,541599,52,Yuumi,100764,12
KR_8343607151,200,True,Zeri,4126,2,Lulu,150961,16
KR_8354610773,100,True,Hwei,32478,6,Camille,6920,3
KR_8354610773,200,False,Aphelios,709,1,Poppy,252274,26
KR_8341102190,100,False,Yunara,63216,8,Rakan,13338,4
KR_8341102190,200,True,Kaisa,71785,9,Maokai,4261,2
KR_8341060717,100,True,Aphelios,436383,42,Blitzcrank,9920,3
KR_8341060717,200,False,Kaisa,145316,16,Nautilus,37998,6
KR_8340818881,100,True,Jhin,188858,20,Zoe,297259,30
KR_8340818881,200,False,Mel,13557,4,Singed,3026128,271
KR_8340800510,100,False,Jhin,431883,42,Morgana,161157,17
KR_8340800510,200,True,Aphelios,62834,8,Leblanc,76949,10
KR_8340689304,100,False,Yunara,4763,2,Velkoz,2198659,203
KR_8340689304,200,True,Ezreal,14904,4,Pantheon,38770,6
KR_8340659992,100,False,Jinx,262494,26,Blitzcrank,9920,3
KR_8340659992,200,True,Jhin,29236,5,Rakan,17622,4
KR_8340653867,100,True,Samira,5282,2,Alistar,42815,7
KR_8340653867,200,False,Kaisa,100851,12,Heimerdinger,2185380,191
KR_8340653291,100,True,Kaisa,222320,23,Nautilus,8296,3
KR_8340653291,200,False,Caitlyn,117260,13,Morgana,35514,6
KR_8353503453,100,False,Ezreal,818431,77,TahmKench,135530,15
KR_8353503453,200,True,Lucian,6095,3,Yuumi,88986,11
KR_8352768449,100,True,Jhin,42676,7,Syndra,2047297,189
KR_8352768449,200,False,Lucian,74224,9,Yuumi,3537,2
KR_8352712297,100,False,Corki,60115,8,Swain,26082,5
KR_8352712297,200,True,Jhin,1808665,141,Zilean,1345635,125
KR_8352679010,100,True,Caitlyn,532400,51,Mel,89741,11
KR_8352679010,200,False,Aphelios,520919,50,Thresh,68076,9
KR_8352292501,100,True,Yasuo,59901,8,TahmKench,1009568,80
KR_8352292501,200,False,Jhin,281104,28,Alistar,1687677,131
KR_8352201583,100,True,Ziggs,47901,7,Karma,152803,15
KR_8352201583,200,False,Jhin,223965,23,Swain,31129,5
KR_8353572104,100,False,Jinx,66639,9,Thresh,17950,4
KR_8353572104,200,True,Jhin,14962,4,Annie,13913,4
KR_8348260990,100,False,Zeri,113245,13,Thresh,831761,78
KR_8348260990,200,True,Tristana,1674350,155,Sylas,126704,14
KR_8348220184,100,True,Yunara,139466,15,Bard,91208,11
KR_8348220184,200,False,Jinx,40011,6,Lulu,1873772,160
KR_8348144252,100,False,Jinx,188880,20,Braum,28064,5
KR_8348144252,200,True,Ezreal,400967,39,Blitzcrank,754406,71
KR_8348085536,100,True,Jhin,37918,6,Velkoz,80485,10
KR_8348085536,200,False,Kaisa,180700,19,Nautilus,32046,6
KR_8347925424,100,False,Yunara,148535,16,Shen,4276,2
KR_8347925424,200,True,MissFortune,198848,21,Blitzcrank,318318,32
KR_8345160260,100,False,Kaisa,439646,43,Rell,241864,24
KR_8345160260,200,True,Zeri,113245,13,Poppy,134334,15
KR_8340310563,100,False,Jinx,159368,16,Milio,54579,8
KR_8340310563,200,True,Aphelios,442490,43,Nautilus,4047,2
KR_8352096251,100,True,Jinx,120745,14,Lulu,1723114,146
KR_8352096251,200,False,Kaisa,67098,9,Shen,84975,10
KR_8354748242,100,False,Tristana,71922,9,Rammus,708325,58
KR_8354748242,200,True,Jhin,99151,12,Galio,18698,4
KR_8354706346,100,False,Jhin,133954,15,Blitzcrank,41621,6
KR_8354706346,200,True,Tristana,45095,7,Thresh,392066,38
KR_8354604928,100,False,Yunara,12613,4,Lulu,475243,46
KR_8354604928,200,True,Jinx,31867,6,Rell,425158,36
KR_8353285251,100,True,Lucian,16272,4,Braum,15472,4
KR_8353285251,200,False,MissFortune,6519,3,Rell,43109,7
KR_8353266263,100,True,Jinx,142232,16,Neeko,7829,3
KR_8353266263,200,False,Varus,101921,12,Poppy,28844,5
KR_8351293889,100,True,Kaisa,18066,4,Blitzcrank,103853,12
KR_8351293889,200,False,Sivir,160152,17,Amumu,38327,6
KR_8351216245,100,True,Swain,58352,8,Seraphine,28619,5
KR_8351216245,200,False,Kaisa,82967,10,Bard,56214,8
KR_8348672164,100,False,Zeri,101084,12,Lulu,164928,18
KR_8348672164,200,True,Ezreal,93728,11,Xerath,10023,3
KR_8342785283,100,False,Kaisa,502969,48,Leona,532946,48
KR_8342785283,200,True,Aphelios,101129,12,Seraphine,66183,9
KR_8340070069,100,True,Viktor,12188,3,Blitzcrank,155018,17
KR_8340070069,200,False,Syndra,227253,23,Lulu,419903,41
KR_8339988632,100,True,Ezreal,31510,5,Leona,337547,33
KR_8339988632,200,False,Kaisa,277803,28,Shen,27215,5
KR_8339836454,100,False,Corki,5452,2,Alistar,458208,43
KR_8339836454,200,True,Ezreal,210493,22,Amumu,51765,7
KR_8348093104,100,True,Ashe,447881,43,Seraphine,655890,62
KR_8348093104,200,False,Mel,17649,4,Camille,13507,4
KR_8346623665,100,True,Xayah,3440,2,Rakan,60676,8
KR_8346623665,200,False,Ezreal,860459,81,Karma,307668,30
KR_8346614252,100,True,Ashe,166565,18,Camille,13507,4
KR_8346614252,200,False,Jhin,52497,7,Bard,706728,67
KR_8346594325,100,True,Kaisa,11767,3,Nautilus,275682,28
KR_8346594325,200,False,Ezreal,178195,19,Karma,295424,28
KR_8346551157,100,True,Lucian,9186,3,Milio,20425,4
KR_8346551157,200,False,Zeri,18160,4,Braum,65224,9
KR_8346536603,100,False,Aphelios,17320,4,Nautilus,404697,39
KR_8346536603,200,True,Ashe,45589,7,Leona,415196,40
KR_8348734060,100,True,Jinx,14114,4,Leona,721038,64
KR_8348734060,200,False,Twitch,100618,12,Morgana,148320,16
KR_8348717412,100,False,Syndra,6662,3,Zoe,297259,30
KR_8348717412,200,True,Kaisa,6434,3,Nautilus,19122,4
KR_8345555323,100,True,Aphelios,94659,11,Alistar,15161,4
KR_8345555323,200,False,Kaisa,767345,72,Poppy,364,1
KR_8345533723,100,True,Kaisa,35745,6,Leona,293590,29
KR_8345533723,200,False,Xayah,128973,14,Morgana,7152,3
KR_8342317858,100,False,Ezreal,1292,1,Nautilus,25896,5
KR_8342317858,200,True,Hwei,31704,6,Vi,22914,5
KR_8345403398,100,True,Aphelios,338250,33,Camille,17044,4
KR_8345403398,200,False,Kaisa,411832,40,Brand,14656,4
KR_8341528259,100,False,Shen,134734,15,Thresh,1512695,140
KR_8341528259,200,True,Kaisa,360335,35,Rakan,129046,14
KR_8340157863,100,True,Seraphine,5476,2,Nautilus,10972,3
KR_8340157863,200,False,Yasuo,18858,4,Senna,670034,59
KR_8337707210,100,False,Lucian,44829,7,Thresh,1030538,84
KR_8337707210,200,True,Yasuo,1640605,152,Rell,21950,5
KR_8339818723,100,True,Twitch,1208896,112,Nautilus,618668,59
KR_8339818723,200,False,Caitlyn,158089,17,Amumu,879035,58
KR_8339626225,100,True,Caitlyn,43064,7,Lux,2105902,194
KR_8339626225,200,False,Jhin,13141,4,Sylas,108395,12
KR_8354176601,100,False,Xayah,37844,6,Rakan,75976,10
KR_8354176601,200,True,Kaisa,141610,16,Seraphine,82647,10
KR_8354176097,100,False,Caitlyn,123867,14,Alistar,362512,36
KR_8354176097,200,True,Kaisa,43190,7,Rell,37910,6
KR_8354163504,100,False,Jhin,95988,11,Thresh,243729,25
KR_8354163504,200,True,Kaisa,25966,5,Blitzcrank,35161,6
KR_8354158472,100,True,Kaisa,812311,74,Rell,37910,6
KR_8354158472,200,False,Caitlyn,120777,14,Shaco,48147,7
KR_8354149373,100,True,Xerath,1838877,170,Leona,161230,17
KR_8354149373,200,False,Kaisa,316031,31,Nautilus,54667,8
KR_8354127578,100,False,Kaisa,222974,23,Alistar,4911968,440
KR_8354127578,200,True,Jinx,154147,17,Lulu,915741,86
KR_8354119334,100,False,Jhin,17141,4,Leona,1063234,95
KR_8354119334,200,True,Kaisa,137222,15,Nautilus,715049,68
KR_8354111041,100,True,Kaisa,386144,38,Nautilus,128043,14
KR_8354111041,200,False,Jinx,52967,7,Lulu,915741,86
KR_8354085634,100,False,Yasuo,1237,1,Thresh,243729,25
KR_8354085634,200,True,Ezreal,127073,14,Maokai,8576,3
KR_8354078170,100,False,Jayce,80690,10,Nautilus,715049,68
KR_8354078170,200,True,Xerath,1302403,121,Rumble,153298,17
KR_8354055130,100,True,Yunara,6676,3,Lulu,915741,86
KR_8354055130,200,False,Kaisa,115021,13,Blitzcrank,25469,5
KR_8354017288,100,True,Kaisa,75965,10,Thresh,51452,7
KR_8354017288,200,False,Zeri,123244,14,Yuumi,446489,43
KR_8353969673,100,True,Ashe,85508,10,Thresh,2225122,188
KR_8353969673,200,False,Kaisa,530612,51,Nautilus,715049,68
KR_8353921971,100,True,Xerath,295331,28,Rakan,75976,10
KR_8353921971,200,False,Jhin,220353,23,Lulu,1104316,103
KR_8349979148,100,True,Ashe,84103,10,Thresh,243729,25
KR_8349979148,200,False,Jhin,22863,5,Nautilus,19933,4
KR_8349956788,100,False,Jinx,45536,7,Thresh,243729,25
KR_8349956788,200,True,TahmKench,28909,5,Zyra,36728,6
KR_8349949817,100,True,Kaisa,94851,11,Rell,37910,6
KR_8349949817,200,False,Yunara,134937,15,Rakan,355735,35
KR_8349949348,100,True,Smolder,56944,8,Rakan,75976,10
KR_8349949348,200,False,Twitch,39646,6,Pyke,15832,4
KR_8349923950,100,True,Tristana,15837,4,Vi,49264,7
KR_8349923950,200,False,Jinx,2484152,222,Braum,211074,22
KR_8349913801,100,False,Aphelios,124795,14,Thresh,201501,21
KR_8349913801,200,True,Kaisa,60431,8,Nautilus,715049,68
KR_8349907192,100,True,Kaisa,12818,4,Braum,211074,22
KR_8349907192,200,False,Samira,148110,16,Nautilus,201261,21
KR_8349878462,100,False,Jhin,177109,19,Janna,236152,20
KR_8349878462,200,True,Kaisa,119362,13,Nautilus,715049,68
KR_8349842797,100,True,Tristana,31815,6,Soraka,2872985,220
KR_8349842797,200,False,Jinx,39850,6,Milio,190911,20
KR_8338659620,100,True,Syndra,106620,12,Rell,43206,7
KR_8338659620,200,False,Kaisa,85491,10,Pyke,2227,2
KR_8350780404,100,False,Kaisa,107231,12,Xerath,2781658,251
KR_8350780404,200,True,Lucian,296047,30,Milio,77504,10
KR_8350727257,100,True,Ezreal,131059,15,Seraphine,5316,2
KR_8350727257,200,False,Jhin,30776,5,Xerath,2781658,251
KR_8350687735,100,True,Aphelios,198689,21,Thresh,513451,49
KR_8350687735,200,False,Ezreal,89374,11,Xerath,2781658,251
KR_8352299624,100,False,Swain,61312,8,Leona,325838,27
KR_8352299624,200,True,Jinx,25358,5,Alistar,131721,15
KR_8352264377,100,True,Swain,61312,8,Leona,325838,27
KR_8352264377,200,False,Varus,57814,8,Mel,50354,7
KR_8352203755,100,True,Swain,61312,8,Leona,325838,27
KR_8352203755,200,False,Corki,73197,9,Nami,21783,5
KR_8352178103,100,True,Swain,61312,8,Leona,325838,27
KR_8352178103,200,False,Jinx,102031,12,Pyke,1677697,155
KR_8352106952,100,True,Kaisa,596493,57,Nautilus,95028,11
KR_8352106952,200,False,Swain,61312,8,Leona,325838,27
KR_8352066404,100,False,Swain,61312,8,Leona,325838,27
KR_8352066404,200,True,Tristana,133984,15,Yuumi,1221,1
KR_8352023477,100,False,Ashe,92469,11,Alistar,69231,9
KR_8352023477,200,True,Swain,61312,8,Leona,325838,27
KR_8351982890,100,True,Swain,61312,8,Leona,325838,27
KR_8351982890,200,False,Ashe,42826,7,Braum,42745,7
KR_8351976144,100,True,Swain,61312,8,Leona,325838,27
KR_8351976144,200,False,Smolder,132561,15,Seraphine,130730,15
KR_8351939150,100,True,Swain,61312,8,Leona,325838,27
KR_8351939150,200,False,MissFortune,3701,2,Poppy,34161,6
KR_8350694357,100,False,Jhin,165073,18,Soraka,28360,5
KR_8350694357,200,True,Swain,61312,8,Leona,325838,27
KR_8350635738,100,False,Jhin,1511160,140,Zyra,633406,60
KR_8350635738,200,True,Swain,61312,8,Leona,325838,27
KR_8350520815,100,False,Ezreal,38555,6,Nautilus,2685312,158
KR_8350520815,200,True,Swain,61312,8,Leona,325838,27
KR_8350484985,100,False,Jhin,119316,13,Soraka,154279,17
KR_8350484985,200,True,Swain,61312,8,Leona,325838,27
KR_8350442457,100,False,Viktor,613061,58,Morgana,52592,7
KR_8350442457,200,True,Swain,61312,8,Leona,325838,27
KR_8350385021,100,True,Swain,61312,8,Leona,325838,27
KR_8350385021,200,False,Caitlyn,462517,45,Thresh,64335,8
KR_8349697475,100,True,Ezreal,14461,4,Seraphine,31375,5
KR_8349697475,200,False,Swain,61312,8,Leona,325838,27
KR_8349636158,100,False,Lucian,130972,15,Taric,314230,31
KR_8349636158,200,True,Swain,61312,8,Leona,325838,27
KR_8349569828,100,True,Swain,61312,8,Leona,325838,27
KR_8349569828,200,False,Yunara,129956,14,Pyke,154389,17
KR_8349508178,100,False,Swain,61312,8,Leona,325838,27
KR_8349508178,200,True,Lux,98668,12,Seraphine,82112,10
KR_8349434467,100,True,Caitlyn,298636,28,Nautilus,14267,4
KR_8349434467,200,False,Swain,61312,8,Leona,325838,27
KR_8349346653,100,False,Swain,61312,8,Leona,325838,27
KR_8349346653,200,True,Jinx,4087002,297,Thresh,5695,2
KR_8349287539,100,True,Swain,61312,8,Leona,325838,27
KR_8349287539,200,False,Lucian,158729,17,Yuumi,34094,6
KR_8345001362,100,True,Ezreal,106616,12,Karma,78646,10
KR_8345001362,200,False,Swain,61312,8,Leona,325838,27
KR_8344921267,100,True,Ashe,249231,25,Seraphine,27548,5
KR_8344921267,200,False,Swain,61312,8,Blitzcrank,328603,29
KR_8352341373,100,True,Kaisa,696923,66,Camille,24344,5
KR_8352341373,200,False,Xayah,124522,14,Rell,191737,20
KR_8344539086,100,True,Kaisa,260086,24,Blitzcrank,9006,3
KR_8344539086,200,False,Lucian,433929,42,Nautilus,14103,4
KR_8352046066,100,True,Lucian,71901,9,Leona,24313,5
KR_8352046066,200,False,Samira,38492,6,Singed,721537,58
KR_8342627481,100,True,Lucian,266434,27,Yuumi,1815194,130
KR_8342627481,200,False,Caitlyn,161549,17,Lux,1183259,110
KR_8345026064,100,True,Samira,163892,18,Nautilus,235129,24
KR_8345026064,200,False,Jhin,129273,14,Maokai,28605,5
KR_8344937966,100,True,Xayah,6914,3,Blitzcrank,151115,16
KR_8344937966,200,False,Kaisa,22827,5,Bard,11552,3
KR_8344909373,100,False,Kalista,1436,1,Poppy,73281,9
KR_8344909373,200,True,KogMaw,53760,8,Rell,10105,3
KR_8344842066,100,True,Kaisa,39279,6,Neeko,7380,3
KR_8344842066,200,False,Yunara,23729,5,Milio,58469,8
KR_8344750901,100,True,Kaisa,56183,8,Bard,21711,5
KR_8344750901,200,False,Ezreal,230775,24,Thresh,2656109,244
KR_8344689518,100,True,Zeri,174070,17,Leona,2178660,167
KR_8344689518,200,False,Senna,85519,10,TahmKench,200144,21
KR_8339628481,100,False,Aphelios,567220,54,Soraka,229373,23
KR_8339628481,200,True,Caitlyn,30026,5,Neeko,11464,3
KR_8354030166,100,True,Tristana,226470,23,Leona,7644,3
KR_8354030166,200,False,Lucian,23108,5,Sylas,82285,10
KR_8353976682,100,True,Kaisa,31177,5,Lulu,266084,27
KR_8353976682,200,False,Zeri,245515,25,Alistar,29050,5
KR_8353921374,100,False,Kaisa,118645,13,Nautilus,372143,36
KR_8353921374,200,True,Zeri,179157,19,Seraphine,255466,26
KR_8353845636,100,True,Aphelios,215424,22,Blitzcrank,52745,7
KR_8353845636,200,False,Jhin,191103,20,Zyra,39760,6
KR_8342464121,100,False,Ezreal,75221,9,Lulu,424929,41
KR_8342464121,200,True,Jinx,25447,5,Alistar,41715,6
KR_8347358216,100,True,Jhin,146953,16,Bard,172443,18
KR_8347358216,200,False,Jinx,2226,2,Milio,4295,2
KR_8342268282,100,True,Syndra,41841,6,Nautilus,5961,2
KR_8342268282,200,False,Jinx,3600746,265,Lulu,1018042,95
KR_8349052773,100,False,Yasuo,471803,46,Senna,719880,68
KR_8349052773,200,True,Velkoz,172609,18,Swain,6661,3
KR_8349013360,100,False,KogMaw,32902,6,Zilean,2264960,139
KR_8349013360,200,True,Kaisa,50216,7,Blitzcrank,8342,3
KR_8347872557,100,True,Kaisa,135754,15,Aatrox,3606372,293
KR_8347872557,200,False,Jinx,105703,12,Janna,74761,9
KR_8347840683,100,True,Zeri,26898,5,Bard,73328,9
KR_8347840683,200,False,Jhin,1113888,102,Sylas,43829,7
KR_8347826117,100,True,Caitlyn,34607,6,Senna,197256,21
KR_8347826117,200,False,Lucian,259435,26,Blitzcrank,44753,7
KR_8347811129,100,True,Kalista,156342,17,Pantheon,13920,4
KR_8347811129,200,False,Kaisa,403559,39,Blitzcrank,96294,11
KR_8347730104,100,False,Caitlyn,111079,10,Thresh,240788,21
KR_8347730104,200,True,Lucian,360919,34,Milio,27469,5
KR_8347674905,100,True,Ezreal,169569,18,Nasus,11183483,828
KR_8347674905,200,False,Jhin,319108,31,Lulu,77889,10
KR_8342853212,100,False,Zeri,228541,23,Lulu,526696,51
KR_8342853212,200,True,Jhin,319108,31,Karma,15450,4
KR_8342662740,100,False,Jhin,319108,31,Xerath,75590,9
KR_8342662740,200,True,Yunara,57439,8,Thresh,197405,21
KR_8342605910,100,False,Kaisa,548176,52,Nautilus,13747,4
KR_8342605910,200,True,Aphelios,139411,15,Maokai,70217,9
KR_8342446411,100,False,Sivir,36680,6,Morgana,197397,21
KR_8342446411,200,True,Ziggs,90803,11,Nautilus,58211,8
KR_8342422228,100,True,Jhin,319108,31,Nautilus,11988,3
KR_8342422228,200,False,Draven,578743,55,Aatrox,166332,18
KR_8342387060,100,True,Jhin,319108,31,Blitzcrank,74073,9
KR_8342387060,200,False,MissFortune,6724,3,Amumu,616055,49
KR_8342334231,100,True,Lucian,141264,15,Blitzcrank,16509,4
KR_8342334231,200,False,Jhin,319108,31,Poppy,1908,2
KR_8354999643,100,False,Hwei,183136,19,Senna,91801,11
KR_8354999643,200,True,TahmKench,51653,7,Velkoz,828134,78
KR_8345822850,100,False,Swain,239985,24,Pyke,547721,52
KR_8345822850,200,True,Xayah,72328,9,Thresh,132003,15
KR_8354951360,100,False,Kaisa,203563,21,Blitzcrank,13090,4
KR_8354951360,200,True,Yunara,114758,13,Sylas,44345,7
KR_8354719284,100,True,Yunara,7326,3,Leona,402239,39
KR_8354719284,200,False,Caitlyn,107948,12,Soraka,589317,56
KR_8353587537,100,False,Jinx,8547,3,Thresh,1487322,138
KR_8353587537,200,True,Kaisa,296776,30,Sylas,126509,14
KR_8352662750,100,True,Lucian,797177,75,Milio,14941,4
KR_8352662750,200,False,Corki,15420,4,Sylas,315906,31
KR_8346335857,100,False,Caitlyn,107948,12,Lux,16023,4
KR_8346335857,200,True,Viktor,112349,13,Rakan,3666977,336
KR_8346310566,100,False,Aphelios,40147,6,Leona,9574,3
KR_8346310566,200,True,Lucian,331711,33,Braum,11839,3
KR_8346268443,100,True,Kaisa,296776,30,Rell,26869,5
KR_8346268443,200,False,Xayah,180174,19,Rengar,799370,75
KR_8346201856,100,False,Xayah,31028,5,Pyke,36987,6
KR_8346201856,200,True,Kaisa,296776,30,Seraphine,403505,39
KR_8346147530,100,False,Ezreal,15333,4,Lux,1159810,108
KR_8346147530,200,True,Caitlyn,107948,12,Pyke,255422,26
KR_8344705367,100,True,Kaisa,296776,30,Swain,869425,82
KR_8344705367,200,False,Samira,36715,6,Gragas,61067,8
KR_8350036485,100,False,Tristana,135790,15,Pyke,299952,30
KR_8350036485,200,True,Jhin,319270,32,Xerath,8956,3
KR_8350016567,100,True,Jinx,276630,28,Leona,32560,6
KR_8350016567,200,False,Ezreal,294876,29,Karma,43479,7
KR_8349996744,100,True,Jinx,6772,3,FiddleSticks,1159425,97
KR_8349996744,200,False,Yunara,153941,17,Lulu,14239,4
KR_8349994386,100,True,Ezreal,35156,6,Poppy,5796,2
KR_8349994386,200,False,Jinx,22625,5,Nautilus,36424,6
KR_8340343410,100,False,Ezreal,677667,64,Lulu,460259,44
KR_8340343410,200,True,Tristana,18003,4,Camille,91316,11
KR_8346180565,100,True,Ezreal,12872,4,Sona,2899138,266
KR_8346180565,200,False,Kaisa,756637,68,Nautilus,133009,15
KR_8346079869,100,False,Yunara,29897,5,Nautilus,777907,71
KR_8346079869,200,True,Kaisa,404400,39,Maokai,33702,6
KR_8339061613,100,False,Lucian,100290,12,Milio,19992,4
KR_8339061613,200,True,Ziggs,1587,1,Yuumi,32229,6
KR_8352751521,100,False,Ezreal,172610,18,Karma,4059,2
KR_8352751521,200,True,Jinx,95390,11,Thresh,1183457,110
KR_8352688514,100,True,Vayne,257823,26,MonkeyKing,2508562,215
KR_8352688514,200,False,Ezreal,126043,14,Karma,178103,19
KR_8352620028,100,True,Jhin,83492,10,Zilean,395642,28
KR_8352620028,200,False,Kaisa,172080,18,Blitzcrank,320815,32
KR_8352504843,100,True,Ezreal,1025367,96,Poppy,5701,2
KR_8352504843,200,False,Xayah,57994,8,Rakan,183409,19
KR_8352455216,100,False,Tristana,11065,3,Leblanc,574445,55
KR_8352455216,200,True,Varus,28372,5,Alistar,129480,14
KR_8352409745,100,True,Xayah,40910,6,Leblanc,326361,32
KR_8352409745,200,False,Varus,689379,65,Shen,90942,11
KR_8348206571,100,True,Caitlyn,337918,33,Alistar,19165,4
KR_8348206571,200,False,Jhin,146425,16,Blitzcrank,1383700,107
KR_8348133561,100,True,Caitlyn,64078,8,Thresh,15476,4
KR_8348133561,200,False,Karthus,21887,5,Pantheon,456460,44
KR_8346071130,100,False,Jhin,483759,47,Yuumi,1186479,110
KR_8346071130,200,True,Corki,40016,6,Nautilus,25710,5
KR_8345981756,100,False,Kaisa,484763,47,Nautilus,211686,22
KR_8345981756,200,True,Jhin,8809,3,Veigar,407754,40
KR_8345932983,100,True,Graves,17195,4,Pyke,407159,40
KR_8345932983,200,False,Ezreal,26311,5,Karma,1069176,100
KR_8345884405,100,False,Yunara,16306,4,Lulu,1515,1
KR_8345884405,200,True,Vayne,3689968,298,Nautilus,42157,6
KR_8345847038,100,False,Kaisa,420475,41,Bard,152622,15
KR_8345847038,200,True,Yunara,14257,4,Veigar,43508,7
KR_8352554434,100,True,Jhin,80377,10,Karma,262012,26
KR_8352554434,200,False,Kaisa,457817,44,Thresh,9444,3
KR_8352475664,100,True,Kaisa,450937,44,Lux,448993,43
KR_8352475664,200,False,MissFortune,124830,14,Rakan,29304,5
KR_8343116288,100,False,Yunara,29562,5,Lulu,94588,11
KR_8343116288,200,True,Jhin,79381,10,Karma,137091,15
KR_8343036714,100,False,MissFortune,4730,2,Yuumi,549814,53
KR_8343036714,200,True,Xayah,48964,7,Rakan,25342,5
KR_8342984927,100,False,Jhin,46785,7,Blitzcrank,28132,5
KR_8342984927,200,True,Kaisa,259535,26,Zyra,59047,8
KR_8342931669,100,True,Yunara,11824,3,Lulu,85683,10
KR_8342931669,200,False,Corki,1838,2,Karma,470258,45
KR_8342796371,100,False,Aphelios,533490,51,Nautilus,17186,4
KR_8342796371,200,True,Jinx,65179,9,Braum,51843,7
KR_8342751115,100,False,Zeri,36208,6,Yuumi,365238,36
KR_8342751115,200,True,Ashe,47648,7,Bard,19711,4
KR_8351153418,100,False,Kaisa,384362,38,Nautilus,79657,10
KR_8351153418,200,True,Ezreal,208158,22,Karma,39390,6
KR_8351091288,100,True,Jinx,169189,18,Lulu,32864,6
KR_8351091288,200,False,Zeri,36721,6,Yuumi,32780,6
KR_8349863654,100,False,Jhin,74568,9,Zilean,24205,5
KR_8349863654,200,True,Aphelios,870940,82,Bard,44575,7
KR_8339973215,100,True,Varus,68957,9,Pantheon,52796,7
KR_8339973215,200,False,Yunara,70825,9,Lulu,195106,20
KR_8353599270,100,False,Aphelios,58283,8,Pantheon,92800,11
KR_8353599270,200,True,Caitlyn,43985,7,Karma,85484,10
KR_8352105014,100,True,Ezreal,72383,9,Karma,1638911,152
KR_8352105014,200,False,Tristana,21624,5,Leblanc,283225,28
KR_8352046206,100,True,Kaisa,203109,21,Alistar,6958,3
KR_8352046206,200,False,Xayah,80150,10,Pantheon,33222,6
KR_8351991679,100,False,Kalista,175445,19,Sylas,42227,6
KR_8351991679,200,True,Ashe,4593,2,Braum,49579,7
KR_8351952698,100,False,Yunara,90300,11,Lulu,30669,5
KR_8351952698,200,True,Kaisa,43878,7,Nautilus,10388,3
KR_8344464588,100,False,Syndra,176210,19,Anivia,79657,10
KR_8344464588,200,True,Ezreal,653644,62,Maokai,919206,86
KR_8344365525,100,False,Lucian,27292,5,Xerath,11581,3
KR_8344365525,200,True,Jhin,103977,12,Leona,42914,7
KR_8344329469,100,True,Yunara,58815,8,Pyke,83801,10
KR_8344329469,200,False,Jhin,155743,13,Pantheon,4751,2
KR_8341550756,100,False,Ezreal,686129,65,Nautilus,122452,14
KR_8341550756,200,True,MissFortune,164218,18,Swain,109678,13
KR_8341481802,100,True,Ashe,15662,4,Seraphine,80216,10
KR_8341481802,200,False,Yasuo,79077,10,Blitzcrank,5964,2
KR_8341418848,100,False,Ezreal,383621,38,Karma,56068,8
KR_8341418848,200,True,Jhin,159092,17,Nautilus,5622,2
KR_8352340983,100,False,Sivir,114706,13,Bard,16891,4
KR_8352340983,200,True,Seraphine,71115,9,Sion,17946,4
KR_8347832053,100,True,Jhin,410640,40,Leona,329142,32
KR_8347832053,200,False,Samira,529442,51,Nautilus,1697331,117
KR_8346592503,100,True,Tristana,6419,3,Yuumi,32597,6
KR_8346592503,200,False,Ezreal,58899,8,Thresh,26233,5
KR_8354180273,100,True,Aphelios,12809,4,Thresh,25377,5
KR_8354180273,200,False,Varus,49011,7,Alistar,4911968,440
KR_8354171326,100,True,Xayah,126494,14,Leona,4266,2
KR_8354171326,200,False,Kaisa,160366,15,Blitzcrank,27801,5
KR_8354166265,100,True,Jhin,28908,5,Leblanc,454270,44
KR_8354166265,200,False,Lucian,35839,6,Nami,13168,4
KR_8354145874,100,True,Lucian,60670,8,Yuumi,31005,5
KR_8354145874,200,False,Twitch,374448,37,Lulu,13725,4
KR_8343519768,100,False,Ezreal,122178,14,Poppy,466825,45
KR_8343519768,200,True,Kaisa,478271,46,Leona,5838,2
KR_8343474592,100,True,Jinx,83487,10,Seraphine,36647,6
KR_8343474592,200,False,Caitlyn,236680,24,Lux,205390,21
KR_8340934951,100,True,Twitch,19314,4,Rakan,937,1
KR_8340934951,200,False,Ezreal,29944,5,Camille,18688,4
KR_8340914044,100,True,Lucian,952985,89,Pantheon,961142,86
KR_8340914044,200,False,Syndra,24626,5,Pyke,3585519,329
KR_8340869716,100,True,Kaisa,15762,4,Thresh,626197,60
KR_8340869716,200,False,Jhin,551629,53,Xerath,72797,9
KR_8340834841,100,False,Veigar,35303,6,Rammus,440275,37
KR_8340834841,200,True,Vladimir,88120,11,Zilean,66260,9
KR_8347078555,100,False,Tristana,1857409,154,Thresh,555365,53
KR_8347078555,200,True,Senna,99229,12,Leblanc,1074268,100
KR_8337800022,100,True,Kaisa,553089,53,Swain,128298,14
KR_8337800022,200,False,Lucian,103806,12,Poppy,5796,2
KR_8337696976,100,True,Caitlyn,84994,10,Karma,74620,9
KR_8337696976,200,False,Aphelios,124206,14,Alistar,731444,69
KR_8337637780,100,True,Kaisa,156039,17,Pyke,73946,9
KR_8337637780,200,False,Mel,570890,55,Camille,66427,9
KR_8341320758,100,True,Jhin,327725,32,Swain,21100,4
KR_8341320758,200,False,Kaisa,45549,7,Pantheon,49856,7
KR_8342494378,100,False,Mel,5153,2,Bard,11166,3
KR_8342494378,200,True,Zeri,165592,18,Yuumi,9686,3
KR_8353287273,100,True,Kaisa,69041,9,Nautilus,107058,12
KR_8353287273,200,False,Caitlyn,22236,5,FiddleSticks,575207,55
KR_8353251796,100,True,Syndra,6450,3,FiddleSticks,575207,55
KR_8353251796,200,False,Kaisa,96942,11,Nautilus,18624,4
KR_8353228939,100,False,Jhin,61591,8,Xerath,45402,7
KR_8353228939,200,True,Ezreal,44778,7,FiddleSticks,575207,55
KR_8352408780,100,True,Samira,46250,7,Lissandra,3589,2
KR_8352408780,200,False,Jhin,101655,12,FiddleSticks,575207,55
KR_8352380390,100,True,Aphelios,58609,8,Lulu,1463339,136
KR_8352380390,200,False,Ezreal,45224,7,Yuumi,3054976,237
KR_8352312696,100,True,Veigar,239548,24,Nautilus,1215942,109
KR_8352312696,200,False,Xerath,7982,3,FiddleSticks,575207,55
KR_8350344851,100,True,Kaisa,176100,19,FiddleSticks,575207,55
KR_8350344851,200,False,Ezreal,584770,56,Karma,235201,21
KR_8352860130,100,True,Kaisa,819958,77,Galio,8675,3
KR_8352860130,200,False,Xayah,275151,28,Poppy,248482,25
KR_8352802446,100,True,Kaisa,110183,13,Rell,15898,4
KR_8352802446,200,False,Nilah,847059,80,Yuumi,971386,91
KR_8352746871,100,False,Aphelios,42327,6,Nautilus,50825,7
KR_8352746871,200,True,Ezreal,283312,28,Karma,35684,6
KR_8352689111,100,True,Viktor,48171,7,Shen,3622,2
KR_8352689111,200,False,Ezreal,69221,9,Leona,680150,64
KR_8352625003,100,True,Ezreal,169220,18,Lux,80237,10
KR_8352625003,200,False,Caitlyn,25694,5,Rell,40036,6
KR_8351771725,100,True,Jinx,46534,7,Thresh,204372,21
KR_8351771725,200,False,Ezreal,51467,7,Bard,26411,5
KR_8351739741,100,True,Twitch,256400,26,Maokai,322571,32
KR_8351739741,200,False,Vladimir,749643,71,Belveth,18538,4
KR_8351710629,100,False,Syndra,61703,8,Galio,8675,3
KR_8351710629,200,True,Jhin,55228,8,Soraka,918670,86
KR_8351690885,100,True,Kaisa,42369,6,Galio,8675,3
KR_8351690885,200,False,Kalista,1923831,178,Zac,432195,42
KR_8351672994,100,True,Lucian,137205,15,Yuumi,1586854,111
KR_8351672994,200,False,Yunara,5369,2,Lulu,19903,4
KR_8343089880,100,True,Smolder,19477,4,Xerath,94575,11
KR_8343089880,200,False,Ziggs,21748,5,Camille,37243,6
KR_8343026221,100,False,Ezreal,399027,39,Leona,758849,72
KR_8343026221,200,True,Kaisa,79513,10,Zyra,6560035,508
KR_8342969774,100,True,Yunara,23275,5,Lulu,768419,72
KR_8342969774,200,False,Kaisa,115041,13,Rell,37067,6
KR_8342916509,100,True,Jinx,23294,5,Alistar,28642,5
KR_8342916509,200,False,Ashe,92403,11,Braum,45010,7
KR_8342860876,100,True,Kaisa,205018,20,Velkoz,2726446,250
KR_8342860876,200,False,Vayne,379592,37,Nautilus,913025,83
KR_8345593189,100,False,Ezreal,183261,19,Sylas,521694,50
KR_8345593189,200,True,Kaisa,24795,5,Pantheon,33059,6
KR_8342562104,100,False,Veigar,53989,8,Bard,438064,42
KR_8342562104,200,True,Xerath,4557,2,Blitzcrank,400181,38
KR_8339636407,100,True,Yunara,20712,4,Galio,738181,70
KR_8339636407,200,False,Jinx,141105,15,Lulu,369452,36
KR_8339595822,100,False,Caitlyn,137226,15,Morgana,9699,3
KR_8339595822,200,True,Sivir,319127,32,Leona,20529,4
KR_8339579268,100,False,Nilah,847059,80,Sylas,102957,12
KR_8339579268,200,True,Kaisa,430414,42,Taric,55747,8
KR_8348016920,100,True,Kaisa,364216,36,Nautilus,78994,10
KR_8348016920,200,False,Lucian,280507,28,Braum,29641,5
KR_8338945967,100,False,Caitlyn,165463,18,Morgana,1217836,87
KR_8338945967,200,True,Jhin,102402,12,Poppy,212470,22
KR_8338856507,100,True,Yunara,2915,2,Nautilus,1058,1
KR_8338856507,200,False,Zeri,6528,3,Yuumi,11906,3
KR_8338809318,100,True,Ezreal,44171,7,Karma,18230,4
KR_8338809318,200,False,Kaisa,63920,8,Nautilus,107384,12
KR_8352172413,100,False,Ezreal,235386,24,Senna,719880,68
KR_8352172413,200,True,Kaisa,12509,3,Zyra,3287761,260
KR_8352109792,100,True,Corki,4078,2,Bard,10246,3
KR_8352109792,200,False,Jhin,13391,4,TahmKench,474526,46
KR_8352055547,100,False,Aphelios,493389,47,Leona,2178660,167
KR_8352055547,200,True,Jhin,93012,11,Nautilus,72629,9
KR_8352028211,100,False,Kalista,328122,32,Leona,330126,33
KR_8352028211,200,True,Ezreal,239854,24,Karma,222634,23
KR_8342350030,100,False,Caitlyn,182757,19,Bard,143696,16
KR_8342350030,200,True,Yasuo,325586,32,Seraphine,165322,18
KR_8342324175,100,True,Lucian,312292,31,Thresh,620882,59
KR_8342324175,200,False,Kaisa,805057,76,Blitzcrank,2560,2
KR_8342293444,100,False,Syndra,55922,8,Neeko,19485,4
KR_8342293444,200,True,Kaisa,139387,15,Nautilus,73974,9
KR_8342288146,100,False,Syndra,33079,6,Shaco,1632413,126
KR_8342288146,200,True,Kaisa,750339,71,Nautilus,213967,22
KR_8342251924,100,False,Velkoz,1498753,138,Pyke,200967,21
KR_8342251924,200,True,Vex,11014,3,Rammus,1367979,107
KR_8342255051,100,False,Jhin,90933,11,Rammus,1367979,107
KR_8342255051,200,True,Swain,107905,12,Morgana,77439,10
KR_8341657250,100,False,Caitlyn,13973,4,Blitzcrank,44409,7
KR_8341657250,200,True,Yunara,25838,5,Pyke,47507,7
KR_8341612126,100,True,Jinx,1094885,102,Pantheon,33033,6
KR_8341612126,200,False,Kaisa,110040,13,Leona,967683,91
KR_8341508243,100,False,Nilah,460092,44,Pyke,51393,7
KR_8341508243,200,True,Caitlyn,58111,8,Hwei,165615,18
KR_8341436354,100,False,Ezreal,313120,31,Hwei,788074,74
KR_8341436354,200,True,Tristana,42136,6,Poppy,6840,3
KR_8341330456,100,True,Lucian,82611,10,Milio,1546,1
KR_8341330456,200,False,Kaisa,224729,23,Seraphine,24346,5
KR_8341295032,100,True,Xerath,56976,8,Poppy,116089,13
KR_8341295032,200,False,Kaisa,45998,7,Nautilus,48642,7
KR_8341241110,100,False,Kaisa,238337,24,Yuumi,10784,3
KR_8341241110,200,True,Lucian,272506,27,Braum,10274,3
KR_8341186563,100,True,Kaisa,595248,57,Alistar,9407,3
KR_8341186563,200,False,Tristana,83970,10,Camille,653,1
KR_8341212959,100,False,Ezreal,72860,9,Karma,31674,6
KR_8341212959,200,True,Aphelios,2730233,199,Lulu,58601,8
KR_8341179101,100,True,Zeri,249154,25,Karma,37275,6
KR_8341179101,200,False,Jhin,109696,13,Pyke,148407,16
KR_8341146174,100,True,Xerath,91077,11,Alistar,346728,32
KR_8341146174,200,False,Kaisa,560704,54,Nautilus,93399,11
KR_8341082940,100,False,Caitlyn,161837,17,Skarner,19107,4
KR_8341082940,200,True,Jinx,497038,48,Rell,241238,24
KR_8341047044,100,False,Yunara,15627,4,Lulu,46966,7
KR_8341047044,200,True,Jhin,464879,45,Leona,18602,4
KR_8340984464,100,False,MissFortune,71167,9,Rell,241238,24
KR_8340984464,200,True,Yunara,64024,8,Pyke,19189,4
KR_8340945334,100,False,Lissandra,86850,11,Pantheon,47809,7
KR_8340945334,200,True,Caitlyn,84263,10,Leona,37158,6
KR_8340920088,100,False,Kaisa,35640,6,Pyke,108093,11
KR_8340920088,200,True,Lucian,3476,2,Yuumi,1083,1
KR_8340862983,100,False,Ezreal,538034,52,Elise,1044949,96
KR_8340862983,200,True,Yasuo,317968,32,Yuumi,1340184,124
KR_8340837325,100,True,Jhin,35806,6,Karma,607717,58
KR_8340837325,200,False,Caitlyn,38325,6,Thresh,342381,34
KR_8340809405,100,True,Ziggs,5550,2,Camille,83561,10
KR_8340809405,200,False,Aphelios,20857,4,Alistar,23072,5
KR_8340785197,100,True,Kaisa,377469,37,Pyke,257613,26
KR_8340785197,200,False,Jhin,8666,3,Leona,29214,5
KR_8340758424,100,True,Kaisa,86012,10,Pyke,257613,26
KR_8340758424,200,False,Jhin,135316,15,Brand,2016747,153
KR_8340736756,100,False,Swain,33813,6,Yuumi,50758,7
KR_8340736756,200,True,Kalista,67695,9,Zilean,462347,45
KR_8340728378,100,False,Yunara,29935,5,Nasus,39209,6
KR_8340728378,200,True,Kaisa,90944,11,Zyra,21120,4
KR_8340713441,100,False,Velkoz,1498753,138,Camille,47387,7
KR_8340713441,200,True,Zeri,13775,4,Leona,123371,14
KR_8340693930,100,False,Velkoz,1904121,176,Seraphine,2923,2
KR_8340693930,200,True,Samira,144576,16,Rell,116730,13
KR_8340690566,100,True,Lucian,391466,38,Zilean,4193,2
KR_8340690566,200,False,Kaisa,121993,14,Nautilus,596078,49
KR_8340679123,100,False,Jhin,416522,40,Thresh,308941,27
KR_8340679123,200,True,Ashe,80487,10,Alistar,2151880,193
KR_8340663459,100,True,Jhin,141583,15,Lux,58954,8
KR_8340663459,200,False,Caitlyn,188959,20,Karma,134530,15
KR_8340658292,100,False,Jhin,18468,4,Bard,208118,22
KR_8340658292,200,True,Caitlyn,198935,21,Lux,139095,15
KR_8340647754,100,False,Ashe,89022,11,Alistar,14083,4
KR_8340647754,200,True,Tristana,34322,6,Morgana,1301980,90
KR_8337043110,100,False,Kaisa,321185,32,Nautilus,20617,4
KR_8337043110,200,True,Viktor,89290,11,Jayce,14930,4
KR_8337010942,100,False,Vayne,9356,3,Alistar,184794,19
KR_8337010942,200,True,Kaisa,125571,14,Bard,29731,5
KR_8342918002,100,True,Caitlyn,73152,9,Nautilus,692534,64
KR_8342918002,200,False,Varus,250682,25,Blitzcrank,11307,3
KR_8342885131,100,False,Ezreal,56954,8,Karma,38935,6
KR_8342885131,200,True,Cassiopeia,808572,76,Nautilus,237624,24
KR_8342801588,100,False,Kaisa,212349,22,Nautilus,345570,34
KR_8342801588,200,True,Xayah,124818,14,Seraphine,385525,37
KR_8353429505,100,False,Yunara,5058,2,Seraphine,958,1
KR_8353429505,200,True,Kaisa,299478,30,Neeko,15339,4
KR_8353408269,100,True,Corki,91164,11,Thresh,132545,15
KR_8353408269,200,False,Kaisa,299478,30,Braum,104741,12
KR_8353377363,100,False,Jinx,21692,5,Sylas,11598,3
KR_8353377363,200,True,Yunara,55826,8,Karma,29937,5
KR_8353352673,100,True,Caitlyn,150851,16,Taliyah,238050,24
KR_8353352673,200,False,Kaisa,299478,30,Neeko,35236,6
KR_8342362651,100,False,Aphelios,1373084,127,Zac,911666,65
KR_8342362651,200,True,Jinx,97650,12,Lux,1987242,183
KR_8342324729,100,True,Lucian,31193,5,Karma,29267,5
KR_8342324729,200,False,Jhin,65595,9,Pyke,12915,4
KR_8344226331,100,False,Ezreal,64223,8,Zoe,148051,16
KR_8344226331,200,True,Vladimir,394978,39,Katarina,645716,61
KR_8344158498,100,True,Vladimir,394978,39,Katarina,645716,61
KR_8344158498,200,False,Tristana,14636,4,Karma,65916,9
KR_8343344743,100,False,Xerath,107261,12,Nautilus,250529,25
KR_8343344743,200,True,Vladimir,394978,39,Katarina,645716,61
KR_8343274913,100,False,Tristana,13881,4,Lulu,293615,29
KR_8343274913,200,True,Vladimir,394978,39,Katarina,645716,61
KR_8343244035,100,True,Kaisa,218184,22,Nautilus,98082,12
KR_8343244035,200,False,Vladimir,394978,39,Zaahen,13972,4
KR_8342966158,100,True,Yone,302121,30,Blitzcrank,3106425,279
KR_8342966158,200,False,Vladimir,394978,39,Katarina,645716,61
KR_8342804545,100,True,Vladimir,394978,39,Katarina,645716,61
KR_8342804545,200,False,Lucian,465121,45,Milio,551310,53
KR_8341686558,100,True,Kaisa,510098,49,Poppy,598783,57
KR_8341686558,200,False,Vladimir,394978,39,Katarina,645716,61
KR_8341590594,100,False,Jhin,209397,22,Pantheon,10773,3
KR_8341590594,200,True,Vladimir,394978,39,Katarina,645716,61
KR_8340131733,100,False,Yunara,52366,7,Hwei,493465,47
KR_8340131733,200,True,Vladimir,394978,39,Katarina,645716,61
KR_8340069658,100,True,Vladimir,394978,39,Katarina,645716,61
KR_8340069658,200,False,Smolder,7321,3,Leona,223935,23
KR_8339684128,100,True,Vladimir,394978,39,Katarina,645716,61
KR_8339684128,200,False,Cassiopeia,1015411,95,Leona,107384,12
KR_8339651051,100,False,Vladimir,394978,39,Rumble,22316,5
KR_8339651051,200,True,Kaisa,83409,10,Nautilus,7480,3
KR_8339595936,100,False,Tristana,127303,14,Rakan,52080,7
KR_8339595936,200,True,Vladimir,394978,39,Katarina,645716,61
KR_8339577032,100,False,Kaisa,230055,24,Leona,80956,10
KR_8339577032,200,True,Mel,12547,3,Locke,11107,3
KR_8339527906,100,True,Xayah,22262,5,Leona,84108,10
KR_8339527906,200,False,Vladimir,394978,39,Katarina,645716,61
KR_8338498528,100,False,Syndra,10715,3,Senna,244407,25
KR_8338498528,200,True,Vladimir,394978,39,Katarina,645716,61
KR_8338457851,100,False,Aphelios,207288,21,Pantheon,30010,5
KR_8338457851,200,True,Vladimir,394978,39,Katarina,645716,61
KR_8338259455,100,True,Kaisa,55210,8,Nautilus,166210,18
KR_8338259455,200,False,Vladimir,394978,39,Katarina,645716,61
KR_8337673031,100,False,Samira,2130793,169,Rell,360680,35
KR_8337673031,200,True,Vladimir,394978,39,Katarina,645716,61
KR_8337629061,100,True,Vladimir,394978,39,Rumble,22316,5
KR_8337629061,200,False,Veigar,11024,3,Poppy,21932,5
KR_8337577575,100,True,Vladimir,394978,39,Katarina,645716,61
KR_8337577575,200,False,Kaisa,136391,15,Nautilus,445594,43
KR_8350627821,100,False,Yunara,121702,14,Braum,22679,5
KR_8350627821,200,True,Kaisa,300381,30,Nautilus,250351,25
KR_8350596178,100,False,Yunara,13504,4,Lulu,220242,23
KR_8350596178,200,True,Ezreal,1086874,101,Karma,21931,5
KR_8344912350,100,False,Kaisa,369327,36,Rell,150277,16
KR_8344912350,200,True,Viktor,113618,13,Shen,771974,73
KR_8340934563,100,False,Kaisa,23568,5,Nautilus,55459,8
KR_8340934563,200,True,Corki,51926,7,Alistar,65204,9
KR_8340874954,100,False,Jinx,107007,12,Thresh,194499,20
KR_8340874954,200,True,Jhin,98572,12,Bard,1696,1
KR_8340839898,100,True,Kaisa,23568,5,Rell,24683,5
KR_8340839898,200,False,Lucian,455191,44,Yuumi,242074,25
KR_8340829103,100,False,Zeri,39782,6,Brand,153447,17
KR_8340829103,200,True,Kaisa,23568,5,Blitzcrank,277634,28
KR_8339865392,100,False,Kaisa,311485,31,Nautilus,29467,5
KR_8339865392,200,True,Lucian,98050,12,Yuumi,10045,3
KR_8339690197,100,True,Kaisa,767345,72,Yuumi,11421,3
KR_8339690197,200,False,Caitlyn,6406,3,Seraphine,29475,5
KR_8339380620,100,False,Xayah,9832,3,Rakan,312262,31
KR_8339380620,200,True,Corki,94323,11,Zilean,2460080,226
KR_8338810298,100,True,Jhin,14779,4,Ezreal,166248,16
KR_8338810298,200,False,Cassiopeia,15645,4,Poppy,155010,16
KR_8338751159,100,True,Yunara,16980,4,Lulu,19036,4
KR_8338751159,200,False,Kaisa,66124,9,Bard,27279,5
KR_8337672112,100,True,Vayne,155039,17,Blitzcrank,292516,29
KR_8337672112,200,False,Mel,690771,65,Pantheon,10451,3
KR_8352780271,100,False,Xayah,60631,8,Janna,1117617,102
KR_8352780271,200,True,Kaisa,306813,31,Blitzcrank,160068,17
KR_8352709133,100,False,Ezreal,14739,4,Karma,4553,2
KR_8352709133,200,True,Jhin,96472,11,Morgana,13657,4
KR_8352655181,100,False,Caitlyn,97386,11,Leona,73956,9
KR_8352655181,200,True,Ezreal,14037,4,Blitzcrank,1383700,107
KR_8352578133,100,True,Kaisa,168842,17,Maokai,20055,4
KR_8352578133,200,False,Yasuo,13064,4,Yuumi,51552,7
KR_8350560857,100,False,Samira,704278,67,Leona,374457,37
KR_8350560857,200,True,Senna,127066,14,Blitzcrank,1419800,132
KR_8350530123,100,True,Xerath,249755,25,Shen,6590,3
KR_8350530123,200,False,Yone,81109,10,Camille,39242,6
KR_8350423709,100,False,Ashe,8209,3,Nami,344805,34
KR_8350423709,200,True,Kaisa,115072,13,Shen,45885,7
KR_8350375828,100,False,Lucian,57248,8,Milio,46200,7
KR_8350375828,200,True,Kaisa,86743,11,Lulu,12758,4
KR_8350334234,100,True,Ziggs,403723,39,Bard,18960,4
KR_8350334234,200,False,AurelionSol,1278474,119,Brand,24378,5
KR_8350288907,100,False,Zeri,734683,60,Nautilus,54512,8
KR_8350288907,200,True,Jinx,215009,22,Lulu,6765,3
KR_8350262696,100,False,Corki,7285,3,Nautilus,16738,4
KR_8350262696,200,True,Tristana,969662,91,Senna,31755,6
KR_8350211857,100,True,Kaisa,56227,8,Blitzcrank,1153835,108
KR_8350211857,200,False,Yunara,37721,6,Thresh,201020,21
KR_8349932372,100,False,Seraphine,655890,62,Morgana,24681,5
KR_8349932372,200,True,Kaisa,126105,14,Nautilus,619995,59
KR_8349915845,100,False,Kaisa,61036,8,Twitch,2973383,273
KR_8349915845,200,True,Lucian,798982,75,MonkeyKing,236672,16
KR_8347506561,100,False,Aphelios,410791,40,Nocturne,20557,4
KR_8347506561,200,True,Caitlyn,74099,9,Lux,3317,2
KR_8347470796,100,True,Kaisa,107985,12,TwistedFate,75055,9
KR_8347470796,200,False,Ezreal,27089,5,Karma,37707,6
KR_8347451346,100,False,Aphelios,103782,12,Braum,531207,51
KR_8347451346,200,True,Hwei,66005,9,Blitzcrank,95801,11
KR_8347419208,100,False,Kaisa,289384,29,Xerath,655962,62
KR_8347419208,200,True,Varus,58903,8,Renata,83051,10
KR_8347375455,100,False,Samira,500739,48,Leona,79865,10
KR_8347375455,200,True,Ezreal,1258450,117,Thresh,123626,14
KR_8347213672,100,True,Yunara,60642,8,Yuumi,21459,4
KR_8347213672,200,False,Kaisa,156758,17,Karma,23434,5
KR_8347145763,100,True,Draven,331644,33,Seraphine,25107,5
KR_8347145763,200,False,Ashe,35571,6,Aatrox,13329,4
KR_8347106321,100,True,Yunara,26565,5,Lulu,434865,42
KR_8347106321,200,False,Kaisa,46684,7,Thresh,28745,5
KR_8347052991,100,False,Kaisa,473013,46,Nautilus,148299,16
KR_8347052991,200,True,Yunara,18949,4,Pyke,618126,49
KR_8347013718,100,False,Corki,2942,2,Camille,42331,6
KR_8347013718,200,True,Yunara,31365,5,Yuumi,4237172,355
KR_8354299422,100,False,Jinx,73296,9,Lulu,119258,13
KR_8354299422,200,True,Aphelios,153923,17,Seraphine,16309,4
KR_8354283596,100,True,Ezreal,84909,10,Alistar,37763,6
KR_8354283596,200,False,Aphelios,213336,22,Thresh,51959,7
KR_8353190556,100,False,Kaisa,8524,3,Blitzcrank,9076,3
KR_8353190556,200,True,Jinx,147120,16,Braum,5676,2
KR_8353180388,100,True,Jinx,179615,16,Thresh,34534,6
KR_8353180388,200,False,Jhin,108119,12,Nautilus,554,1
KR_8352193128,100,False,Xerath,3977,2,Ezreal,110842,13
KR_8352193128,200,True,Kaisa,19627,4,Leblanc,454270,44
KR_8349119775,100,True,Kaisa,67554,9,Leona,110651,11
KR_8349119775,200,False,Yasuo,6274,3,Morgana,62202,8
KR_8348718919,100,True,Kaisa,15004,4,Thresh,240788,21
KR_8348718919,200,False,Xayah,57758,8,Rakan,48029,7
KR_8348711595,100,True,Caitlyn,551017,53,Lulu,403808,39
KR_8348711595,200,False,Syndra,14249,4,Pantheon,3326,2
KR_8348776370,100,True,Katarina,351073,35,Taric,446520,43
KR_8348776370,200,False,Cassiopeia,52083,7,Rell,311764,31
KR_8347896748,100,True,Caitlyn,7929,3,Bard,656237,62
KR_8347896748,200,False,Lucian,394164,38,Rell,50302,7
KR_8345635084,100,False,Jhin,102464,12,Bard,5675,2
KR_8345635084,200,True,Lissandra,1843300,170,Rakan,2344,2
KR_8345609096,100,False,Kaisa,101045,12,Morgana,503692,48
KR_8345609096,200,True,Jinx,87288,11,Alistar,70545,9
KR_8342782814,100,True,Viktor,24255,5,Pantheon,11940,3
KR_8342782814,200,False,Kaisa,256267,26,Bard,2913,2
KR_8352738124,100,False,Ziggs,33228,6,Thresh,7310,3
KR_8352738124,200,True,Aphelios,256040,26,Lulu,1056789,89
KR_8352659845,100,True,Caitlyn,42924,7,Leona,89485,11
KR_8352659845,200,False,MissFortune,188412,20,TahmKench,84473,10
KR_8352629017,100,False,Kaisa,248112,25,Nautilus,4312,2
KR_8352629017,200,True,Lucian,108774,13,Blitzcrank,14360,4
KR_8352550445,100,False,Jhin,162561,16,Pyke,331852,33
KR_8352550445,200,True,Kaisa,56244,8,Lulu,3834,2
KR_8344973899,100,False,Zeri,52561,7,Lulu,52111,7
KR_8344973899,200,True,Jinx,161276,17,Braum,38074,6
KR_8354048393,100,False,Caitlyn,69995,9,Bard,164232,18
KR_8354048393,200,True,Kaisa,177545,19,TahmKench,52286,7
KR_8354021118,100,False,Viktor,79913,10,Bard,164232,18
KR_8354021118,200,True,Aphelios,368412,36,Thresh,283448,28
KR_8352099648,100,True,Jhin,523257,50,Zyra,23280,5
KR_8352099648,200,False,Ezreal,155625,14,Karma,10062,3
KR_8352054354,100,True,Varus,45818,7,Rakan,158785,17
KR_8352054354,200,False,Jhin,218316,22,Pyke,888627,83
KR_8354238756,100,False,Kaisa,59458,8,Pyke,81721,10
KR_8354238756,200,True,Jinx,275502,28,Soraka,11550,3
KR_8354236077,100,True,Kaisa,101084,12,Rakan,82046,10
KR_8354236077,200,False,Twitch,71240,9,Sylas,209042,22
KR_8345824437,100,False,Malzahar,11556,3,Thresh,17159,4
KR_8345824437,200,True,Xayah,34709,6,Rakan,42445,6
KR_8355246220,100,False,Lucian,386596,38,Syndra,24421,5
KR_8355246220,200,True,Kaisa,71865,9,Nautilus,99492,12
KR_8355217656,100,True,Caitlyn,6209,3,Hwei,30059,5
KR_8355217656,200,False,Yunara,7596,3,Yuumi,160031,17
KR_8355195685,100,True,Tristana,56384,8,Blitzcrank,3642315,334
KR_8355195685,200,False,Kaisa,604109,58,Pantheon,19304,4
KR_8355175715,100,True,Ezreal,139121,15,Pantheon,19304,4
KR_8355175715,200,False,Kaisa,42942,7,Blitzcrank,3642315,334
KR_8355146776,100,True,Ezreal,28225,5,Karma,14994,4
KR_8355146776,200,False,Jhin,277319,28,Pantheon,19304,4
KR_8355119685,100,False,Jhin,56610,8,Hwei,827774,78
KR_8355119685,200,True,Ezreal,188047,19,Braum,30905,5
KR_8354991353,100,True,Caitlyn,19214,4,Bard,470075,45
KR_8354991353,200,False,Senna,6483,3,Sylas,18383,4
KR_8354925947,100,False,Jhin,26812,5,Karma,10395,3
KR_8354925947,200,True,Sivir,270452,27,Ashe,32229,6
KR_8351653429,100,False,Xayah,6938,3,Pyke,504536,48
KR_8351653429,200,True,Tristana,29835,5,Shaco,2854,2
KR_8351625865,100,False,Caitlyn,76471,10,Sylas,40325,6
KR_8351625865,200,True,Kaisa,100703,12,Camille,2065,2
KR_8351626184,100,False,Lucian,57813,8,Yuumi,914528,85
KR_8351626184,200,True,Ezreal,242648,25,Hwei,30059,5
KR_8351599649,100,False,Samira,131614,15,Camille,62163,8
KR_8351599649,200,True,Twitch,266321,27,Garen,44016,7
KR_8351584974,100,False,Caitlyn,69919,9,Shaco,496633,45
KR_8351584974,200,True,Ezreal,412729,40,Jax,30865,5
KR_8355051334,100,True,Caitlyn,111841,13,Karma,215038,22
KR_8355051334,200,False,Jhin,186881,20,Yuumi,1837644,170
KR_8355022241,100,True,Zeri,9040,3,Lulu,9959,3
KR_8355022241,200,False,Jinx,119531,13,Milio,135674,15
KR_8354973212,100,True,Ezreal,86327,10,Alistar,12476,3
KR_8354973212,200,False,Veigar,113486,13,Thresh,127417,11
KR_8354909856,100,True,Jinx,99407,12,Alistar,58488,8
KR_8354909856,200,False,Jhin,130111,14,Thresh,71978,9
KR_8354843742,100,True,Aphelios,141694,16,Soraka,75347,9
KR_8354843742,200,False,KogMaw,3139,2,Lulu,102777,12
KR_8354800210,100,True,Sivir,2770,2,Soraka,31328,5
KR_8354800210,200,False,Yunara,56321,8,Lulu,1729950,160
KR_8354730754,100,False,Ezreal,26143,5,Nami,10595,3
KR_8354730754,200,True,Kaisa,151501,16,Thresh,454983,42
KR_8351454232,100,True,Ezreal,223041,23,Shaco,1855,2
KR_8351454232,200,False,Lucian,123337,14,Milio,138501,15
KR_8351384865,100,True,Kaisa,201495,21,Alistar,10229,3
KR_8351384865,200,False,Vayne,475175,46,Nautilus,35281,6
KR_8347538215,100,False,Tristana,168756,16,Shen,5729,2
KR_8347538215,200,True,Jhin,258683,26,Pantheon,47807,7
KR_8354902016,100,False,Caitlyn,38602,6,Bard,70226,9
KR_8354902016,200,True,Aphelios,15810,4,Alistar,204576,21
KR_8354824821,100,False,Nilah,791839,70,Rengar,8127,3
KR_8354824821,200,True,Yunara,37752,6,Seraphine,311074,31
KR_8354786469,100,True,Ezreal,317862,32,Karma,197715,21
KR_8354786469,200,False,Corki,6816,3,Thresh,939681,88
KR_8353700709,100,True,Lucian,79265,10,Nautilus,46298,7
KR_8353700709,200,False,Yunara,4269,2,Lulu,10661,3
KR_8352737371,100,True,Yunara,56120,8,Braum,205427,21
KR_8352737371,200,False,Ezreal,127731,14,MasterYi,41058,6
KR_8350314991,100,True,Jhin,172838,18,Rell,19832,4
KR_8350314991,200,False,Caitlyn,338020,33,Nautilus,12971,4
KR_8350270629,100,True,Kaisa,184077,19,Nautilus,30080,5
KR_8350270629,200,False,Zeri,125846,14,Yuumi,156499,17
KR_8350103528,100,True,Xayah,43078,7,Rakan,27063,6
KR_8350103528,200,False,Lucian,69091,9,Milio,8079,3
KR_8350086317,100,True,Ziggs,35175,6,Braum,346932,29
KR_8350086317,200,False,MissFortune,2315245,213,Garen,2630,2
KR_8350059547,100,False,MissFortune,2315245,213,Neeko,120477,14
KR_8350059547,200,True,Yunara,257109,26,Nautilus,125091,14
KR_8349386794,100,True,Varus,98203,12,Pantheon,16788,4
KR_8349386794,200,False,Yunara,11053,3,Pyke,124542,14
KR_8349316199,100,False,Ezreal,598618,57,Soraka,1239715,110
KR_8349316199,200,True,Lucian,42282,6,Hwei,522713,48
KR_8348313851,100,True,Tristana,2716534,209,Galio,56522,8
KR_8348313851,200,False,Ezreal,263560,27,Thresh,255292,26
KR_8348268604,100,True,Xayah,42530,6,Rakan,7019,3
KR_8348268604,200,False,Jinx,762893,72,Morgana,977303,91
KR_8348180518,100,True,Vayne,315918,28,Bard,58736,8
KR_8348180518,200,False,Viktor,24731,5,Veigar,2278,2
KR_8347931820,100,True,Ezreal,225266,23,Brand,435049,42
KR_8347931820,200,False,Yunara,3418,2,Lulu,15457,4
KR_8347269747,100,True,Smolder,232644,22,Karma,207680,22
KR_8347269747,200,False,Aphelios,490752,47,Lux,32892,6
KR_8351595724,100,True,Aphelios,346580,34,Shen,540254,51
KR_8351595724,200,False,Naafiri,3678779,321,Yuumi,9964,3
KR_8351578947,100,True,Kaisa,45969,7,Shen,540254,51
KR_8351578947,200,False,Smolder,33256,6,Yuumi,21312,4
KR_8351585167,100,True,Caitlyn,229136,23,Lux,25844,5
KR_8351585167,200,False,Jinx,863175,81,Blitzcrank,26994,5
KR_8351577187,100,True,Ezreal,77416,10,Swain,132735,15
KR_8351577187,200,False,Aphelios,346580,34,Veigar,79463,10
KR_8351554948,100,True,Xayah,13583,4,Nautilus,350350,34
KR_8351554948,200,False,Kaisa,40898,6,Lulu,80501,10
KR_8351559213,100,False,Jhin,304776,30,Xerath,1707432,150
KR_8351559213,200,True,AurelionSol,67736,9,Teemo,1323554,96
KR_8346999189,100,False,Caitlyn,510709,47,Poppy,157691,17
KR_8346999189,200,True,Xayah,261150,26,Rakan,4808,2
KR_8346959199,100,False,Lucian,237663,24,Milio,43151,7
KR_8346959199,200,True,Kaisa,55470,8,Lulu,564279,54
KR_8346938257,100,True,Ezreal,124090,14,Blitzcrank,50034,7
KR_8346938257,200,False,Kaisa,95534,11,Xerath,1090,1
KR_8339573973,100,True,Lucian,44783,7,Nami,98316,12
KR_8339573973,200,False,Jinx,78192,10,Lulu,577618,55
KR_8338121203,100,False,Varus,66521,9,KogMaw,21813,5
KR_8338121203,200,True,Caitlyn,67413,9,Camille,67398,9
KR_8338102892,100,True,Ziggs,26864,5,Fiora,15711,4
KR_8338102892,200,False,Caitlyn,54388,8,Karma,79220,10
KR_8338103521,100,True,Kaisa,49176,7,Blitzcrank,40881,6
KR_8338103521,200,False,Jhin,22476,5,Zilean,1869,2
KR_8338108003,100,False,Syndra,1691,1,Camille,36848,6
KR_8338108003,200,True,Viktor,36581,6,Pyke,51369,7
KR_8337875727,100,True,Ezreal,22438,5,Karma,59933,8
KR_8337875727,200,False,Aphelios,518043,50,Lulu,7831,3
KR_8339272971,100,True,Caitlyn,111739,13,Zoe,819668,70
KR_8339272971,200,False,Ezreal,19703,4,Velkoz,1393092,128
KR_8339263999,100,False,Lucian,316450,31,Pyke,22620,5
KR_8339263999,200,True,Katarina,3694294,307,Yuumi,3655,2
KR_8339242682,100,False,Kaisa,73783,9,Nautilus,33139,6
KR_8339242682,200,True,Lucian,109376,13,Braum,1776,1
KR_8339226494,100,True,Jhin,43176,7,Blitzcrank,7080,3
KR_8339226494,200,False,Lucian,170040,18,Thresh,15303,4
KR_8337958523,100,True,Caitlyn,959152,90,Shen,7513,3
KR_8337958523,200,False,Jhin,11685,3,Yuumi,95335,11
KR_8347223952,100,True,Ezreal,13545,4,Sett,1740870,149
KR_8347223952,200,False,Kaisa,67618,9,Nautilus,50180,7
KR_8348382627,100,True,Lucian,391791,38,Leona,147089,15
KR_8348382627,200,False,Kaisa,119272,13,Alistar,137216,12
KR_8347536448,100,False,Jhin,23253,5,Alistar,13572,4
KR_8347536448,200,True,Vayne,220500,21,Thresh,35371,6
KR_8346420070,100,False,Zeri,13318,4,Seraphine,428670,42
KR_8346420070,200,True,Ashe,87199,11,Lulu,674748,64
KR_8353849292,100,False,Yasuo,656350,61,Twitch,1194331,111
KR_8353849292,200,True,Yone,37794,6,Mel,31164,5
KR_8353774589,100,False,Caitlyn,118034,13,Blitzcrank,36875,6
KR_8353774589,200,True,Lucian,141064,15,Leona,52065,7
KR_8344912812,100,True,Caitlyn,785806,74,Pyke,221378,23
KR_8344912812,200,False,Jinx,88107,11,Morgana,136059,15
KR_8344402031,100,True,Caitlyn,370100,36,Velkoz,171674,18
KR_8344402031,200,False,Syndra,56000,8,Nautilus,104577,12
KR_8355065137,100,False,Lucian,225982,23,Hwei,552528,53
KR_8355065137,200,True,Varus,41956,6,Lulu,669920,57
KR_8354996055,100,False,Yunara,203496,21,Pantheon,53686,8
KR_8354996055,200,True,Xayah,33559,6,Thresh,3082,2
KR_8354926062,100,True,Jhin,95628,11,Karma,16517,4
KR_8354926062,200,False,Kaisa,316591,31,Leona,16711,4
KR_8354860487,100,False,Kaisa,138287,15,Blitzcrank,215243,17
KR_8354860487,200,True,Sivir,20491,4,Soraka,1781543,158
KR_8354096715,100,False,Xayah,58115,8,Nautilus,89711,11
KR_8354096715,200,True,Kaisa,576623,55,Alistar,188340,20
KR_8354074377,100,False,Zeri,99159,12,Senna,151527,16
KR_8354074377,200,True,Ezreal,158407,17,Blitzcrank,4804,2
KR_8354033957,100,True,Kaisa,45103,7,Alistar,6099,3
KR_8354033957,200,False,Xayah,31259,5,Leona,24905,5
KR_8354003756,100,False,Kaisa,316591,31,JarvanIV,270983,27
KR_8354003756,200,True,Jinx,21322,4,Lulu,105309,12
KR_8345831037,100,False,Kaisa,316591,31,Xerath,5965,2
KR_8345831037,200,True,Yunara,104627,12,Velkoz,339620,34
KR_8345794003,100,False,Xerath,918702,86,Pantheon,19193,4
KR_8345794003,200,True,Yunara,10575,3,Lulu,314756,31
KR_8345754070,100,True,Kaisa,624061,56,Blitzcrank,120725,14
KR_8345754070,200,False,Jhin,181456,19,Alistar,174493,18
KR_8345704814,100,True,Yunara,22620,5,Camille,16198,4
KR_8345704814,200,False,Zeri,35100,6,Yuumi,517169,44
KR_8345664998,100,True,Ashe,7271,3,Bard,15556,4
KR_8345664998,200,False,Caitlyn,42049,6,Lux,2653,2
KR_8345637588,100,True,Kaisa,240573,24,Thresh,28143,5
KR_8345637588,200,False,Ezreal,101460,12,Senna,31495,5
KR_8353526050,100,False,Ezreal,727145,69,Camille,3223,2
KR_8353526050,200,True,AurelionSol,52907,7,Poppy,221456,23
KR_8341816984,100,False,Yunara,8987,3,Braum,22737,5
KR_8341816984,200,True,Zeri,64920,9,Bard,37330,6
KR_8338186897,100,False,Lucian,355147,35,Blitzcrank,15732,4
KR_8338186897,200,True,Xayah,46960,7,Thresh,1252144,112
KR_8338171865,100,False,Ezreal,125785,14,Senna,362333,35
KR_8338171865,200,True,Kaisa,7158,3,Rell,280070,28
KR_8337987761,100,False,Jinx,243781,23,Thresh,276910,28
KR_8337987761,200,True,Xerath,1111611,104,Alistar,20493,4
KR_8337086980,100,False,Samira,954290,89,Thresh,37066,6
KR_8337086980,200,True,Jhin,264261,27,Velkoz,860335,76
KR_8352434785,100,True,Ezreal,52843,7,Maokai,277235,28
KR_8352434785,200,False,Kaisa,212924,21,Nautilus,23267,5
KR_8352374154,100,True,Smolder,4130409,246,Karma,311973,31
KR_8352374154,200,False,Ashe,293188,29,Seraphine,371753,36
KR_8355129856,100,False,Kaisa,107000,12,Nautilus,36615,6
KR_8355129856,200,True,Zeri,70958,9,Yuumi,44390,7
KR_8355109466,100,False,Samira,341678,34,Maokai,52013,7
KR_8355109466,200,True,Hwei,252070,26,Zyra,167590,18
KR_8355078258,100,False,Tristana,49769,7,Braum,51414,7
KR_8355078258,200,True,Kaisa,269481,27,Nautilus,45761,7
KR_8355039340,100,False,Ezreal,443172,43,Yuumi,28172,5
KR_8355039340,200,True,Lucian,511074,49,Milio,41851,6
KR_8354895720,100,False,Xayah,13325,4,Cassiopeia,27592,5
KR_8354895720,200,True,Ezreal,670376,64,Zyra,167590,18
KR_8354827862,100,False,Ezreal,127484,14,Zyra,167590,18
KR_8354827862,200,True,Ziggs,12722,4,Lux,28046,5
KR_8352835398,100,True,Kaisa,176296,19,Amumu,40169,6
KR_8352835398,200,False,Tristana,75819,10,Senna,71764,9
KR_8350946694,100,False,Jhin,399362,39,Bard,548,1
KR_8350946694,200,True,Corki,7725,3,Pyke,5999,2
KR_8342620516,100,True,Kaisa,107562,12,Zyra,189802,19
KR_8342620516,200,False,Ezreal,271900,27,Blitzcrank,1440899,134
KR_8340463251,100,False,Yunara,80957,10,Blitzcrank,8834,3
KR_8340463251,200,True,Hwei,83141,10,Annie,2259502,171
KR_8340392633,100,True,Ezreal,383239,37,Vi,37577,6
KR_8340392633,200,False,Jinx,148415,16,Bard,139619,15
KR_8340299029,100,False,Zeri,12074,3,Lulu,7079,3
KR_8340299029,200,True,Ziggs,15607,4,Pantheon,59939,8
KR_8340211213,100,False,Jhin,216241,19,Pantheon,138803,15
KR_8340211213,200,True,Kaisa,103912,12,Braum,64830,9
KR_8352009322,100,True,Aphelios,326149,32,Lulu,26006,5
KR_8352009322,200,False,Ashe,74457,9,Brand,764892,68
KR_8351944725,100,True,Ashe,45323,7,Lulu,30542,5
KR_8351944725,200,False,Xerath,44317,7,Janna,563579,54
KR_8351903672,100,True,Caitlyn,223010,23,Lux,379949,37
KR_8351903672,200,False,Kaisa,164222,18,Nautilus,69563,9
KR_8351884026,100,True,Vayne,125944,14,Camille,26429,5
KR_8351884026,200,False,Ezreal,60278,8,Lux,3608011,310
KR_8351830778,100,False,Ezreal,214639,22,Karma,53592,7
KR_8351830778,200,True,Kaisa,60142,8,Thresh,537977,52
KR_8351795998,100,True,Yunara,55514,8,Thresh,123828,12
KR_8351795998,200,False,Tristana,45002,7,Milio,11550,3
KR_8349373591,100,True,Kaisa,227272,23,Shen,50019,7
KR_8349373591,200,False,Xayah,3192,2,Rakan,1313,1
KR_8342027216,100,False,Caitlyn,55137,8,Nami,103886,12
KR_8342027216,200,True,Jinx,80333,10,Camille,50624,7
KR_8341982293,100,True,Jinx,161526,15,Thresh,86321,10
KR_8341982293,200,False,Yunara,49241,7,Mel,506423,49
KR_8341842476,100,False,Kaisa,565403,54,TahmKench,80952,10
KR_8341842476,200,True,Xerath,54186,8,Rammus,708325,58
KR_8337199534,100,False,Syndra,63528,8,Galio,58774,8
KR_8337199534,200,True,Ezreal,31757,6,Lux,643831,61
KR_8352616903,100,False,Kaisa,227910,23,Thresh,266777,27
KR_8352616903,200,True,Ezreal,270970,27,Karma,332563,33
KR_8352539851,100,False,Tristana,60971,8,Taric,327070,32
KR_8352539851,200,True,Kaisa,585541,52,Jayce,105857,12
KR_8352483353,100,False,Jhin,200943,20,Karma,63525,8
KR_8352483353,200,True,Tristana,11606,3,Trundle,155479,16
KR_8352409610,100,True,Tristana,696886,66,Bard,1904,2
KR_8352409610,200,False,Ziggs,85122,10,Jhin,80943,10
KR_8352346449,100,True,Sivir,51852,7,Pantheon,31822,6
KR_8352346449,200,False,Ezreal,44367,7,Karma,2298,2
KR_8352281590,100,True,KogMaw,36047,6,Lulu,369298,36
KR_8352281590,200,False,Sivir,18783,4,Thresh,20638,4
KR_8352244364,100,False,Ezreal,548019,52,Zilean,328624,33
KR_8352244364,200,True,Tristana,47444,7,Camille,2514,2
KR_8352205146,100,False,Jinx,78057,9,Blitzcrank,10812,3
KR_8352205146,200,True,Yunara,164150,18,Thresh,1710722,122
KR_8352122688,100,True,Draven,6190013,463,Blitzcrank,1341102,125
KR_8352122688,200,False,Jhin,14515,4,Trundle,18741,4
KR_8352128555,100,False,Jhin,990716,83,Bard,50533,7
KR_8352128555,200,True,Ezreal,161170,15,Nautilus,157603,17
KR_8352067825,100,True,Lucian,397190,39,Milio,251651,26
KR_8352067825,200,False,Ezreal,52887,7,Lux,105760,12
KR_8350137959,100,True,Caitlyn,130653,14,Kled,44752,7
KR_8350137959,200,False,Ezreal,165035,18,Velkoz,40952,6
KR_8347904101,100,True,Xayah,53878,8,Blitzcrank,881353,83
KR_8347904101,200,False,Jhin,78857,10,Zoe,87388,11
KR_8347863809,100,True,Kaisa,214295,22,Elise,19791,4
KR_8347863809,200,False,Viktor,127305,14,Pyke,888627,83
KR_8345493557,100,False,Jhin,18176,4,Xerath,159669,17
KR_8345493557,200,True,Yunara,2856,2,Blitzcrank,147250,16
KR_8345480459,100,False,Zeri,9310,3,Nautilus,98885,12
KR_8345480459,200,True,Jinx,2992,2,Leona,66782,9
KR_8345454924,100,False,Jhin,141378,15,Thresh,208103,22
KR_8345454924,200,True,Kaisa,174231,18,Blitzcrank,5432,2
KR_8345202290,100,False,Caitlyn,365372,36,Pyke,59553,8
KR_8345202290,200,True,Kaisa,486479,47,Morgana,2550,2
KR_8345146492,100,True,Lucian,84110,10,Thresh,3132,2
KR_8345146492,200,False,Aphelios,173957,18,Milio,90099,11
KR_8344037849,100,False,Aphelios,611079,58,TwistedFate,152052,16
KR_8344037849,200,True,Jinx,445197,43,Rell,573462,55
KR_8344006866,100,True,Jhin,454596,44,Rell,664910,54
KR_8344006866,200,False,Samira,803828,76,Thresh,1124881,84
KR_8342762484,100,False,Jinx,9065,3,Lulu,19712,4
KR_8342762484,200,True,Tristana,30305,5,Leona,54110,8
KR_8342736004,100,True,Ezreal,215021,22,Poppy,26615,4
KR_8342736004,200,False,Kaisa,126409,11,Pyke,2785055,256
KR_8342280541,100,True,Aphelios,85552,10,Rell,45873,7
KR_8342280541,200,False,Lucian,13325,4,Nami,1491348,126
KR_8342258639,100,False,Kaisa,58311,8,Pyke,7501,3
KR_8342258639,200,True,Caitlyn,105756,12,Nautilus,12919,4
KR_8342248640,100,False,Kaisa,85021,10,Nautilus,19744,4
KR_8342248640,200,True,Yasuo,68392,9,Rell,32412,6
KR_8342246140,100,False,Ezreal,74140,9,Sylas,167375,15
KR_8342246140,200,True,Jhin,603158,51,Pyke,1123865,105
KR_8342234222,100,True,Xayah,75978,10,Pyke,1123865,105
KR_8342234222,200,False,Kaisa,165341,18,Nautilus,14373,4
KR_8342214720,100,True,Zeri,534393,51,Yuumi,328527,31
KR_8342214720,200,False,Yunara,32370,6,Blitzcrank,213625,22
KR_8342219025,100,False,Ezreal,70892,9,Renata,78148,10
KR_8342219025,200,True,Jinx,88260,11,Milio,39604,6
KR_8341166111,100,True,Jhin,139973,15,Karma,101267,12
KR_8341166111,200,False,Xayah,47605,7,Thresh,35529,6
KR_8340877085,100,True,Ezreal,703108,67,Leona,1560585,144
KR_8340877085,200,False,KogMaw,12030,3,Milio,3383,2
KR_8340831943,100,True,Ezreal,184838,19,Thresh,99311,12
KR_8340831943,200,False,Tristana,113310,13,Leona,1560585,144
KR_8340731764,100,True,Ezreal,37806,6,Karma,96459,11
KR_8340731764,200,False,Lucian,8329,3,Zilean,2842324,242
KR_8352743928,100,True,Jhin,109945,13,Bard,8426,3
KR_8352743928,200,False,Sylas,59382,8,Lulu,59051,8
KR_8344329613,100,False,Viktor,678,1,Lux,38613,6
KR_8344329613,200,True,Kaisa,378637,37,Sylas,220101,23
KR_8344259342,100,True,Lissandra,405360,39,Zilean,405288,32
KR_8344259342,200,False,Aphelios,112192,13,Bard,111596,13
KR_8338827507,100,True,Jhin,101947,12,Xerath,169540,18
KR_8338827507,200,False,Syndra,9213,3,Nautilus,88942,10
KR_8354816987,100,True,Xayah,23441,5,Thresh,74396,9
KR_8354816987,200,False,Kaisa,232948,24,Gragas,136250,15
KR_8354781128,100,True,Caitlyn,65101,9,Bard,18714,4
KR_8354781128,200,False,Jinx,82671,10,Lulu,322053,32
KR_8354726407,100,True,Kaisa,123901,14,Nautilus,63406,8
KR_8354726407,200,False,Ezreal,159483,17,Lux,9437,3
KR_8354676685,100,False,Ezreal,175724,19,TahmKench,26631,5
KR_8354676685,200,True,Veigar,15303,4,Alistar,36507,6
KR_8354617740,100,True,Tristana,368592,36,Rakan,38805,6
KR_8354617740,200,False,Jinx,82671,10,Braum,253430,26
KR_8354583530,100,False,Corki,10835,3,Shaco,1636981,134
KR_8354583530,200,True,Ezreal,467549,45,Seraphine,33729,6
KR_8353062393,100,True,Xayah,2797,2,Rell,32196,6
KR_8353062393,200,False,Samira,431812,42,Leona,52129,7
KR_8353042983,100,True,Corki,10835,3,FiddleSticks,174306,18
KR_8353042983,200,False,MissFortune,120723,14,Pyke,142729,16
KR_8349760682,100,True,Kaisa,32041,6,Shen,18088,4
KR_8349760682,200,False,Xerath,27580,5,MasterYi,1173237,109
KR_8349722490,100,True,Caitlyn,33571,6,Morgana,20333,4
KR_8349722490,200,False,Lucian,225739,23,Thresh,15543,4
KR_8349655436,100,False,Caitlyn,1178425,110,Zilean,349037,34
KR_8349655436,200,True,Jinx,33895,6,Leona,490078,47
KR_8349580564,100,True,Sylas,38194,6,Xerath,195036,20
KR_8349580564,200,False,Kaisa,71412,9,Blitzcrank,36456,6
KR_8349509888,100,False,Kaisa,234095,24,Lulu,323776,32
KR_8349509888,200,True,Samira,5555,2,Sylas,73399,9
KR_8349443413,100,False,Jhin,492984,47,Vi,717,1
KR_8349443413,200,True,Kaisa,193217,20,Braum,9632,3
KR_8349391167,100,False,Jhin,6095,3,Blitzcrank,25264,5
KR_8349391167,200,True,Xayah,173701,18,Nautilus,416272,40
KR_8349325245,100,False,Jhin,296966,27,Xerath,159048,17
KR_8349325245,200,True,Lucian,7449,3,Nami,7530,3
KR_8349272017,100,True,Lucian,293687,29,TahmKench,521742,50
KR_8349272017,200,False,Kaisa,220342,23,Seraphine,167363,18
KR_8349205740,100,False,Ashe,29902,5,Kled,706,1
KR_8349205740,200,True,Mel,32089,6,TahmKench,28230,5
KR_8350617046,100,False,Kalista,11934,3,Renata,18834,4
KR_8350617046,200,True,Locke,5484,2,Leona,67412,9
KR_8350573104,100,False,Lucian,49684,7,Braum,72139,9
KR_8350573104,200,True,Yunara,58568,8,Soraka,5548,2
KR_8350518943,100,False,Xerath,90915,11,Velkoz,1227,1
KR_8350518943,200,True,Jinx,39342,6,Thresh,47330,7
KR_8350473222,100,False,Kalista,645342,61,Leona,46726,7
KR_8350473222,200,True,Tristana,2240250,187,Nautilus,5176,2
KR_8350426612,100,True,Zeri,578631,55,Yuumi,2469243,223
KR_8350426612,200,False,Kaisa,72177,9,Senna,302871,30
KR_8350371960,100,False,Jhin,220413,23,Karma,25894,5
KR_8350371960,200,True,Ziggs,140508,15,Thresh,69801,9
KR_8349011729,100,True,Kalista,46814,7,Pantheon,10354,3
KR_8349011729,200,False,Ezreal,441102,43,Velkoz,1227,1
KR_8347577247,100,False,Lucian,125758,14,Alistar,715328,64
KR_8347577247,200,True,Jinx,55425,8,Blitzcrank,36312,6
KR_8353954786,100,False,Aphelios,2959,2,Seraphine,45472,7
KR_8353954786,200,True,Jinx,228877,23,Lulu,5703,2
KR_8353915231,100,True,Xayah,12386,3,Sylas,23004,5
KR_8353915231,200,False,Corki,56817,8,Nami,94876,11
KR_8353835405,100,False,Xayah,10299,3,TahmKench,112059,13
KR_8353835405,200,True,Jhin,30402,5,Karma,72440,9
KR_8344573072,100,False,Lucian,147111,16,Rakan,561219,54
KR_8344573072,200,True,Kaisa,113600,13,Leona,31509,5
KR_8344502252,100,False,Ezreal,384291,38,Thresh,1070400,96
KR_8344502252,200,True,Kaisa,133316,15,Sona,723173,68
KR_8344437626,100,True,Kaisa,256469,26,Sylas,52940,7
KR_8344437626,200,False,Aphelios,55601,8,Pyke,67937,9
KR_8339970703,100,True,Aphelios,112391,13,Thresh,456879,44
KR_8339970703,200,False,Viktor,91011,11,Veigar,405936,40
KR_8347153589,100,True,Kaisa,507788,49,Braum,114766,13
KR_8347153589,200,False,Jhin,493548,47,Pantheon,87740,11
KR_8347088628,100,True,Yunara,10620,3,Lulu,19911,4
KR_8347088628,200,False,Ezreal,8701,3,Bard,4468,2
KR_8347054150,100,False,Kaisa,314180,31,Vi,438185,42
KR_8347054150,200,True,Caitlyn,129553,14,Thresh,129027,14
KR_8346983609,100,False,Ezreal,15641,4,Vi,438185,42
KR_8346983609,200,True,MissFortune,6974,3,Shaco,11223,3
KR_8344887632,100,True,Ezreal,105820,12,Karma,57124,8
KR_8344887632,200,False,Kaisa,31905,6,Sylas,1080821,93
KR_8344817430,100,False,Ezreal,320983,32,Karma,411235,40
KR_8344817430,200,True,Jinx,115209,13,Thresh,72390,9
KR_8344704609,100,True,Ziggs,17891,4,Janna,264616,27
KR_8344704609,200,False,Caitlyn,354770,35,Lux,307995,31
KR_8347373509,100,True,MissFortune,86446,10,Nami,56681,8
KR_8347373509,200,False,Lucian,160548,17,Janna,4811881,377
KR_8347337878,100,True,Jinx,191053,20,Leblanc,2223547,205
KR_8347337878,200,False,Kaisa,11989,3,Camille,69673,9
KR_8352589027,100,False,Sivir,82709,10,Nautilus,22249,5
KR_8352589027,200,True,Kaisa,33413,6,Swain,87263,11
KR_8352506874,100,False,Jinx,20868,4,Thresh,44952,7
KR_8352506874,200,True,Ezreal,42973,7,Pantheon,45803,7
KR_8352199240,100,True,Caitlyn,17381,4,Nautilus,203200,21
KR_8352199240,200,False,Taliyah,21812,5,Pantheon,45803,7
KR_8352140516,100,True,Kaisa,69228,9,Elise,98622,12
KR_8352140516,200,False,Xayah,102268,12,Annie,1689671,138
KR_8352052770,100,False,Ezreal,38928,6,Gragas,2031367,187
KR_8352052770,200,True,Lucian,168277,18,Milio,3869,2
KR_8339646610,100,False,Aphelios,90391,11,Rell,261163,26
KR_8339646610,200,True,Kaisa,37494,6,Nautilus,45974,7
KR_8339051842,100,False,MissFortune,156524,13,Shen,2256,2
KR_8339051842,200,True,Xerath,3321,2,Swain,56455,8
KR_8338988920,100,False,Zeri,28148,5,Karma,53750,8
KR_8338988920,200,True,Tristana,11712,3,Nautilus,45974,7
KR_8338887884,100,True,Teemo,21773,5,Swain,56455,8
KR_8338887884,200,False,Kaisa,243956,25,Nautilus,353597,35
KR_8354600236,100,True,Aphelios,496177,48,Lux,186208,17
KR_8354600236,200,False,Jinx,45757,7,Karma,10705,3
KR_8354551861,100,False,Viktor,314582,31,Alistar,59657,8
KR_8354551861,200,True,Ezreal,239065,24,Poppy,28374,5
KR_8354519931,100,True,Kaisa,33383,6,Leona,8175,3
KR_8354519931,200,False,Jhin,107231,12,Alistar,47229,7
KR_8354250800,100,True,Kaisa,38052,6,Nautilus,19827,4
KR_8354250800,200,False,Ezreal,11869,3,Taric,124902,14
KR_8354238761,100,True,Kaisa,61651,8,Neeko,12127,3
KR_8354238761,200,False,Jhin,93501,11,Anivia,1119812,104
KR_8353544171,100,False,Jhin,29835,5,Zyra,248175,25
KR_8353544171,200,True,Jinx,130675,15,Lulu,54862,8
KR_8353509393,100,True,Lucian,68565,9,Milio,846730,67
KR_8353509393,200,False,MissFortune,4538823,375,Rakan,59699,8
KR_8352082092,100,True,Caitlyn,88563,11,Elise,87942,11
KR_8352082092,200,False,Aphelios,1915235,174,Thresh,495614,48
KR_8352011859,100,True,Kaisa,142025,16,Thresh,592141,56
KR_8352011859,200,False,Ezreal,173782,18,MasterYi,3255879,288
KR_8351737150,100,True,Kalista,173926,18,Taric,57480,8
KR_8351737150,200,False,Kaisa,37326,6,Pantheon,89081,11
KR_8351710587,100,False,Kaisa,61249,8,Thresh,157084,17
KR_8351710587,200,True,Caitlyn,286141,29,Karma,10375,3
KR_8351680903,100,True,Yasuo,8331,3,Yuumi,140016,15
KR_8351680903,200,False,Lucian,33313,6,Bard,876405,82
KR_8351548590,100,True,Xayah,44605,7,Camille,46531,7
KR_8351548590,200,False,Kalista,2671,2,Pyke,224691,23
KR_8351334186,100,True,Ezreal,328611,33,Pyke,1681217,155
KR_8351334186,200,False,Jhin,91611,11,Blitzcrank,228887,23
KR_8349343028,100,True,Jhin,343060,34,Zoe,211305,22
KR_8349343028,200,False,Aphelios,55073,8,Syndra,99547,12
KR_8349242001,100,False,Xayah,73439,9,Braum,14064,4
KR_8349242001,200,True,Kaisa,245763,25,Alistar,45743,7
KR_8349155269,100,False,Samira,340308,34,Sona,1166269,93
KR_8349155269,200,True,Kaisa,102745,12,Alistar,6800,3
KR_8342358858,100,False,Jhin,206641,21,Neeko,23564,5
KR_8342358858,200,True,Kalista,27742,5,Shen,13901,4
KR_8344284379,100,True,Kaisa,190940,19,Bard,2713292,249
KR_8344284379,200,False,Xayah,63997,8,Annie,45187,7
KR_8347703974,100,True,Aphelios,145733,15,Nautilus,141687,16
KR_8347703974,200,False,Ezreal,89296,11,Twitch,95997,10
KR_8353059701,100,False,Yunara,30857,5,Seraphine,11393,3
KR_8353059701,200,True,Ashe,169090,18,Nautilus,50593,7
KR_8353033004,100,False,Ezreal,152019,16,Leona,37962,6
KR_8353033004,200,True,Kaisa,88658,11,Nautilus,366768,36
KR_8352965690,100,False,Caitlyn,22773,5,Karma,74552,9
KR_8352965690,200,True,Jhin,1598078,139,Bard,43611,7
KR_8352940631,100,True,Kaisa,131601,15,Thresh,70818,9
KR_8352940631,200,False,Vayne,2986,2,Braum,42839,7
KR_8350958376,100,True,Jhin,17739,4,Thresh,76301,10
KR_8350958376,200,False,Caitlyn,132221,15,Zilean,2001735,185
KR_8350833989,100,False,Aphelios,10702,3,Lulu,245876,25
KR_8350833989,200,True,Xayah,29412,5,Rell,394508,38
KR_8339296317,100,False,Kaisa,338096,33,Pyke,1498,1
KR_8339296317,200,True,Ezreal,152019,16,Camille,49460,7
KR_8339278872,100,True,Kaisa,131601,15,Morgana,14920,4
KR_8339278872,200,False,Ezreal,162244,17,Soraka,1943,2
KR_8339275727,100,False,Jhin,70794,9,Poppy,51520,7
KR_8339275727,200,True,Lucian,41605,6,Sylas,52026,7
KR_8342921607,100,True,Viktor,136295,15,Seraphine,59502,8
KR_8342921607,200,False,Kaisa,435256,42,Brand,4746554,421
KR_8348629618,100,False,Lucian,68110,9,Camille,36866,6
KR_8348629618,200,True,Xayah,1697,1,Neeko,5889,2
KR_8348606265,100,False,Syndra,64212,8,Senna,158068,17
KR_8348606265,200,True,Caitlyn,209995,21,Xerath,54607,8
KR_8348444831,100,False,Xayah,94741,11,Pyke,156050,17
KR_8348444831,200,True,Sivir,22820,5,Senna,33610,6
KR_8344737820,100,True,Kaisa,143369,16,Nautilus,80378,10
KR_8344737820,200,False,Caitlyn,13588,4,Lux,36775,6
KR_8344683645,100,False,Chogath,25439,5,Nautilus,452727,44
KR_8344683645,200,True,Varus,259788,26,Thresh,93706,11
KR_8344621368,100,True,Tristana,39183,6,Lulu,15461,4
KR_8344621368,200,False,Kaisa,143369,16,Nautilus,80378,10
KR_8350830478,100,False,Swain,55719,8,Senna,232892,22
KR_8350830478,200,True,Veigar,2948,2,Karma,33681,6
KR_8350781574,100,False,Jinx,12146,3,Lulu,18436,4
KR_8350781574,200,True,Kaisa,125420,13,Nautilus,98115,12
KR_8350727613,100,False,Xayah,50697,7,Rakan,3929,2
KR_8350727613,200,True,Kaisa,308234,31,Swain,453372,44
KR_8349749084,100,True,Caitlyn,179420,19,Thresh,21073,4
KR_8349749084,200,False,Jinx,1539030,135,Senna,60530,8
KR_8349704403,100,True,Jhin,107976,12,Zilean,191601,20
KR_8349704403,200,False,Tristana,2973,2,Thresh,21935,5
KR_8349651214,100,True,Lucian,243375,25,Yuumi,2134498,185
KR_8349651214,200,False,Yunara,21910,5,Lulu,361732,36
KR_8349584174,100,True,Ashe,73605,9,Nautilus,62469,8
KR_8349584174,200,False,Lucian,1004165,94,Seraphine,8008,3
KR_8349495824,100,False,Kaisa,169842,18,Thresh,98172,12
KR_8349495824,200,True,Zeri,5530,2,Zilean,191601,20
KR_8349399609,100,True,Lucian,556778,53,Yuumi,1069172,100
KR_8349399609,200,False,Corki,57197,8,Lulu,70222,9
KR_8349353968,100,True,Tristana,22662,5,Alistar,8379,3
KR_8349353968,200,False,Lucian,556778,53,Yuumi,1069172,100
KR_8349316039,100,True,Veigar,24117,5,Pyke,2458,2
KR_8349316039,200,False,Aphelios,19099,4,Aatrox,66876,9
KR_8349239472,100,True,Ezreal,38094,6,Velkoz,1062540,94
KR_8349239472,200,False,Jinx,88428,11,Blitzcrank,270118,27
KR_8349208536,100,True,Jinx,19008,4,Blitzcrank,110393,13
KR_8349208536,200,False,Samira,5342801,350,Senna,2211283,183
KR_8347912163,100,True,Ezreal,103450,12,Karma,30801,5
KR_8347912163,200,False,Corki,3181,2,Ekko,49049,7
KR_8341868288,100,True,Nilah,1138097,75,Yuumi,3616,2
KR_8341868288,200,False,Ezreal,1962,2,Zilean,191601,20
KR_8353909532,100,True,Caitlyn,211426,22,Nami,40910,6
KR_8353909532,200,False,Kaisa,59011,8,Nautilus,741773,70
KR_8353848759,100,True,Samira,1736249,160,Rell,194474,20
KR_8353848759,200,False,Nilah,16612,4,Pyke,12731,4
KR_8352451203,100,False,Jhin,60930,8,Blitzcrank,31795,6
KR_8352451203,200,True,Tristana,35254,6,Nautilus,10562,3
KR_8352365262,100,False,Kaisa,359709,35,Nautilus,105565,12
KR_8352365262,200,True,Ezreal,250841,25,Karma,169035,18
KR_8352308455,100,True,Kaisa,140419,15,Leona,5302,2
KR_8352308455,200,False,Caitlyn,36360,6,Pyke,63995,8
KR_8352252787,100,False,Kaisa,670529,50,Nautilus,20320,4
KR_8352252787,200,True,Xayah,130919,15,Rakan,15449,4
KR_8352188397,100,False,Sivir,128753,14,Thresh,3769,2
KR_8352188397,200,True,Tristana,25486,5,Blitzcrank,32990,6
KR_8352142274,100,False,Ezreal,106608,12,Blitzcrank,23294,5
KR_8352142274,200,True,Kaisa,156260,17,Morgana,9050,3
KR_8352094626,100,False,Yunara,223360,23,Amumu,1099978,91
KR_8352094626,200,True,Jinx,143984,16,Nautilus,378855,37
KR_8352045869,100,False,Swain,222877,23,Azir,375394,37
KR_8352045869,200,True,Ashe,62435,8,Seraphine,72361,9
KR_8352019422,100,False,Jhin,33460,6,Pantheon,72820,9
KR_8352019422,200,True,Ezreal,121572,14,Thresh,504228,47
KR_8351972574,100,False,Jinx,34401,6,Thresh,20462,4
KR_8351972574,200,True,Kaisa,104506,12,Braum,76833,10
KR_8351922211,100,False,Ashe,68586,9,Thresh,53445,7
KR_8351922211,200,True,Caitlyn,41759,6,Bard,25963,5
KR_8351846118,100,False,Taliyah,3107,2,Thresh,37470,6
KR_8351846118,200,True,Cassiopeia,1216953,112,Nautilus,67405,9
KR_8351773894,100,True,Jhin,17144,4,Karma,68421,9
KR_8351773894,200,False,Lucian,69795,9,Thresh,8861,3
KR_8351543660,100,False,Naafiri,13079,4,Heimerdinger,3665852,336
KR_8351543660,200,True,Mel,10641,3,Bard,26376,5
KR_8351517943,100,True,Viktor,77942,10,Senna,828821,72
KR_8351517943,200,False,Jhin,247901,25,Swain,36057,6
KR_8351487873,100,True,Ezreal,740565,70,Swain,132735,15
KR_8351487873,200,False,Jhin,124458,14,Syndra,1074963,100
KR_8351460713,100,False,Ashe,21984,5,Lulu,2711,2
KR_8351460713,200,True,Jhin,178874,19,Naafiri,8447,3
KR_8351423245,100,True,Xayah,70452,9,Skarner,14613,4
KR_8351423245,200,False,Kaisa,15808,4,Leona,1290653,118
KR_8350979078,100,True,Lucian,290178,29,Braum,8467,3
KR_8350979078,200,False,Kaisa,4819,2,Poppy,70323,9
KR_8350892774,100,True,Ezreal,342428,34,Sona,615745,58
KR_8350892774,200,False,Kaisa,65458,9,Taliyah,54257,8
KR_8350845329,100,True,Jinx,187095,20,Neeko,1383861,109
KR_8350845329,200,False,Kaisa,34804,6,Alistar,143338,16
KR_8350756276,100,True,Taliyah,79678,10,Nautilus,44773,7
KR_8350756276,200,False,Yunara,7200,3,Sylas,124488,14
KR_8350702773,100,False,Caitlyn,61561,8,Leona,536608,51
KR_8350702773,200,True,Jhin,35416,6,Nautilus,11059,3
KR_8350670308,100,False,Briar,1281315,101,Pantheon,8531,3
KR_8350670308,200,True,Jinx,125870,14,Karma,46242,7
KR_8350607538,100,False,Xerath,123547,14,Camille,227995,22
KR_8350607538,200,True,Ziggs,152456,16,Nautilus,1033915,97
KR_8350571442,100,True,Jhin,615235,58,Sylas,39399,6
KR_8350571442,200,False,Ezreal,693316,66,Blitzcrank,147790,16
KR_8350513912,100,False,Ezreal,129350,12,Bard,2285,2
KR_8350513912,200,True,Rumble,111323,13,JarvanIV,10052,3
KR_8350475141,100,False,Kaisa,40093,6,Nautilus,79183,10
KR_8350475141,200,True,Jhin,113555,13,Thresh,718252,68
KR_8346448369,100,False,Ezreal,17462,4,Seraphine,2555,2
KR_8346448369,200,True,Yunara,66158,9,Braum,14276,4
KR_8346421217,100,True,Caitlyn,770573,73,Braum,12968,4
KR_8346421217,200,False,Lucian,156191,17,Milio,24412,5
KR_8346396427,100,True,Ezreal,167536,18,Karma,15218,4
KR_8346396427,200,False,Lucian,92670,11,Yuumi,5537,2
KR_8346354779,100,False,Ezreal,65922,7,Karma,50725,7
KR_8346354779,200,True,Kaisa,148375,16,Anivia,507745,49
KR_8346333053,100,False,Caitlyn,15127,4,Thresh,5609,2
KR_8346333053,200,True,Lucian,218713,23,Karma,138726,15
KR_8345279411,100,True,Yunara,86529,10,Milio,23621,5
KR_8345279411,200,False,Ezreal,298577,30,Qiyana,30436,5
KR_8345259170,100,True,Caitlyn,46013,7,Lux,12035,3
KR_8345259170,200,False,Viktor,39073,6,JarvanIV,321017,30
KR_8345196060,100,True,Jinx,228065,23,Pantheon,9970,3
KR_8345196060,200,False,Xayah,79424,10,Karma,15218,4
KR_8345155183,100,True,Yunara,157089,17,Lulu,141039,15
KR_8345155183,200,False,Kaisa,146076,16,Ezreal,349979,34
KR_8345083693,100,False,Kaisa,17537,4,Blitzcrank,99717,12
KR_8345083693,200,True,Lucian,342790,34,Braum,14747,4
KR_8345027038,100,True,Lucian,815340,77,Rakan,6460,3
KR_8345027038,200,False,Xayah,21007,4,Shaco,18737,4
KR_8341408260,100,True,Kaisa,55467,8,Nautilus,370414,36
KR_8341408260,200,False,Caitlyn,25910,5,Heimerdinger,247803,25
KR_8341356498,100,True,Aphelios,232713,24,Lulu,508464,49
KR_8341356498,200,False,Caitlyn,93041,11,Karma,2783,2
KR_8341302787,100,False,Jhin,45341,7,Neeko,2217,2
KR_8341302787,200,True,Kaisa,670529,50,Blitzcrank,40688,6
KR_8341258761,100,True,Kaisa,132856,15,Bard,1145105,107
KR_8341258761,200,False,Ezreal,48082,7,Thresh,289860,29
KR_8341164763,100,False,Ezreal,271158,27,Ashe,31100,5
KR_8341164763,200,True,Jhin,187759,20,Xerath,19435,4
KR_8341052299,100,True,Yunara,35466,6,Blitzcrank,108726,13
KR_8341052299,200,False,Caitlyn,99877,12,Annie,9442,3
KR_8341013249,100,True,Tristana,5088,2,Nautilus,26334,5
KR_8341013249,200,False,Xayah,34813,6,Rell,24773,5
KR_8340986139,100,True,Kaisa,290069,29,Bard,63284,8
KR_8340986139,200,False,Ziggs,74413,9,Leona,9056,3
KR_8339516707,100,True,Lucian,952985,89,Senna,68750,9
KR_8339516707,200,False,Kaisa,67357,9,Thresh,1107248,103
KR_8339509308,100,False,Jhin,262066,26,Lulu,822146,77
KR_8339509308,200,True,DrMundo,184006,19,Camille,26434,5
KR_8339221525,100,True,Ezreal,231089,22,Pyke,67853,9
KR_8339221525,200,False,MissFortune,46083,7,Nautilus,285034,29
KR_8339215078,100,False,Kaisa,32263,6,Thresh,700176,66
KR_8339215078,200,True,Kalista,169476,18,Blitzcrank,99717,12
KR_8339178459,100,True,Kaisa,215061,22,Nautilus,16354,4
KR_8339178459,200,False,MissFortune,105957,12,Blitzcrank,1242,1
KR_8339148321,100,False,Kaisa,96625,11,Pantheon,18769,4
KR_8339148321,200,True,Ezreal,651573,62,Blitzcrank,99717,12
KR_8339079861,100,False,Ezreal,24538,5,Leona,96940,11
KR_8339079861,200,True,Jhin,2422630,156,Swain,142614,14
KR_8354465996,100,True,Kaisa,687162,65,Braum,38569,6
KR_8354465996,200,False,Yasuo,90278,11,Swain,11892,3
KR_8354433972,100,True,Yasuo,90278,11,Pyke,43689,7
KR_8354433972,200,False,Yone,387023,38,Camille,1308,1
KR_8354417441,100,False,Zeri,8438,3,Rakan,19793,4
KR_8354417441,200,True,Kaisa,542866,44,Maokai,143810,16
KR_8354388859,100,True,Aphelios,27941,5,Lulu,3993,2
KR_8354388859,200,False,Yasuo,552876,53,Nautilus,1395,1
KR_8354370351,100,True,Xayah,47469,7,Annie,485045,47
KR_8354370351,200,False,Ezreal,76064,10,Lux,2915,2
KR_8353704396,100,True,Jhin,127445,14,Renata,130346,14
KR_8353704396,200,False,Samira,151548,15,Maokai,12231,3
KR_8353644679,100,False,Yunara,34912,6,Yuumi,24444,5
KR_8353644679,200,True,Samira,151548,15,Nautilus,6130,3
KR_8353599729,100,False,Ezreal,36727,6,Xerath,1707432,150
KR_8353599729,200,True,Samira,151548,15,Thresh,205246,21
KR_8353426014,100,True,Kaisa,150673,16,Nautilus,21865,5
KR_8353426014,200,False,Jinx,807426,76,Alistar,2794,2
KR_8353369473,100,False,Kaisa,3607,2,MonkeyKing,244488,25
KR_8353369473,200,True,Tristana,86019,10,Pyke,177196,19
KR_8353333640,100,True,Twitch,2290543,157,Pantheon,271980,27
KR_8353333640,200,False,Kaisa,319107,32,Sylas,33741,6
KR_8353301672,100,True,Jhin,95079,11,Camille,40855,6
KR_8353301672,200,False,Viktor,72106,9,TahmKench,275189,28
KR_8353272412,100,False,Zeri,51425,7,Blitzcrank,34931,6
KR_8353272412,200,True,Caitlyn,23540,5,Bard,14459,4
KR_8353246194,100,False,Kaisa,126007,14,Pantheon,25254,5
KR_8353246194,200,True,Caitlyn,143855,16,Shen,159522,17
KR_8352475962,100,True,Lucian,71015,9,Milio,49387,7
KR_8352475962,200,False,Caitlyn,41402,6,Shaco,1092447,102
KR_8352407840,100,True,Kaisa,54644,8,Rakan,42647,7
KR_8352407840,200,False,Yunara,11048,3,Ekko,22928,5
KR_8352354265,100,False,Caitlyn,57278,8,Lulu,38844,6
KR_8352354265,200,True,Viktor,18699,4,Nautilus,51115,7
KR_8349741101,100,True,Xayah,7071,3,Camille,21767,5
KR_8349741101,200,False,MissFortune,44288,7,Nautilus,8139,3
KR_8349101238,100,True,Kaisa,484351,47,Twitch,2155001,199
KR_8349101238,200,False,Viktor,244262,25,Shaco,19202,4
KR_8348776481,100,True,Kaisa,140554,15,Nautilus,1552,1
KR_8348776481,200,False,Tristana,57140,8,Yuumi,2176,2
KR_8348636931,100,False,Yasuo,218756,23,TwistedFate,106818,12
KR_8348636931,200,True,Kaisa,201219,21,Pyke,43689,7
KR_8348628795,100,False,Ezreal,128359,14,Yuumi,112424,13
KR_8348628795,200,True,Zeri,2141,2,Lulu,40312,6
KR_8348616737,100,False,Jhin,276792,23,Amumu,38344,6
KR_8348616737,200,True,Kaisa,139693,15,Rell,414786,40
KR_8348602522,100,True,Jinx,9391,3,Blitzcrank,41151,6
KR_8348602522,200,False,Kaisa,90221,11,Poppy,1804,2
KR_8348579784,100,True,Varus,64227,8,Syndra,192338,20
KR_8348579784,200,False,Jhin,12960,4,Seraphine,13065,4
KR_8348554981,100,False,Kaisa,25385,5,Seraphine,36285,6
KR_8348554981,200,True,Ashe,14140,4,Braum,37048,6
KR_8348530698,100,True,Kaisa,184015,19,Leona,97368,11
KR_8348530698,200,False,Lucian,91528,11,Nami,209429,19
KR_8348492995,100,True,Ezreal,1183312,87,Poppy,267147,27
KR_8348492995,200,False,Lucian,22423,5,Sylas,410277,40
KR_8348469482,100,False,Jinx,158816,17,Lissandra,643618,61
KR_8348469482,200,True,Yunara,25586,5,Lux,18625,4
KR_8348412753,100,True,Jinx,351902,35,Shaco,14422,4
KR_8348412753,200,False,Yunara,47981,7,Morgana,90360,11
KR_8348357561,100,False,Jinx,311294,31,Blitzcrank,11687,3
KR_8348357561,200,True,Caitlyn,40896,6,Lux,12805,4
KR_8344652729,100,True,Sivir,9172,3,Alistar,105978,12
KR_8344652729,200,False,Kaisa,570004,54,Pantheon,42595,6
KR_8344616150,100,True,Varus,32820,6,Alistar,11436,3
KR_8344616150,200,False,Nilah,95726,11,Rell,11279,3
KR_8344526349,100,True,Smolder,11016,3,Camille,19662,4
KR_8344526349,200,False,Ziggs,123426,14,Ashe,61259,8
KR_8344488759,100,False,Tristana,1304,1,Brand,19555,4
KR_8344488759,200,True,Syndra,118195,13,Velkoz,1188176,109
KR_8344425409,100,True,Lucian,212564,21,Taric,762507,72
KR_8344425409,200,False,Cassiopeia,3802,2,Yuumi,1429746,133
KR_8344353899,100,False,Jhin,707425,67,Lulu,380323,37
KR_8344353899,200,True,Kaisa,103954,12,Rakan,23489,5
KR_8344297414,100,True,Veigar,103501,12,TwistedFate,164576,18
KR_8344297414,200,False,Jhin,544078,47,Rell,17472,4
KR_8344238191,100,False,Viktor,59565,8,Camille,75427,9
KR_8344238191,200,True,Xerath,14134,4,Thresh,806630,75
KR_8343481323,100,False,Jinx,250712,22,Milio,16448,4
KR_8343481323,200,True,Ziggs,147477,16,Senna,101674,12
KR_8343413182,100,True,MissFortune,18010,4,Alistar,29646,5
KR_8343413182,200,False,Katarina,236754,24,Taric,99429,12
KR_8343357588,100,False,Kaisa,95606,11,Thresh,1500,1
KR_8343357588,200,True,Lucian,8203,3,Yuumi,10416,3
KR_8343071600,100,True,Caitlyn,43262,7,Rakan,5325,2
KR_8343071600,200,False,Jhin,58322,8,Swain,5010243,336
KR_8342983478,100,True,Xayah,85059,9,Rakan,184471,19
KR_8342983478,200,False,Ezreal,132940,15,Maokai,380951,37
KR_8342935125,100,False,Kaisa,22906,5,Bard,39564,6
KR_8342935125,200,True,Ashe,142062,16,Seraphine,28753,5
KR_8342867778,100,True,Xayah,9082,3,Pyke,928507,86
KR_8342867778,200,False,Kaisa,9155,3,Senna,151318,16
KR_8342665169,100,True,Ashe,31752,6,Pyke,43689,7
KR_8342665169,200,False,Sivir,180297,19,Pantheon,43984,7
KR_8342609496,100,True,Hwei,74394,9,Neeko,2847,2
KR_8342609496,200,False,Aphelios,119220,13,Thresh,64917,9
KR_8342543935,100,False,Hwei,2357,2,Leona,125566,13
KR_8342543935,200,True,Kaisa,51880,7,Mel,12424,3
KR_8342512456,100,True,Ezreal,207103,21,Karma,18353,4
KR_8342512456,200,False,MissFortune,1203207,110,Thresh,4770,2
KR_8342442927,100,True,Kaisa,33597,6,Rakan,37116,6
KR_8342442927,200,False,Yunara,44886,7,Lulu,14476,4
KR_8342428520,100,False,Kaisa,71149,9,Nautilus,17817,4
KR_8342428520,200,True,Ezreal,97776,12,Xerath,28696,5
KR_8342379553,100,False,Ziggs,95159,11,Zyra,1425529,107
KR_8342379553,200,True,Singed,94338,11,Yuumi,249772,25
KR_8342353718,100,True,Ezreal,8987,3,Thresh,43675,7
KR_8342353718,200,False,Kaisa,134098,15,Pantheon,10712,3
KR_8342340034,100,True,Swain,23510,5,Rakan,7217,3
KR_8342340034,200,False,Kaisa,72740,9,Blitzcrank,21561,4
KR_8341726258,100,False,Jhin,22893,5,Xerath,136191,15
KR_8341726258,200,True,Yasuo,69388,9,Maokai,26573,5
KR_8341672275,100,False,Swain,262138,26,Camille,22139,5
KR_8341672275,200,True,Yasuo,69388,9,Rakan,45897,7
KR_8341586954,100,False,Caitlyn,264533,27,Lulu,519592,50
KR_8341586954,200,True,Yasuo,69388,9,Shen,182894,19
KR_8341527666,100,True,Yasuo,69388,9,Senna,102375,12
KR_8341527666,200,False,Riven,275808,28,Nautilus,5595,2
KR_8341476273,100,True,Kaisa,18710,4,Pyke,43689,7
KR_8341476273,200,False,Lucian,271416,26,Sona,3788,2
KR_8341381889,100,False,Jinx,121027,14,Thresh,1553867,134
KR_8341381889,200,True,Yasuo,69388,9,Nautilus,5085,2
KR_8341336609,100,True,Yasuo,69388,9,Blitzcrank,78986,10
KR_8341336609,200,False,Kalista,27509,5,Nautilus,913961,86
KR_8341276827,100,False,Ezreal,223344,23,Alistar,15452,4
KR_8341276827,200,True,Kaisa,70521,9,Shen,5086,2
KR_8340916925,100,True,Mel,64446,8,Camille,30315,5
KR_8340916925,200,False,Sivir,63973,8,Gragas,26268,5
KR_8340890720,100,True,Kaisa,363985,36,Braum,19995,4
KR_8340890720,200,False,Sivir,306586,30,Rengar,2904,2
KR_8340862013,100,True,Tristana,247900,24,Blitzcrank,88419,11
KR_8340862013,200,False,Ezreal,71186,8,Lux,121203,14
KR_8340695487,100,False,Ezreal,220293,23,Galio,2494,2
KR_8340695487,200,True,Lucian,86858,11,Camille,121098,14
KR_8339385856,100,True,Varus,49268,7,Neeko,37521,6
KR_8339385856,200,False,Caitlyn,78481,10,Janna,39160,6
KR_8339374456,100,True,Jhin,301963,28,Sylas,76415,10
KR_8339374456,200,False,Caitlyn,13143,4,Rakan,3851,2
KR_8339363145,100,True,Viktor,51317,7,Elise,795836,71
KR_8339363145,200,False,Yasuo,38949,6,Maokai,9640,3
KR_8339337752,100,True,Tristana,46049,7,Milio,1007,1
KR_8339337752,200,False,Smolder,7807,3,Swain,249913,25
KR_8339328815,100,False,Jinx,11666,3,Morgana,104714,12
KR_8339328815,200,True,Samira,442322,43,Zilean,183942,19
KR_8339319412,100,True,Sion,5644,2,Senna,62240,8
KR_8339319412,200,False,Corki,418349,41,Lulu,19681,4
KR_8339300893,100,True,Brand,60085,8,Jayce,29075,5
KR_8339300893,200,False,Jhin,1704996,158,Viego,114729,13
KR_8338576619,100,True,Jhin,474142,46,Bard,41043,6
KR_8338576619,200,False,Zeri,191028,20,Qiyana,27859,5
KR_8338550707,100,False,Ezreal,27536,5,Shaco,2348625,216
KR_8338550707,200,True,MissFortune,13622,4,Camille,31461,5
KR_8338516625,100,False,Caitlyn,363811,36,TahmKench,24601,5
KR_8338516625,200,True,Kaisa,54787,8,Thresh,146827,14
KR_8338495073,100,True,Kaisa,162605,17,Nautilus,18766,4
KR_8338495073,200,False,Jhin,5137,2,Bard,5289,2
KR_8338469705,100,True,Tristana,72494,9,Lux,7437,3
KR_8338469705,200,False,Xerath,1731,1,Yuumi,18803,4
KR_8337093225,100,False,Jhin,883209,83,Swain,4819,2
KR_8337093225,200,True,Tristana,8541,3,Mel,10472,3
KR_8337071819,100,True,Kaisa,339403,31,Neeko,1842221,153
KR_8337071819,200,False,Ezreal,141566,14,Pyke,1531399,142
KR_8337047996,100,True,Yasuo,15082,4,Veigar,1241073,108
KR_8337047996,200,False,Swain,26058,5,Bard,45464,7
KR_8354782103,100,True,Ziggs,48271,7,Bard,125726,14
KR_8354782103,200,False,Yunara,24998,5,Lulu,333269,33
KR_8351741989,100,True,Xerath,453559,44,Nami,23124,5
KR_8351741989,200,False,Caitlyn,213878,19,Lux,11920,3
KR_8351729101,100,True,Caitlyn,69112,9,Nautilus,78401,10
KR_8351729101,200,False,Sylas,218595,22,Brand,22711,5
KR_8351142067,100,False,Caitlyn,130569,14,Poppy,17119,4
KR_8351142067,200,True,Kaisa,154538,17,Xerath,26498,5
KR_8350950244,100,False,Tristana,13187,4,Alistar,18386,4
KR_8350950244,200,True,Ezreal,105978,12,Poppy,13622,4
KR_8350783746,100,False,Jhin,131926,15,Heimerdinger,74591,9
KR_8350783746,200,True,Viktor,55037,8,Thresh,91470,11
KR_8350667748,100,False,Viktor,112318,12,Braum,51090,7
KR_8350667748,200,True,Kaisa,113446,13,Alistar,72436,9
KR_8350619433,100,False,Tristana,28309,5,Galio,15824,4
KR_8350619433,200,True,Yunara,12507,3,Yuumi,358754,35
KR_8350209383,100,False,Kaisa,596350,50,Braum,13010,4
KR_8350209383,200,True,Zeri,171595,18,Leona,149879,16
KR_8350152928,100,False,Syndra,66999,9,Pantheon,162141,17
KR_8350152928,200,True,Yunara,26165,5,Blitzcrank,47487,7
KR_8350125907,100,False,Hwei,3281,2,Pyke,37351,6
KR_8350125907,200,True,Xerath,91150,11,Mel,12967,4
KR_8349687262,100,True,Nilah,94260,11,Leblanc,187437,20
KR_8349687262,200,False,Caitlyn,62028,8,Rakan,75855,10
KR_8343309233,100,False,Kaisa,15313,4,Alistar,18310,4
KR_8343309233,200,True,Xayah,89953,11,Braum,1905,1
KR_8343213985,100,True,Ezreal,449743,44,Karma,9329,3
KR_8343213985,200,False,Lucian,27899,5,Nami,260845,26
KR_8342719741,100,True,Ezreal,19285,4,Lux,11935,3
KR_8342719741,200,False,Jinx,18486,4,Xerath,3336,2
KR_8342652895,100,False,Ashe,40265,6,Seraphine,185706,20
KR_8342652895,200,True,Zeri,17968,4,Yuumi,64269,8
KR_8350674592,100,False,Jhin,446826,43,Nami,27972,5
KR_8350674592,200,True,Kaisa,207551,21,Zoe,130824,15
KR_8350620534,100,False,Jhin,84664,10,Karma,161464,17
KR_8350620534,200,True,Jinx,30936,5,Blitzcrank,1038887,80
KR_8349290171,100,False,Ezreal,202510,21,Rell,6095,3
KR_8349290171,200,True,Kaisa,30496,5,Nautilus,19239,4
KR_8351872859,100,True,MissFortune,344435,34,Skarner,110923,13
KR_8351872859,200,False,Aphelios,135015,15,Lulu,238979,24
KR_8346527145,100,False,Kaisa,210145,22,Bard,246738,25
KR_8346527145,200,True,Caitlyn,82523,10,Nautilus,126278,14
KR_8346518469,100,True,Lucian,114411,13,Thresh,55723,8
KR_8346518469,200,False,Caitlyn,74651,9,Heimerdinger,105899,12
KR_8346510340,100,False,Kaisa,496221,46,Pyke,46469,7
KR_8346510340,200,True,Jinx,259341,26,Amumu,2253920,130
KR_8346498817,100,True,Kaisa,63780,8,Soraka,1744952,132
KR_8346498817,200,False,Kalista,62574,8,Yuumi,1119557,88
KR_8346497537,100,True,Ezreal,974064,91,Karma,16084,4
KR_8346497537,200,False,Jhin,36597,6,Pyke,45344,7
KR_8343905550,100,True,Aphelios,55208,8,Jax,40652,6
KR_8343905550,200,False,Kaisa,28812,5,Poppy,804830,76
KR_8343886771,100,False,Kaisa,119172,13,Swain,40207,6
KR_8343886771,200,True,Sivir,37970,6,Camille,8859,3
KR_8343891079,100,False,Kaisa,65942,9,Rell,27722,5
KR_8343891079,200,True,Xayah,45648,7,Rakan,21622,5
KR_8343863590,100,True,Draven,179937,19,Leona,344726,34
KR_8343863590,200,False,Yunara,1601,1,Lulu,5240,2
KR_8343870007,100,True,Jhin,25383,5,Xerath,108841,12
KR_8343870007,200,False,Zeri,415,1,Morgana,84485,10
KR_8343852655,100,False,Caitlyn,62557,8,Yuumi,2056,2
KR_8343852655,200,True,Draven,6324,3,Blitzcrank,62081,8
KR_8338800210,100,False,Yunara,24437,5,Nautilus,32364,6
KR_8338800210,200,True,Zeri,50156,7,Morgana,74134,9
KR_8338767255,100,True,Caitlyn,80419,10,Rammus,82674,10
KR_8338767255,200,False,Ashe,103624,12,Swain,229342,23
KR_8338108920,100,False,Jhin,902460,85,Thresh,274001,28
KR_8338108920,200,True,Kaisa,398497,39,MonkeyKing,120865,14
KR_8338105740,100,True,Kaisa,323959,32,Pyke,2131162,141
KR_8338105740,200,False,Yunara,976,1,Teemo,45646,7
KR_8338097438,100,True,Caitlyn,59000,8,Azir,330651,33
KR_8338097438,200,False,Samira,12968,4,Pyke,12039,3
KR_8338106083,100,True,Sivir,8812,3,Xerath,157047,17
KR_8338106083,200,False,Kaisa,31994,6,Yuumi,28010,5
KR_8354963329,100,True,Kaisa,74447,9,Leona,74729,9
KR_8354963329,200,False,Kalista,355481,29,Nautilus,151849,16
KR_8354891207,100,False,Twitch,23447,5,Lux,810618,76
KR_8354891207,200,True,Jinx,93501,11,Blitzcrank,657541,62
KR_8354812719,100,True,Yunara,35953,6,Blitzcrank,294141,29
KR_8354812719,200,False,Varus,36890,6,Leona,21189,4
KR_8354764193,100,False,Varus,6222,3,Leona,69877,9
KR_8354764193,200,True,Sivir,9509,3,Lulu,44443,7
KR_8354660892,100,False,Kaisa,66329,9,Alistar,95520,11
KR_8354660892,200,True,Ashe,177238,19,Neeko,285403,29
KR_8354618695,100,False,Varus,48262,7,Rengar,399284,39
KR_8354618695,200,True,Jhin,23082,5,Janna,18649,4
KR_8354603091,100,False,Kaisa,222206,23,Lulu,99954,12
KR_8354603091,200,True,Ezreal,83067,10,Lux,116758,13
KR_8353928347,100,False,Ezreal,85999,10,Pantheon,251431,25
KR_8353928347,200,True,Hwei,70058,9,Swain,38053,6
KR_8353885327,100,True,Jhin,442816,43,Velkoz,222080,23
KR_8353885327,200,False,Viktor,60586,8,Lux,160838,17
KR_8353816313,100,False,Caitlyn,95512,11,Zyra,70737,9
KR_8353816313,200,True,Kaisa,140004,15,Nautilus,29164,5
KR_8353749962,100,False,Lucian,181829,19,Milio,45846,7
KR_8353749962,200,True,Samira,79636,10,Pantheon,119689,14
KR_8353694146,100,False,MissFortune,1050878,96,Leona,1352997,126
KR_8353694146,200,True,Jinx,328512,32,Thresh,456437,41
KR_8353614757,100,True,Kaisa,132973,14,Nautilus,37094,6
KR_8353614757,200,False,Yunara,32679,6,Braum,105837,12
KR_8353575085,100,False,Jhin,459686,44,Thresh,45669,7
KR_8353575085,200,True,Caitlyn,54705,8,Morgana,45099,7
KR_8353521257,100,False,Jinx,34463,6,Pantheon,7759,3
KR_8353521257,200,True,Yunara,85650,10,Lulu,3035,2
KR_8352778654,100,True,Jhin,308933,31,Swain,624099,59
KR_8352778654,200,False,Caitlyn,1211184,113,Camille,61486,8
KR_8352705621,100,True,MissFortune,66091,9,Leona,768315,72
KR_8352705621,200,False,Kaisa,160514,17,Braum,85675,10
KR_8352635635,100,False,Caitlyn,15335,4,Lux,17543,4
KR_8352635635,200,True,Yunara,49696,7,Lulu,62702,8
KR_8352601235,100,True,Jhin,26932,5,Karma,162891,17
KR_8352601235,200,False,Caitlyn,31874,6,Lux,308032,31
KR_8352510415,100,False,Ashe,4481,2,Milio,14956,4
KR_8352510415,200,True,Xerath,59391,8,Pantheon,20257,4
KR_8352438206,100,False,Sivir,130465,14,Ezreal,283868,28
KR_8352438206,200,True,Jinx,6679,3,Thresh,135229,15
KR_8352377285,100,False,Xerath,243851,25,Seraphine,69951,9
KR_8352377285,200,True,Mel,30651,5,Nautilus,128877,14
KR_8352322063,100,True,Xayah,10193,3,Yuumi,355129,35
KR_8352322063,200,False,Vayne,5362143,470,Blitzcrank,45130,7
KR_8352237732,100,False,Smolder,257557,26,Xerath,40859,6
KR_8352237732,200,True,Yunara,54237,8,Alistar,133559,15
KR_8352180568,100,True,Aphelios,317598,31,Milio,91309,11
KR_8352180568,200,False,Ashe,90739,11,Senna,98215,12
KR_8352089780,100,True,TwistedFate,83343,10,Heimerdinger,110364,13
KR_8352089780,200,False,Yunara,50635,7,Lulu,207384,21
KR_8352069129,100,True,Ezreal,322577,32,TahmKench,11188,3
KR_8352069129,200,False,Lucian,151425,16,Nautilus,11513,3
KR_8352015383,100,False,Kaisa,289185,29,Vi,29354,5
KR_8352015383,200,True,Ezreal,40290,6,Velkoz,67692,9
KR_8351622029,100,True,Kaisa,7844,3,Senna,2706890,211
KR_8351622029,200,False,Lucian,114874,13,Pantheon,761,1
KR_8351607126,100,True,Swain,113434,13,Velkoz,4435049,327
KR_8351607126,200,False,Jhin,68274,9,Seraphine,117661,13
KR_8351590627,100,True,Vayne,3299744,291,Camille,54789,8
KR_8351590627,200,False,Ashe,193849,20,Seraphine,57944,8
KR_8351594011,100,True,Xayah,9603,3,JarvanIV,512255,35
KR_8351594011,200,False,Tristana,1171,1,Malphite,5351,2
KR_8350757322,100,False,Ziggs,54488,8,Soraka,539993,52
KR_8350757322,200,True,Jinx,1362020,106,Blitzcrank,146978,16
KR_8350699460,100,True,Xayah,22686,5,Sona,90551,11
KR_8350699460,200,False,Lucian,279244,28,Yuumi,213605,22
KR_8350637921,100,True,Caitlyn,386412,38,Malphite,31868,6
KR_8350637921,200,False,Kaisa,123384,14,Leona,7333,3
KR_8350602178,100,False,Jhin,91220,11,Morgana,235814,24
KR_8350602178,200,True,Yunara,58442,8,Zed,1008635,94
KR_8350555138,100,False,Xerath,16996,4,Nami,613,1
KR_8350555138,200,True,Jhin,46311,7,Neeko,201858,21
KR_8350504459,100,True,MissFortune,84216,10,Poppy,166589,18
KR_8350504459,200,False,Yunara,14871,4,Seraphine,71862,9
KR_8350464345,100,False,Ziggs,86718,11,Renata,5999,2
KR_8350464345,200,True,Viktor,41116,6,Velkoz,110677,13
KR_8350375512,100,False,Jhin,3436,2,Lux,674630,64
KR_8350375512,200,True,Ezreal,222700,23,Janna,7183,3
KR_8350318011,100,True,Talon,7925,3,Blitzcrank,21217,4
KR_8350318011,200,False,Ezreal,95937,11,Kaisa,797,1
KR_8350257871,100,False,Ezreal,1052144,82,Leona,1074346,99
KR_8350257871,200,True,Kaisa,342028,32,Pantheon,74172,9
KR_8350205692,100,False,Jinx,416500,40,Yuumi,1331704,124
KR_8350205692,200,True,Ashe,244310,20,MissFortune,42179,6
KR_8350158544,100,True,Jhin,225104,23,Pantheon,90868,11
KR_8350158544,200,False,Ezreal,59630,8,Brand,20645,4
KR_8350139007,100,True,Tristana,89719,11,Thresh,233381,21
KR_8350139007,200,False,Caitlyn,13471,4,Brand,5703,2
KR_8350095744,100,True,Caitlyn,12842,4,Morgana,195261,20
KR_8350095744,200,False,Ziggs,5226,2,FiddleSticks,54011,8
KR_8349669438,100,True,Jhin,46355,7,Shaco,134530,15
KR_8349669438,200,False,Tristana,5350,2,Yuumi,39181,6
KR_8349604442,100,True,Yunara,8623,3,Shen,13421,4
KR_8349604442,200,False,Samira,16913,4,Alistar,167300,18
KR_8349558310,100,False,Ezreal,113636,11,TwistedFate,47786,7
KR_8349558310,200,True,Yunara,31146,5,Nami,225817,19
KR_8349457111,100,False,Swain,222355,23,Nautilus,45805,7
KR_8349457111,200,True,Caitlyn,94271,11,Poppy,17055,4
KR_8352366365,100,False,Kaisa,289302,29,Karma,748730,67
KR_8352366365,200,True,Lucian,30496,5,Milio,17711,4
KR_8352292090,100,True,Caitlyn,175295,19,Maokai,211754,22
KR_8352292090,200,False,Aphelios,518043,50,Thresh,6847,3
KR_8352223352,100,True,Aphelios,518043,50,Qiyana,18034,4
KR_8352223352,200,False,Varus,40548,6,Lulu,38887,6
KR_8352162949,100,False,Caitlyn,281650,28,Blitzcrank,39127,6
KR_8352162949,200,True,Aphelios,518043,50,Lulu,33103,6
KR_8352095395,100,False,Jinx,168116,18,Lulu,386255,38
KR_8352095395,200,True,Aphelios,518043,50,Nami,10236,3
KR_8352013642,100,False,Aphelios,518043,50,Mel,9646,3
KR_8352013642,200,True,Xerath,97552,11,Lulu,103363,12
KR_8354918212,100,False,Caitlyn,100998,12,Leona,10886,3
KR_8354918212,200,True,Aphelios,527014,51,Milio,123376,14
KR_8354843112,100,False,Jinx,48130,7,Lulu,83528,10
KR_8354843112,200,True,Yunara,101837,12,Seraphine,106904,12
KR_8337756027,100,False,Jhin,2486584,229,Annie,37926,6
KR_8337756027,200,True,Kaisa,34925,6,Swain,75546,9
KR_8344180263,100,True,Jinx,171767,18,Yuumi,12422,3
KR_8344180263,200,False,Caitlyn,33701,6,Senna,104373,12
KR_8354073706,100,False,Kaisa,193691,20,Thresh,8541,3
KR_8354073706,200,True,Jhin,58862,8,Camille,52483,7
KR_8352965243,100,True,Viktor,9288,3,Morgana,289129,29
KR_8352965243,200,False,Kaisa,357511,35,Nautilus,607,1
KR_8352933546,100,True,Kaisa,563083,54,Swain,4753,2
KR_8352933546,200,False,Yunara,12981,4,Poppy,9637,3
KR_8352912115,100,True,Jhin,131546,15,Alistar,872122,67
KR_8352912115,200,False,Singed,40740,6,Soraka,530300,51
KR_8352864226,100,True,Ziggs,30675,5,Pantheon,53066,7
KR_8352864226,200,False,Yunara,31441,5,Lulu,675073,63
KR_8352817104,100,False,Aurora,2432,2,Pantheon,19782,4
KR_8352817104,200,True,Ashe,240578,24,Lulu,2886,2
KR_8352759060,100,True,Kaisa,46014,7,Pyke,224575,23
KR_8352759060,200,False,Yunara,100654,12,Lulu,76909,10
KR_8352663698,100,False,Jhin,252461,26,Xerath,528130,51
KR_8352663698,200,True,Caitlyn,310685,31,Pyke,540294,52
KR_8352612253,100,True,Jhin,97633,10,Seraphine,458996,44
KR_8352612253,200,False,AurelionSol,329628,33,Thresh,727374,69
KR_8352515974,100,False,Jinx,116915,13,Vi,753860,54
KR_8352515974,200,True,Kaisa,320638,32,Nautilus,23379,5
KR_8352453302,100,False,Lucian,486939,47,Yuumi,630169,60
KR_8352453302,200,True,Caitlyn,112907,13,Lux,198358,21
KR_8349712409,100,True,Ziggs,161155,17,Seraphine,280491,28
KR_8349712409,200,False,Lucian,1349824,123,Karma,1240447,106
KR_8349651343,100,False,Xayah,84306,10,Rakan,131419,15
KR_8349651343,200,True,Jinx,116915,13,Leona,65210,9
KR_8349566110,100,False,Caitlyn,36988,6,Seraphine,246956,25
KR_8349566110,200,True,Kaisa,104107,12,Rell,15160,4
KR_8349519008,100,True,Caitlyn,310685,31,Zilean,742855,66
KR_8349519008,200,False,Ashe,41968,6,Lulu,33855,6
KR_8349445260,100,False,Lucian,50762,7,Nami,2042,2
KR_8349445260,200,True,Kaisa,54371,8,Thresh,33602,6
KR_8349356148,100,True,Kaisa,271564,27,Alistar,3920619,359
KR_8349356148,200,False,Jhin,895160,55,Pantheon,52845,7
KR_8349293451,100,True,Swain,27563,5,Karma,6304,3
KR_8349293451,200,False,MissFortune,287316,29,Lulu,721758,68
KR_8348155981,100,True,Lucian,98502,12,Milio,4520,2
KR_8348155981,200,False,Caitlyn,310685,31,Karma,27716,5
KR_8348122429,100,True,Ezreal,70595,9,Thresh,964568,88
KR_8348122429,200,False,Jinx,116915,13,Leblanc,30592,5
KR_8348083103,100,True,Kaisa,73145,9,Zilean,4484,2
KR_8348083103,200,False,Jhin,97633,10,Locke,225563,23
KR_8348022615,100,True,MissFortune,283438,28,Lulu,148231,16
KR_8348022615,200,False,Yunara,14747,4,Zilean,20129,4
KR_8347561634,100,False,Zeri,105563,12,Nautilus,117147,13
KR_8347561634,200,True,Jinx,154382,17,Thresh,463316,45
KR_8347545849,100,True,Jinx,1353556,126,Thresh,417195,41
KR_8347545849,200,False,Kaisa,220278,22,Bard,4172,2
KR_8347531628,100,False,Jinx,195556,20,Milio,1112189,102
KR_8347531628,200,True,Swain,392260,38,Rakan,491520,47
KR_8347510375,100,False,Jhin,27365,5,Alistar,20709,4
KR_8347510375,200,True,Lucian,185694,20,Sylas,253363,26
KR_8347498254,100,True,Kaisa,189531,20,Seraphine,263636,27
KR_8347498254,200,False,Ezreal,69393,9,Karma,6425,3
KR_8347443450,100,False,Caitlyn,7720,3,Lux,89891,9
KR_8347443450,200,True,Ashe,117282,13,Lulu,390524,31
KR_8347385994,100,True,Jinx,168486,18,Thresh,34515,6
KR_8347385994,200,False,Caitlyn,170865,18,Morgana,8364,3
KR_8347364616,100,True,Ashe,85256,10,Seraphine,48681,7
KR_8347364616,200,False,Kaisa,245969,25,Maokai,2213911,191
KR_8347330260,100,False,Kaisa,58353,8,Soraka,560565,54
KR_8347330260,200,True,MissFortune,62718,8,Rell,45754,7
KR_8347273085,100,False,Kaisa,347349,34,Galio,98418,12
KR_8347273085,200,True,Ashe,131644,15,Zyra,2745559,215
KR_8347196862,100,True,Jinx,116915,13,Pantheon,132555,15
KR_8347196862,200,False,Lucian,387378,38,Lulu,34774,6
KR_8347110968,100,False,Jhin,97633,10,Sylas,49441,7
KR_8347110968,200,True,Caitlyn,41552,6,Soraka,202608,21
KR_8347071080,100,False,Ezreal,152434,16,Janna,406336,38
KR_8347071080,200,True,Taliyah,26921,5,Maokai,86845,11
KR_8345370161,100,False,Locke,57215,8,Sylas,15769,4
KR_8345370161,200,True,Kaisa,21921,5,Ashe,5264,2
KR_8345362141,100,True,Caitlyn,104301,12,Braum,187279,20
KR_8345362141,200,False,MissFortune,77401,10,Pyke,28993,5
KR_8345338767,100,False,Aphelios,982561,66,Lulu,1489120,138
KR_8345338767,200,True,Kaisa,515174,49,Seraphine,39185,6
KR_8345342202,100,False,Jhin,118260,13,Rakan,56332,8
KR_8345342202,200,True,Kaisa,17637,4,Leona,11053,3
KR_8345321675,100,False,Lucian,341505,34,Milio,16543,4
KR_8345321675,200,True,Aphelios,982561,66,Soraka,741090,70
KR_8345314347,100,False,Ashe,137911,15,Shen,14513,4
KR_8345314347,200,True,Ezreal,72562,9,Nautilus,82722,10
KR_8345288616,100,True,Kaisa,23411,5,Sylas,21595,4
KR_8345288616,200,False,Ziggs,2041,2,Poppy,16710,4
KR_8345260904,100,True,Kaisa,11287,3,Senna,72310,9
KR_8345260904,200,False,Jinx,105489,12,Alistar,2232116,183
KR_8345216932,100,False,Ezreal,200829,21,Nautilus,12608,4
KR_8345216932,200,True,Kaisa,69433,9,Blitzcrank,65356,9
KR_8345176152,100,False,Caitlyn,94404,11,Lux,5109,2
KR_8345176152,200,True,Kaisa,467414,45,Rakan,4848,2
KR_8345085936,100,False,Kaisa,827916,78,Lux,33036,6
KR_8345085936,200,True,Jinx,215848,22,Lulu,1073922,100
KR_8345043121,100,True,Jhin,183000,19,Elise,63059,8
KR_8345043121,200,False,Xerath,1614448,129,Camille,22900,5
KR_8344938431,100,True,Xayah,26072,5,Hwei,894753,56
KR_8344938431,200,False,Smolder,3783,2,Poppy,42790,7
KR_8344863007,100,False,Aphelios,10975,3,Lulu,68338,9
KR_8344863007,200,True,Jinx,116915,13,Thresh,54483,8
KR_8344767055,100,False,Aphelios,24417,5,Sona,48319,7
KR_8344767055,200,True,Zeri,49743,7,Bard,7448,3
KR_8344688634,100,True,Ashe,166662,18,Pyke,70138,9
KR_8344688634,200,False,Samira,32827,6,Leona,18636,4
KR_8344632141,100,True,Caitlyn,310685,31,Pantheon,38439,6
KR_8344632141,200,False,Ezreal,50743,7,Yuumi,970686,75
KR_8344557466,100,False,Jhin,498596,38,Nautilus,30967,5
KR_8344557466,200,True,Ziggs,24792,5,Pyke,28365,5
KR_8343785217,100,False,Caitlyn,435776,42,Morgana,257634,25
KR_8343785217,200,True,Ashe,131644,15,Locke,73270,9
KR_8343758537,100,False,Xerath,15837,4,Senna,35199,6
KR_8343758537,200,True,Jinx,116915,13,Thresh,166438,18
KR_8343725581,100,True,Ezreal,81780,10,Soraka,52984,7
KR_8343725581,200,False,Kaisa,104107,12,Zac,20142,4
KR_8343689329,100,False,Jhin,271300,27,Swain,699602,66
KR_8343689329,200,True,Draven,3506754,245,Thresh,59155,7
KR_8343634601,100,False,Kaisa,21338,4,Blitzcrank,11364,3
KR_8343634601,200,True,Ezreal,152434,16,Pyke,143686,15
KR_8343566576,100,False,Jhin,210068,22,Blitzcrank,104785,12
KR_8343566576,200,True,Varus,77058,10,Rakan,8256,3
KR_8343499583,100,True,Jhin,138186,15,Alistar,27275,5
KR_8343499583,200,False,Samira,32827,6,Nautilus,196602,21
KR_8352213564,100,True,Xayah,33940,6,Soraka,1201873,112
KR_8352213564,200,False,Kaisa,204963,21,FiddleSticks,2759879,254
KR_8352183417,100,True,Ziggs,29222,5,Soraka,1201873,112
KR_8352183417,200,False,Sivir,23461,4,Hwei,65064,9
KR_8352146264,100,True,Sivir,210351,22,Zyra,172456,14
KR_8352146264,200,False,Jinx,167565,18,Soraka,1201873,112
KR_8352011918,100,False,Viktor,7946,3,Zyra,11938,3
KR_8352011918,200,True,Fizz,214743,22,Soraka,1201873,112
KR_8351958182,100,False,Kaisa,117464,13,Pyke,1124973,105
KR_8351958182,200,True,Ashe,89321,11,Soraka,1201873,112
KR_8351885332,100,False,Caitlyn,526579,50,Seraphine,5236,2
KR_8351885332,200,True,Sivir,13581,4,Soraka,1201873,112
KR_8351817808,100,False,Kaisa,1151328,107,Soraka,1201873,112
KR_8351817808,200,True,Viktor,62918,8,Brand,448279,42
KR_8344604026,100,False,Corki,19872,4,Alistar,132854,15
KR_8344604026,200,True,Kaisa,92979,11,Soraka,1201873,112
KR_8344541323,100,False,Jhin,36474,6,Zyra,118827,13
KR_8344541323,200,True,Ashe,80777,10,Soraka,1201873,112
KR_8344499731,100,True,Viktor,41732,6,Soraka,1201873,112
KR_8344499731,200,False,Sivir,106661,12,Poppy,102727,12
KR_8339585618,100,False,Kaisa,201768,21,Zyra,287893,27
KR_8339585618,200,True,Caitlyn,29975,5,Bard,3987963,358
KR_8339483434,100,False,Jinx,215884,22,Blitzcrank,183526,19
KR_8339483434,200,True,MissFortune,1214996,113,Pyke,74165,9
KR_8339447847,100,True,Jhin,879850,83,Xerath,16190,4
KR_8339447847,200,False,Ziggs,17602,4,Seraphine,131202,15
KR_8339404332,100,True,Lucian,183649,19,Pantheon,45596,7
KR_8339404332,200,False,Aphelios,488161,47,Seraphine,10642,3
KR_8339226238,100,False,Aphelios,208013,22,Thresh,259325,26
KR_8339226238,200,True,Kaisa,177000,19,Nautilus,35821,6
KR_8339186726,100,True,Samira,64587,8,Poppy,17819,4
KR_8339186726,200,False,Ashe,38198,6,Seraphine,67554,9
KR_8339163333,100,True,Kaisa,62256,8,Sion,5371,2
KR_8339163333,200,False,Caitlyn,520368,50,Morgana,4641,2
KR_8339122616,100,False,Ezreal,379717,37,Thresh,1179004,107
KR_8339122616,200,True,Lucian,236502,24,Karma,3063466,276
KR_8338720424,100,True,Caitlyn,32800,6,Shaco,879051,71
KR_8338720424,200,False,Kaisa,679023,64,Bard,41043,6
KR_8338458101,100,False,Viktor,32867,6,Kled,424472,41
KR_8338458101,200,True,Jhin,34386,6,Pantheon,7535,3
KR_8338231149,100,False,Jhin,17777,4,Brand,1762152,112
KR_8338231149,200,True,Sivir,48657,7,Nautilus,28883,5
KR_8337930946,100,True,Kaisa,149255,16,Leona,20940,4
KR_8337930946,200,False,Ezreal,242563,25,Camille,4469,2
KR_8337892506,100,False,Tristana,5460,2,Soraka,25577,5
KR_8337892506,200,True,Kaisa,60374,8,Swain,93921,11
KR_8337638667,100,True,Xerath,45459,7,Rell,6346,3
KR_8337638667,200,False,Samira,24681,5,Galio,76276,10
KR_8337598226,100,True,Zeri,14944,4,Yuumi,106223,12
KR_8337598226,200,False,Kaisa,52584,7,Nautilus,70983,9
KR_8337490759,100,False,Yunara,6658,3,Lulu,2369,2
KR_8337490759,200,True,Kaisa,218034,22,Nautilus,13930,4
KR_8343692231,100,True,Corki,24221,5,Leona,18685,4
KR_8343692231,200,False,Irelia,3168,2,Galio,138362,15
KR_8343620947,100,True,Syndra,43871,7,Lulu,445723,43
KR_8343620947,200,False,Kaisa,118330,13,Thresh,86977,11
KR_8343570356,100,False,Jhin,107402,12,Sylas,69661,9
KR_8343570356,200,True,Xayah,89480,11,Braum,75233,9
KR_8337060488,100,False,Kaisa,143443,16,Karma,13674,4
KR_8337060488,200,True,Lucian,50548,7,Thresh,5319,2
KR_8355069737,100,True,MissFortune,80809,10,Zilean,85814,10
KR_8355069737,200,False,Lucian,78789,10,Yuumi,29947,5
KR_8355018470,100,True,Viktor,83230,10,Karma,64024,8
KR_8355018470,200,False,Jhin,128320,14,Bard,62703,8
KR_8352363803,100,False,Jhin,318732,32,Annie,209805,22
KR_8352363803,200,True,Yunara,48103,7,Jayce,30465,5
KR_8352209691,100,True,Ezreal,152491,16,Karma,48774,7
KR_8352209691,200,False,Caitlyn,99449,12,Shaco,6260,3
KR_8352136774,100,True,Smolder,159396,17,Pantheon,49199,7
KR_8352136774,200,False,Lucian,16211,4,Camille,23831,5
KR_8348450538,100,True,Sivir,23848,5,Yuumi,160240,15
KR_8348450538,200,False,Kaisa,118626,13,Xerath,229797,24
KR_8348391644,100,True,Kaisa,12196,3,Morgana,48400,7
KR_8348391644,200,False,Xayah,1399,1,Braum,1038225,96
KR_8348274777,100,False,Kaisa,48133,7,Morgana,96909,11
KR_8348274777,200,True,Corki,115134,13,Nautilus,10855,3
KR_8347009242,100,False,Corki,16062,4,Vi,12865,4
KR_8347009242,200,True,Xayah,64071,8,Pantheon,49199,7
KR_8346972029,100,False,Yunara,8937,3,Pyke,2765,2
KR_8346972029,200,True,Ashe,33874,6,Lulu,13915,4
KR_8346920285,100,True,Caitlyn,257015,26,Seraphine,11756,3
KR_8346920285,200,False,Lucian,66951,9,Nami,47294,7
KR_8346788788,100,True,Mel,19427,4,Karma,13428,4
KR_8346788788,200,False,Ashe,144433,16,MissFortune,24527,5
KR_8346762290,100,False,Ezreal,470870,45,Camille,4766,2
KR_8346762290,200,True,Ashe,630500,60,Mel,3155,2
KR_8346640969,100,True,Jhin,33958,6,Thresh,120000,14
KR_8346640969,200,False,MissFortune,25323,5,Skarner,687,1
KR_8346631606,100,False,Jhin,89472,11,Xerath,37125,6
KR_8346631606,200,True,Caitlyn,51426,7,Lux,478872,46
KR_8346091855,100,False,Kaisa,318155,32,Pantheon,74656,9
KR_8346091855,200,True,Ashe,310784,31,Karthus,959919,87
KR_8346035192,100,False,Kaisa,12966,4,Seraphine,20648,4
KR_8346035192,200,True,Jinx,71132,9,Zyra,403147,39
KR_8345964740,100,True,Yunara,259557,26,Shen,952591,89
KR_8345964740,200,False,Kaisa,83031,10,Lulu,262214,23
KR_8344923607,100,False,Sivir,1960257,172,Nunu,19362,4
KR_8344923607,200,True,Yasuo,46936,7,Xerath,492203,47
KR_8354189400,100,True,Lux,101066,11,Morgana,56201,8
KR_8354189400,200,False,Lucian,184724,19,Yuumi,5870,2
KR_8351531276,100,False,Corki,5286,2,Braum,1794,1
KR_8351531276,200,True,Kaisa,86301,10,Leblanc,309399,31
KR_8351490847,100,False,Yunara,3338,2,Pyke,32100,6
KR_8351490847,200,True,Ezreal,88535,11,Hwei,110490,13
KR_8351448775,100,True,Ziggs,29360,5,Ezreal,10879,3
KR_8351448775,200,False,Kaisa,543181,52,Leona,13566,4
KR_8347625122,100,True,Jhin,72269,9,Leona,14797,4
KR_8347625122,200,False,Caitlyn,199820,21,Shaco,475163,46
KR_8347612261,100,True,Ezreal,293296,29,Zyra,9033,3
KR_8347612261,200,False,Kalista,4807,2,Nami,96315,11
KR_8347599576,100,False,Viego,5055,2,Senna,1331480,107
KR_8347599576,200,True,Kaisa,186792,20,Alistar,360277,35
KR_8352238224,100,False,Lucian,66059,9,Nami,5229,2
KR_8352238224,200,True,Jinx,52014,7,Lulu,19203,4
KR_8352170833,100,True,Kaisa,17032,4,Thresh,3860,2
KR_8352170833,200,False,Lucian,55084,8,Milio,2596,2
KR_8352095064,100,False,Jhin,41657,6,Mel,346816,34
KR_8352095064,200,True,Ezreal,201667,21,Yuumi,567077,54
KR_8351990805,100,True,Kaisa,175678,19,Blitzcrank,6243,3
KR_8351990805,200,False,Lucian,1588,1,Nami,4932,2
KR_8351929733,100,False,Yunara,34211,6,Lulu,335883,33
KR_8351929733,200,True,Jhin,41657,6,Soraka,2708453,188
KR_8351874919,100,True,Jinx,52014,7,Thresh,662801,62
KR_8351874919,200,False,Kaisa,115444,13,Nautilus,31280,5
KR_8351839243,100,False,Aphelios,170096,15,Shen,1559391,144
KR_8351839243,200,True,Jinx,1393096,129,Morgana,19560,4
KR_8351643962,100,True,Kaisa,111604,13,Blitzcrank,6243,3
KR_8351643962,200,False,Varus,20612,4,Swain,8226,3
KR_8351641171,100,True,Tristana,1231824,108,Morgana,419244,41
KR_8351641171,200,False,Caitlyn,72068,9,Leona,41059,6
KR_8350450962,100,False,Caitlyn,72068,9,Braum,13078,4
KR_8350450962,200,True,Kaisa,353770,35,Nautilus,34815,6
KR_8350395738,100,True,Kaisa,71022,9,Zoe,16862,4
KR_8350395738,200,False,Ezreal,1511992,140,Seraphine,19415,4
KR_8350326462,100,True,Kaisa,116061,13,Camille,65897,9
KR_8350326462,200,False,Ezreal,190428,20,Morgana,66736,9
KR_8344493110,100,True,Zeri,69453,9,Thresh,86975,11
KR_8344493110,200,False,Jinx,98033,12,Rakan,84134,10
KR_8344383985,100,True,Jinx,973955,91,Lulu,85759,10
KR_8344383985,200,False,Corki,2677,2,Neeko,232324,24
KR_8344329993,100,False,Jhin,13554,4,Leona,43938,7
KR_8344329993,200,True,Caitlyn,72068,9,Pantheon,44851,7
KR_8344265334,100,False,Kaisa,71022,9,Morgana,440334,43
KR_8344265334,200,True,Jinx,991777,93,Leona,25110,5
KR_8344202895,100,False,Ezreal,136958,14,Karma,39771,6
KR_8344202895,200,True,Xerath,35710,6,Alistar,38958,5
KR_8344118857,100,True,Kaisa,71022,9,Thresh,196080,20
KR_8344118857,200,False,Brand,5814,2,Bard,358501,35
KR_8344067894,100,False,Jinx,418937,38,Lulu,2132,2
KR_8344067894,200,True,Caitlyn,72068,9,Pyke,3773,2
KR_8343984736,100,True,Ezreal,136958,14,Braum,182017,19
KR_8343984736,200,False,Xayah,68716,9,Thresh,54493,8
KR_8343920724,100,False,Ezreal,122812,14,Karma,44494,7
KR_8343920724,200,True,Caitlyn,72068,9,Lulu,254425,24
KR_8343906426,100,False,Aphelios,170096,15,Thresh,1251692,114
KR_8343906426,200,True,Caitlyn,862101,81,Sylas,256861,24
KR_8341723803,100,True,Lucian,45265,7,Sona,1849,1
KR_8341723803,200,False,Tristana,10340,3,Nautilus,8113,3
KR_8352965566,100,True,Jinx,96251,11,Rell,218849,23
KR_8352965566,200,False,Kaisa,70280,9,Nautilus,1495153,118
KR_8352953062,100,True,Xayah,79252,10,Rakan,63805,8
KR_8352953062,200,False,Ezreal,149314,16,Ashe,160137,17
KR_8352908946,100,True,Jhin,119782,14,Rammus,184932,19
KR_8352908946,200,False,Kaisa,392299,38,Thresh,194365,20
KR_8352888068,100,False,Ezreal,455527,44,Yuumi,11719,3
KR_8352888068,200,True,Xayah,12918,4,Sylas,46400,7
KR_8352706328,100,False,Viktor,9069,3,Lux,1259474,117
KR_8352706328,200,True,Zeri,115469,13,Karma,57312,8
KR_8349787453,100,True,Caitlyn,94767,11,Pyke,36436,6
KR_8349787453,200,False,Lucian,176171,19,Braum,6562,3
KR_8349746694,100,False,Ezreal,188132,20,Lux,536110,51
KR_8349746694,200,True,Jhin,119782,14,Xerath,395978,39
KR_8349634902,100,True,Caitlyn,42881,7,Morgana,9859,3
KR_8349634902,200,False,Brand,27336,5,Karma,4240,2
KR_8349555589,100,True,Kaisa,95703,11,Nautilus,34054,6
KR_8349555589,200,False,Ezreal,149314,16,Karma,9637,3
KR_8349468368,100,False,Zeri,45941,7,Yuumi,78714,10
KR_8349468368,200,True,Ezreal,28256,5,Pyke,137650,14
KR_8349079467,100,False,Caitlyn,208224,22,Mel,17024,4
KR_8349079467,200,True,Kaisa,316630,31,Thresh,30424,5
KR_8349045170,100,False,Yunara,60117,8,Lux,11473,3
KR_8349045170,200,True,Jinx,50993,7,Heimerdinger,518228,38
KR_8349000906,100,False,Caitlyn,121282,14,Velkoz,2832743,260
KR_8349000906,200,True,Jhin,119782,14,Seraphine,7534,3
KR_8348255099,100,False,Xerath,4971,2,XinZhao,94899,11
KR_8348255099,200,True,Swain,9857,3,Shaco,2092732,182
KR_8348189287,100,True,Kaisa,70280,9,Maokai,3386,2
KR_8348189287,200,False,Jinx,814734,68,Nautilus,127697,14
KR_8346380957,100,False,Ezreal,149314,16,Morgana,10790,3
KR_8346380957,200,True,MissFortune,130592,14,Amumu,311113,26
KR_8346357847,100,False,Ashe,64001,8,Seraphine,2196473,170
KR_8346357847,200,True,Xayah,29956,5,Morgana,66162,9
KR_8346332972,100,True,Xayah,12918,4,Neeko,1842221,153
KR_8346332972,200,False,Ezreal,101926,12,Soraka,6712,3
KR_8346311448,100,True,Ezreal,91461,11,Nautilus,24673,5
KR_8346311448,200,False,Kaisa,70280,9,Neeko,1842221,153
KR_8346028604,100,False,Lucian,176171,19,Leona,11592,3
KR_8346028604,200,True,Ezreal,31340,5,Jayce,45551,7
KR_8345985598,100,True,Tristana,6207,3,Lux,11336,3
KR_8345985598,200,False,KogMaw,61819,8,Seraphine,2657,2
KR_8345943020,100,False,Jinx,218597,22,Pantheon,45530,7
KR_8345943020,200,True,Kaisa,70280,9,Morgana,209130,22
KR_8341641480,100,False,Caitlyn,42881,7,Rell,165810,18
KR_8341641480,200,True,Tristana,142328,16,Rakan,90931,11
KR_8338802972,100,False,Viktor,9069,3,Lux,83840,10
KR_8338802972,200,True,Caitlyn,47433,7,Shaco,2092732,182
KR_8354471191,100,False,Caitlyn,70229,9,Seraphine,204236,21
KR_8354471191,200,True,Kaisa,2739803,210,Nautilus,191093,20
KR_8354158327,100,True,Kaisa,2739803,210,Jax,35430,6
KR_8354158327,200,False,Zeri,26650,5,Lulu,13162,4
KR_8353050116,100,True,Kaisa,26953,5,Sylas,5725,2
KR_8353050116,200,False,Jhin,152884,13,Xerath,46637,7
KR_8353041079,100,False,Kaisa,2739803,210,Galio,22408,5
KR_8353041079,200,True,Smolder,11401,3,Sion,3891,2
KR_8353015603,100,False,Jhin,649089,62,Thresh,91117,11
KR_8353015603,200,True,Caitlyn,334306,33,Lux,9275,3
KR_8352992485,100,False,Ezreal,429910,42,Pyke,125067,11
KR_8352992485,200,True,Xayah,677729,64,Pantheon,183636,19
KR_8349531443,100,False,Ezreal,94308,11,Amumu,121939,14
KR_8349531443,200,True,Kaisa,2739803,210,Xerath,21735,5
KR_8349449189,100,False,Kaisa,2739803,210,Blitzcrank,335914,33
KR_8349449189,200,True,Lucian,20774,4,Nautilus,17752,4
KR_8349394707,100,False,Xayah,115485,13,Seraphine,24343,5
KR_8349394707,200,True,Kaisa,2739803,210,Nautilus,22861,5
KR_8349329370,100,True,Jinx,62070,8,Nautilus,246396,25
KR_8349329370,200,False,Xayah,42422,6,Leona,270904,27
KR_8349278837,100,True,Tristana,21191,4,Pyke,1669905,149
KR_8349278837,200,False,Kaisa,2739803,210,Galio,73048,9
KR_8349215857,100,True,Kaisa,2739803,210,Thresh,25982,5
KR_8349215857,200,False,Jhin,96527,11,Lux,42105,6
KR_8349187192,100,True,Aphelios,251547,25,Pantheon,9972,3
KR_8349187192,200,False,Lucian,44896,7,Rakan,137655,15
KR_8348657026,100,False,Jhin,612363,52,Syndra,17225,4
KR_8348657026,200,True,Kaisa,2739803,210,Blitzcrank,4270,2
KR_8348630660,100,True,Jhin,44015,7,Xerath,35445,6
KR_8348630660,200,False,Kaisa,2739803,210,Zac,1809825,149
KR_8348622595,100,True,Jinx,6734,3,Lulu,29176,5
KR_8348622595,200,False,Kaisa,2739803,210,Pyke,74896,9
KR_8347373529,100,False,Jinx,124579,14,Rell,1090322,102
KR_8347373529,200,True,Kaisa,2739803,210,Thresh,83077,10
KR_8347335135,100,True,Kaisa,2739803,210,JarvanIV,23426,5
KR_8347335135,200,False,Veigar,16271,4,Blitzcrank,152792,12
KR_8347243329,100,True,Ziggs,15853,4,Rakan,137655,15
KR_8347243329,200,False,Ezreal,86697,11,Neeko,152869,17
KR_8346583811,100,True,Kaisa,2739803,210,Bard,130486,14
KR_8346583811,200,False,Ezreal,107860,12,Zilean,91525,11
KR_8346562467,100,False,Kaisa,2739803,210,Lulu,33344,6
KR_8346562467,200,True,Ezreal,176463,19,Blitzcrank,11108,3
KR_8346555310,100,False,Kaisa,2739803,210,Rakan,172205,18
KR_8346555310,200,True,Jhin,120039,14,AurelionSol,411799,40
KR_8346540094,100,False,Jhin,9655,3,Pantheon,151345,16
KR_8346540094,200,True,Aphelios,115670,13,Blitzcrank,212633,22
KR_8346527441,100,False,Kaisa,2739803,210,Camille,167429,18
KR_8346527441,200,True,Yunara,39931,6,Lissandra,34797,6
KR_8346511890,100,False,Aphelios,137670,12,Thresh,378279,37
KR_8346511890,200,True,Kaisa,2739803,210,Zac,1608627,145
KR_8346506831,100,True,Kaisa,2739803,210,Galio,96900,11
KR_8346506831,200,False,Xayah,10596,3,Thresh,378279,37
KR_8346519045,100,False,Kaisa,2739803,210,Amumu,28630,5
KR_8346519045,200,True,Varus,116548,13,Poppy,64966,9
KR_8346493802,100,True,Jhin,649089,62,Bard,60311,8
KR_8346493802,200,False,Samira,79224,10,Thresh,1991957,158
KR_8346230590,100,True,Kaisa,2739803,210,Ahri,10515,3
KR_8346230590,200,False,Xayah,10886,3,Thresh,173528,18
KR_8346165600,100,False,Kaisa,2739803,210,Nautilus,322755,32
KR_8346165600,200,True,Jhin,229981,24,Xerath,24924,5
KR_8346093635,100,False,Kaisa,2739803,210,Nautilus,13698,4
KR_8346093635,200,True,Aphelios,979710,92,Leona,20229,4
KR_8345786218,100,True,Kaisa,2739803,210,Bard,157430,17
KR_8345786218,200,False,Xayah,26571,5,Neeko,967120,91
KR_8345742697,100,True,Jhin,2316983,124,Sylas,110560,13
KR_8345742697,200,False,Kaisa,2739803,210,Nautilus,11011,3
KR_8345708760,100,True,Kaisa,156531,17,Zilean,19527,4
KR_8345708760,200,False,Lucian,682803,57,Camille,3255,2
KR_8345385280,100,False,Swain,74170,9,TahmKench,1080297,69
KR_8345385280,200,True,Kaisa,2739803,210,Sylas,9534,3
KR_8345382210,100,False,Kaisa,2739803,210,Thresh,46985,7
KR_8345382210,200,True,Mel,109886,13,Lux,1685824,156
KR_8342229099,100,True,Kaisa,2739803,210,Pyke,3410,2
KR_8342229099,200,False,Vayne,132980,12,Yasuo,100935,12
KR_8341306395,100,False,Yunara,261640,26,Bard,3808,2
KR_8341306395,200,True,Xayah,129182,14,Lulu,284801,29
KR_8341252989,100,False,Kaisa,2739803,210,Velkoz,232456,24
KR_8341252989,200,True,Zeri,96124,11,Lulu,11470,3
KR_8341192956,100,False,Jinx,82139,10,Alistar,5804,2
KR_8341192956,200,True,Kaisa,2739803,210,Sylas,46806,7
KR_8341155457,100,False,Jhin,649089,62,Ezreal,110946,13
KR_8341155457,200,True,Kaisa,127015,14,Shen,80380,10
KR_8339657031,100,False,Kaisa,2739803,210,Pantheon,2840,2
KR_8339657031,200,True,Ezreal,80398,10,Zyra,5399,2
KR_8339632053,100,True,Kaisa,2739803,210,Leblanc,293999,29
KR_8339632053,200,False,Yunara,13166,4,Lulu,6357,3
KR_8338852984,100,False,Kaisa,2739803,210,Pyke,167835,18
KR_8338852984,200,True,Jhin,40016,6,Xerath,328458,32
KR_8338818756,100,True,Ezreal,21084,4,Swain,5337686,427
KR_8338818756,200,False,Lucian,682803,57,Yuumi,616674,59
KR_8338760841,100,True,Ezreal,53152,7,Lulu,353738,35
KR_8338760841,200,False,Ashe,366851,36,Leona,27828,5
KR_8338661111,100,False,Yunara,26311,5,Lux,247263,25
KR_8338661111,200,True,Kaisa,2739803,210,Leona,72728,9
KR_8338441081,100,True,Lucian,682803,57,Milio,343137,31
KR_8338441081,200,False,Yunara,18441,4,Karma,655932,62
KR_8337538381,100,True,Kaisa,2739803,210,Morgana,213784,22
KR_8337538381,200,False,Aphelios,102086,12,Soraka,5921,2
KR_8337506218,100,False,Xerath,63245,8,Karma,152760,17
KR_8337506218,200,True,Kaisa,2739803,210,Zyra,149504,16
KR_8337361402,100,False,Kaisa,2739803,210,Pyke,31389,5
KR_8337361402,200,True,Xayah,70172,9,Blitzcrank,18258,4
KR_8337220891,100,False,Xerath,44009,7,Swain,36969,6
KR_8337220891,200,True,Kaisa,2739803,210,Nautilus,17040,4
KR_8353977262,100,True,Kaisa,711690,67,Karma,16046,4
KR_8353977262,200,False,Jinx,1009239,94,Leona,37712,6
KR_8353915574,100,True,Xayah,73086,9,Rakan,8404,3
KR_8353915574,200,False,Cassiopeia,60569,8,Thresh,160853,17
KR_8353855078,100,True,Kaisa,149636,16,Seraphine,27945,5
KR_8353855078,200,False,Ezreal,125002,14,Rell,30045,5
KR_8350270709,100,True,Kaisa,107482,12,Pyke,83177,10
KR_8350270709,200,False,Ezreal,125002,14,Braum,427439,41
KR_8350245089,100,True,Kaisa,160495,17,Blitzcrank,285145,29
KR_8350245089,200,False,Ezreal,125002,14,Karma,345415,34
KR_8350196323,100,True,Ezreal,125002,14,Poppy,13131,4
KR_8350196323,200,False,Xayah,23996,5,Sylas,163526,17
KR_8350158555,100,False,Kaisa,12368,3,Nautilus,57522,8
KR_8350158555,200,True,Tristana,11210,3,Sylas,73133,9
KR_8348251697,100,False,Kaisa,392267,37,Shen,11232,3
KR_8348251697,200,True,Zeri,41918,6,Yuumi,2207934,147
KR_8348214252,100,True,Ezreal,125002,14,Pantheon,7465,3
KR_8348214252,200,False,MissFortune,283438,28,Rakan,152395,16
KR_8348178327,100,True,Jhin,128585,14,Thresh,70252,9
KR_8348178327,200,False,Ezreal,125002,14,Mel,16341,4
KR_8348121601,100,False,Jinx,1807397,167,Milio,24200,5
KR_8348121601,200,True,Mel,17255,4,Bard,33362,6
KR_8342831615,100,False,Corki,107199,12,Seraphine,9810,3
KR_8342831615,200,True,Ezreal,40375,6,Morgana,64212,8
KR_8342782786,100,False,Caitlyn,283736,28,Nautilus,30744,5
KR_8342782786,200,True,Nilah,285170,29,Neeko,121727,14
KR_8354556243,100,True,Kaisa,75877,10,Yuumi,105745,12
KR_8354556243,200,False,Xayah,50335,7,Milio,14281,4
KR_8354515835,100,True,Kaisa,240562,24,Poppy,7965,3
KR_8354515835,200,False,Jhin,110879,13,Pantheon,40258,6
KR_8354496157,100,True,Kaisa,227863,23,Nautilus,11426,3
KR_8354496157,200,False,Ashe,194522,20,Thresh,109834,13
KR_8353975260,100,False,Caitlyn,62345,8,Nautilus,210890,18
KR_8353975260,200,True,Xayah,50335,7,Thresh,20061,4
KR_8353951528,100,True,Sivir,23726,5,Milio,14281,4
KR_8353951528,200,False,Caitlyn,3712,2,Lux,26417,5
KR_8353877404,100,False,Xayah,53695,8,Pantheon,18486,4
KR_8353877404,200,True,Lucian,168099,18,Milio,14281,4
KR_8353822331,100,False,Ezreal,200377,21,Karma,23924,5
KR_8353822331,200,True,Jinx,25439,5,Thresh,824692,78
KR_8353762126,100,True,Xayah,25652,5,Rakan,1801337,154
KR_8353762126,200,False,Aphelios,86883,11,Poppy,32656,6
KR_8353681805,100,False,Lucian,41096,6,Alistar,147214,16
KR_8353681805,200,True,Kaisa,227863,23,Taliyah,33888,6
KR_8342508416,100,False,Kaisa,1779984,164,Nautilus,471458,44
KR_8342508416,200,True,Senna,82351,10,MissFortune,116410,13
KR_8342472547,100,True,Kaisa,44087,7,Rell,544219,52
KR_8342472547,200,False,Xayah,50335,7,Rakan,53887,8
KR_8342436956,100,False,Ziggs,389196,38,FiddleSticks,224963,23
KR_8342436956,200,True,Zeri,37285,6,Pantheon,125911,14
KR_8342411293,100,False,Caitlyn,86706,11,Senna,83005,10
KR_8342411293,200,True,Jhin,21914,5,Leblanc,21950,5
KR_8342366890,100,True,Caitlyn,33791,6,Pyke,95122,10
KR_8342366890,200,False,Kaisa,134069,15,Lux,865256,81
KR_8342342800,100,False,Xayah,65061,9,Pantheon,45747,7
KR_8342342800,200,True,Kaisa,134069,15,Swain,22816,5
KR_8342313942,100,False,Ezreal,200377,21,Pantheon,29248,5
KR_8342313942,200,True,Mel,97302,11,Pyke,152340,16
KR_8342308899,100,False,Ashe,122374,14,Milio,50911,7
KR_8342308899,200,True,Kaisa,227863,23,Pyke,152340,16
KR_8342302072,100,False,Lucian,168099,18,Thresh,140873,15
KR_8342302072,200,True,Kaisa,33766,6,Morgana,181718,19
KR_8342277179,100,True,Kaisa,227863,23,Pyke,45827,7
KR_8342277179,200,False,Yunara,44732,7,Lissandra,16458,4
KR_8342245960,100,False,Zeri,93332,11,Rell,9256,3
KR_8342245960,200,True,Vayne,186634,15,Thresh,16279,4
KR_8342244567,100,True,Kaisa,227863,23,Leblanc,83135,10
KR_8342244567,200,False,Ezreal,23315,5,Morgana,1797544,166
KR_8341516105,100,False,Tristana,2872383,243,Morgana,152898,17
KR_8341516105,200,True,Kaisa,227863,23,Singed,118668,13
KR_8341464595,100,False,Lucian,95931,11,Seraphine,167201,18
KR_8341464595,200,True,Jhin,110879,13,Senna,221289,23
KR_8341407096,100,False,MissFortune,400524,39,Senna,3188274,261
KR_8341407096,200,True,Jinx,66770,9,Seraphine,1105651,103
KR_8341344461,100,True,Ezreal,120511,14,Swain,11894,3
KR_8341344461,200,False,Kaisa,179911,19,Nautilus,13461,4
KR_8341296095,100,False,Xayah,35357,6,Brand,452164,44
KR_8341296095,200,True,Kaisa,134069,15,Nautilus,189467,19
KR_8341251160,100,False,Swain,11894,3,Pantheon,8690,3
KR_8341251160,200,True,Kaisa,287306,29,Leona,78820,10
KR_8341201056,100,False,MissFortune,39804,6,Rell,25409,5
KR_8341201056,200,True,Lucian,168099,18,Nami,18746,4
KR_8341156521,100,False,Ezreal,52370,7,Velkoz,362632,36
KR_8341156521,200,True,Kaisa,227863,23,Thresh,332352,33
KR_8355248201,100,True,Vayne,68487,9,JarvanIV,843422,68
KR_8355248201,200,False,Yunara,15824,4,Rell,195352,20
KR_8355241066,100,False,Caitlyn,42213,6,Nunu,4050,2
KR_8355241066,200,True,Kaisa,455698,41,Morgana,44311,7
KR_8355222110,100,False,Caitlyn,64728,9,Pantheon,49962,7
KR_8355222110,200,True,Jhin,132034,15,Pyke,18116,4
KR_8355189508,100,False,Kaisa,43222,7,Orianna,9450,3
KR_8355189508,200,True,Ezreal,132181,15,Seraphine,31411,5
KR_8355165405,100,True,Jinx,623601,59,Rakan,10057,3
KR_8355165405,200,False,Kaisa,8626,3,Maokai,1402167,99
KR_8355125542,100,False,Lucian,69196,9,Neeko,787911,74
KR_8355125542,200,True,Jinx,127543,12,Blitzcrank,16432,4
KR_8355091131,100,True,Syndra,9330,3,Velkoz,44478,7
KR_8355091131,200,False,Aphelios,168200,18,Lulu,22371,5
KR_8354165245,100,False,Zeri,26956,5,Nautilus,11420,3
KR_8354165245,200,True,Vayne,539074,52,Blitzcrank,67245,9
KR_8354140869,100,False,Zeri,15406,4,Poppy,4424,2
KR_8354140869,200,True,Caitlyn,202328,21,Lux,3441230,315
KR_8354141110,100,False,Kaisa,53588,7,Blitzcrank,50581,7
KR_8354141110,200,True,Lucian,19257,4,Milio,3027,2
KR_8354128218,100,False,Caitlyn,64172,8,Pantheon,3398,2
KR_8354128218,200,True,Senna,79851,10,Thresh,46690,7
KR_8354099708,100,True,Twitch,60568,8,Thresh,155554,17
KR_8354099708,200,False,Lucian,11466,3,Lux,36864,6
KR_8354077632,100,True,Vayne,220874,23,Rengar,238959,24
KR_8354077632,200,False,Yunara,1128,1,Lux,35419,6
KR_8353608447,100,True,Jhin,863077,72,Lux,614592,58
KR_8353608447,200,False,Ashe,210289,19,Seraphine,27617,5
KR_8353562242,100,True,Tristana,29143,5,Seraphine,55237,8
KR_8353562242,200,False,Lucian,8143,3,Yuumi,27218,5
KR_8353516148,100,False,Samira,211420,22,Rell,22741,5
KR_8353516148,200,True,Jhin,176437,19,Maokai,6363,3
KR_8352628283,100,False,Veigar,7337,3,Seraphine,1299470,121
KR_8352628283,200,True,Ashe,30609,5,Pyke,368259,36
KR_8352572247,100,True,Yunara,9730,3,Rakan,181349,19
KR_8352572247,200,False,Lucian,105093,12,Yuumi,275048,28
KR_8352492490,100,True,Jhin,27963,5,Zilean,124876,14
KR_8352492490,200,False,Lucian,11466,3,Nautilus,34700,6
KR_8352423369,100,True,Ezreal,809146,73,Pantheon,136088,15
KR_8352423369,200,False,Jinx,135450,15,Veigar,93594,11
KR_8352344627,100,False,Kaisa,41217,6,Leona,19770,4
KR_8352344627,200,True,Sivir,19444,4,Nami,14277,4
KR_8352283818,100,False,Aphelios,671724,64,Swain,68141,9
KR_8352283818,200,True,Xayah,8160,3,Thresh,14548,4
KR_8352234690,100,True,Draven,167518,18,Seraphine,247573,25
KR_8352234690,200,False,Caitlyn,426084,41,Lux,496946,48
KR_8352187387,100,False,Varus,305692,30,Shaco,484948,47
KR_8352187387,200,True,Lucian,58107,8,Nasus,9000,3
KR_8352131547,100,True,Ashe,833847,67,Seraphine,81331,10
KR_8352131547,200,False,MissFortune,22949,5,Lulu,702721,58
KR_8352068194,100,False,Lucian,11466,3,Nami,29569,5
KR_8352068194,200,True,Mel,30591,5,Lux,47042,7
KR_8352026493,100,True,Kaisa,3663,2,Braum,6868,3
KR_8352026493,200,False,Jhin,845963,75,Zilean,561667,23
KR_8351990414,100,True,Seraphine,1917,2,Lux,51949,7
KR_8351990414,200,False,Jinx,27070,5,Mel,8189,3
KR_8351942940,100,False,Ashe,8181,3,Seraphine,87722,11
KR_8351942940,200,True,Yasuo,51657,7,Velkoz,22812,5
KR_8351902029,100,False,Kaisa,282169,28,Morgana,206355,21
KR_8351902029,200,True,Senna,485669,47,Lux,77434,10
KR_8350463938,100,True,Jinx,331669,33,Alistar,35008,6
KR_8350463938,200,False,Viktor,34881,6,Sona,168048,18
KR_8350419722,100,True,Kaisa,230996,24,Pyke,621540,59
KR_8350419722,200,False,Xayah,4786,2,Neeko,159777,17
KR_8350359105,100,True,MissFortune,251639,26,Nidalee,353461,35
KR_8350359105,200,False,Caitlyn,639216,61,Thresh,324671,32
KR_8350334128,100,False,Caitlyn,7325,3,Zyra,1212034,106
KR_8350334128,200,True,Ashe,99786,12,Seraphine,287449,27
KR_8350273555,100,True,Ezreal,28478,5,Pyke,12920,4
KR_8350273555,200,False,Caitlyn,12398,3,Xerath,28445,5
KR_8350231953,100,False,Tristana,27766,5,Pyke,2331,2
KR_8350231953,200,True,Kaisa,198431,21,Blitzcrank,7920,3
KR_8350191678,100,True,Ezreal,1262447,75,Bard,23753,5
KR_8350191678,200,False,Lucian,11466,3,Lulu,4887,2
KR_8350164895,100,True,Cassiopeia,5694,2,Teemo,215335,22
KR_8350164895,200,False,Caitlyn,1782,1,Nautilus,8666,3
KR_8350129898,100,False,Ziggs,7314,3,Yuumi,927831,69
KR_8350129898,200,True,Samira,3960,2,Blitzcrank,31928,6
KR_8350102999,100,True,Lucian,11466,3,Thresh,30837,5
KR_8350102999,200,False,Jinx,4770,2,Gnar,592,1
KR_8350076458,100,False,Caitlyn,1409180,114,Lux,23286,5
KR_8350076458,200,True,Yasuo,516228,50,Shaco,79614,10
KR_8350056414,100,False,Ziggs,41963,6,Camille,10920,3
KR_8350056414,200,True,Kaisa,3663,2,Alistar,1795230,166
KR_8354851367,100,False,Kaisa,95063,11,Pyke,1091786,99
KR_8354851367,200,True,Jhin,235401,24,Braum,191481,20
KR_8354788340,100,False,Jhin,1584182,140,Shen,23108,5
KR_8354788340,200,True,Ezreal,69915,9,Thresh,79627,9
KR_8353549642,100,True,Xayah,237772,24,Rakan,20407,4
KR_8353549642,200,False,Ezreal,630897,60,Heimerdinger,11916,3
KR_8353510399,100,True,Jinx,87598,11,Pyke,5288,2
KR_8353510399,200,False,Ezreal,143577,16,Karma,17844,4
KR_8352561364,100,True,Kalista,247295,25,Poppy,8085,3
KR_8352561364,200,False,XinZhao,390,1,Camille,5720,2
KR_8352487072,100,False,Yunara,23210,5,Lulu,224288,22
KR_8352487072,200,True,Caitlyn,35440,6,Nautilus,151553,16
KR_8352956156,100,False,Samira,70178,9,Nautilus,60867,8
KR_8352956156,200,True,Sivir,9473,3,Leona,76913,10
KR_8352903963,100,False,Varus,1037184,95,Blitzcrank,7146,3
KR_8352903963,200,True,Kaisa,4954,2,Leona,1430,1
KR_8352599190,100,True,Lucian,32438,6,Milio,70868,9
KR_8352599190,200,False,Kaisa,402153,39,Nautilus,31541,5
KR_8352498993,100,True,Corki,21542,4,Xerath,69266,9
KR_8352498993,200,False,Aphelios,8424,3,Poppy,18886,4
KR_8352427628,100,True,Irelia,284737,29,Poppy,39340,6
KR_8352427628,200,False,Jhin,42905,7,Thresh,8430,3
KR_8352375845,100,False,Ezreal,567239,54,Bard,462207,45
KR_8352375845,200,True,Irelia,52074,7,Thresh,49325,7
KR_8352328203,100,False,Jhin,39299,6,TahmKench,12633,4
KR_8352328203,200,True,Vayne,16314,4,Yuumi,787770,74
KR_8352234018,100,True,Jhin,381026,37,Lux,25799,5
KR_8352234018,200,False,Caitlyn,33775,6,Karma,267044,27
KR_8352182198,100,False,Caitlyn,33775,6,Lux,7705,3
KR_8352182198,200,True,Lucian,6961,3,Lulu,61058,8
KR_8352094990,100,True,MissFortune,8314,3,Bard,66161,9
KR_8352094990,200,False,Zeri,5945,2,Blitzcrank,62736,8
KR_8352024829,100,True,Jhin,42905,7,Seraphine,16673,4
KR_8352024829,200,False,Caitlyn,95585,11,Mel,7783,3
KR_8348351050,100,False,Lucian,13909,4,Seraphine,232911,24
KR_8348351050,200,True,Ziggs,17570,4,Senna,56367,8
KR_8348252975,100,False,Viktor,16393,4,Hwei,21430,4
KR_8348252975,200,True,Ashe,12423,3,Seraphine,2722,2
KR_8348196878,100,True,Caitlyn,33775,6,Rakan,1801337,154
KR_8348196878,200,False,Jinx,4581,2,Seraphine,112154,13
KR_8348143754,100,False,Pyke,43592,7,Taric,1523,1
KR_8348143754,200,True,Varus,375967,37,Swain,29363,5
KR_8348111742,100,False,Kaisa,17362,4,Blitzcrank,111774,10
KR_8348111742,200,True,Vayne,14964,4,TahmKench,137637,15
KR_8348066467,100,False,Ashe,66531,9,Ezreal,153429,17
KR_8348066467,200,True,Kaisa,322688,32,Nautilus,1483,1
KR_8348005497,100,False,Kalista,1822919,168,Renata,43207,7
KR_8348005497,200,True,MissFortune,182057,19,Lulu,6443,3
KR_8347978239,100,True,Jhin,42905,7,Skarner,66537,9
KR_8347978239,200,False,Ezreal,22329,5,Leona,19961,4
KR_8354763287,100,True,Jinx,117947,13,Thresh,168090,18
KR_8354763287,200,False,Kaisa,11378,3,Poppy,25845,5
KR_8354711400,100,False,Caitlyn,66443,9,Thresh,22386,5
KR_8354711400,200,True,Jhin,313415,28,TahmKench,50742,7
KR_8348016363,100,True,Ezreal,76005,10,Mel,8489,3
KR_8348016363,200,False,Jinx,70345,9,Lux,104171,12
KR_8347962952,100,True,Kaisa,54632,8,Thresh,200833,21
KR_8347962952,200,False,Xayah,135869,15,Morgana,47205,7
KR_8346983696,100,False,Jhin,22065,5,Camille,1070,1
KR_8346983696,200,True,Ezreal,1002962,94,Bard,5059,2
KR_8344053546,100,True,Jhin,80116,10,JarvanIV,261780,26
KR_8344053546,200,False,Ezreal,41610,6,Alistar,25888,5
KR_8343111579,100,False,Kaisa,169981,14,Nautilus,1363,1
KR_8343111579,200,True,Varus,20590,4,Pantheon,6999,3
KR_8346839856,100,True,Ezreal,61694,8,Thresh,30820,5
KR_8346839856,200,False,Xayah,31449,5,Neeko,113440,13
KR_8346802966,100,True,Jhin,435962,42,Ziggs,292595,29
KR_8346802966,200,False,Kaisa,20455,4,Ashe,437313,40
KR_8346795240,100,False,MissFortune,61317,8,Camille,2371,2
KR_8346795240,200,True,Ezreal,23167,5,Veigar,8934,3
KR_8346760024,100,False,Pantheon,14239,4,Sylas,61448,8
KR_8346760024,200,True,Ezreal,107403,12,Seraphine,249032,25
KR_8344968859,100,True,Jhin,15760,4,Poppy,40827,6
KR_8344968859,200,False,Tristana,59937,8,Neeko,450235,44
KR_8344890660,100,False,Kaisa,637644,55,Elise,12985,4
KR_8344890660,200,True,Tristana,27347,5,Nautilus,70624,9
KR_8344802453,100,False,Yasuo,5089,2,Yuumi,276653,28
KR_8344802453,200,True,Caitlyn,50009,7,Morgana,34532,6
KR_8344734441,100,True,Kaisa,57925,8,Blitzcrank,260824,26
KR_8344734441,200,False,Ezreal,132712,15,Morgana,806837,76
KR_8344644591,100,False,Yunara,1958,2,Nautilus,1530,1
KR_8344644591,200,True,Tristana,34261,6,Pantheon,14239,4
KR_8337062337,100,False,Anivia,900,1,Zed,7213,3
KR_8337062337,200,True,Ziggs,21867,5,Thresh,17189,4
KR_8352226186,100,True,Ashe,9005,3,Seraphine,125963,14
KR_8352226186,200,False,Kaisa,236609,24,Karma,56333,8
KR_8352112393,100,False,Samira,103791,12,Nautilus,12062,3
KR_8352112393,200,True,Tristana,148505,16,Taliyah,7613,3
KR_8352056602,100,False,Ezreal,80046,10,Leblanc,27144,5
KR_8352056602,200,True,Kaisa,37786,6,Pantheon,116940,13
KR_8352039317,100,False,MissFortune,687351,65,Blitzcrank,0,1
KR_8352039317,200,True,Tristana,422401,41,Nautilus,30977,5
KR_8351927864,100,True,Yunara,17320,4,Pyke,44039,7
KR_8351927864,200,False,Jinx,59499,8,Maokai,167115,18
KR_8344019847,100,True,Caitlyn,256804,26,Alistar,10115,3
KR_8344019847,200,False,Viktor,85196,10,Senna,4927,2
KR_8343057472,100,False,Caitlyn,169702,16,Pantheon,553276,53
KR_8343057472,200,True,Varus,147333,16,Leblanc,482859,47
KR_8343017008,100,False,Jhin,8530,3,Seraphine,14784,4
KR_8343017008,200,True,Kaisa,87251,11,Nautilus,20578,4
KR_8342940958,100,False,Lucian,129984,14,Sona,125944,14
KR_8342940958,200,True,Yunara,31816,6,Seraphine,28685,5
KR_8339644394,100,True,Lucian,179499,19,Nami,765551,72
KR_8339644394,200,False,Caitlyn,29277,5,Lux,17231,4
KR_8340367439,100,True,Yunara,93553,11,Lulu,157926,17
KR_8340367439,200,False,Kaisa,6247,3,Darius,26886,5
KR_8340285545,100,False,Caitlyn,2002,2,Lux,6718,3
KR_8340285545,200,True,Tristana,511516,49,Leona,181031,19
KR_8349066094,100,False,Ezreal,92251,11,Nautilus,145138,16
KR_8349066094,200,True,Kaisa,521458,49,Blitzcrank,7100,3
KR_8349019814,100,False,Jhin,9250,3,Pyke,418,1
KR_8349019814,200,True,Ashe,2165,2,Annie,165471,16
KR_8348997788,100,False,Xerath,7752,3,Morgana,249617,25
KR_8348997788,200,True,Ziggs,9701,3,Blitzcrank,7100,3
KR_8348970016,100,False,Ezreal,506252,49,Xerath,4185,2
KR_8348970016,200,True,Kaisa,90937,10,Karma,41565,6
KR_8354298334,100,True,Xerath,32537,6,Brand,5115,2
KR_8354298334,200,False,Kaisa,3048,2,Morgana,142249,16
KR_8354275451,100,False,Jinx,147855,16,Sylas,30602,5
KR_8354275451,200,True,Caitlyn,47331,7,Lux,1205282,112
KR_8346623444,100,True,Xerath,39919,6,Anivia,3059,2
KR_8346623444,200,False,Aphelios,33767,6,Morgana,142249,16
KR_8339170497,100,True,Kaisa,62492,8,Nautilus,48537,7
KR_8339170497,200,False,Ezreal,36887,6,Sylas,30602,5
KR_8339134018,100,True,Smolder,496333,44,Sylas,30602,5
KR_8339134018,200,False,Caitlyn,39251,6,Seraphine,22638,5
KR_8339100320,100,False,Kaisa,47576,7,Neeko,403,1
KR_8339100320,200,True,Kalista,33167,6,Milio,159659,17
KR_8339047154,100,True,Lucian,90840,11,Milio,215690,22
KR_8339047154,200,False,Jinx,170016,16,Morgana,142249,16
KR_8338977138,100,False,Sivir,17161,4,Bard,72163,9
KR_8338977138,200,True,Ezreal,11284,3,Zyra,367754,36
KR_8354745714,100,False,Cassiopeia,5346,2,Singed,8568,3
KR_8354745714,200,True,Caitlyn,39063,6,Nautilus,16971,4
KR_8351349455,100,False,Caitlyn,704173,67,Lulu,782560,55
KR_8351349455,200,True,Ezreal,6320,3,Karma,22460,5
KR_8351295179,100,False,Ezreal,31067,5,Lux,616,1
KR_8351295179,200,True,Jhin,801803,68,Twitch,36632,6
KR_8351229134,100,True,Kaisa,458822,44,Anivia,600784,57
KR_8351229134,200,False,Varus,36367,6,Zyra,2454084,174
KR_8351119892,100,True,Ziggs,216322,22,Seraphine,264388,27
KR_8351119892,200,False,Jhin,105636,12,Veigar,244850,24
KR_8345791385,100,True,Smolder,45442,7,Mel,5135,2
KR_8345791385,200,False,Lucian,230354,22,Pantheon,66419,9
KR_8345738534,100,True,Aphelios,115964,13,Lulu,35666,6
KR_8345738534,200,False,MissFortune,492338,47,Seraphine,168800,18
KR_8344809470,100,False,Draven,1447623,114,Morgana,49388,7
KR_8344809470,200,True,Jhin,19759,4,Leona,15752,4
KR_8344731272,100,False,MissFortune,47328,7,Karma,45307,7
KR_8344731272,200,True,Ezreal,211722,22,Zoe,2262,2
KR_8340101041,100,True,Caitlyn,23481,5,Morgana,69373,9
KR_8340101041,200,False,Ezreal,199611,21,Velkoz,95985,11
KR_8340028147,100,False,Yunara,91183,11,Karma,34218,6
KR_8340028147,200,True,MissFortune,77070,10,Malphite,71763,9
KR_8339945617,100,True,Jinx,119724,14,Amumu,8358,3
KR_8339945617,200,False,Jhin,457183,39,Lux,1111175,100
KR_8339873909,100,True,Kaisa,16936,4,Sylas,37325,6
KR_8339873909,200,False,KogMaw,12631,4,Seraphine,2245,2
KR_8339820783,100,True,Lucian,9573,3,Leona,140195,15
KR_8339820783,200,False,Swain,214757,22,Milio,297816,30
KR_8352198012,100,False,Ziggs,10372,3,Nautilus,2394,2
KR_8352198012,200,True,Jinx,3103,2,Braum,1887,1
KR_8352135330,100,True,Smolder,10773,3,Zilean,605396,58
KR_8352135330,200,False,Kaisa,108280,12,Nautilus,37587,6
KR_8352084041,100,True,Ezreal,403016,39,Braum,28515,5
KR_8352084041,200,False,Corki,568,1,Thresh,84454,9
KR_8352006420,100,False,Corki,32516,6,Nami,297390,30
KR_8352006420,200,True,Sivir,95341,11,Yuumi,2753318,207
KR_8349380238,100,True,Caitlyn,53696,8,Pyke,15827,4
KR_8349380238,200,False,Jinx,299706,30,Yuumi,1889,2
KR_8347666340,100,False,Samira,167835,18,Pyke,113339,13
KR_8347666340,200,True,Aphelios,34237,6,Lux,9855,3
KR_8347655095,100,False,Yasuo,258643,26,Taric,8045,3
KR_8347655095,200,True,Renekton,17427,4,Heimerdinger,1415872,69
KR_8347646301,100,True,Smolder,34915,6,Sion,59151,8
KR_8347646301,200,False,Kaisa,310302,27,Thresh,58750,8
KR_8344668810,100,True,Ashe,158201,17,Seraphine,162515,17
KR_8344668810,200,False,Ezreal,677209,64,Lux,56336,8
KR_8344214405,100,False,Lucian,209784,22,Lux,2735,2
KR_8344214405,200,True,Viktor,66188,9,Shaco,8997,3
KR_8344168136,100,False,Kaisa,17568,4,Seraphine,91649,11
KR_8344168136,200,True,Jhin,4919,2,Karma,163417,17
KR_8344108988,100,True,Caitlyn,68862,9,Alistar,349102,34
KR_8344108988,200,False,Jhin,182867,16,Thresh,88727,10
KR_8344062887,100,True,Ashe,66655,9,Sylas,27658,5
KR_8344062887,200,False,Caitlyn,63979,8,Swain,92265,11
KR_8342631882,100,False,Xerath,11889,3,Swain,157141,17
KR_8342631882,200,True,Lucian,334471,33,Nautilus,11520,3
KR_8342603103,100,False,Camille,21643,5,Vi,30773,5
KR_8342603103,200,True,Kaisa,106809,12,Lux,196753,21
KR_8342544293,100,False,Sylas,10703,3,Pantheon,54175,8
KR_8342544293,200,True,Ezreal,121093,14,Hwei,77324,10
KR_8342470915,100,True,Zyra,11368,3,Shaco,57149,8
KR_8342470915,200,False,Kaisa,4754,2,Camille,96432,11
KR_8342449237,100,True,Kaisa,209652,20,Nautilus,76579,10
KR_8342449237,200,False,Jhin,152431,16,Poppy,24059,5
KR_8341179735,100,False,Mel,65083,9,Pantheon,116076,13
KR_8341179735,200,True,Ezreal,4371,2,Camille,124217,14
KR_8341135188,100,True,Syndra,11978,3,Blitzcrank,7887,3
KR_8341135188,200,False,Kaisa,44128,7,Senna,15001,4
KR_8341092525,100,False,MissFortune,564278,54,Camille,11901,3
KR_8341092525,200,True,Lucian,310589,26,Taric,1412,1
KR_8341040484,100,False,Samira,212678,22,Alistar,66074,9
KR_8341040484,200,True,Caitlyn,178312,19,Ezreal,34865,6
KR_8340996375,100,False,Kaisa,28758,5,Poppy,68118,9
KR_8340996375,200,True,Jinx,378455,37,Ashe,56812,8
KR_8338950199,100,True,Caitlyn,444979,43,Rakan,249703,24
KR_8338950199,200,False,Ezreal,173917,18,Zoe,106449,12
KR_8338881792,100,True,Kaisa,97824,11,Smolder,89506,11
KR_8338881792,200,False,Lucian,64197,8,Thresh,13786,4
KR_8338869061,100,False,MissFortune,820685,68,Alistar,18948,4
KR_8338869061,200,True,Kaisa,285620,29,Thresh,180636,16
KR_8338797319,100,True,Varus,59625,8,Teemo,147999,16
KR_8338797319,200,False,Tristana,49488,7,Camille,64166,8
KR_8338732413,100,False,Samira,76560,10,Seraphine,119521,13
KR_8338732413,200,True,Corki,4151,2,Lux,1512133,84
KR_8338683810,100,False,Varus,75803,10,Nautilus,29659,5
KR_8338683810,200,True,MissFortune,71877,9,Blitzcrank,211264,19
KR_8338552656,100,True,Lucian,1039775,73,Xerath,284363,28
KR_8338552656,200,False,Jhin,120201,14,Velkoz,213692,22
KR_8338523499,100,False,Jhin,90735,11,Morgana,539322,52
KR_8338523499,200,True,Kaisa,87451,11,Thresh,2869,2
KR_8338492154,100,False,Ziggs,111403,13,Lux,160628,17
KR_8338492154,200,True,Jhin,34322,6,Velkoz,200087,21
KR_8338452758,100,True,Ashe,185584,19,Senna,67443,9
KR_8338452758,200,False,Olaf,15225,4,Yuumi,56940,8
KR_8338426585,100,False,Kaisa,251016,25,Alistar,1326,1
KR_8338426585,200,True,Sylas,62197,8,Xerath,8518,3
KR_8337648562,100,False,Viktor,57439,8,Seraphine,821207,75
KR_8337648562,200,True,Ashe,17059,4,Velkoz,267026,25
KR_8337562874,100,True,Viktor,1655,1,Neeko,22765,5
KR_8337562874,200,False,Samira,24945,5,Nautilus,22816,5
KR_8337525483,100,False,Xayah,12370,3,Galio,22555,5
KR_8337525483,200,True,Tristana,183315,17,Lux,168892,18
KR_8337475918,100,False,Sivir,170457,18,Sylas,6434,3
KR_8337475918,200,True,Cassiopeia,103031,12,Pyke,16918,4
KR_8337436543,100,True,Tristana,753822,67,Leona,124357,14
KR_8337436543,200,False,Xayah,18511,4,Rakan,147339,16
KR_8352427391,100,False,Ezreal,98451,12,Malphite,118656,13
KR_8352427391,200,True,Kaisa,18311,4,Alistar,31677,6
KR_8352354573,100,True,Yunara,54791,8,Lulu,4573,2
KR_8352354573,200,False,MissFortune,212481,22,Senna,14224,4
KR_8351042363,100,True,Ashe,44728,7,Seraphine,133833,15
KR_8351042363,200,False,Kaisa,482408,46,JarvanIV,14532,4
KR_8350962444,100,True,Draven,1811893,167,Milio,142894,16
KR_8350962444,200,False,Kaisa,90833,11,Nautilus,150517,16
KR_8350890648,100,True,Ezreal,19500,4,Nami,236346,24
KR_8350890648,200,False,Vayne,25258,5,Nautilus,18883,4
KR_8350821980,100,False,Kaisa,96337,11,Nautilus,531,1
KR_8350821980,200,True,Caitlyn,65099,9,Sett,154879,17
KR_8350798204,100,False,Kaisa,30920,5,TwistedFate,46304,7
KR_8350798204,200,True,Jhin,83316,10,Zilean,34008,6
KR_8350734850,100,True,Viktor,154271,17,Yuumi,31361,5
KR_8350734850,200,False,AurelionSol,13037,4,Jhin,12168,3
KR_8341673344,100,False,Ziggs,67899,9,Camille,22264,5
KR_8341673344,200,True,Kaisa,156413,17,Milio,169494,18
KR_8341616062,100,False,Kaisa,206174,21,Thresh,27329,5
KR_8341616062,200,True,Caitlyn,319304,32,Lux,368684,36
KR_8341511875,100,False,Xayah,15501,4,Rakan,153116,17
KR_8341511875,200,True,Kaisa,205926,20,Nautilus,82479,10
KR_8341142015,100,False,Sivir,15019,4,Ashe,82651,10
KR_8341142015,200,True,Viktor,67924,9,Thresh,42700,7
KR_8341071317,100,True,Ashe,44728,7,Seraphine,49096,7
KR_8341071317,200,False,Jhin,19574,4,Rammus,175261,16
KR_8340281084,100,True,Ezreal,68942,9,Ashe,78464,10
KR_8340281084,200,False,Zeri,83247,10,Yuumi,1392917,122
KR_8340225743,100,False,MissFortune,35677,6,Amumu,1374491,90
KR_8340225743,200,True,Lucian,121991,14,Nami,1241780,116
KR_8338893283,100,True,Kaisa,62669,8,Lulu,1778,1
KR_8338893283,200,False,Jhin,26170,5,Lux,13284,4
KR_8338849096,100,False,Kalista,6873,3,Thresh,82843,10
KR_8338849096,200,True,Ashe,197373,21,Milio,106344,12
KR_8347285146,100,False,Lucian,12183,3,Galio,246849,25
KR_8347285146,200,True,Kalista,35180,6,Thresh,39150,6
KR_8347222674,100,False,Jinx,28370,5,Lulu,45486,7
KR_8347222674,200,True,Tristana,154507,12,Soraka,31406,5
KR_8347198343,100,False,Ezreal,45251,7,Pantheon,79431,10
KR_8347198343,200,True,Kaisa,49534,7,Alistar,11009,3
KR_8347148292,100,False,Jinx,174325,18,Alistar,86922,11
KR_8347148292,200,True,Zeri,123105,14,Malphite,14266,4
KR_8347067889,100,True,Kaisa,43823,7,Thresh,16851,4
KR_8347067889,200,False,Jinx,1026718,94,Xerath,83700,10
KR_8347010897,100,False,Ezreal,154797,17,Swain,259473,26
KR_8347010897,200,True,Zeri,38463,6,Poppy,53664,8
KR_8346988371,100,True,Caitlyn,85038,10,Pyke,10855,3
KR_8346988371,200,False,Smolder,69710,9,Ezreal,58872,8
KR_8346943257,100,True,Smolder,28214,5,Seraphine,38396,6
KR_8346943257,200,False,Heimerdinger,106532,12,Katarina,80083,10
KR_8346917325,100,True,Kaisa,43823,7,Lux,530181,51
KR_8346917325,200,False,Varus,61723,8,Seraphine,388316,38
KR_8346879915,100,False,Varus,9455,3,Blitzcrank,26803,5
KR_8346879915,200,True,Kaisa,43823,7,MissFortune,33654,6
KR_8346827820,100,True,Varus,9848,3,Leona,9017,3
KR_8346827820,200,False,Tristana,41616,6,Pyke,10297,3
KR_8346815404,100,True,Ashe,56277,8,Alistar,60016,8
KR_8346815404,200,False,Jinx,50253,7,Rakan,31077,5
KR_8346330564,100,False,Ziggs,13345,4,Lux,164516,18
KR_8346330564,200,True,Ezreal,542588,51,Blitzcrank,24945,5
KR_8346284902,100,False,Ezreal,153836,17,Shaco,26233,5
KR_8346284902,200,True,Xerath,81847,10,Lulu,77484,10
KR_8346263402,100,True,Kaisa,162899,17,Swain,359201,29
KR_8346263402,200,False,Jhin,184028,19,Camille,2548,2
KR_8346224331,100,True,Caitlyn,544513,52,Lux,2472533,227
KR_8346224331,200,False,Kalista,15908,4,Renata,9630,3
KR_8346146448,100,True,Kaisa,206545,18,Gragas,161673,16
KR_8346146448,200,False,Vayne,15583,4,Jax,51825,7
KR_8346089154,100,False,Xerath,36776,6,Sett,147452,16
KR_8346089154,200,True,Jhin,802428,76,Blitzcrank,114742,13
KR_8346007298,100,False,Kaisa,345187,34,Leona,189647,20
KR_8346007298,200,True,Ezreal,64895,9,Seraphine,29872,5
KR_8345937733,100,True,Kaisa,119366,13,Milio,17856,4
KR_8345937733,200,False,MissFortune,1110645,97,Amumu,9620,3
KR_8345896205,100,False,Vayne,25473,5,Lux,109326,13
KR_8345896205,200,True,Yasuo,876500,82,Neeko,81025,10
KR_8345856372,100,False,Vayne,139521,15,Thresh,41035,7
KR_8345856372,200,True,Jinx,42512,6,Seraphine,199881,21
KR_8340487781,100,False,Xayah,27373,5,Leona,21613,5
KR_8340487781,200,True,Kaisa,13104,4,Blitzcrank,10236,3
KR_8340434478,100,False,Jhin,99289,12,Galio,7098,3
KR_8340434478,200,True,Corki,42065,6,Blitzcrank,58776,8
KR_8340379594,100,False,Jinx,445730,38,Bard,3600,2
KR_8340379594,200,True,Ezreal,36007,6,Thresh,16851,4
KR_8340323097,100,False,Sivir,190641,20,Bard,3922,2
KR_8340323097,200,True,MissFortune,127988,14,Blitzcrank,16644,4
KR_8351998478,100,True,Jhin,253789,25,Xerath,150150,16
KR_8351998478,200,False,Caitlyn,136441,15,Lux,1975211,125
KR_8351940715,100,True,Ashe,11976,3,Janna,2708,2
KR_8351940715,200,False,Kaisa,34811,6,Leona,266423,27
KR_8351891158,100,True,Jhin,58082,8,Camille,9591,3
KR_8351891158,200,False,Caitlyn,136441,15,Morgana,21812,5
KR_8351817668,100,True,MissFortune,92940,11,Leona,10313,3
KR_8351817668,200,False,Ashe,77478,10,Seraphine,5098,2
KR_8352509367,100,False,Kaisa,23813,5,Mel,30635,5
KR_8352509367,200,True,Corki,2088,2,Nautilus,14510,4
KR_8352421877,100,True,Akali,142144,16,Zed,87118,11
KR_8352421877,200,False,Tristana,360156,35,Bard,59730,8
KR_8352352993,100,True,Jinx,1362020,106,Karma,14395,4
KR_8352352993,200,False,Sylas,340788,34,Swain,16848,4
KR_8350112817,100,True,Ashe,688115,63,Naafiri,74524,9
KR_8350112817,200,False,Lux,41570,6,Poppy,18451,4
KR_8345505276,100,False,Kaisa,23813,5,Leona,14251,4
KR_8345505276,200,True,Ezreal,144981,16,Shaco,10019,3
KR_8345130971,100,False,Kaisa,23813,5,Pantheon,908597,85
KR_8345130971,200,True,Caitlyn,86035,10,Lux,38604,6
KR_8345071311,100,True,Kaisa,23813,5,Brand,220458,23
KR_8345071311,200,False,Jhin,501752,48,Janna,290247,29
KR_8342462828,100,True,Hwei,16415,4,Cassiopeia,51258,7
KR_8342462828,200,False,Kaisa,23813,5,Nautilus,13858,4
KR_8342421233,100,True,Yunara,20308,4,Lux,74945,9
KR_8342421233,200,False,Kaisa,252534,26,Thresh,653496,62
KR_8342376156,100,True,Caitlyn,515301,49,Mel,62749,8
KR_8342376156,200,False,Ezreal,518826,50,MissFortune,5824,2
KR_8342350079,100,True,Tristana,76876,10,Leona,394974,39
KR_8342350079,200,False,Jhin,36482,6,Alistar,32232,6
KR_8342049293,100,False,Lucian,144037,16,Milio,57704,8
KR_8342049293,200,True,Corki,49166,7,Nami,252470,26
KR_8341950459,100,False,Jhin,26581,5,Morgana,558092,53
KR_8341950459,200,True,Varus,63066,8,Leona,288643,29
KR_8341789486,100,True,Kaisa,46669,7,Blitzcrank,260633,26
KR_8341789486,200,False,Varus,64841,9,Ezreal,112336,12
KR_8340894177,100,True,Kaisa,23813,5,Rakan,11904,3
KR_8340894177,200,False,Lucian,99007,12,Camille,41293,6
KR_8340855380,100,True,Senna,6861,3,Poppy,9262,3
KR_8340855380,200,False,Aphelios,4589,2,Lulu,21491,4
KR_8340791546,100,False,Caitlyn,19751,4,Alistar,18025,4
KR_8340791546,200,True,Ezreal,57622,8,Amumu,93651,11
KR_8340779040,100,False,Smolder,203857,21,JarvanIV,296535,27
KR_8340779040,200,True,Kaisa,23813,5,Lulu,24141,5
KR_8338203249,100,True,Ashe,91458,11,Lux,189364,20
KR_8338203249,200,False,Jinx,5920,2,Lulu,15193,4
KR_8338182282,100,True,Lucian,13971,4,Leona,11364,3
KR_8338182282,200,False,Ashe,195770,20,Swain,385942,36
KR_8337023096,100,False,Veigar,11922,3,Alistar,2724,2
KR_8337023096,200,True,Samira,421932,41,Camille,59274,8
KR_8352679944,100,True,Ezreal,153983,17,Zilean,73959,9
KR_8352679944,200,False,Caitlyn,50195,7,Camille,12055,3
KR_8352572966,100,False,MissFortune,33523,6,Teemo,172247,18
KR_8352572966,200,True,Kaisa,110583,11,Pantheon,15707,4
KR_8352522411,100,False,Yasuo,32346,6,Pyke,30144,5
KR_8352522411,200,True,Jhin,79572,10,Senna,18288,4
KR_8352448788,100,False,Twitch,40131,6,Alistar,18950,4
KR_8352448788,200,True,Jinx,689870,65,Lulu,574236,55
KR_8351324910,100,False,Ezreal,63153,8,Thresh,699284,66
KR_8351324910,200,True,Vayne,5342020,453,Warwick,936949,88
KR_8351292279,100,True,Ezreal,23319,5,Karma,42344,6
KR_8351292279,200,False,Caitlyn,492186,47,Thresh,361559,35
KR_8351230570,100,False,Ashe,231124,22,Pyke,30144,5
KR_8351230570,200,True,Jinx,25730,5,Locke,1291,1
KR_8351105468,100,False,Jinx,85749,10,Leona,14826,4
KR_8351105468,200,True,Tristana,57223,8,Nautilus,42448,6
KR_8348467545,100,True,Senna,17000,4,Lux,123154,12
KR_8348467545,200,False,Xerath,729,1,Ziggs,300301,28
KR_8348390111,100,True,Yasuo,2239,2,Rakan,2823,2
KR_8348390111,200,False,Mel,379779,37,Nautilus,200648,21
KR_8346297211,100,True,Jhin,135015,15,Lux,461089,44
KR_8346297211,200,False,Jinx,7197,3,Pantheon,25624,5
KR_8346222712,100,True,Kaisa,149826,15,Thresh,58733,8
KR_8346222712,200,False,Jhin,366222,33,Xerath,194690,20
KR_8346189013,100,False,Tristana,153631,17,Lulu,1389830,123
KR_8346189013,200,True,Jhin,355230,35,MissFortune,114175,13
KR_8343272022,100,False,Jhin,44400,7,Seraphine,315510,31
KR_8343272022,200,True,Tristana,10300,3,Ashe,34839,6
KR_8339867892,100,False,MissFortune,35751,6,Seraphine,198203,21
KR_8339867892,200,True,Ezreal,5607,2,Leona,1699,1
KR_8339174969,100,True,Vayne,8327,3,Pyke,3039,2
KR_8339174969,200,False,Ezreal,39311,6,Blitzcrank,68954,9
KR_8338008957,100,False,Samira,989815,81,Leona,17281,4
KR_8338008957,200,True,Ezreal,170025,18,Teemo,163236,17
KR_8337976692,100,False,Caitlyn,45726,7,Mel,120708,14
KR_8337976692,200,True,Ezreal,712223,63,Leona,17281,4
KR_8337946767,100,True,Caitlyn,92589,11,Leona,17281,4
KR_8337946767,200,False,Jhin,94849,11,Soraka,2326130,196
KR_8337910819,100,True,Ashe,964058,87,Leona,17281,4
KR_8337910819,200,False,Kaisa,106708,12,Nautilus,14264,4
KR_8337858498,100,True,Jhin,42663,7,Xerath,10011,3
KR_8337858498,200,False,Aphelios,59812,8,Chogath,16463,4
KR_8337331479,100,False,Kaisa,43814,7,Yuumi,278731,28
KR_8337331479,200,True,Caitlyn,660743,63,Bard,44848,7
KR_8337217706,100,False,Xerath,10551,3,Seraphine,447448,43
KR_8337217706,200,True,Ashe,21934,5,Rell,86317,10
KR_8337197188,100,True,Lucian,33568,6,Senna,400448,33
KR_8337197188,200,False,Smolder,328249,30,Pyke,420805,41
KR_8343395468,100,False,Varus,31673,6,Nunu,227530,23
KR_8343395468,200,True,Caitlyn,225666,23,Seraphine,34823,6
KR_8343335053,100,True,Sivir,94190,11,Nunu,227530,23
KR_8343335053,200,False,Jinx,27863,5,Thresh,7131,3
KR_8338630759,100,True,Caitlyn,102563,12,Lux,80458,10
KR_8338630759,200,False,Jhin,46065,7,Pyke,696921,65
KR_8338583212,100,False,Yunara,23479,5,Lulu,144384,16
KR_8338583212,200,True,Kaisa,35186,6,Alistar,63346,8
KR_8352104307,100,True,Ashe,2081,2,Thresh,434804,41
KR_8352104307,200,False,Yunara,8901,3,Nautilus,27980,5
KR_8352056259,100,False,Caitlyn,263227,27,Morgana,41882,6
KR_8352056259,200,True,Kaisa,650837,60,Blitzcrank,251159,25
KR_8352010755,100,True,Xayah,81128,10,Lux,537103,51
KR_8352010755,200,False,Ezreal,92920,11,Camille,30641,5
KR_8351926115,100,True,Caitlyn,150501,16,Nidalee,24515,5
KR_8351926115,200,False,Ezreal,77197,10,Thresh,55113,8
KR_8351875277,100,True,Caitlyn,142581,16,Chogath,526035,50
KR_8351875277,200,False,Viktor,15666,4,Veigar,25291,5
KR_8349901630,100,False,Sivir,80862,10,Blitzcrank,133311,15
KR_8349901630,200,True,Xerath,450612,39,Morgana,18065,4
KR_8349880687,100,True,Jinx,102081,12,Bard,7058,3
KR_8349880687,200,False,Jhin,41287,6,Thresh,10544,3
KR_8349852690,100,True,MissFortune,82369,10,Blitzcrank,3871,2
KR_8349852690,200,False,Xayah,127555,14,Seraphine,174127,18
KR_8349818180,100,True,Jinx,242432,25,Lux,28973,5
KR_8349818180,200,False,Vayne,63663,8,FiddleSticks,2566,2
KR_8349774319,100,True,Kaisa,84912,10,Rell,34773,6
KR_8349774319,200,False,Caitlyn,414343,40,Lux,75090,9
KR_8349720656,100,True,Ashe,133049,15,Pantheon,66396,9
KR_8349720656,200,False,Xayah,23592,5,Lux,482173,46
KR_8349650270,100,False,Yunara,59245,8,Shaco,29830,5
KR_8349650270,200,True,Kaisa,105716,12,Seraphine,101165,12
KR_8340085643,100,True,Tristana,439251,42,Sylas,379706,37
KR_8340085643,200,False,Jhin,52574,7,RekSai,53065,7
KR_8348452595,100,False,Vayne,73727,9,Yuumi,13027,4
KR_8348452595,200,True,Kaisa,27573,5,Shen,27241,5
KR_8348390969,100,True,Jhin,198791,21,Vi,10310,3
KR_8348390969,200,False,Xerath,24679,5,MissFortune,6979,3
KR_8348248231,100,True,Vayne,472266,46,Blitzcrank,37002,6
KR_8348248231,200,False,Tristana,41431,6,Velkoz,198219,21
KR_8348219620,100,True,Kaisa,174698,19,Pantheon,23672,5
KR_8348219620,200,False,Caitlyn,221108,23,Leona,9597,3
KR_8348114954,100,True,Jinx,19390,4,Janna,369604,36
KR_8348114954,200,False,Fiora,591,1,Locke,9791,3
KR_8348058833,100,True,Ezreal,103054,12,Thresh,5719,2
KR_8348058833,200,False,Zeri,12750,4,Pyke,42378,6
KR_8348022437,100,True,Xayah,42566,6,Camille,9647,3
KR_8348022437,200,False,Kaisa,19688,4,Pantheon,23672,5
KR_8343811624,100,True,Jhin,108897,13,Nautilus,12956,4
KR_8343811624,200,False,Kaisa,361925,36,Pantheon,64065,8
KR_8355236992,100,False,Kaisa,116827,13,Camille,56754,8
KR_8355236992,200,True,Ezreal,34824,6,Thresh,731868,69
KR_8355236467,100,True,Ezreal,67063,9,Morgana,115178,13
KR_8355236467,200,False,Tristana,67232,9,Sylas,771777,71
KR_8355233068,100,True,Caitlyn,166787,18,Lux,37898,6
KR_8355233068,200,False,Ezreal,34465,6,Thresh,142798,16
KR_8355212080,100,False,Ezreal,120868,14,JarvanIV,124635,14
KR_8355212080,200,True,Tristana,24343,5,Leona,92825,11
KR_8348867466,100,False,MissFortune,4975,2,Senna,218204,22
KR_8348867466,200,True,Jhin,57856,8,Zyra,23805,5
KR_8345674119,100,False,Samira,409153,40,Nautilus,4222,2
KR_8345674119,200,True,Lucian,21368,4,Milio,426132,40
KR_8345639010,100,False,Velkoz,16425,4,Senna,6688,3
KR_8345639010,200,True,Ziggs,36344,6,Ezreal,329493,31
KR_8345440501,100,True,Caitlyn,141322,15,Lux,35051,6
KR_8345440501,200,False,Jinx,40780,6,Swain,4309,2
KR_8345430598,100,True,Ezreal,45322,7,Leona,31346,5
KR_8345430598,200,False,Jinx,7191,3,Blitzcrank,22021,5
KR_8337973749,100,True,Veigar,36664,6,Pyke,10122,3
KR_8337973749,200,False,Mel,7316,3,Sona,3052,2
KR_8337958149,100,True,Ziggs,81931,10,Pantheon,2045,2
KR_8337958149,200,False,Jhin,445907,42,Karma,8319,3
KR_8337921499,100,False,MissFortune,91005,11,Rakan,8785,3
KR_8337921499,200,True,Kled,370762,36,Jayce,9990,3
KR_8337882117,100,False,Seraphine,58215,8,Mel,736,1
KR_8337882117,200,True,Locke,15572,4,Pyke,10122,3
KR_8355150067,100,False,Caitlyn,125168,14,Morgana,638496,61
KR_8355150067,200,True,Zeri,29736,5,Camille,27338,5
KR_8355102645,100,False,Hwei,4501,2,Seraphine,184739,19
KR_8355102645,200,True,Kaisa,107458,12,Leona,13210,4
KR_8355066504,100,True,Caitlyn,24353,5,Lux,93902,11
KR_8355066504,200,False,Tristana,59543,8,Thresh,659326,59
KR_8354073649,100,False,Ezreal,28795,5,Nautilus,73838,9
KR_8354073649,200,True,Mel,6381,3,Galio,15056,4
KR_8354051323,100,True,Vayne,187806,20,Shen,62033,8
KR_8354051323,200,False,Ezreal,44182,7,Karma,156693,17
KR_8354004862,100,True,Caitlyn,22556,5,Neeko,275157,19
KR_8354004862,200,False,Zeri,8334,3,Yuumi,528396,51
KR_8353975701,100,True,Tristana,15984,4,Bard,1440891,134
KR_8353975701,200,False,Ezreal,64992,9,Soraka,2008702,181
KR_8353004036,100,True,Sivir,63394,8,Lulu,197729,21
KR_8353004036,200,False,Jhin,4936,2,Lux,19205,4
KR_8352968118,100,False,Kaisa,99738,12,Shaco,930937,85
KR_8352968118,200,True,Aphelios,24716,5,Brand,859043,79
KR_8352924991,100,False,Swain,322619,23,Veigar,10105,3
KR_8352924991,200,True,Jinx,3704,2,Thresh,70771,9
KR_8352890783,100,False,Jinx,54073,8,Blitzcrank,826777,66
KR_8352890783,200,True,Caitlyn,280043,28,Poppy,274224,27
KR_8352863193,100,False,Jhin,58362,8,Nautilus,19606,4
KR_8352863193,200,True,Kaisa,528856,51,Blitzcrank,182222,19
KR_8352806217,100,True,Kaisa,16727,4,Mel,14456,4
KR_8352806217,200,False,Kalista,72019,9,Nautilus,31817,6
KR_8352758774,100,True,Yone,28806,5,Yuumi,154630,17
KR_8352758774,200,False,Kaisa,14428,4,Nautilus,19177,4
KR_8352704393,100,True,Caitlyn,80906,10,Leona,10558,3
KR_8352704393,200,False,Nilah,26934,5,Leblanc,62485,8
KR_8352645363,100,False,Kaisa,161228,17,Nautilus,152488,16
KR_8352645363,200,True,Jhin,296097,30,Xerath,9166,3
KR_8352555386,100,True,Ezreal,51588,7,Lulu,129353,14
KR_8352555386,200,False,Kaisa,19738,4,Thresh,187719,20
KR_8352476364,100,False,Viktor,79999,10,Thresh,1584393,147
KR_8352476364,200,True,Caitlyn,65810,9,Morgana,227723,23
KR_8352348516,100,True,Corki,4740,2,Milio,10374,3
KR_8352348516,200,False,Twitch,55110,8,Seraphine,10723,3
KR_8352305989,100,False,Kaisa,68390,9,Nami,20069,4
KR_8352305989,200,True,Lucian,75265,9,Pyke,1680,1
KR_8352281121,100,False,Kaisa,187648,20,Leona,109871,10
KR_8352281121,200,True,Jinx,936309,69,Teemo,330436,33
KR_8351572386,100,False,Jinx,624636,59,Morgana,24157,5
KR_8351572386,200,True,Kaisa,35139,6,Nautilus,72126,9
KR_8351560474,100,True,Yasuo,1306586,121,Locke,10670,3
KR_8351560474,200,False,Draven,2442647,212,Maokai,18102,4
KR_8351537934,100,False,Jinx,19071,4,Lulu,429739,42
KR_8351537934,200,True,Caitlyn,18289,4,Yuumi,581194,55
KR_8351530790,100,False,Ashe,2392,2,Seraphine,11169,3
KR_8351530790,200,True,Caitlyn,5503,2,Lux,58665,8
KR_8351519264,100,True,Mel,3721,2,Pyke,105488,12
KR_8351519264,200,False,Ashe,373861,32,Yuumi,847544,72
KR_8351376062,100,False,Ziggs,33944,6,Nautilus,4165,2
KR_8351376062,200,True,Sivir,3998,2,Shen,1585945,121
KR_8351310160,100,False,Caitlyn,324678,32,Seraphine,875555,80
KR_8351310160,200,True,Kaisa,376615,35,Poppy,35905,6
KR_8351234443,100,True,Lucian,95099,11,Senna,137773,15
KR_8351234443,200,False,Kaisa,408063,40,Kayle,585262,48
KR_8351150214,100,True,Kaisa,269492,25,Poppy,43817,6
KR_8351150214,200,False,Ezreal,183550,16,Lux,541103,52
KR_8351090126,100,True,Ashe,34429,6,Seraphine,160866,17
KR_8351090126,200,False,Xerath,66564,9,Senna,324197,32
KR_8350990329,100,True,Aphelios,118124,13,Lulu,1296241,120
KR_8350990329,200,False,Lucian,384936,35,Ashe,143261,16
KR_8350896587,100,False,Ezreal,255209,26,Caitlyn,115576,13
KR_8350896587,200,True,MissFortune,304883,30,Yuumi,32116,6
KR_8350745714,100,True,MissFortune,547872,52,Mel,25226,5
KR_8350745714,200,False,Caitlyn,985888,88,Rell,23674,5
KR_8350614670,100,True,Jinx,53617,8,LeeSin,164261,18
KR_8350614670,200,False,Ezreal,13593,4,Sett,667681,63
KR_8350583365,100,False,Jhin,497087,48,Braum,466388,29
KR_8350583365,200,True,MissFortune,219796,23,Morgana,16892,4
KR_8350530321,100,True,Aphelios,9139,3,Nami,16747,4
KR_8350530321,200,False,Lucian,20542,4,Renata,46076,7
KR_8350472436,100,True,Yunara,5752,2,Kayn,46695,7
KR_8350472436,200,False,Ezreal,111036,13,Lux,347826,33
KR_8350400999,100,False,Ezreal,413407,40,Neeko,80166,10
KR_8350400999,200,True,Kaisa,290215,29,Nautilus,1008778,91
KR_8350278776,100,False,Lucian,48013,7,Sylas,48718,7
KR_8350278776,200,True,Kaisa,106273,12,Shaco,107619,12
KR_8350250367,100,False,Jhin,1634800,151,Zilean,285491,24
KR_8350250367,200,True,Jinx,171343,18,Nidalee,129751,14
KR_8350214026,100,False,Caitlyn,35640,6,Thresh,5565,2
KR_8350214026,200,True,Jhin,37163,6,Pyke,14947,4
KR_8349902065,100,False,Zeri,9055,3,Yuumi,1217254,81
KR_8349902065,200,True,Kaisa,87166,11,Senna,29812,5
KR_8349869608,100,False,Caitlyn,4596602,409,Soraka,1270560,114
KR_8349869608,200,True,Jhin,101500,12,Seraphine,5886,2
KR_8349826261,100,False,MissFortune,9491,3,Pyke,34391,6
KR_8349826261,200,True,Caitlyn,24559,5,Blitzcrank,18503,4
KR_8349685696,100,True,Vayne,1397240,130,Thresh,36181,6
KR_8349685696,200,False,Ezreal,499142,48,Senna,68933,9
KR_8349607622,100,True,Zeri,23382,5,Lulu,396016,39
KR_8349607622,200,False,Ezreal,1310972,122,Twitch,1170406,109
KR_8345184908,100,False,Xayah,50371,7,Lux,3995813,366
KR_8345184908,200,True,Caitlyn,437719,42,Ezreal,3072,2
KR_8345145271,100,False,Samira,114899,13,Alistar,3076,2
KR_8345145271,200,True,Caitlyn,4970,2,Lux,63102,8
KR_8345109261,100,False,Jinx,32263,6,Lulu,320794,32
KR_8345109261,200,True,Ashe,52810,7,Seraphine,116623,13
KR_8344993940,100,True,Samira,77645,10,Pyke,39672,6
KR_8344993940,200,False,Ezreal,53413,7,Seraphine,37413,6
KR_8344535150,100,False,Jhin,327284,32,Sion,29008,5
KR_8344535150,200,True,Ashe,255953,26,Leblanc,3045,2
KR_8344463651,100,True,KogMaw,29785,5,Pantheon,296975,30
KR_8344463651,200,False,Corki,69552,9,Nautilus,26594,5
KR_8344409945,100,False,Varus,140784,15,Pantheon,237893,24
KR_8344409945,200,True,Ezreal,153113,17,Bard,8357,3
KR_8344312539,100,False,Smolder,86584,10,Sona,41354,6
KR_8344312539,200,True,Ezreal,347984,33,Velkoz,10655,3
KR_8344254916,100,True,Caitlyn,654699,61,Alistar,7485,3
KR_8344254916,200,False,Ziggs,18418,4,Hwei,9158,3
KR_8344186812,100,True,Caitlyn,122306,14,MissFortune,47878,7
KR_8344186812,200,False,Yasuo,9242,3,Malphite,10775,3
KR_8344133547,100,True,Ashe,79250,10,Milio,1590,1
KR_8344133547,200,False,AurelionSol,147455,16,Seraphine,223784,23
KR_8343826436,100,False,Kaisa,223400,23,Blitzcrank,233144,24
KR_8343826436,200,True,Sivir,71542,9,Lux,99206,12
KR_8343800938,100,True,Kaisa,210509,22,Annie,42461,6
KR_8343800938,200,False,MissFortune,610909,56,Blitzcrank,1120482,87
KR_8343790418,100,True,Kaisa,14896,4,Skarner,196749,21
KR_8343790418,200,False,Ezreal,416707,41,Nautilus,94999,11
KR_8343726789,100,True,MissFortune,103283,12,Neeko,2416,2
KR_8343726789,200,False,Kaisa,81080,10,Anivia,54798,8
KR_8343682387,100,True,Caitlyn,315984,22,LeeSin,614906,49
KR_8343682387,200,False,Kaisa,61058,8,Jayce,6891,3
KR_8343636428,100,True,Jinx,62253,8,Zed,14193,4
KR_8343636428,200,False,Kaisa,197221,21,Pyke,189785,20
KR_8343585687,100,False,Lucian,13706,4,Milio,34849,6
KR_8343585687,200,True,Caitlyn,135992,15,Lulu,1059328,74
KR_8343520581,100,True,Jinx,87142,11,Braum,14323,4
KR_8343520581,200,False,Kaisa,375119,37,Elise,29991,5
KR_8343351695,100,False,Jhin,14692,4,Swain,193587,20
KR_8343351695,200,True,Yunara,84936,10,Veigar,3567939,301
KR_8343272771,100,False,Jhin,14692,4,Teemo,248894,22
KR_8343272771,200,True,Ashe,240178,24,Seraphine,4655,2
KR_8343203120,100,True,Xayah,19075,4,Braum,28922,5
KR_8343203120,200,False,Jhin,86536,10,Swain,158677,17
KR_8343120327,100,True,Jhin,11470,3,Maokai,27635,5
KR_8343120327,200,False,Yunara,4806,2,Karma,1381099,122
KR_8342373411,100,True,Jhin,706818,61,Pyke,529268,51
KR_8342373411,200,False,MissFortune,21936,5,Blitzcrank,166008,16
KR_8342111306,100,True,Caitlyn,23555,5,Lux,65088,9
KR_8342111306,200,False,Ezreal,133962,15,TahmKench,1817,2
KR_8342054934,100,True,Ezreal,1345676,125,Sylas,63695,8
KR_8342054934,200,False,Jhin,50964,7,Xerath,58163,8
KR_8342019653,100,True,Mel,5876,2,Xerath,206469,21
KR_8342019653,200,False,Jhin,89770,11,Morgana,11067,3
KR_8341873544,100,True,Ziggs,186476,20,TahmKench,20562,4
KR_8341873544,200,False,Jhin,14692,4,Velkoz,2336947,189
KR_8341792571,100,False,Caitlyn,613636,58,Lux,7259,3
KR_8341792571,200,True,Jhin,14692,4,Blitzcrank,19073,4
KR_8341738103,100,True,Jhin,14692,4,Lux,607964,58
KR_8341738103,200,False,Caitlyn,37895,6,JarvanIV,24285,5
KR_8341650669,100,True,Jhin,14692,4,Swain,13715,4
KR_8341650669,200,False,Lucian,380306,37,Sona,14462,4
KR_8341613027,100,False,Ezreal,121711,14,Brand,20269,4
KR_8341613027,200,True,Kaisa,63755,8,Seraphine,1280,1
KR_8341578115,100,False,Jhin,14692,4,Lux,60755,8
KR_8341578115,200,True,Yunara,75187,9,Lulu,485763,47
KR_8341379578,100,True,Yasuo,19987,4,Blitzcrank,194605,20
KR_8341379578,200,False,Kaisa,63755,8,Jax,36072,6
KR_8341317923,100,True,Kaisa,13047,4,JarvanIV,6052,3
KR_8341317923,200,False,Draven,77424,10,Alistar,4607,2
KR_8341269346,100,False,Kaisa,244349,25,Swain,12160,3
KR_8341269346,200,True,Aphelios,35397,6,Soraka,139757,15
KR_8341019874,100,True,Yunara,40052,6,Swain,39831,6
KR_8341019874,200,False,Ezreal,2585369,235,Karma,749189,71
KR_8340984280,100,True,Kaisa,599546,50,Alistar,32959,6
KR_8340984280,200,False,Ezreal,113573,13,Blitzcrank,206552,21
KR_8340934778,100,False,Xerath,33873,6,Camille,2609,2
KR_8340934778,200,True,Zeri,188209,20,Yuumi,862185,81
KR_8340894768,100,True,Ashe,255020,26,Seraphine,499632,39
KR_8340894768,200,False,Yunara,40052,6,Karma,21604,5
KR_8340864811,100,True,Kaisa,492392,47,Neeko,8305,3
KR_8340864811,200,False,Caitlyn,119258,13,Poppy,53504,7
KR_8340845016,100,True,Aphelios,457129,44,Poppy,15631,4
KR_8340845016,200,False,Kaisa,229880,24,Pantheon,3881,2
KR_8340818757,100,True,Jhin,144140,16,Nautilus,27704,5
KR_8340818757,200,False,Ezreal,107218,12,Xerath,29219,5
KR_8340359747,100,True,Kaisa,302333,27,Yuumi,36720,6
KR_8340359747,200,False,Tristana,65213,9,Senna,277936,26
KR_8354779364,100,False,Aphelios,74505,9,Pyke,2523441,232
KR_8354779364,200,True,Xerath,57072,8,Locke,25948,5
KR_8353855485,100,True,Kaisa,76946,10,Seraphine,87452,11
KR_8353855485,200,False,Jhin,245837,25,Camille,116653,13
KR_8353774511,100,True,MissFortune,169564,18,Sylas,356655,35
KR_8353774511,200,False,Kaisa,263546,27,Milio,116661,12
KR_8353675733,100,False,Ashe,19924,4,Blitzcrank,279344,28
KR_8353675733,200,True,Yunara,40538,6,Camille,116653,13
KR_8353621797,100,False,Tristana,88280,11,Poppy,1531,1
KR_8353621797,200,True,Kaisa,63513,8,Sylas,356655,35
KR_8352393499,100,False,Ezreal,430569,42,Camille,116653,13
KR_8352393499,200,True,Varus,46826,7,Seraphine,247010,25
KR_8349311879,100,False,Tristana,1428348,111,Vi,38014,6
KR_8349311879,200,True,Kaisa,101537,12,Zilean,302978,30
KR_8355069677,100,False,MissFortune,1805865,167,Lux,3740806,284
KR_8355069677,200,True,Vayne,104495,12,Pyke,888032,83
KR_8355008996,100,False,Velkoz,59749,8,Seraphine,705,1
KR_8355008996,200,True,MissFortune,1805865,167,Morgana,7339,3
KR_8354940866,100,True,Xayah,276341,28,Thresh,6857,3
KR_8354940866,200,False,Jhin,1300551,114,Teemo,2668283,162
KR_8354911350,100,True,MissFortune,1805865,167,JarvanIV,23524,5
KR_8354911350,200,False,Ezreal,871971,82,Lux,8902,3
KR_8354523644,100,False,Kaisa,100715,12,Swain,1075739,66
KR_8354523644,200,True,MissFortune,1805865,167,Maokai,88904,11
KR_8354487597,100,True,Jhin,1300551,114,Thresh,374449,36
KR_8354487597,200,False,Ezreal,214189,22,Xerath,339460,33
KR_8354443990,100,True,Ezreal,98510,12,Thresh,204696,21
KR_8354443990,200,False,Ashe,99695,12,Seraphine,59069,8
KR_8353844421,100,True,MissFortune,1805865,167,Blitzcrank,602978,57
KR_8353844421,200,False,Jinx,1310680,48,Pantheon,172844,18
KR_8353757727,100,False,Sylas,7256,3,Syndra,91313,11
KR_8353757727,200,True,Jhin,1300551,114,Seraphine,412684,40
KR_8348463165,100,True,Kaisa,237328,24,Leona,55182,8
KR_8348463165,200,False,Ashe,99695,12,Lulu,35244,6
KR_8348402995,100,True,Caitlyn,81552,10,Lux,6125,3
KR_8348402995,200,False,Ashe,99695,12,Braum,77816,10
KR_8348366184,100,False,Jhin,1300551,114,Malphite,4086,2
KR_8348366184,200,True,Caitlyn,75652,10,TahmKench,369731,36
KR_8348284935,100,True,MissFortune,1805865,167,Galio,939274,77
KR_8348284935,200,False,Vayne,293195,29,Ashe,9057,3
KR_8348232110,100,False,Jhin,1300551,114,Rengar,428508,42
KR_8348232110,200,True,Kaisa,143337,16,Thresh,176472,19
KR_8346292327,100,True,Yunara,30780,5,Soraka,6880490,547
KR_8346292327,200,False,Kaisa,59303,8,Thresh,80258,10
KR_8346225537,100,True,Kaisa,229119,23,Blitzcrank,54003,8
KR_8346225537,200,False,Jhin,1300551,114,Lux,192766,20
KR_8346152782,100,False,Caitlyn,67643,9,Lux,50604,7
KR_8346152782,200,True,Ashe,99695,12,Seraphine,38126,6
KR_8346096426,100,False,Jhin,1300551,114,Xerath,95981,11
KR_8346096426,200,True,Kaisa,1000492,83,Zyra,417328,41
KR_8345698116,100,True,Irelia,1128892,105,Seraphine,5336,2
KR_8345698116,200,False,Jhin,1300551,114,Blitzcrank,14669,4
KR_8345652689,100,False,Caitlyn,55222,8,Sylas,120905,14
KR_8345652689,200,True,Jhin,1300551,114,Maokai,780350,73
KR_8345620645,100,True,Caitlyn,13835,4,Lulu,81518,10
KR_8345620645,200,False,Jinx,9849,3,Nautilus,57228,8
KR_8345585879,100,True,MissFortune,1805865,167,Leona,45774,7
KR_8345585879,200,False,Kaisa,18329,4,Poppy,552080,51
KR_8345561731,100,False,Mel,50574,7,Alistar,749367,71
KR_8345561731,200,True,Jhin,1300551,114,Camille,184646,19
KR_8340535090,100,True,Caitlyn,64189,8,Leona,850672,80
KR_8340535090,200,False,Jhin,1300551,114,Neeko,387620,38
KR_8340492814,100,False,Ashe,99695,12,Braum,46704,7
KR_8340492814,200,True,Caitlyn,53156,7,Leona,194947,19
KR_8340474096,100,True,Jhin,1300551,114,Xerath,12552,3
KR_8340474096,200,False,Yasuo,216072,21,Blitzcrank,77021,10
KR_8338034574,100,True,Caitlyn,315205,31,Poppy,4311,2
KR_8338034574,200,False,MissFortune,1805865,167,Leona,122838,12
KR_8355181736,100,True,Ezreal,442630,43,Zyra,2383,2
KR_8355181736,200,False,Jinx,31932,6,Xerath,7360,3
KR_8355160206,100,False,Samira,218914,23,Alistar,13886,4
KR_8355160206,200,True,Ashe,1971,1,Seraphine,900320,66
KR_8355111942,100,True,Jinx,177617,18,Thresh,420478,41
KR_8355111942,200,False,Caitlyn,66740,9,Lux,17151,4
KR_8354916575,100,True,Kaisa,140672,15,Camille,2556,2
KR_8354916575,200,False,Ashe,82430,10,Braum,46039,7
KR_8354883048,100,True,Caitlyn,66740,9,Rammus,851079,80
KR_8354883048,200,False,Jhin,127936,14,Zyra,141688,16
KR_8353801776,100,True,Jinx,59187,8,Nautilus,23023,5
KR_8353801776,200,False,Ashe,552859,49,Lux,303435,30
KR_8352826824,100,True,Caitlyn,46122,7,Lux,754991,67
KR_8352826824,200,False,Ezreal,442630,43,Camille,723,1
KR_8352775814,100,False,Caitlyn,50091,7,Lux,394474,38
KR_8352775814,200,True,Jinx,59187,8,Milio,134165,15
KR_8352665633,100,True,Ezreal,218218,22,Karma,19375,4
KR_8352665633,200,False,Lucian,108664,13,Lux,772241,71
KR_8350666518,100,False,Caitlyn,5939,2,Braum,45918,7
KR_8350666518,200,True,Ezreal,23604,5,Lux,118295,13
KR_8350622401,100,True,Yunara,16205,4,Braum,218215,22
KR_8350622401,200,False,Kaisa,7758,3,Leona,65066,9
KR_8350587468,100,True,Seraphine,44889,7,Poppy,32991,6
KR_8350587468,200,False,Ashe,82430,10,Karma,26829,5
KR_8350543619,100,True,Ezreal,442630,43,Aatrox,5206,2
KR_8350543619,200,False,Kaisa,186073,20,Lux,121702,14
KR_8350497400,100,True,Xayah,18395,4,Karma,26829,5
KR_8350497400,200,False,Kaisa,345309,32,Leona,23089,5
KR_8350459281,100,True,Caitlyn,66740,9,Maokai,8143,3
KR_8350459281,200,False,Ashe,19433,4,Seraphine,4558,2
KR_8350390931,100,True,Kaisa,75382,9,Nautilus,23023,5
KR_8350390931,200,False,Jinx,58991,8,Thresh,374765,37
KR_8348186947,100,False,Ezreal,442630,43,Neeko,751487,64
KR_8348186947,200,True,Jinx,1447259,133,Yuumi,464965,45
KR_8344277464,100,True,Caitlyn,165447,18,Leblanc,116512,13
KR_8344277464,200,False,Samira,218914,23,Nautilus,23023,5
KR_8344222021,100,True,Xerath,26985,5,Sylas,301912,30
KR_8344222021,200,False,Ezreal,442630,43,Karma,26829,5
KR_8343646418,100,False,Ezreal,442630,43,MissFortune,125472,14
KR_8343646418,200,True,Kalista,346709,29,Swain,130876,15
KR_8355147440,100,True,Kaisa,492221,47,Sylas,262514,26
KR_8355147440,200,False,Caitlyn,111462,13,Nautilus,98239,12
KR_8355109027,100,True,Ezreal,145243,16,LeeSin,210425,21
KR_8355109027,200,False,Viktor,14416,4,Xerath,1021760,96
KR_8355048684,100,True,Ezreal,214987,22,Pantheon,7669,3
KR_8355048684,200,False,Jhin,253937,26,Nautilus,26994,5
KR_8354996203,100,False,Brand,15898,4,Zyra,220919,23
KR_8354996203,200,True,Samira,32412,6,Rakan,1488830,120
KR_8354913297,100,True,Jhin,9615,3,FiddleSticks,2275035,209
KR_8354913297,200,False,Tristana,190231,20,Yuumi,511972,48
KR_8354848123,100,False,Jinx,105294,12,Maokai,225488,23
KR_8354848123,200,True,Kaisa,119658,14,Thresh,477716,42
KR_8354641722,100,True,Kaisa,37250,6,Rell,75913,10
KR_8354641722,200,False,Caitlyn,44025,7,Lux,970559,91
KR_8354031648,100,False,Kaisa,160006,17,Maokai,105086,12
KR_8354031648,200,True,Lucian,214154,22,Milio,77978,10
KR_8353989788,100,False,Caitlyn,111462,13,MissFortune,261883,26
KR_8353989788,200,True,Jinx,76667,10,Senna,143029,16
KR_8353934972,100,True,Yunara,40166,6,Leona,16399,4
KR_8353934972,200,False,Jhin,309783,23,Bard,13034,4
KR_8353274229,100,False,Syndra,12298,3,Thresh,23538,4
KR_8353274229,200,True,Yasuo,1194116,111,Xerath,156326,17
KR_8352675031,100,False,MissFortune,107706,10,Seraphine,4915,2
KR_8352675031,200,True,Yunara,2918,2,Rakan,157380,17
KR_8351978126,100,True,Lucian,40575,6,Thresh,231767,24
KR_8351978126,200,False,Caitlyn,53137,7,Seraphine,113133,13
KR_8351887960,100,False,Ezreal,1022,1,Morgana,90924,11
KR_8351887960,200,True,Teemo,38646,6,Seraphine,15638,4
KR_8351850553,100,False,Jhin,81322,10,Rell,17273,4
KR_8351850553,200,True,Ashe,242134,25,Leona,39958,6
KR_8350355645,100,False,MissFortune,33447,6,Lux,614219,58
KR_8350355645,200,True,Xayah,456701,44,TwistedFate,2885,2
KR_8349637906,100,True,Caitlyn,295148,28,Zyra,33862,6
KR_8349637906,200,False,Tristana,114951,13,Xerath,88014,11
KR_8349034225,100,True,Xayah,456701,44,Blitzcrank,30468,5
KR_8349034225,200,False,Ashe,1282095,97,Kaisa,22783,5
KR_8348923166,100,True,Xayah,456701,44,Nautilus,18371,4
KR_8348923166,200,False,Zeri,24077,5,Morgana,19602,4
KR_8344364784,100,False,Xayah,456701,44,Pyke,444059,43
KR_8344364784,200,True,Corki,15953,4,Lux,33961,6
KR_8344315474,100,True,Tristana,14336,4,Sion,90035,11
KR_8344315474,200,False,Xayah,456701,44,Neeko,216309,22
KR_8344270649,100,False,Lucian,96512,11,Rakan,157380,17
KR_8344270649,200,True,Ezreal,558627,53,Blitzcrank,19335,4
KR_8344232169,100,True,Kaisa,64498,8,Pyke,39750,6
KR_8344232169,200,False,MissFortune,283536,28,Blitzcrank,19067,4
KR_8344171954,100,True,Kaisa,64498,8,Jhin,107752,12
KR_8344171954,200,False,Ezreal,259626,26,Thresh,10634,3
KR_8341826960,100,True,MissFortune,255698,26,Thresh,40234,6
KR_8341826960,200,False,Xayah,456701,44,Lux,1591234,122
KR_8341761092,100,False,Caitlyn,23751,5,Mel,2180,2
KR_8341761092,200,True,Xerath,54531,8,Lux,27003,5
KR_8341692748,100,False,Corki,35324,6,Lux,13061,4
KR_8341692748,200,True,Jinx,2838,2,Janna,19565,4
KR_8341661132,100,True,Caitlyn,887682,83,Rakan,157380,17
KR_8341661132,200,False,Aphelios,119167,13,Braum,4240,2
KR_8352001960,100,False,Sivir,40611,6,Brand,15081,4
KR_8352001960,200,True,Kaisa,74487,9,Karma,538143,52
KR_8351336318,100,True,Samira,139651,15,Thresh,89209,11
KR_8351336318,200,False,Jhin,248765,25,Karthus,24207,5
KR_8351315491,100,True,Kaisa,82171,10,Yuumi,38176,6
KR_8351315491,200,False,Jhin,31648,6,Taric,10219,3
KR_8353100856,100,True,Caitlyn,42713,7,Pyke,1330182,124
KR_8353100856,200,False,Aphelios,28159,5,Milio,6959,3
KR_8353093418,100,True,Vayne,196513,20,Yuumi,745759,61
KR_8353093418,200,False,Samira,280010,28,Poppy,27262,5
KR_8353088271,100,False,Tristana,7395,3,Lux,947296,84
KR_8353088271,200,True,Ashe,190659,20,Seraphine,277494,28
KR_8353071455,100,False,Jinx,91281,11,Xerath,334181,33
KR_8353071455,200,True,Ezreal,173951,18,Velkoz,6804675,557
KR_8353068330,100,True,Jinx,39900,6,Pyke,934875,79
KR_8353068330,200,False,Aphelios,22297,5,Bard,3119,2
KR_8351637916,100,True,Caitlyn,8080,3,Lux,12100,3
KR_8351637916,200,False,Jinx,59099,8,Swain,268887,27
KR_8351561349,100,True,Ashe,20945,4,Seraphine,19380,4
KR_8351561349,200,False,Jinx,226154,20,Soraka,21460,4
KR_8351537957,100,False,Kalista,7186,3,Kennen,1881700,129
KR_8351537957,200,True,Teemo,876276,76,Pantheon,9744,3
KR_8351520763,100,False,Lucian,63600,8,Nami,1678,1
KR_8351520763,200,True,Kaisa,9837,3,Braum,140491,15
KR_8351503871,100,True,Jhin,9072,3,Seraphine,171630,18
KR_8351503871,200,False,Ezreal,453179,44,Soraka,490,1
KR_8351414131,100,True,Jhin,3558,2,Blitzcrank,11325,3
KR_8351414131,200,False,Ashe,4204,2,Xerath,18074,4
KR_8350031755,100,True,Kaisa,38670,6,Brand,9502,3
KR_8350031755,200,False,Caitlyn,56988,8,Thresh,465176,45
KR_8349926094,100,False,Kaisa,16599,4,Karma,788,1
KR_8349926094,200,True,Teemo,78925,10,Amumu,59878,8
KR_8349894639,100,False,Kaisa,282806,28,Nautilus,9070,3
KR_8349894639,200,True,Caitlyn,89524,11,Thresh,665483,63
KR_8349869967,100,True,Ashe,72024,9,Jax,65206,9
KR_8349869967,200,False,Aphelios,114392,13,Thresh,1337,1
KR_8349850302,100,True,Diana,12773,4,Sylas,252991,23
KR_8349850302,200,False,Ezreal,46419,7,Teemo,459259,37
KR_8349812144,100,False,MissFortune,3691,2,Yuumi,196953,21
KR_8349812144,200,True,Ezreal,10766,3,Zyra,24651,5
KR_8346608750,100,True,Kaisa,26732,5,Lux,28361,5
KR_8346608750,200,False,Ezreal,283547,28,Lulu,92105,11
KR_8346598655,100,False,Lucian,15683,4,Camille,10610,3
KR_8346598655,200,True,Caitlyn,111401,13,Morgana,47360,7
KR_8354118591,100,False,Jhin,23754,5,Mel,60171,8
KR_8354118591,200,True,Velkoz,59749,8,Poppy,43527,7
KR_8352998141,100,True,Jhin,20130,4,Seraphine,9307,3
KR_8352998141,200,False,Caitlyn,37862,6,Rell,576,1
KR_8351798019,100,False,Jhin,22654,5,Thresh,7143,3
KR_8351798019,200,True,Ezreal,167040,18,Poppy,4009,2
KR_8351919097,100,False,Kaisa,4982,2,Veigar,39283,6
KR_8351919097,200,True,Jhin,5611,2,Senna,49825,7
KR_8351867430,100,False,Kaisa,4532,2,Nautilus,63899,8
KR_8351867430,200,True,Xayah,17712,4,Rakan,2213,2
KR_8350714971,100,True,Jinx,63897,8,Zilean,54086,8
KR_8350714971,200,False,Ezreal,15688,4,Karma,36369,6
KR_8352134466,100,True,Jhin,156917,17,Rell,40408,6
KR_8352134466,200,False,Kaisa,147931,16,Seraphine,553538,51
KR_8352071532,100,False,Aphelios,138413,15,Ashe,2942,2
KR_8352071532,200,True,Kaisa,147931,16,Thresh,46466,7
KR_8355088956,100,False,Samira,5168,2,Alistar,5319,2
KR_8355088956,200,True,Xerath,422471,41,TwistedFate,57568,8
KR_8355047364,100,True,Kaisa,264444,24,Blitzcrank,16684,4
KR_8355047364,200,False,Ezreal,66220,9,Lux,1817073,166
KR_8347850377,100,False,Ezreal,108934,13,Nautilus,30926,5
KR_8347850377,200,True,Xerath,35125,6,Teemo,65158,9
KR_8347835352,100,True,Jhin,4449,2,Milio,136247,15
KR_8347835352,200,False,Caitlyn,129223,13,Maokai,42733,7
KR_8347805621,100,True,Ezreal,27094,5,Seraphine,30961,5
KR_8347805621,200,False,Kaisa,106443,12,Pantheon,4487,2
KR_8347786388,100,True,Caitlyn,116468,13,Seraphine,5800,2
KR_8347786388,200,False,Kaisa,380721,37,Akali,13875,4
KR_8347763000,100,True,Caitlyn,116468,13,Lux,22124,5
KR_8347763000,200,False,KogMaw,19067,4,DrMundo,87143,11
KR_8347753241,100,True,Ezreal,241767,21,Lux,533142,49
KR_8347753241,200,False,Ashe,269576,27,Morgana,60034,8
KR_8347727246,100,False,Syndra,27632,5,Morgana,18433,4
KR_8347727246,200,True,Caitlyn,1458855,98,Blitzcrank,43041,7
KR_8347714051,100,False,Samira,35761,6,Xerath,10532,3
KR_8347714051,200,True,Aphelios,4211,2,Swain,724712,69
KR_8346615490,100,False,Jhin,708586,65,Karma,13590,4
KR_8346615490,200,True,AurelionSol,23258,5,Sett,11161,3
KR_8346588863,100,False,Xerath,36438,6,Janna,7719,3
KR_8346588863,200,True,Jinx,79007,10,Soraka,650547,60
KR_8340965665,100,True,Velkoz,57173,8,Xerath,527167,46
KR_8340965665,200,False,Lucian,480,1,Yasuo,7785,3
KR_8340900835,100,True,Twitch,52129,7,Rakan,55521,8
KR_8340900835,200,False,Kaisa,181953,19,Morgana,56923,8
KR_8339574477,100,True,Kaisa,3843,2,Pantheon,88965,11
KR_8339574477,200,False,Xerath,55251,8,Galio,79474,10
KR_8339541745,100,True,Veigar,13613,4,Ziggs,409867,40
KR_8339541745,200,False,Caitlyn,224356,23,Zilean,197001,21
KR_8336961835,100,True,Zeri,146939,16,Camille,8320,3
KR_8336961835,200,False,Ezreal,39326,6,Karma,11742,3
KR_8336966299,100,False,Yunara,26666,5,Poppy,770573,73
KR_8336966299,200,True,Ezreal,200710,21,Leona,108531,12
KR_8336935836,100,False,Mel,22126,5,Poppy,770573,73
KR_8336935836,200,True,Aphelios,149947,16,Pyke,199906,21
KR_8353086307,100,True,Kaisa,97632,12,Lux,367868,35
KR_8353086307,200,False,Lucian,15751,4,Milio,2349,2
KR_8340231920,100,True,Xerath,4315,2,Karma,299028,30
KR_8340231920,200,False,MissFortune,115256,13,Swain,817709,77
KR_8340163605,100,False,Jhin,1057841,96,Mel,292027,28
KR_8340163605,200,True,Kaisa,48322,7,Lulu,39781,6
KR_8340071957,100,False,Ezreal,85077,10,Karma,299028,30
KR_8340071957,200,True,Jhin,329424,33,Sona,471523,42
KR_8339020497,100,True,Caitlyn,2598,2,Nautilus,29842,5
KR_8339020497,200,False,Ashe,23931,5,Lux,89058,11
KR_8338963026,100,True,Sivir,67234,9,Rell,72829,9
KR_8338963026,200,False,Kaisa,48322,7,Vi,35637,6
KR_8338897197,100,False,Xayah,36178,6,Locke,8376,3
KR_8338897197,200,True,Ezreal,85077,10,Galio,15762,4
KR_8338336550,100,True,Ezreal,85077,10,Heimerdinger,1458817,135
KR_8338336550,200,False,Ashe,14361,4,Zilean,1361852,126
KR_8338312729,100,False,Kaisa,48322,7,Sona,38102,6
KR_8338312729,200,True,Lucian,49945,7,Blitzcrank,115935,13
KR_8355118222,100,True,Jhin,294439,26,Seraphine,3080,2
KR_8355118222,200,False,Kalista,22988,5,Chogath,7691,3
KR_8355076884,100,True,Vayne,66643,9,Yuumi,139807,15
KR_8355076884,200,False,Ezreal,18542,4,Senna,328198,32
KR_8355054638,100,True,Aphelios,17019,4,Seraphine,177546,19
KR_8355054638,200,False,Caitlyn,28661,5,Jhin,41339,6
KR_8354161234,100,True,Yasuo,153507,17,Lux,349934,30
KR_8354161234,200,False,Mel,61241,8,Swain,140464,15
KR_8354150278,100,False,Vayne,129675,14,Senna,443795,43
KR_8354150278,200,True,Corki,1891,2,Galio,110582,13
KR_8352989968,100,False,Jhin,50199,7,Xerath,4373,2
KR_8352989968,200,True,Kaisa,194591,20,Rell,57017,8
KR_8351523927,100,True,Jhin,78062,10,Xerath,323639,32
KR_8351523927,200,False,Aphelios,168999,18,Lulu,716973,63
KR_8351520555,100,True,MissFortune,252881,26,Nautilus,273498,27
KR_8351520555,200,False,Shaco,131163,15,Jax,1484,1
KR_8348626447,100,False,MissFortune,339921,34,Swain,16467,4
KR_8348626447,200,True,Vayne,258596,26,Blitzcrank,141267,15
KR_8346992436,100,True,Tristana,25002,5,Maokai,32116,6
KR_8346992436,200,False,Yunara,56551,8,Leona,38904,6
KR_8346940414,100,True,Jhin,7269,3,Xerath,16621,4
KR_8346940414,200,False,Caitlyn,173103,18,Lux,501259,48
KR_8346890809,100,True,Ashe,1471536,117,Seraphine,77406,10
KR_8346890809,200,False,Sivir,44119,7,Shaco,133593,15
KR_8345405747,100,False,Corki,36103,6,Blitzcrank,7556,3
KR_8345405747,200,True,Kaisa,35945,6,Taric,141707,16
KR_8345393976,100,True,Caitlyn,6982,3,Leblanc,5116,2
KR_8345393976,200,False,Kaisa,203263,21,Leona,8003,3
KR_8342144271,100,True,Ezreal,71119,9,Shaco,104770,12
KR_8342144271,200,False,Tristana,22480,5,Lux,1623023,145
KR_8342119212,100,True,Tristana,14096,4,Yuumi,601439,57
KR_8342119212,200,False,Mel,3105,2,Lux,14698,4
KR_8340766186,100,False,KogMaw,140956,15,Yuumi,1573,1
KR_8340766186,200,True,Syndra,42967,7,Thresh,42185,6
KR_8340659531,100,False,Ezreal,223067,23,Bard,35036,6
KR_8340659531,200,True,Xerath,62920,8,Thresh,31331,5
KR_8340646541,100,False,Corki,107654,12,Lux,870120,80
KR_8340646541,200,True,Kaisa,94491,11,Pyke,48024,7
KR_8351817975,100,True,Jhin,185208,19,Brand,40495,6
KR_8351817975,200,False,Lucian,50956,7,Nami,3705,2
KR_8350395919,100,True,Viktor,19194,4,Morgana,11482,3
KR_8350395919,200,False,Caitlyn,64636,9,KSante,8707,3
KR_8350331758,100,True,Lucian,12705,4,Sona,94135,11
KR_8350331758,200,False,Smolder,6795,3,Xerath,14508,4
KR_8350259750,100,False,Smolder,26225,5,Thresh,212520,20
KR_8350259750,200,True,MissFortune,801040,75,Alistar,18994,4
KR_8350178808,100,False,Kaisa,32393,6,Leblanc,0,1
KR_8350178808,200,True,Caitlyn,75655,10,Poppy,37204,6
KR_8350120054,100,True,Yunara,35487,6,Pantheon,85944,10
KR_8350120054,200,False,Ezreal,16953,4,Blitzcrank,175524,19
KR_8352867336,100,True,Senna,23281,5,Nautilus,165137,16
KR_8352867336,200,False,Vayne,62181,8,Swain,8037,3
KR_8352804870,100,True,Swain,26255,5,Soraka,348807,33
KR_8352804870,200,False,Ezreal,23610,5,Blitzcrank,44963,7
KR_8349846616,100,True,Caitlyn,40205,6,Thresh,210525,20
KR_8349846616,200,False,Jhin,516,1,TahmKench,54851,8
KR_8349774904,100,False,Jinx,118496,13,Lux,256012,20
KR_8349774904,200,True,Lucian,19017,4,Zac,489140,47
KR_8349688996,100,False,Caitlyn,19441,4,Shaco,1640108,152
KR_8349688996,200,True,Jhin,586320,56,Maokai,47049,7
KR_8351128184,100,True,Tristana,12634,4,Camille,35862,6
KR_8351128184,200,False,Kaisa,18178,4,Morgana,20371,4
KR_8355189875,100,False,Ziggs,14875,4,Brand,383185,37
KR_8355189875,200,True,Tristana,75975,10,Veigar,3068,2
KR_8354769661,100,True,Caitlyn,95436,11,Yuumi,798375,69
KR_8354769661,200,False,Lucian,70298,9,Milio,22247,5
KR_8354696974,100,True,Jhin,151193,16,Leona,16743,4
KR_8354696974,200,False,Sivir,1401,1,Pyke,52351,7
KR_8354654261,100,False,Yasuo,58021,8,Nautilus,9766,3
KR_8354654261,200,True,Ezreal,168009,18,Nami,773010,66
KR_8348657577,100,False,Caitlyn,37288,6,Nautilus,111222,13
KR_8348657577,200,True,Ashe,36429,6,Seraphine,34193,6
KR_8347809804,100,False,Jhin,1444,1,Xerath,12392,3
KR_8347809804,200,True,Yunara,10221,3,Pyke,20711,4
KR_8347565879,100,False,Caitlyn,11649,3,Leblanc,90165,11
KR_8347565879,200,True,Xayah,61741,8,Skarner,11666,3
KR_8346565380,100,True,Zeri,12097,3,Lulu,141383,15
KR_8346565380,200,False,Kaisa,109441,11,Rakan,14406,4
KR_8354025308,100,True,Samira,514011,49,Leona,44755,7
KR_8354025308,200,False,Jhin,58646,8,Thresh,21346,4
KR_8354422866,100,True,Xerath,387882,38,Thresh,14306,4
KR_8354422866,200,False,Jinx,1752614,121,Nautilus,76597,10
KR_8354409324,100,False,Vayne,17723,4,Alistar,279631,26
KR_8354409324,200,True,Caitlyn,28134,5,Morgana,74924,9
KR_8354388196,100,True,Zeri,13235,4,Leona,148838,16
KR_8354388196,200,False,Jinx,30163,5,Blitzcrank,48547,7
KR_8354356494,100,True,Yunara,9283,3,Nautilus,12994,4
KR_8354356494,200,False,Zeri,13235,4,Thresh,65466,9
KR_8354321843,100,False,Ezreal,480750,46,Morgana,76041,10
KR_8354321843,200,True,Jhin,31887,6,Xerath,387882,38
KR_8353314603,100,False,Jinx,30163,5,Blitzcrank,48547,7
KR_8353314603,200,True,Caitlyn,61534,8,Thresh,18554,4
KR_8353285312,100,False,Ezreal,206229,21,Lux,11238,3
KR_8353285312,200,True,Caitlyn,28134,5,Blitzcrank,48547,7
KR_8353259454,100,False,Caitlyn,49272,7,JarvanIV,137970,15
KR_8353259454,200,True,Varus,35290,6,Xerath,387882,38
KR_8353238293,100,True,Zeri,14229,4,Leona,50584,7
KR_8353238293,200,False,Lucian,16286,4,TahmKench,47921,7
KR_8353223202,100,True,Ashe,64665,9,Velkoz,336455,33
KR_8353223202,200,False,Caitlyn,20781,4,Blitzcrank,48547,7
KR_8347800871,100,True,Aphelios,7719,3,Morgana,74924,9
KR_8347800871,200,False,Kaisa,40751,6,Seraphine,6872,3
KR_8347790077,100,True,Kaisa,319385,32,Pantheon,1390127,123
KR_8347790077,200,False,Jinx,1752614,121,Xerath,387882,38
KR_8347758872,100,True,Kaisa,72616,9,Velkoz,182754,19
KR_8347758872,200,False,TwistedFate,32635,6,Pyke,14890,4
KR_8347739681,100,True,Viktor,4364,2,Xerath,387882,38
KR_8347739681,200,False,Corki,134386,15,Leona,648567,60
KR_8347722670,100,False,Aphelios,105312,12,Morgana,74924,9
KR_8347722670,200,True,Kaisa,36353,6,Alistar,139216,15
KR_8346745855,100,False,Ezreal,883109,83,Morgana,74924,9
KR_8346745855,200,True,Caitlyn,613334,32,Viktor,56718,8
KR_8346725444,100,False,Ezreal,32191,6,Xerath,387882,38
KR_8346725444,200,True,Senna,31701,6,Karma,430666,36
KR_8346661520,100,True,Vayne,32035,6,Renata,13357,4
KR_8346661520,200,False,Yunara,9283,3,Leona,50584,7
KR_8346646764,100,True,Ashe,12035,3,Seraphine,316398,31
KR_8346646764,200,False,Caitlyn,28134,5,Morgana,74924,9
KR_8343479305,100,False,KogMaw,39215,6,Teemo,66437,9
KR_8343479305,200,True,Caitlyn,11735,3,Xerath,383532,37
KR_8343386874,100,True,Jhin,55569,8,Ashe,51849,7
KR_8343386874,200,False,Caitlyn,25839,5,Alistar,325607,29
KR_8343280504,100,True,Yunara,34701,6,Janna,189231,20
KR_8343280504,200,False,Kaisa,39142,6,Nautilus,19465,4
KR_8343201648,100,True,MissFortune,416379,40,Rell,315441,31
KR_8343201648,200,False,Caitlyn,228114,20,Lux,666897,60
KR_8343115387,100,False,Jhin,16155,4,Poppy,113257,13
KR_8343115387,200,True,Jinx,114688,13,Pantheon,262539,26
KR_8343030529,100,True,Kaisa,32042,6,Blitzcrank,87591,11
KR_8343030529,200,False,Caitlyn,182101,19,Lux,23833,5
KR_8342819260,100,False,Kalista,57297,8,Bard,134856,15
KR_8342819260,200,True,Ashe,38980,6,Xerath,387882,38
KR_8342749740,100,True,MissFortune,1896282,175,Maokai,178150,19
KR_8342749740,200,False,Jhin,31887,6,Xerath,387882,38
KR_8342700354,100,True,Yunara,3013,2,Yuumi,258141,25
KR_8342700354,200,False,Kalista,192415,20,Blitzcrank,48547,7
KR_8339557005,100,False,Kaisa,118957,13,Xerath,387882,38
KR_8339557005,200,True,Kalista,14618,4,Skarner,148924,16
KR_8339513773,100,True,Caitlyn,358058,35,Morgana,74924,9
KR_8339513773,200,False,Kaisa,155504,17,Poppy,102341,12
KR_8339482854,100,False,Aphelios,118341,13,Xerath,387882,38
KR_8339482854,200,True,Varus,81152,10,Thresh,1956947,168
KR_8339449974,100,False,Yone,39688,6,Morgana,74924,9
KR_8339449974,200,True,Kaisa,211062,19,Lux,293280,29
KR_8339425643,100,False,Zeri,25098,5,Xerath,387882,38
KR_8339425643,200,True,Caitlyn,38182,6,Blitzcrank,403914,39
KR_8338401949,100,False,Ezreal,778458,65,Mel,79639,10
KR_8338401949,200,True,Caitlyn,29382,5,Morgana,74924,9
KR_8338387366,100,True,Yasuo,536855,45,Shaco,3448,2
KR_8338387366,200,False,Viktor,18204,4,Xerath,387882,38
KR_8338342897,100,False,Yunara,32666,6,Kennen,115299,13
KR_8338342897,200,True,Ezreal,365186,36,Xerath,387882,38
KR_8338319034,100,False,Ezreal,81918,9,Lux,345219,34
KR_8338319034,200,True,Xayah,2244,2,Blitzcrank,48547,7
KR_8337189549,100,True,Teemo,99591,12,Xerath,64670,9
KR_8337189549,200,False,Yone,20614,4,Amumu,341376,21
KR_8337138910,100,False,Ezreal,99248,12,Lux,31773,6
KR_8337138910,200,True,Ashe,28074,5,Morgana,2737871,232
KR_8337122336,100,False,Ezreal,32191,6,Zoe,2015,2
KR_8337122336,200,True,Caitlyn,44926,7,Swain,3090,2
KR_8340226251,100,False,Kaisa,172794,18,Lux,2754350,241
KR_8340226251,200,True,Caitlyn,37277,6,Lulu,2008818,185
KR_8339753041,100,False,Naafiri,155915,17,Chogath,82788,10
KR_8339753041,200,True,Kaisa,9454,3,Blitzcrank,54816,8
KR_8339091298,100,False,Caitlyn,238995,24,Teemo,408238,40
KR_8339091298,200,True,Kaisa,71180,9,Pantheon,41922,6
KR_8339051474,100,True,Ezreal,28105,5,JarvanIV,13009,4
KR_8339051474,200,False,Caitlyn,959329,90,Nautilus,4155,2
KR_8350580574,100,True,Seraphine,6094,3,Mel,2747,2
KR_8350580574,200,False,Kaisa,112280,13,Sylas,50489,7
KR_8351376293,100,True,Aphelios,8589,3,Braum,60023,8
KR_8351376293,200,False,Ezreal,92122,9,Velkoz,127404,14
KR_8350226520,100,True,Viktor,14176,4,Pyke,26788,5
KR_8350226520,200,False,Soraka,593,1,Teemo,435867,38
KR_8350200477,100,True,Xerath,15904,4,Rell,61452,8
KR_8350200477,200,False,Viktor,2264,2,Zac,45101,7
KR_8350102798,100,True,Xerath,2920,2,Mel,49107,7
KR_8350102798,200,False,Ezreal,7888,3,Jax,5387,2
KR_8350074712,100,True,Aphelios,8589,3,Karma,35304,6
KR_8350074712,200,False,Lucian,59514,8,Swain,1245547,89
KR_8349661686,100,True,MissFortune,13280,4,Vex,16870,4
KR_8349661686,200,False,Aphelios,57289,8,Nautilus,29661,5
KR_8349584314,100,False,Ezreal,268566,26,FiddleSticks,60490,8
KR_8349584314,200,True,Xayah,232051,24,Pantheon,47931,7
KR_8349475521,100,True,MissFortune,62029,8,Heimerdinger,7945,3
KR_8349475521,200,False,Draven,77322,10,Zoe,39978,6
KR_8349412159,100,True,Mel,37219,6,Nautilus,462179,45
KR_8349412159,200,False,Jhin,183224,19,Leona,2496,2
KR_8349345540,100,True,Ashe,78747,10,Morgana,82520,10
KR_8349345540,200,False,Lucian,39387,6,Blitzcrank,213757,22
KR_8355216809,100,True,Ezreal,264908,24,Hwei,103473,12
KR_8355216809,200,False,Xerath,1601813,148,Alistar,245095,25
KR_8355210317,100,True,Senna,191926,18,Swain,85721,10
KR_8355210317,200,False,Ashe,26739,5,Malphite,2642597,240
KR_8355186339,100,True,Jhin,11623,3,Galio,229718,24
KR_8355186339,200,False,Caitlyn,508899,49,Thresh,390503,38
KR_8355117273,100,False,Caitlyn,68114,9,Lulu,1978,2
KR_8355117273,200,True,Seraphine,4583,2,Lux,88787,11
KR_8355071376,100,False,Aphelios,55009,8,Lulu,63084,8
KR_8355071376,200,True,Jinx,11802,3,Zac,268946,27
KR_8348587206,100,False,Kaisa,124507,14,Pantheon,13373,4
KR_8348587206,200,True,Ashe,2632697,161,Braum,2195,2
KR_8348549730,100,False,Jinx,77236,10,Pyke,14313,4
KR_8348549730,200,True,Ezreal,39805,6,Velkoz,115928,13
KR_8346406333,100,True,Ashe,34626,6,Nami,4385,2
KR_8346406333,200,False,Ezreal,49984,7,Soraka,435365,40
KR_8346380755,100,False,Twitch,335461,33,Lulu,46747,7
KR_8346380755,200,True,Samira,29170,5,Leona,5754,2
KR_8346374419,100,False,Jinx,6656,3,Taric,11642,3
KR_8346374419,200,True,Tristana,284698,26,Ashe,12991,4
KR_8346332625,100,False,Ezreal,370722,36,Pyke,150373,15
KR_8346332625,200,True,Sivir,22830,5,Bard,31528,5
KR_8346298065,100,False,Jinx,624895,59,Chogath,11139,3
KR_8346298065,200,True,Tristana,71379,9,Leona,695183,66
KR_8346228428,100,True,Kaisa,12668,4,Mel,12632,4
KR_8346228428,200,False,Ashe,15830,4,Soraka,4363,2
KR_8342872007,100,True,Ezreal,62388,8,Blitzcrank,166129,15
KR_8342872007,200,False,MissFortune,235290,24,Sona,12333,3
KR_8347373316,100,False,Tristana,18194,4,Blitzcrank,13174,4
KR_8347373316,200,True,Jhin,64258,8,Lux,34015,6
KR_8347298874,100,False,Kaisa,110850,13,Blitzcrank,28970,5
KR_8347298874,200,True,Zeri,3343,2,Ezreal,251752,26
KR_8345619408,100,True,Kaisa,330780,33,Leona,25690,5
KR_8345619408,200,False,Yunara,62787,8,Blitzcrank,10620,3
KR_8345605312,100,True,Jinx,38919,6,Lux,89780,11
KR_8345605312,200,False,Ezreal,117383,13,Xerath,8778,3
KR_8345582894,100,True,Kaisa,110850,13,Nautilus,44436,7
KR_8345582894,200,False,Sivir,5989,2,Swain,29397,5
KR_8340244700,100,True,Yunara,62787,8,Seraphine,38031,6
KR_8340244700,200,False,Ashe,154579,17,Nautilus,29495,5
KR_8340181936,100,True,Caitlyn,17778,4,Heimerdinger,664020,63
KR_8340181936,200,False,Kaisa,1519,1,Lulu,179274,19
KR_8340107516,100,True,Kaisa,9137,3,Senna,14331,4
KR_8340107516,200,False,Ezreal,117383,13,Varus,1164,1
KR_8340044515,100,True,Jhin,32311,6,Thresh,4159,2
KR_8340044515,200,False,Jinx,760000,69,Mel,27513,5
KR_8337911062,100,False,Kaisa,110850,13,Camille,30408,5
KR_8337911062,200,True,MissFortune,46868,7,Leona,102372,12
KR_8342829653,100,False,Ezreal,146344,16,Milio,7595,3
KR_8342829653,200,True,Caitlyn,37391,6,Lux,18303,4
KR_8340853996,100,False,Kaisa,69314,9,Swain,6680,3
KR_8340853996,200,True,MissFortune,13270,4,Soraka,65222,9
KR_8345277918,100,True,Caitlyn,2032,1,Lux,403895,39
KR_8345277918,200,False,Rengar,746528,70,Seraphine,24109,5
KR_8345276009,100,False,Vayne,92741,10,Karma,11933,3
KR_8345276009,200,True,Ezreal,2500,2,TahmKench,21529,4
KR_8345241412,100,False,Aphelios,57795,8,Thresh,81705,10
KR_8345241412,200,True,Kaisa,6091,3,Neeko,352816,35
KR_8345193945,100,False,Yasuo,54973,8,Pyke,23453,5
KR_8345193945,200,True,Kalista,4133,2,Morgana,337357,33
KR_8353571194,100,False,Samira,20022,4,Maokai,137425,15
KR_8353571194,200,True,Syndra,10381,3,Morgana,10608,3
KR_8341969203,100,True,Smolder,138002,15,Quinn,852540,80
KR_8341969203,200,False,Ezreal,391293,38,Galio,1597,1
KR_8351729082,100,False,MissFortune,1077068,101,Zilean,33713,6
KR_8351729082,200,True,Kaisa,146163,16,TwistedFate,29059,5
KR_8351709550,100,True,Lucian,48495,7,Lulu,4751,2
KR_8351709550,200,False,Xayah,81871,10,KSante,12927,4
KR_8339528596,100,False,Samira,137304,15,Braum,662,1
KR_8339528596,200,True,Ashe,43461,7,MissFortune,53782,8
KR_8339465075,100,True,Xerath,5054,2,Lux,157759,17
KR_8339465075,200,False,Caitlyn,218921,22,Soraka,713358,67
KR_8339430521,100,False,Jhin,34771,6,Swain,38017,6
KR_8339430521,200,True,Yunara,8561,3,Pyke,14323,4
KR_8339398612,100,False,Ziggs,37722,6,Lux,118874,13
KR_8339398612,200,True,Ezreal,28105,5,Sylas,26375,5
KR_8352327914,100,False,Samira,866777,81,Nautilus,42302,6
KR_8352327914,200,True,Caitlyn,35034,6,Brand,385711,38
KR_8350664476,100,False,Caitlyn,207057,21,Teemo,54166,8
KR_8350664476,200,True,Yasuo,39842,6,Nautilus,42302,6
KR_8349071219,100,True,Kaisa,79162,10,Pyke,67891,9
KR_8349071219,200,False,Caitlyn,71971,9,Leona,96947,11
KR_8349040028,100,False,Samira,866777,81,Camille,78343,10
KR_8349040028,200,True,Twitch,29387,5,Ezreal,64231,8
KR_8348031807,100,False,Caitlyn,91151,11,Lulu,114903,13
KR_8348031807,200,True,Samira,866777,81,Nautilus,42302,6
KR_8342994516,100,True,Jhin,170826,18,Seraphine,22314,5
KR_8342994516,200,False,Tristana,15787,4,Shaco,16328,4
KR_8338613191,100,True,Lucian,9827,3,Karma,5577,2
KR_8338613191,200,False,Samira,866777,81,Ivern,10652,3
KR_8338551883,100,False,Sivir,23744,5,Thresh,72169,9
KR_8338551883,200,True,Caitlyn,579087,55,Velkoz,294803,29
KR_8339220469,100,False,Teemo,62363,8,Rell,13081,4
KR_8339220469,200,True,Kaisa,22861,5,Rakan,47498,7
KR_8339203555,100,False,Morgana,145931,16,Anivia,0,1
KR_8339203555,200,True,Kaisa,11398,3,Seraphine,14600,4
KR_8339184597,100,True,Caitlyn,9843,3,Milio,38325,6
KR_8339184597,200,False,Jinx,298097,30,Camille,3146,2
KR_8338065085,100,True,Ezreal,46814,7,Sylas,67241,9
KR_8338065085,200,False,Kaisa,40115,6,Braum,28963,5
KR_8338030753,100,False,Senna,9392,3,Alistar,676,1
KR_8338030753,200,True,Tristana,2418,2,Rakan,47498,7
KR_8338010441,100,False,Ezreal,12611,4,Yuumi,18687,4
KR_8338010441,200,True,Jinx,113069,13,Lux,205163,21
KR_8337985759,100,False,Ezreal,14311,4,Rengar,26118,5
KR_8337985759,200,True,Lucian,10452,3,Milio,38325,6
KR_8337953635,100,True,Jhin,2676,2,Lulu,7773,3
KR_8337953635,200,False,Kaisa,9098,3,Zilean,32038,5
KR_8337916484,100,False,Corki,4336,2,TahmKench,8855,3
KR_8337916484,200,True,Ezreal,12611,4,Seraphine,14600,4
KR_8352841089,100,True,Ezreal,4304,2,Lux,141878,16
KR_8352841089,200,False,Kaisa,342084,30,Blitzcrank,1021,1
KR_8352759234,100,True,Kaisa,115399,13,DrMundo,10774,3
KR_8352759234,200,False,Swain,747,1,Pantheon,45137,7
KR_8340991293,100,True,Ashe,54934,8,Sylas,46587,7
KR_8340991293,200,False,Ezreal,128277,11,Thresh,42970,7
KR_8340948166,100,True,Caitlyn,92545,9,Bard,2011,2
KR_8340948166,200,False,Kaisa,78055,10,Nidalee,170167,17
KR_8340900420,100,True,Vayne,25289,5,Nidalee,170167,17
KR_8340900420,200,False,Ezreal,21290,4,Poppy,60976,8
KR_8338727066,100,True,Kaisa,312607,29,Bard,49532,7
KR_8338727066,200,False,Zoe,33782,6,Nidalee,170167,17
KR_8338683578,100,True,Zeri,16429,4,Karma,8924,3
KR_8338683578,200,False,Kaisa,78055,10,Nidalee,170167,17
KR_8354932012,100,False,Jhin,322115,32,Nautilus,733997,65
KR_8354932012,200,True,Sivir,86784,11,Alistar,352678,35
KR_8354852923,100,False,Ezreal,1850853,139,Ahri,24811,5
KR_8354852923,200,True,MissFortune,27932,5,JarvanIV,11970,3
KR_8354797600,100,False,Kaisa,168072,18,Pyke,1351047,91
KR_8354797600,200,True,Ezreal,1850853,139,Lulu,252550,26
KR_8354607953,100,True,Ezreal,1850853,139,Velkoz,2200263,203
KR_8354607953,200,False,Ziggs,5976,2,Zed,386303,38
KR_8354583325,100,True,Zeri,15525,4,Pyke,74949,9
KR_8354583325,200,False,Ezreal,1850853,139,Pantheon,17257,4
KR_8354509047,100,False,Yunara,7075,3,Yuumi,120857,14
KR_8354509047,200,True,Ezreal,1850853,139,Thresh,5257,2
KR_8353866629,100,False,Tristana,114883,13,Lux,14743,4
KR_8353866629,200,True,Ezreal,1850853,139,Seraphine,137926,15
KR_8353790902,100,False,Jhin,322115,32,Twitch,65183,9
KR_8353790902,200,True,Varus,74544,9,Leona,164671,18
KR_8353750565,100,False,Jhin,322115,32,Poppy,7464,3
KR_8353750565,200,True,Kalista,801168,73,Morgana,1750510,112
KR_8353691042,100,False,Ezreal,47947,7,Karma,240788,25
KR_8353691042,200,True,Jhin,322115,32,Lulu,743842,62
KR_8353630519,100,False,Caitlyn,20632,4,Leona,535965,51
KR_8353630519,200,True,Jhin,322115,32,Bard,11356,3
KR_8353528482,100,True,Jinx,44792,7,Lux,153464,17
KR_8353528482,200,False,Jhin,322115,32,Yuumi,172759,18
KR_8353480711,100,False,Jhin,322115,32,Morgana,229447,23
KR_8353480711,200,True,Kaisa,43746,7,Lulu,31403,5
KR_8353466148,100,True,Jhin,322115,32,Malphite,74813,9
KR_8353466148,200,False,Caitlyn,63645,8,Thresh,79912,10
KR_8352779597,100,True,Caitlyn,1842416,164,Morgana,1566990,145
KR_8352779597,200,False,Jhin,322115,32,Seraphine,1341584,125
KR_8352685873,100,False,Jhin,322115,32,Senna,325155,32
KR_8352685873,200,True,Ezreal,67820,9,Nautilus,602502,57
KR_8352635163,100,False,Ezreal,85527,10,Maokai,228320,23
KR_8352635163,200,True,Jhin,322115,32,Nami,32619,6
KR_8352557938,100,True,Ezreal,1850853,139,Lux,1152199,107
KR_8352557938,200,False,Caitlyn,28136,5,Pyke,6420,3
KR_8352499339,100,False,Jhin,18344,4,Velkoz,114945,13
KR_8352499339,200,True,Ezreal,1850853,139,Leona,74306,9
KR_8352422739,100,True,Ezreal,1850853,139,Brand,337493,33
KR_8352422739,200,False,Vayne,741632,70,Yuumi,263425,27
KR_8352356296,100,True,Xayah,68873,9,Zilean,316318,29
KR_8352356296,200,False,Ezreal,1850853,139,Xerath,579802,47
KR_8352313355,100,True,Jhin,322115,32,Senna,92529,11
KR_8352313355,200,False,Ezreal,75095,9,Fizz,281103,28
KR_8352201983,100,True,Jhin,322115,32,Pyke,58461,8
KR_8352201983,200,False,Ezreal,7186,3,Karma,167823,18
KR_8352141717,100,True,Jhin,322115,32,Camille,8482,3
KR_8352141717,200,False,Ashe,193486,19,Lulu,16910,4
KR_8351912370,100,False,Jhin,322115,32,Neeko,10030,3
KR_8351912370,200,True,Ashe,36853,6,Xerath,6642,3
KR_8351877032,100,False,Caitlyn,869807,82,LeeSin,34981,6
KR_8351877032,200,True,Ezreal,1850853,139,Blitzcrank,60882,8
KR_8351828484,100,True,Jhin,322115,32,Rakan,5380,2
KR_8351828484,200,False,Caitlyn,130508,13,Poppy,170604,18
KR_8348425098,100,False,Jhin,322115,32,Xerath,90813,11
KR_8348425098,200,True,Draven,155249,17,Pyke,307676,31
KR_8348373183,100,True,Jhin,322115,32,Lux,40333,6
KR_8348373183,200,False,Caitlyn,264228,27,Leona,420498,41
KR_8348308968,100,True,Jhin,322115,32,Swain,437928,42
KR_8348308968,200,False,Twitch,48344,7,MissFortune,15352,4
KR_8348226989,100,False,Ezreal,1850853,139,Seraphine,279248,28
KR_8348226989,200,True,Viktor,134198,15,Xerath,45523,7
KR_8344087267,100,True,Jhin,366338,31,Zilean,31542,5
KR_8344087267,200,False,Ezreal,1850853,139,Seraphine,468846,43
KR_8344056146,100,False,Kaisa,40263,6,Morgana,318427,32
KR_8344056146,200,True,Jhin,322115,32,Vex,872191,67
KR_8343986711,100,False,Ashe,595851,56,Bard,101373,12
KR_8343986711,200,True,Jhin,322115,32,Seraphine,64459,8
KR_8343726131,100,False,Jhin,322115,32,Zilean,46171,7
KR_8343726131,200,True,Ziggs,33553,6,Seraphine,41940,6
KR_8343676146,100,True,Caitlyn,190317,20,Sylas,136010,15
KR_8343676146,200,False,Jhin,322115,32,Zyra,168327,18
KR_8343629189,100,True,Jhin,322115,32,Senna,11000,3
KR_8343629189,200,False,Jinx,111083,11,Galio,111800,13
KR_8343542386,100,True,Jhin,322115,32,Brand,94976,11
KR_8343542386,200,False,MissFortune,308522,27,Ezreal,705570,67
KR_8343494227,100,False,Jinx,5752426,384,Shaco,172894,16
KR_8343494227,200,True,Jhin,322115,32,Morgana,236045,24
KR_8343405129,100,False,Ezreal,1850853,139,Karma,500806,48
KR_8343405129,200,True,Jhin,36463,6,Lux,491446,47
KR_8343314006,100,True,Ziggs,96867,11,Pantheon,131182,15
KR_8343314006,200,False,Ezreal,1850853,139,Lux,491446,47
KR_8343236031,100,False,Jhin,322115,32,Seraphine,26943,5
KR_8343236031,200,True,Vayne,278228,26,Thresh,175000,18
KR_8343132950,100,True,Samira,33681,6,Leona,14305,4
KR_8343132950,200,False,Ezreal,1850853,139,Teemo,16232,4
KR_8341026102,100,True,Jinx,289524,29,Lulu,7739,3
KR_8341026102,200,False,Jhin,322115,32,Pantheon,5831,2
KR_8338750504,100,False,Ezreal,1850853,139,Velkoz,167468,18
KR_8338750504,200,True,Vayne,422696,41,Taric,159950,17
KR_8338679885,100,False,Yunara,71935,9,Twitch,8130,3
KR_8338679885,200,True,Ezreal,1850853,139,Camille,20425,4
KR_8338530280,100,True,MissFortune,161050,17,Blitzcrank,386125,38
KR_8338530280,200,False,Ezreal,1850853,139,Thresh,41159,6
KR_8338511006,100,False,Ezreal,1850853,139,Teemo,150404,16
KR_8338511006,200,True,Caitlyn,1698588,138,Nautilus,24157,5
KR_8337729512,100,False,Kaisa,73739,9,Neeko,23880,5
KR_8337729512,200,True,Jhin,322115,32,Seraphine,10088,3
KR_8337654338,100,False,Ezreal,1850853,139,Lux,830045,78
KR_8337654338,200,True,Aphelios,439947,43,Swain,1245547,89
KR_8337617292,100,True,Jhin,322115,32,Lux,45879,7
KR_8337617292,200,False,Teemo,141778,13,Brand,108968,13
KR_8337359527,100,True,Jhin,322115,32,Lux,120869,13
KR_8337359527,200,False,MissFortune,2978478,214,Senna,6603,3
KR_8337318582,100,False,Zeri,91849,11,Yuumi,44108,7
KR_8337318582,200,True,Jhin,322115,32,Camille,33008,6
KR_8349860972,100,False,Ezreal,13786,4,Lux,38587,6
KR_8349860972,200,True,Jinx,1193139,99,Shaco,53620,8
KR_8349849318,100,False,Malzahar,58631,8,Thresh,47683,7
KR_8349849318,200,True,Kaisa,59358,8,Olaf,57382,8
KR_8349792666,100,False,Ezreal,41839,6,Fiora,984943,70
KR_8349792666,200,True,Kaisa,249011,25,Xerath,1766,1
KR_8344815459,100,False,Varus,34876,6,Mel,97584,11
KR_8344815459,200,True,Yunara,57431,8,Seraphine,58173,8
KR_8344726816,100,False,Ezreal,41839,6,Zilean,500064,28
KR_8344726816,200,True,Lucian,22501,5,Milio,35290,6
KR_8344684984,100,True,Jhin,99067,12,Soraka,5579,2
KR_8344684984,200,False,Samira,200092,21,Pyke,131323,15
KR_8344473989,100,True,Ezreal,41839,6,Nautilus,216189,22
KR_8344473989,200,False,Kaisa,150452,16,Camille,158412,17
KR_8344422348,100,True,Ezreal,41839,6,Bard,41374,6
KR_8344422348,200,False,Mel,10225,3,Rammus,175494,19
KR_8343787390,100,True,Yunara,3105,2,Blitzcrank,21830,5
KR_8343787390,200,False,Jhin,127985,14,Pantheon,2954,2
KR_8343751872,100,False,Kaisa,48107,7,Thresh,45657,7
KR_8343751872,200,True,Ezreal,41839,6,Teemo,12320,3
KR_8343726661,100,False,Ezreal,41839,6,Teemo,12320,3
KR_8343726661,200,True,Kaisa,7087,3,Leblanc,61463,8
KR_8343681993,100,False,Kaisa,109066,13,Rell,11234,3
KR_8343681993,200,True,Ashe,54050,8,Ryze,172471,16
KR_8341500644,100,False,Kaisa,36866,6,Nautilus,11714,3
KR_8341500644,200,True,Yunara,34032,6,Thresh,209514,22
KR_8354802496,100,False,Ashe,5757,2,Seraphine,591,1
KR_8354802496,200,True,Lucian,410790,40,Yuumi,3107142,218
KR_8348673906,100,False,Aphelios,4733,2,Pyke,770860,73
KR_8348673906,200,True,Caitlyn,30082,5,Mel,337352,33
KR_8348674734,100,True,Kaisa,132964,15,Leona,60872,8
KR_8348674734,200,False,Ezreal,176677,19,Yuumi,12980,4
KR_8346511780,100,False,Kaisa,753964,71,Lux,214723,18
KR_8346511780,200,True,Caitlyn,13869,4,Morgana,56506,8
KR_8355239817,100,False,Twitch,6616,3,Amumu,46187,7
KR_8355239817,200,True,Ezreal,114631,12,Seraphine,34261,6
KR_8355240372,100,True,Ezreal,100157,12,TahmKench,14944,4
KR_8355240372,200,False,MissFortune,122402,11,Seraphine,592815,57
KR_8353848390,100,False,Caitlyn,10384,3,Morgana,4796,2
KR_8353848390,200,True,Jhin,6290,3,Galio,12714,4
KR_8353776374,100,False,Jhin,326375,32,Seraphine,27379,5
KR_8353776374,200,True,MissFortune,3438378,263,Lux,74108,9
KR_8345329326,100,True,Caitlyn,48804,7,Morgana,2023897,138
KR_8345329326,200,False,Xerath,90639,11,Lux,74108,9
KR_8345298378,100,True,MissFortune,830474,68,Lux,880536,64
KR_8345298378,200,False,KogMaw,6496,3,Thresh,2663984,238
KR_8345274674,100,False,Tristana,147962,16,Lux,74108,9
KR_8345274674,200,True,Lucian,7914,3,Blitzcrank,4770,2
KR_8345234996,100,True,Caitlyn,169103,18,Lux,74108,9
KR_8345234996,200,False,Jhin,63393,8,Seraphine,145999,16
KR_8345199713,100,True,Corki,43561,7,Brand,28819,5
KR_8345199713,200,False,Samira,21001,4,Alistar,16282,4
KR_8342212293,100,True,Tristana,74677,9,Nautilus,440673,38
KR_8342212293,200,False,Varus,1217591,113,Leona,77597,10
KR_8342208091,100,True,MissFortune,31362,5,Seraphine,1115,1
KR_8342208091,200,False,Lucian,30549,5,Milio,466,1
KR_8342196087,100,True,Caitlyn,86973,11,Pantheon,20120,4
KR_8342196087,200,False,Ziggs,2025,2,Senna,23193,5
KR_8342173997,100,True,Smolder,2265,2,Yuumi,90319,11
KR_8342173997,200,False,Jhin,41281,6,Lux,74108,9
KR_8340609713,100,False,Syndra,670224,52,Lux,74108,9
KR_8340609713,200,True,Jhin,1264478,91,Seraphine,3219,2
KR_8340590771,100,True,Smolder,19682,4,Blitzcrank,26442,5
KR_8340590771,200,False,Jhin,407789,33,Lux,74108,9
KR_8338718161,100,True,Ezreal,234346,24,Blitzcrank,18201,4
KR_8338718161,200,False,Caitlyn,99779,12,Lux,74108,9
KR_8338673644,100,False,Tristana,35326,6,Blitzcrank,221539,23
KR_8338673644,200,True,Ziggs,47542,7,Lux,74108,9
KR_8338636395,100,False,Ashe,207674,22,Seraphine,113778,13
KR_8338636395,200,True,Caitlyn,99779,12,Lux,74108,9
KR_8353812555,100,True,MissFortune,156950,17,Yuumi,56634,8
KR_8353812555,200,False,Jhin,2618,2,Thresh,56850,8
KR_8353481017,100,True,Jhin,14790,4,Lux,16197,4
KR_8353481017,200,False,Caitlyn,40805,6,Morgana,5450,2
KR_8353434660,100,False,Samira,21193,4,Ekko,54841,8
KR_8353434660,200,True,Lucian,4120,2,Milio,2161,2
KR_8353406174,100,False,Varus,5770,2,Lux,1440929,134
KR_8353406174,200,True,Kaisa,49447,7,Nautilus,189761,20
KR_8351731979,100,True,Viktor,7670,3,Lux,65166,9
KR_8351731979,200,False,Caitlyn,207915,22,Pyke,63144,8
KR_8351711884,100,True,Caitlyn,37566,6,Lux,60944,8
KR_8351711884,200,False,Kaisa,83220,10,Pyke,346309,34
KR_8351683870,100,True,Jhin,18571,4,Leona,17004,4
KR_8351683870,200,False,Caitlyn,52837,7,Lucian,38130,6
KR_8351445547,100,True,MissFortune,3219248,295,Lux,810878,68
KR_8351445547,200,False,Jinx,87185,11,Morgana,55290,8
KR_8351406149,100,True,Kaisa,15287,4,Morgana,121031,14
KR_8351406149,200,False,Caitlyn,66601,9,Poppy,18177,4
KR_8350911287,100,False,Jinx,318259,32,Lux,82778,10
KR_8350911287,200,True,Jhin,137117,15,Morgana,32183,6
KR_8350837748,100,False,Caitlyn,230129,23,Morgana,34594,6
KR_8350837748,200,True,Ashe,145367,16,Velkoz,60427,8
KR_8350144820,100,True,Ezreal,1008271,76,Blitzcrank,26425,5
KR_8350144820,200,False,Varus,29127,5,Teemo,667494,62
KR_8350124822,100,True,Kaisa,89683,11,MasterYi,274814,28
KR_8350124822,200,False,Ezreal,90723,11,Karma,23731,5
KR_8350100697,100,True,Ashe,24115,5,Seraphine,91466,11
KR_8350100697,200,False,MissFortune,87555,11,Lux,234573,24
KR_8350083508,100,False,Kaisa,213524,22,Camille,72470,9
KR_8350083508,200,True,Aphelios,176881,19,Blitzcrank,47169,7
KR_8350058041,100,False,Hwei,105467,12,Leona,3932,2
KR_8350058041,200,True,MissFortune,38810,6,Karma,91398,11
KR_8350034827,100,False,Kaisa,47854,7,Nautilus,17978,4
KR_8350034827,200,True,Senna,10453,3,Blitzcrank,127629,14
KR_8350019727,100,True,Varus,186732,20,Pyke,32577,6
KR_8350019727,200,False,Jinx,2781463,221,Leona,51313,7
KR_8348038747,100,False,Caitlyn,129933,14,Leona,3692,2
KR_8348038747,200,True,Jinx,20852,4,Shaco,2736213,199
KR_8348018498,100,False,Caitlyn,98049,12,Nami,99900,11
KR_8348018498,200,True,Varus,18384,4,Leona,13959,4
KR_8347973711,100,True,Kaisa,63391,8,Lulu,412712,40
KR_8347973711,200,False,Jinx,1754,1,Shaco,74831,9
KR_8346905111,100,True,Aphelios,19011,4,Pantheon,352701,35
KR_8346905111,200,False,Ashe,110427,13,Shaco,330506,33
KR_8346857876,100,True,Jhin,31237,5,Sona,522907,49
KR_8346857876,200,False,Jax,362867,36,Lux,568981,54
KR_8346832434,100,False,Ezreal,63787,8,Yuumi,6283,3
KR_8346832434,200,True,Yunara,31168,5,Pyke,60091,8
KR_8340688233,100,False,Seraphine,4569,2,Pyke,638338,61
KR_8340688233,200,True,Cassiopeia,95006,11,Taric,3713,2
KR_8340656957,100,False,Ezreal,395558,39,Seraphine,65722,9
KR_8340656957,200,True,Ziggs,5013,2,Vi,7191,3
KR_8340411661,100,True,Jinx,2543,2,Viego,85768,10
KR_8340411661,200,False,Zeri,7039,3,Lulu,52687,7
KR_8340350960,100,True,Caitlyn,104926,12,Lux,1415862,131
KR_8340350960,200,False,Kaisa,153518,17,Brand,36047,6
KR_8340211014,100,True,Tristana,54032,8,Leona,375939,37
KR_8340211014,200,False,Jinx,244244,25,Sylas,41018,6
KR_8339757257,100,True,Aphelios,102408,12,Seraphine,65722,9
KR_8339757257,200,False,Caitlyn,14623,4,Lux,16144,4
KR_8339704900,100,True,Ashe,280162,28,Morgana,113342,13
KR_8339704900,200,False,Tristana,25312,5,Nami,196928,21
KR_8351460420,100,True,Ziggs,16313,4,Heimerdinger,1130523,105
KR_8351460420,200,False,Ezreal,224292,23,TahmKench,18653,4
KR_8340586100,100,True,Jinx,188396,20,Lux,1405263,130
KR_8340586100,200,False,Kaisa,4777,2,Milio,5419,2
KR_8340224100,100,True,Yasuo,183510,19,Pyke,24990,5
KR_8340224100,200,False,Lucian,26045,5,Nautilus,14800,4
KR_8339189630,100,False,MissFortune,310855,31,Teemo,1163762,105
KR_8339189630,200,True,Caitlyn,899156,79,Blitzcrank,2966878,264
KR_8339125258,100,True,Kaisa,134892,15,Lux,178073,19
KR_8339125258,200,False,Viktor,2963,2,Rammus,82276,10
KR_8337056831,100,True,Caitlyn,56144,8,Lux,110711,13
KR_8337056831,200,False,Sivir,23186,5,Shaco,24505,5
KR_8340993833,100,True,TwistedFate,16189,4,Lulu,7704,3
KR_8340993833,200,False,Kaisa,220828,23,Nautilus,47460,7
KR_8340720834,100,True,Kaisa,39900,6,Blitzcrank,19723,4
KR_8340720834,200,False,Caitlyn,549370,49,Neeko,63377,8
KR_8340702846,100,True,Caitlyn,83079,10,Senna,325155,32
KR_8340702846,200,False,Mel,20499,4,Aatrox,23815,5
KR_8340694442,100,False,Ashe,675088,64,Braum,552,1
KR_8340694442,200,True,Caitlyn,34390,6,Lulu,21942,5
KR_8340675339,100,True,Jhin,31680,6,Xerath,75671,10
KR_8340675339,200,False,Yone,109173,13,Pyke,36171,6
KR_8340657809,100,True,Ezreal,96647,11,Malphite,81745,10
KR_8340657809,200,False,Caitlyn,631257,59,Poppy,4089,2
KR_8352015900,100,True,MissFortune,1505190,109,Leona,766195,71
KR_8352015900,200,False,Jinx,17057,4,Braum,154923,15
KR_8350232237,100,True,Ezreal,69899,9,Xerath,31033,5
KR_8350232237,200,False,Syndra,60362,8,Kled,66365,9
KR_8348102892,100,True,Ashe,27338,5,Seraphine,747275,60
KR_8348102892,200,False,Caitlyn,6480,3,Lux,74500,9
KR_8348058751,100,False,Yunara,279293,28,Twitch,33926,6
KR_8348058751,200,True,Ezreal,1342548,114,Seraphine,747275,60
KR_8340591110,100,True,Tristana,74174,9,Seraphine,747275,60
KR_8340591110,200,False,MissFortune,4038,2,Morgana,5668,2
KR_8340561561,100,False,Veigar,9322,3,Swain,457,1
KR_8340561561,200,True,Jhin,25422,5,Seraphine,747275,60
KR_8339903316,100,True,Caitlyn,21686,5,Yuumi,41601,6
KR_8339903316,200,False,Jhin,25422,5,Seraphine,4168,2
KR_8339834903,100,True,Kaisa,9034,3,Rakan,4085,2
KR_8339834903,200,False,Ezreal,56631,8,Seraphine,89530,11
KR_8339040647,100,True,Caitlyn,203984,21,Seraphine,747275,60
KR_8339040647,200,False,Ezreal,24580,5,Milio,131681,15
KR_8338991763,100,False,Jhin,434752,42,Seraphine,747275,60
KR_8338991763,200,True,Caitlyn,43386,7,Thresh,154845,17
KR_8338938343,100,False,Yunara,9542,3,Malphite,128471,14
KR_8338938343,200,True,Ezreal,25444,5,Seraphine,747275,60
KR_8350614707,100,True,Jinx,47254,7,Velkoz,31968,6
KR_8350614707,200,False,Yunara,67878,9,Brand,143397,16
KR_8350563113,100,True,Xayah,63483,8,Rakan,2053,1
KR_8350563113,200,False,Jhin,10318,3,Velkoz,31968,6
KR_8350508027,100,False,Jhin,124997,14,Yuumi,986750,88
KR_8350508027,200,True,Ezreal,72801,9,Velkoz,31968,6
KR_8350439665,100,False,Caitlyn,166395,13,Velkoz,31968,6
KR_8350439665,200,True,Ezreal,250318,25,Alistar,246905,25
KR_8350399154,100,False,Velkoz,31968,6,Lux,134860,15
KR_8350399154,200,True,Tristana,30474,5,Leona,14610,4
KR_8350347488,100,False,Aphelios,399828,35,Blitzcrank,95853,11
KR_8350347488,200,True,Velkoz,31968,6,Lux,16418,4
KR_8350283100,100,False,Velkoz,31968,6,Bard,1193,1
KR_8350283100,200,True,Tristana,62201,8,Morgana,7683,3
KR_8341192481,100,True,Xayah,59374,8,Shaco,323548,31
KR_8341192481,200,False,Kaisa,1026626,75,Nautilus,77215,10
KR_8341140157,100,True,Nilah,314043,24,Bard,81331,10
KR_8341140157,200,False,Syndra,5878,2,Brand,7642,3
KR_8341091156,100,True,Twitch,51910,7,Nautilus,99046,12
KR_8341091156,200,False,Jhin,13430,4,Ashe,52748,7
KR_8354684843,100,True,Mel,53404,7,Leona,22340,5
KR_8354684843,200,False,Ezreal,140850,15,Vex,23083,5
KR_8354214613,100,True,Kaisa,5097,2,Blitzcrank,78165,10
KR_8354214613,200,False,Seraphine,59281,8,Shaco,77816,10
KR_8352834024,100,False,Ziggs,43688,7,Morgana,275000,28
KR_8352834024,200,True,Samira,54611,8,Blitzcrank,14545,4
KR_8352791169,100,False,Kaisa,14300,4,Pyke,11539,3
KR_8352791169,200,True,Aphelios,884644,83,Thresh,2594,2
KR_8352703031,100,True,Xayah,45088,7,Lux,28594,5
KR_8352703031,200,False,Jhin,2087,2,Pyke,109059,13
KR_8352619848,100,True,Tristana,96568,11,Alistar,13958,4
KR_8352619848,200,False,Ezreal,21329,4,Thresh,1273350,118
KR_8352542627,100,True,Samira,468201,45,Nautilus,121093,14
KR_8352542627,200,False,MissFortune,705916,57,Thresh,8944,3
KR_8351422970,100,False,Yasuo,88298,11,Vi,2528,2
KR_8351422970,200,True,Caitlyn,39785,6,Maokai,363128,36
KR_8351375948,100,True,Yasuo,221837,23,Pyke,120782,14
KR_8351375948,200,False,Kaisa,4718,2,Neeko,13902,4
KR_8351329314,100,True,Xayah,25476,5,Xerath,44740,7
KR_8351329314,200,False,Samira,64929,9,Seraphine,137818,15
KR_8351271175,100,False,Varus,105249,12,Swain,14165,4
KR_8351271175,200,True,Caitlyn,67788,9,Xerath,63373,8
KR_8351194026,100,True,Ziggs,89814,11,LeeSin,432804,42
KR_8351194026,200,False,MissFortune,408769,35,Seraphine,925570,78
KR_8351103990,100,False,Ezreal,39264,6,Leblanc,37663,6
KR_8351103990,200,True,Jinx,291610,29,Blitzcrank,38413,6
KR_8351018898,100,True,Yunara,1676,1,Thresh,5236,2
KR_8351018898,200,False,Ezreal,73101,9,Vayne,137420,15
KR_8350935909,100,False,Ziggs,27129,5,Yuumi,335029,28
KR_8350935909,200,True,Jhin,101667,12,Seraphine,28804,5
KR_8350888143,100,False,Aphelios,188759,20,Morgana,73239,9
KR_8350888143,200,True,Swain,179266,19,Ashe,236802,22
KR_8349575399,100,True,Ashe,2953242,195,Blitzcrank,23634,5
KR_8349575399,200,False,Twitch,40770,6,Seraphine,76027,10
KR_8349493008,100,False,Kaisa,54184,8,Alistar,3430,2
KR_8349493008,200,True,Jinx,455615,44,Sett,686426,65
KR_8349402623,100,False,Jinx,86620,11,Morgana,275000,28
KR_8349402623,200,True,Caitlyn,510033,40,Xerath,356592,35
KR_8349324574,100,True,Mel,26394,5,Lux,78481,10
KR_8349324574,200,False,Jinx,86620,11,Seraphine,35705,6
KR_8349269626,100,False,Lucian,10388,3,Swain,26801,5
KR_8349269626,200,True,MissFortune,73052,9,Galio,245855,25
KR_8349208671,100,True,Jinx,24700,5,Lulu,39093,6
KR_8349208671,200,False,Ezreal,118629,13,TahmKench,338261,33
KR_8348242223,100,True,Varus,25266,5,Yuumi,437147,41
KR_8348242223,200,False,Jinx,86620,11,Zyra,64936,9
KR_8348167313,100,False,Samira,118305,13,Lux,48278,7
KR_8348167313,200,True,Caitlyn,678141,64,Chogath,76695,10
KR_8348108175,100,False,Jhin,28788,5,Thresh,5046,2
KR_8348108175,200,True,Jinx,214989,22,Shen,38257,6
KR_8347011769,100,True,Annie,5383,2,Yuumi,90167,11
KR_8347011769,200,False,Ezreal,22347,5,Zyra,361407,35
KR_8345904113,100,True,Caitlyn,435093,42,Veigar,614986,59
KR_8345904113,200,False,Jhin,245027,25,Morgana,52420,7
KR_8345045293,100,False,Jinx,86620,11,Seraphine,827544,78
KR_8345045293,200,True,Ezreal,33782,6,Senna,192634,20
KR_8344926826,100,True,Ezreal,122018,14,Yuumi,16062,4
KR_8344926826,200,False,Jhin,37983,6,Leona,66134,8
KR_8344850029,100,True,Jinx,86620,11,Heimerdinger,29193,5
KR_8344850029,200,False,Swain,11999,3,Zyra,43822,6
KR_8344785133,100,True,MissFortune,2221450,169,Leona,87734,11
KR_8344785133,200,False,Ezreal,2947,2,Milio,80562,10
KR_8344705436,100,False,Caitlyn,63915,8,Seraphine,234406,24
KR_8344705436,200,True,Corki,15210,4,Fizz,294877,29
KR_8341974708,100,True,Ashe,29881,5,MissFortune,139985,15
KR_8341974708,200,False,Kaisa,141517,15,Seraphine,107750,12
KR_8341913877,100,True,MissFortune,94224,11,Brand,16779,4
KR_8341913877,200,False,Zeri,373301,36,Leona,1524917,92
KR_8341851936,100,False,KogMaw,12925,4,Blitzcrank,13493,4
KR_8341851936,200,True,Tristana,282016,25,Brand,2944834,262
KR_8341788201,100,False,Xayah,26976,5,Shaco,887,1
KR_8341788201,200,True,MissFortune,1379387,115,Karma,17030,4
KR_8341722096,100,False,Varus,136058,15,Xerath,186523,20
KR_8341722096,200,True,Lucian,20940,4,Nami,14843,4
KR_8340281552,100,False,Varus,7243,3,Lux,795296,64
KR_8340281552,200,True,Kaisa,158210,17,Rakan,183203,19
KR_8340180596,100,True,Mel,17259,4,Ashe,22233,5
KR_8340180596,200,False,Xayah,4199,2,Rakan,1339,1
KR_8340132625,100,False,Corki,261658,26,Blitzcrank,41323,6
KR_8340132625,200,True,Yunara,83506,10,Lux,396457,39
KR_8340063927,100,False,Ezreal,76548,10,Lux,359254,35
KR_8340063927,200,True,Samira,52562,7,Seraphine,12618,4
KR_8339972348,100,False,Sivir,85082,10,Mel,47831,7
KR_8339972348,200,True,Xerath,25242,5,Swain,1027832,86
KR_8339862977,100,True,Kaisa,21913,5,Rakan,2384,1
KR_8339862977,200,False,Ziggs,25015,5,Shen,54394,8
KR_8338835755,100,False,Sivir,127540,12,Camille,60438,8
KR_8338835755,200,True,Caitlyn,84046,10,Pantheon,80256,10
KR_8338800674,100,True,Samira,118305,13,Pyke,85795,10
KR_8338800674,200,False,Kaisa,802870,32,Teemo,95979,11
KR_8338750784,100,True,Jinx,86620,11,TahmKench,498023,48
KR_8338750784,200,False,Smolder,7891,3,Ashe,11950,3
KR_8338667275,100,False,Senna,1973,2,Mel,188014,20
KR_8338667275,200,True,Ezreal,94198,11,Malphite,2288208,179
KR_8337571229,100,False,Aphelios,121975,14,Lux,3950,2
KR_8337571229,200,True,Caitlyn,484605,47,Pantheon,21926,5
KR_8337511805,100,False,MissFortune,1649525,105,Blitzcrank,7961,3
KR_8337511805,200,True,Caitlyn,1991490,155,Lux,255204,26
KR_8354429617,100,False,MissFortune,147015,14,Shaco,129263,14
KR_8354429617,200,True,Caitlyn,527871,51,Velkoz,570084,54
KR_8354397146,100,False,Jhin,29470,5,Xerath,24297,5
KR_8354397146,200,True,Viktor,29332,5,Pyke,4330,2
KR_8354356840,100,False,Kaisa,124537,14,Pyke,101515,12
KR_8354356840,200,True,Sivir,7958,3,Lux,89206,11
KR_8354012718,100,True,Jinx,31028,5,Neeko,138971,15
KR_8354012718,200,False,Yasuo,11922,3,Yone,16727,4
KR_8353498153,100,True,Naafiri,191711,20,Shen,439753,43
KR_8353498153,200,False,Caitlyn,35743,6,Lux,7092,3
KR_8353469060,100,False,Viktor,10875,3,Velkoz,1068190,93
KR_8353469060,200,True,Ezreal,38034,6,Yuumi,1236,1
KR_8353429168,100,False,Mel,2972,2,Pyke,2372,2
KR_8353429168,200,True,Varus,340018,28,Yuumi,786269,69
KR_8353377679,100,True,Seraphine,15232,4,Pantheon,30242,5
KR_8353377679,200,False,Caitlyn,210576,22,Lux,298329,30
KR_8353334990,100,True,Twitch,112822,13,Rumble,82158,10
KR_8353334990,200,False,Vayne,491353,47,JarvanIV,7873,3
KR_8353315024,100,True,Viktor,36659,6,Malzahar,12544,3
KR_8353315024,200,False,Kaisa,43261,7,Pantheon,24662,5
KR_8353031279,100,True,Jinx,6703,3,Thresh,6997293,547
KR_8353031279,200,False,Kaisa,120111,14,Karma,128640,14
KR_8353004941,100,False,Lucian,77926,10,Pyke,357789,35
KR_8353004941,200,True,Jinx,77948,10,Lux,142428,16
KR_8352646168,100,True,Heimerdinger,3920,2,Lux,194007,20
KR_8352646168,200,False,Kaisa,8219,3,Blitzcrank,22201,5
KR_8352082865,100,True,Caitlyn,42962,7,Lux,570887,55
KR_8352082865,200,False,Tristana,80656,10,Yuumi,141850,16
KR_8352032424,100,True,Aphelios,7399,3,Thresh,174333,15
KR_8352032424,200,False,Caitlyn,388845,37,Rell,161524,17
KR_8351975571,100,False,Yunara,24304,5,Morgana,173879,18
KR_8351975571,200,True,Vayne,16095,4,Nautilus,2725,2
KR_8351928391,100,False,Kaisa,84344,10,Sett,302474,30
KR_8351928391,200,True,Xayah,85810,10,Seraphine,4531,2
KR_8351876153,100,True,Kaisa,18607,4,Mel,8869,3
KR_8351876153,200,False,Ezreal,52656,7,Karma,60594,8
KR_8351836482,100,True,Xerath,54172,8,Velkoz,19827,4
KR_8351836482,200,False,Jhin,69933,9,Brand,40023,6
KR_8351443706,100,True,Mel,29592,5,Hwei,691035,58
KR_8351443706,200,False,Lucian,85372,10,Leona,134628,15
KR_8351355840,100,False,Jinx,8485,3,Mel,12895,4
KR_8351355840,200,True,Veigar,112957,13,Shaco,1287904,87
KR_8351295983,100,False,Jinx,709751,53,Mel,4092,2
KR_8351295983,200,True,Samira,168788,18,Bard,812928,61
KR_8351241726,100,True,Ezreal,221868,22,Blitzcrank,67489,9
KR_8351241726,200,False,Tristana,57449,8,Veigar,61239,8
KR_8347948827,100,True,Smolder,18497,4,Rakan,29444,5
KR_8347948827,200,False,LeeSin,6075,3,Blitzcrank,19604,4
KR_8347917833,100,True,Caitlyn,35743,6,Lux,89206,11
KR_8347917833,200,False,Ashe,30039,5,Braum,1871,2
KR_8346707654,100,False,Swain,7778,3,Singed,1088,1
KR_8346707654,200,True,Tristana,19864,4,Pantheon,8640,3
KR_8346690292,100,True,Swain,4374,2,Sion,3207,2
KR_8346690292,200,False,MissFortune,36520,6,Xerath,12862,4
KR_8346673108,100,True,Smolder,35900,6,Yuumi,200735,11
KR_8346673108,200,False,Zeri,1533,1,Xerath,24297,5
KR_8346644321,100,False,Kaisa,50408,7,Nautilus,15563,4
KR_8346644321,200,True,Samira,36631,6,Xerath,15942,4
KR_8345584563,100,False,Yunara,9012,3,Pyke,52434,7
KR_8345584563,200,True,Mel,6268,3,Neeko,4210,2
KR_8345561187,100,True,Mel,48372,7,Thresh,19326,4
KR_8345561187,200,False,Ashe,35299,6,Lux,89206,11
KR_8345527868,100,False,Jhin,31478,5,Poppy,622,1
KR_8345527868,200,True,Teemo,11235,3,Pyke,24618,5
KR_8345505580,100,False,Lucian,17553,4,Nautilus,15563,4
KR_8345505580,200,True,Syndra,77236,10,Seraphine,141928,16
KR_8344586830,100,False,Caitlyn,35743,6,Lux,49497,7
KR_8344586830,200,True,Veigar,1380852,118,Bard,741533,52
KR_8344452033,100,False,Caitlyn,164433,18,Hwei,117691,13
KR_8344452033,200,True,Aphelios,62716,8,Lulu,421937,41
KR_8344380633,100,False,Senna,11828,3,Alistar,3423184,314
KR_8344380633,200,True,Veigar,4248,2,Soraka,70414,9
KR_8344031504,100,True,Veigar,4248,2,Mel,29047,5
KR_8344031504,200,False,Caitlyn,465059,39,Leona,272728,21
KR_8343983919,100,True,Senna,11183,3,Nunu,18804,4
KR_8343983919,200,False,Ashe,478523,45,Blitzcrank,16739,4
KR_8343961470,100,False,Vayne,1034929,97,Lux,5839,2
KR_8343961470,200,True,Ashe,35299,6,TahmKench,11937,3
KR_8337032467,100,False,Lucian,13790,4,Gragas,31132,5
KR_8337032467,200,True,Ashe,35299,6,Pyke,5814,2
KR_8336980015,100,False,Lucian,32499,6,Nautilus,20784,4
KR_8336980015,200,True,Caitlyn,35743,6,Braum,1748,1
KR_8336963425,100,True,Senna,11183,3,Rell,1298,1
KR_8336963425,200,False,Caitlyn,228654,23,Trundle,209404,22
KR_8343430846,100,True,Ezreal,30740,5,Leona,669495,63
KR_8343430846,200,False,Jhin,49614,7,Mel,38438,6
KR_8350648908,100,True,Caitlyn,370131,35,Leona,18397,4
KR_8350648908,200,False,Twitch,247549,21,Blitzcrank,73283,9
KR_8350474750,100,False,Xayah,25480,5,Blitzcrank,14496,4
KR_8350474750,200,True,Zeri,27436,5,Yuumi,1904,1
KR_8350418645,100,True,Kaisa,152182,16,Pantheon,154488,13
KR_8350418645,200,False,Tristana,2174,2,Rell,4137,2
KR_8351401705,100,True,Jhin,264940,27,Morgana,18515,4
KR_8351401705,200,False,Caitlyn,158378,17,Pyke,74165,9
KR_8352975709,100,False,Jinx,766928,49,Camille,1881,2
KR_8352975709,200,True,Ashe,89097,11,MissFortune,63783,8
KR_8338558902,100,True,Yasuo,62609,8,Alistar,1606,1
KR_8338558902,200,False,Caitlyn,337140,33,Lux,13897,4
KR_8338525915,100,True,Kaisa,12367,3,Pyke,19138,4
KR_8338525915,200,False,Lucian,25337,5,Pantheon,8238,3
KR_8337657308,100,True,Mel,16436,4,Seraphine,202725,21
KR_8337657308,200,False,Ezreal,10710,3,Morgana,16903,4
KR_8337567229,100,True,Mel,16436,4,Camille,2945,2
KR_8337567229,200,False,Aphelios,117239,13,Lulu,406943,40
KR_8337512967,100,False,MissFortune,97913,12,Brand,158745,14
KR_8337512967,200,True,Lucian,14774,4,Yuumi,10237,3
KR_8337510216,100,False,Kaisa,1785,1,Malphite,24781,5
KR_8337510216,200,True,Caitlyn,21215,4,Neeko,690263,57
KR_8337461016,100,True,Xerath,17328,4,Brand,153745,17
KR_8337461016,200,False,MissFortune,97913,12,Morgana,145671,16
KR_8339249665,100,True,Kaisa,87027,11,Ornn,105816,12
KR_8339249665,200,False,MissFortune,186366,15,Lulu,37368,6
KR_8354700309,100,False,Sivir,607472,41,Blitzcrank,197689,19
KR_8354700309,200,True,Caitlyn,1208703,88,Lux,661104,63
KR_8354620914,100,False,Varus,7482,3,Xerath,13530,4
KR_8354620914,200,True,MissFortune,857180,81,Lux,661104,63
KR_8354564960,100,False,Corki,16398,4,Morgana,65754,9
KR_8354564960,200,True,Aphelios,89038,11,Lux,661104,63
KR_8354378382,100,False,Ezreal,32337,6,Senna,277651,28
KR_8354378382,200,True,Caitlyn,255497,23,Xerath,397985,39
KR_8354350485,100,True,Jhin,284428,28,Lux,661104,63
KR_8354350485,200,False,MissFortune,334475,33,Morgana,201524,21
KR_8354337435,100,True,Jhin,284428,28,Lux,661104,63
KR_8354337435,200,False,Lucian,21275,4,Camille,329945,28
KR_8354322451,100,False,Yasuo,101395,12,Amumu,32452,6
KR_8354322451,200,True,Ashe,737523,70,Lux,661104,63
KR_8354319005,100,False,Vayne,144460,14,Velkoz,133268,15
KR_8354319005,200,True,Jhin,34763,6,Lux,661104,63
KR_8354296211,100,True,Ezreal,97638,12,Karma,16269,4
KR_8354296211,200,False,Yunara,4071,2,Lux,661104,63
KR_8354276270,100,False,Caitlyn,11484,3,Senna,277651,28
KR_8354276270,200,True,Jinx,1237940,84,Seraphine,22375,5
KR_8353311690,100,False,Jinx,89626,11,Rakan,14138,4
KR_8353311690,200,True,Caitlyn,61718,8,Lux,661104,63
KR_8353284423,100,True,Vayne,383451,34,Senna,277651,28
KR_8353284423,200,False,Ezreal,63755,8,Lux,224052,23
KR_8352308178,100,True,Ziggs,27727,5,Bard,2339,2
KR_8352308178,200,False,Ashe,169114,18,Lux,661104,63
KR_8352245997,100,True,Ezreal,38080,6,Lux,661104,63
KR_8352245997,200,False,Samira,479166,46,Blitzcrank,104521,12
KR_8352208161,100,False,Sion,123096,14,Janna,1629,1
KR_8352208161,200,True,Jinx,6590,3,Lux,661104,63
KR_8352141490,100,True,Caitlyn,93002,11,Blitzcrank,18057,4
KR_8352141490,200,False,Ashe,39120,6,Lux,661104,63
KR_8352081660,100,False,Kaisa,108530,10,Lux,661104,63
KR_8352081660,200,True,Syndra,37692,6,Sona,3452,2
KR_8351036717,100,False,Ezreal,54098,8,Lulu,1530218,100
KR_8351036717,200,True,Caitlyn,350750,35,Lux,661104,63
KR_8350984661,100,False,Aphelios,50464,7,Senna,277651,28
KR_8350984661,200,True,Caitlyn,13839,4,Leona,141327,15
KR_8350846884,100,True,Caitlyn,203087,21,Lux,661104,63
KR_8350846884,200,False,Ziggs,55277,8,Pyke,71864,9
KR_8350798433,100,True,Yasuo,194347,19,Soraka,378202,37
KR_8350798433,200,False,Kalista,12331,3,Senna,277651,28
KR_8350749881,100,False,Malzahar,55155,8,Senna,277651,28
KR_8350749881,200,True,Ashe,244640,25,Yuumi,208104,22
KR_8350719022,100,True,Xayah,1146935,100,Lux,661104,63
KR_8350719022,200,False,Caitlyn,34191,6,Morgana,2182,2
KR_8348989346,100,True,Corki,7842,3,Leona,196730,10
KR_8348989346,200,False,Samira,159224,17,Senna,277651,28
KR_8348944962,100,False,Jinx,309286,31,Sett,142636,13
KR_8348944962,200,True,Xerath,15574,4,Lux,661104,63
KR_8348904878,100,True,Ezreal,34352,6,Blitzcrank,52558,7
KR_8348904878,200,False,Jhin,842246,63,Lux,661104,63
KR_8348886017,100,True,Twitch,6369,3,Lux,661104,63
KR_8348886017,200,False,Caitlyn,89209,11,Seraphine,198589,21
KR_8348733941,100,False,Caitlyn,387756,38,Thresh,88976,11
KR_8348733941,200,True,Tristana,144588,16,Lux,661104,63
KR_8348727240,100,True,Caitlyn,28549,5,Lux,661104,63
KR_8348727240,200,False,Ashe,36342,6,Blitzcrank,84862,10
KR_8348705667,100,False,Jhin,33744,6,Velkoz,237472,20
KR_8348705667,200,True,Ashe,966189,42,Senna,277651,28
KR_8348703222,100,False,Vayne,1735,1,Senna,277651,28
KR_8348703222,200,True,Yunara,98020,12,Rell,21224,4
KR_8348683916,100,True,Jinx,743130,50,Lux,661104,63
KR_8348683916,200,False,Kaisa,128186,14,Sona,41153,6
KR_8345525013,100,True,Ashe,10078,3,FiddleSticks,131008,15
KR_8345525013,200,False,Ezreal,5493,2,Senna,277651,28
KR_8345486863,100,True,Caitlyn,20940,4,Lux,661104,63
KR_8345486863,200,False,Annie,3584,2,Ezreal,25308,5
KR_8345473918,100,False,Lux,661104,63,Blitzcrank,6342,3
KR_8345473918,200,True,Ziggs,708034,47,Yuumi,130555,14
KR_8345233581,100,False,Jhin,82620,10,Yuumi,109855,13
KR_8345233581,200,True,Kaisa,301491,30,Lux,661104,63
KR_8344422568,100,False,Tristana,2967819,225,Lux,661104,63
KR_8344422568,200,True,Yasuo,49990,7,Yuumi,28031,5
KR_8344355599,100,False,Tristana,460555,44,Galio,16912,4
KR_8344355599,200,True,Vayne,2620598,234,Lux,661104,63
KR_8344245930,100,False,Ashe,26660,5,Seraphine,17067,4
KR_8344245930,200,True,Jhin,212062,22,Senna,277651,28
KR_8343098084,100,True,Caitlyn,240632,25,Seraphine,364456,28
KR_8343098084,200,False,Ezreal,197593,19,Lux,661104,63
KR_8341151583,100,True,Ezreal,401400,27,Poppy,364287,33
KR_8341151583,200,False,Vayne,10777,3,Senna,277651,28
KR_8341093891,100,True,MissFortune,237157,22,Lux,661104,63
KR_8341093891,200,False,KogMaw,29345,5,TahmKench,112295,13
KR_8337684897,100,False,Kalista,2645,2,Lux,661104,63
KR_8337684897,200,True,Teemo,61098,8,Mel,151802,16
KR_8337636674,100,False,Ezreal,16535,4,Yuumi,16500,4
KR_8337636674,200,True,Jhin,35580,6,Lux,661104,63
KR_8337609094,100,True,Xerath,13904,4,Swain,216536,22
KR_8337609094,200,False,Caitlyn,154619,17,Lux,661104,63
KR_8337547897,100,True,Tristana,356725,33,Lux,661104,63
KR_8337547897,200,False,Samira,37655,6,Blitzcrank,7659,3
KR_8337519159,100,False,Samira,34817,6,Swain,575287,55
KR_8337519159,200,True,Ashe,31235,5,Lux,661104,63
KR_8337462635,100,True,Samira,34817,6,Lux,661104,63
KR_8337462635,200,False,Tristana,33887,6,Blitzcrank,19552,4
KR_8340369339,100,True,Kaisa,70995,9,Lulu,22032,5
KR_8340369339,200,False,Jhin,599454,53,Bard,29414,5
KR_8337960898,100,True,Zeri,69630,9,Yuumi,572122,55
KR_8337960898,200,False,Xayah,1586,1,Jhin,163522,17
KR_8348341617,100,True,Caitlyn,356600,35,Poppy,1006,1
KR_8348341617,200,False,Ezreal,1447887,94,Seraphine,46986,7
KR_8341767591,100,False,Kaisa,77800,10,Swain,74770,9
KR_8341767591,200,True,Lucian,3087,2,Milio,1947,2
KR_8341695389,100,True,MissFortune,3556775,267,Velkoz,91475,11
KR_8341695389,200,False,Jhin,36950,6,Mel,111978,13
KR_8337334270,100,False,Ziggs,1736342,104,Morgana,16951,4
KR_8337334270,200,True,Kaisa,107111,12,Rengar,282398,28
KR_8347362637,100,True,Kaisa,276871,26,Xerath,232420,22
KR_8347362637,200,False,Twitch,641380,54,Bard,10984,3
KR_8347336248,100,True,Jhin,57497,8,Milio,3157,2
KR_8347336248,200,False,Kaisa,36094,6,Lulu,14395,4
KR_8344745030,100,True,Caitlyn,93907,11,Lux,51445,7
KR_8344745030,200,False,Vayne,563371,51,Teemo,327403,29
KR_8344679527,100,False,Ashe,159988,16,Rell,10231,3
KR_8344679527,200,True,Caitlyn,684095,65,Senna,327253,32
KR_8344623469,100,True,Kaisa,293921,29,Thresh,102914,10
KR_8344623469,200,False,Seraphine,456503,41,Lux,160621,15
KR_8338073353,100,True,Kaisa,162793,17,Blitzcrank,28504,5
KR_8338073353,200,False,Jhin,6656,3,Seraphine,558163,53
KR_8338071089,100,True,Jhin,57497,8,Seraphine,4306,2
KR_8338071089,200,False,Xayah,90325,11,Thresh,81177,10
KR_8353963637,100,True,Caitlyn,144167,16,Nautilus,102737,12
KR_8353963637,200,False,Mel,111237,13,Twitch,109486,12
KR_8353871856,100,True,Caitlyn,23158,5,Lux,63854,8
KR_8353871856,200,False,Kaisa,21184,4,Rengar,110137,13
KR_8353807484,100,False,Caitlyn,384777,35,Camille,16713,4
KR_8353807484,200,True,Kaisa,94066,11,Nidalee,12838,4
KR_8353767048,100,True,Caitlyn,74406,9,Soraka,3746905,268
KR_8353767048,200,False,Jinx,16084,4,Leona,82514,6
KR_8353696364,100,True,Kaisa,6509,3,Xerath,1546258,122
KR_8353696364,200,False,Jinx,558616,38,Lux,1431163,133
KR_8346393395,100,False,Xayah,12723,4,Zyra,119483,13
KR_8346393395,200,True,Tristana,62213,8,Pantheon,544605,49
KR_8346376117,100,True,MissFortune,954257,76,Lulu,20467,4
KR_8346376117,200,False,Caitlyn,5842,2,Veigar,17692,4
KR_8346315972,100,True,Sivir,905949,77,Pantheon,31018,5
KR_8346315972,200,False,Aphelios,8164,3,Velkoz,1169139,95
KR_8344802228,100,True,Tristana,36721,6,Neeko,2400,2
KR_8344802228,200,False,Sivir,41685,6,Leona,1524917,92
KR_8344755439,100,True,Draven,307110,26,Brand,9522,3
KR_8344755439,200,False,Ivern,114750,6,Mel,415,1
KR_8344672918,100,False,Ashe,37289,6,Rakan,6014,3
KR_8344672918,200,True,Xayah,22987,5,Nautilus,11653,3
KR_8344621427,100,True,Ezreal,793325,75,FiddleSticks,1562523,137
KR_8344621427,200,False,Jinx,149681,16,Yuumi,23079,5
KR_8344581076,100,True,Yasuo,21564,4,Riven,64160,8
KR_8344581076,200,False,Vayne,132664,15,Lux,7240,3
KR_8344498794,100,False,Viego,42809,7,Alistar,119097,13
KR_8344498794,200,True,Jinx,6481,3,Malzahar,218103,22
KR_8353336338,100,False,Kalista,98440,12,Rakan,10098,3
KR_8353336338,200,True,Briar,417775,37,Zyra,82927,10
KR_8353314363,100,True,Ezreal,6753,3,Karma,941,1
KR_8353314363,200,False,Caitlyn,26004,5,Mel,2039,2
KR_8353273481,100,False,Ashe,26009,5,Seraphine,205074,21
KR_8353273481,200,True,Caitlyn,349885,32,Blitzcrank,101821,11
KR_8353241512,100,True,Aphelios,1634,1,Yuumi,102127,12
KR_8353241512,200,False,Ezreal,141598,15,Lux,141875,16
KR_8353205714,100,False,Kaisa,26418,5,Milio,888,1
KR_8353205714,200,True,Yunara,31451,5,Leona,36448,6
KR_8353187652,100,True,Jhin,21643,5,Soraka,72834,9
KR_8353187652,200,False,Kaisa,62970,8,Seraphine,162897,17
KR_8354678183,100,False,Jhin,88291,11,Karma,2400,2
KR_8354678183,200,True,Kaisa,36349,6,Lux,41450,6
KR_8354619856,100,True,Zeri,37824,6,Yuumi,744747,70
KR_8354619856,200,False,Ezreal,47936,7,Malphite,34007,6
KR_8354595840,100,False,Smolder,10183,3,Thresh,138612,15
KR_8354595840,200,True,Caitlyn,102439,12,Karma,3417,2
KR_8354575496,100,True,Ezreal,149479,16,Yuumi,117176,13
KR_8354575496,200,False,Zeri,16722,4,Nautilus,8097,3
KR_8354533915,100,True,Yunara,4634,2,Neeko,432133,38
KR_8354533915,200,False,Kaisa,302409,30,Blitzcrank,190410,19
KR_8354496853,100,True,Jinx,1662,1,Lux,3001,2
KR_8354496853,200,False,Kaisa,97902,12,Leona,47529,7
KR_8354177498,100,False,Kaisa,96910,11,Malzahar,133454,15
KR_8354177498,200,True,MissFortune,431462,42,Seraphine,74378,9
KR_8354177178,100,False,Caitlyn,199549,21,Ezreal,20187,4
KR_8354177178,200,True,Jhin,382798,34,Hwei,92188,11
KR_8354170021,100,True,Ezreal,16667,4,Milio,12763,4
KR_8354170021,200,False,Ashe,57382,8,Morgana,2023897,138
KR_8354152522,100,True,Kalista,4755,2,Nautilus,70462,9
KR_8354152522,200,False,Zeri,127107,14,Lux,26070,5
KR_8354147113,100,True,Jhin,246439,25,Lux,343294,34
KR_8354147113,200,False,MissFortune,204521,19,Seraphine,48818,7
KR_8354118804,100,False,Yunara,27788,5,Seraphine,8003,3
KR_8354118804,200,True,Kaisa,28010,5,Mel,29275,5
KR_8354103842,100,False,Kalista,705,1,Seraphine,97318,11
KR_8354103842,200,True,Twitch,405975,40,Mel,23188,5
KR_8354077768,100,False,Kaisa,254780,23,Lux,1161416,108
KR_8354077768,200,True,Zeri,51926,7,Lulu,29111,5
KR_8352510623,100,False,Xayah,52641,7,Taric,35112,6
KR_8352510623,200,True,Yunara,20131,4,Leona,48121,7
KR_8352428725,100,False,Zeri,15808,4,Brand,330743,33
KR_8352428725,200,True,Kaisa,9404,3,Nautilus,459387,38
KR_8352357703,100,False,Caitlyn,125702,14,Lux,24628,5
KR_8352357703,200,True,Varus,21129,4,Leblanc,177617,19
KR_8352314844,100,True,Caitlyn,286573,29,Blitzcrank,135941,15
KR_8352314844,200,False,Ezreal,57633,8,Seraphine,9310,3
KR_8351995457,100,True,Ashe,6863,3,Zyra,2852,2
KR_8351995457,200,False,Jinx,13008,4,Thresh,32586,6
KR_8351936464,100,True,Jhin,66871,9,Xerath,29860,5
KR_8351936464,200,False,Yunara,31233,5,Blitzcrank,284323,28
KR_8351895968,100,True,Sivir,82963,10,Brand,13136,4
KR_8351895968,200,False,Caitlyn,617565,53,Swain,58051,8
KR_8351848919,100,True,Ezreal,39304,6,Pyke,49446,7
KR_8351848919,200,False,Kalista,19246,4,Leona,5410,2
KR_8351818752,100,False,Tristana,45572,7,Velkoz,498,1
KR_8351818752,200,True,Caitlyn,637720,61,Pyke,43010,7
KR_8351786233,100,True,Ezreal,136144,15,Xerath,5351,2
KR_8351786233,200,False,Caitlyn,284370,28,Nautilus,647603,57
KR_8351765286,100,False,Jhin,43455,7,Neeko,344,1
KR_8351765286,200,True,Zeri,9021,3,Shaco,520030,45
KR_8351718488,100,False,Aphelios,17326,4,Sion,15047,4
KR_8351718488,200,True,Tristana,1252424,98,Swain,71836,9
KR_8351677013,100,False,Kaisa,77040,10,Xerath,528270,46
KR_8351677013,200,True,Draven,19800,4,Thresh,106968,10
KR_8350788517,100,False,Sett,81712,10,Jax,387501,38
KR_8350788517,200,True,Caitlyn,1680800,134,Thresh,4623,2
KR_8350736021,100,False,Ezreal,1201249,98,Hwei,691035,58
KR_8350736021,200,True,Caitlyn,17373,4,Yuumi,246769,25
KR_8353252179,100,False,Yunara,39820,6,Pyke,101638,12
KR_8353252179,200,True,Kaisa,9468,3,Thresh,8306,3
KR_8353216517,100,False,Tristana,81932,9,Lux,228283,23
KR_8353216517,200,True,Yasuo,19598,4,Pantheon,1986029,136
KR_8353154795,100,False,Jhin,158523,17,Brand,50662,7
KR_8353154795,200,True,Twitch,21039,4,Rell,40212,6
KR_8353141855,100,True,Caitlyn,56836,8,Shaco,9742,3
KR_8353141855,200,False,Draven,16848,4,Lux,183463,19
KR_8353116128,100,True,Ezreal,132587,15,Lux,183463,19
KR_8353116128,200,False,Ashe,68930,9,Leona,19064,4
KR_8353101434,100,False,Caitlyn,77029,10,Pyke,101638,12
KR_8353101434,200,True,Twitch,75287,9,Soraka,413003,40
KR_8352230623,100,False,Kaisa,3433,2,Lux,183463,19
KR_8352230623,200,True,Xayah,10225,3,Zilean,253787,26
KR_8352161750,100,True,Kaisa,100649,12,Soraka,22796,5
KR_8352161750,200,False,Tristana,49784,7,Pyke,101638,12
KR_8342522306,100,False,Seraphine,11189,3,MissFortune,50600,7
KR_8342522306,200,True,Caitlyn,2345,2,Pyke,28715,5
KR_8342488673,100,True,Caitlyn,53737,8,Heimerdinger,681583,61
KR_8342488673,200,False,Veigar,20063,4,Bard,5806,2
KR_8339816192,100,False,Vayne,14998,4,Pyke,904,1
KR_8339816192,200,True,Jinx,71762,9,Leona,1873,2
KR_8339769861,100,False,Sivir,7716,3,Blitzcrank,23086,5
KR_8339769861,200,True,Caitlyn,6020,3,Leona,31094,5
KR_8341336192,100,True,Ashe,555763,42,Blitzcrank,29731,5
KR_8341336192,200,False,MissFortune,25095,5,Ezreal,5893,2
KR_8341298160,100,False,Ashe,225894,17,Morgana,1286,1
KR_8341298160,200,True,MissFortune,4940,2,Trundle,30707,5
KR_8341231679,100,True,Ezreal,6421,3,Malphite,26092,5
KR_8341231679,200,False,MissFortune,129687,14,Rengar,1026,1
KR_8341161712,100,True,Ashe,17372,4,Neeko,37206,6
KR_8341161712,200,False,Caitlyn,11133,3,Blitzcrank,4860,2
KR_8341117429,100,True,Jhin,214947,22,Mel,46943,7
KR_8341117429,200,False,Yunara,46722,7,Xerath,7464,3
KR_8341061198,100,True,MissFortune,1033074,60,Seraphine,631066,60
KR_8341061198,200,False,Nilah,37318,6,Velkoz,1622435,127
KR_8338258933,100,False,Kaisa,61373,8,Camille,5448,2
KR_8338258933,200,True,Samira,73223,9,Neeko,404022,34
KR_8338235263,100,False,MissFortune,11253,3,Swain,33279,6
KR_8338235263,200,True,Jhin,31385,5,Xerath,103811,11
KR_8338206893,100,False,Ezreal,95118,11,Mel,23617,5
KR_8338206893,200,True,Jinx,83465,10,Xerath,19641,4
KR_8355241239,100,False,Kalista,2089742,92,Karma,12536,3
KR_8355241239,200,True,Yunara,5060,2,Zaahen,29071,5
KR_8355228232,100,True,KogMaw,273046,27,Nautilus,233681,24
KR_8355228232,200,False,Ezreal,44983,7,Morgana,598,1
KR_8355213462,100,True,Rengar,16705,4,Sett,7805,3
KR_8355213462,200,False,Varus,12239,3,Ashe,87309,11
KR_8352656876,100,False,Zeri,17254,4,Yuumi,89927,11
KR_8352656876,200,True,Mel,786,1,Pyke,4174,2
KR_8351717977,100,True,Kaisa,50600,7,Pantheon,205636,21
KR_8351717977,200,False,Ashe,185164,19,Leona,8333,3
KR_8351702738,100,True,Kaisa,50600,7,Malphite,1133994,98
KR_8351702738,200,False,Samira,12030,3,Pantheon,1206717,108
KR_8351660783,100,False,Varus,2229,2,Zilean,3398,2
KR_8351660783,200,True,Kaisa,40526,6,Maokai,15545,4
KR_8351088723,100,True,Kaisa,50600,7,Morgana,6841,3
KR_8351088723,200,False,Caitlyn,4988,2,Mel,2403,2
KR_8351012954,100,False,Kaisa,50600,7,Blitzcrank,11020,3
KR_8351012954,200,True,MissFortune,375342,37,Leona,39307,6
KR_8352974309,100,False,Ezreal,129008,13,Seraphine,369921,36
KR_8352974309,200,True,Caitlyn,583052,56,MissFortune,81671,10
KR_8343101694,100,False,Caitlyn,335734,28,Seraphine,86743,11
KR_8343101694,200,True,Yasuo,55691,8,Yuumi,6296,3
KR_8339226961,100,True,Lux,20706,4,Senna,36967,6
KR_8339226961,200,False,Ezreal,33765,6,Nautilus,12507,3
KR_8352308809,100,False,Kaisa,103382,12,Poppy,14716,4
KR_8352308809,200,True,MissFortune,34556,6,Neeko,125264,14
KR_8346925559,100,True,Kaisa,56602,8,Seraphine,204786,18
KR_8346925559,200,False,Yunara,653439,41,Neeko,253923,26
KR_8346907090,100,False,Ashe,132641,15,Leona,1367,1
KR_8346907090,200,True,MissFortune,104745,12,Pantheon,32205,6
KR_8344618715,100,True,Caitlyn,664821,41,Xerath,27848,5
KR_8344618715,200,False,Lucian,6061,3,Milio,117944,10
KR_8344537972,100,True,Jinx,25275,5,Morgana,57278,8
KR_8344537972,200,False,Caitlyn,388984,35,Seraphine,137488,15
KR_8350951152,100,True,Yunara,66143,9,Pyke,67950,9
KR_8350951152,200,False,Kaisa,113046,13,Leona,8388,3
KR_8338984392,100,False,Ezreal,143534,16,Leblanc,18444,4
KR_8338984392,200,True,Caitlyn,168331,18,Nami,167195,18
KR_8338911341,100,False,Ezreal,56378,8,Seraphine,16327,4
KR_8338911341,200,True,Yunara,33034,6,Yuumi,76637,10
KR_8338787248,100,False,Lucian,22820,5,Nami,167195,18
KR_8338787248,200,True,Tristana,336363,33,Blitzcrank,6206,3
KR_8338720047,100,True,Xerath,154806,17,Karma,43845,7
KR_8338720047,200,False,MissFortune,178664,19,Seraphine,154562,17
KR_8352100509,100,True,Ashe,115730,13,DrMundo,18317,4
KR_8352100509,200,False,Tristana,1433,1,Leona,46583,7
KR_8351999641,100,False,Jhin,38701,6,Mel,4033,2
KR_8351999641,200,True,MissFortune,24191,5,Taric,5039,2
KR_8351958983,100,False,Teemo,64763,9,Mel,4033,2
KR_8351958983,200,True,Ashe,12796,4,Seraphine,126881,14
KR_8350057712,100,False,Jhin,14058,4,Taric,9701,3
KR_8350057712,200,True,Vayne,5368297,456,Velkoz,114433,13
KR_8350047291,100,False,Vayne,7200,3,Thresh,564582,52
KR_8350047291,200,True,Xayah,56918,8,Velkoz,114433,13
KR_8349586316,100,True,Ashe,424094,40,Seraphine,301855,30
KR_8349586316,200,False,Varus,2723509,212,Mel,4033,2
KR_8344580301,100,False,Aphelios,52011,7,Brand,13031,4
KR_8344580301,200,True,Jhin,518831,30,Velkoz,114433,13
KR_8344506199,100,True,Garen,710562,29,Ashe,251376,25
KR_8344506199,200,False,Kaisa,27862,5,Mel,4033,2
KR_8344420899,100,True,Caitlyn,119839,14,Velkoz,114433,13
KR_8344420899,200,False,Lux,59772,8,Ashe,705751,59
KR_8343287812,100,True,Xerath,11440,3,Morgana,43015,7
KR_8343287812,200,False,Seraphine,58459,8,Velkoz,114433,13
KR_8342879757,100,True,Yunara,26811,5,Rakan,1710,1
KR_8342879757,200,False,Ezreal,72217,9,Lux,19351,4
KR_8342855332,100,False,MissFortune,42944,7,Seraphine,33100,6
KR_8342855332,200,True,Kaisa,37565,6,Nasus,1654,1
KR_8342782940,100,False,Caitlyn,96588,11,Lux,208518,22
KR_8342782940,200,True,Jhin,38838,6,DrMundo,18317,4
KR_8342761539,100,True,Ashe,73997,9,Lux,41646,6
KR_8342761539,200,False,Caitlyn,15579,4,Zilean,347,1
KR_8342737117,100,False,Xerath,30961,5,Velkoz,114433,13
KR_8342737117,200,True,MissFortune,48128,7,Blitzcrank,645187,16
KR_8342656095,100,False,Aphelios,49638,7,Lulu,12769,4
KR_8342656095,200,True,Veigar,7224,3,Lux,53441,7
KR_8342613403,100,False,Caitlyn,10408,3,Velkoz,114433,13
KR_8342613403,200,True,Tristana,22547,5,Seraphine,43923,7
KR_8344422203,100,True,Ashe,25114,5,Nautilus,36849,6
KR_8344422203,200,False,Ezreal,95965,11,Xerath,14981,4
KR_8340689631,100,False,Caitlyn,212074,22,Sona,84930,10
KR_8340689631,200,True,Jinx,9992,3,Galio,5449,2
KR_8340686282,100,True,Ezreal,41475,6,Swain,10150,3
KR_8340686282,200,False,Caitlyn,179641,19,Yuumi,4165,2
KR_8340662994,100,True,MissFortune,23900,5,Thresh,34409,6
KR_8340662994,200,False,Jinx,212267,18,Neeko,31639,6
KR_8340660548,100,False,Ashe,131721,15,TwistedFate,48352,7
KR_8340660548,200,True,Ezreal,31227,5,Annie,11318,3
KR_8340648825,100,False,MissFortune,302093,30,Lux,18354,4
KR_8340648825,200,True,Lucian,271159,26,Lulu,1962562,147
KR_8353333372,100,True,Ezreal,13710,4,Mel,157100,17
KR_8353333372,200,False,Jhin,45020,7,TahmKench,84062,10
KR_8347025113,100,False,Vayne,22310,4,Senna,1584,1
KR_8347025113,200,True,Corki,4401,2,Seraphine,2453,2
KR_8346975090,100,True,MissFortune,124395,14,Darius,70155,9
KR_8346975090,200,False,Zeri,9459,3,Pyke,14572,4
KR_8339322633,100,True,Ashe,77906,10,Blitzcrank,82626,10
KR_8339322633,200,False,Kaisa,24289,5,TahmKench,4103,2
KR_8338159556,100,True,Ashe,73764,9,Bard,4755,2
KR_8338159556,200,False,Jinx,17192,4,Singed,57134,8
KR_8338133767,100,True,Ezreal,44679,7,Taric,4152,2
KR_8338133767,200,False,Nunu,20612,4,Vayne,15991,4
KR_8341612520,100,False,Ziggs,49031,7,Seraphine,97227,11
KR_8341612520,200,True,MissFortune,127583,14,Morgana,56281,8
KR_8341537974,100,True,Ziggs,73552,9,Lux,83844,10
KR_8341537974,200,False,Kaisa,54785,8,Nautilus,21643,5
KR_8341484090,100,False,Tristana,195981,20,Lulu,368143,25
KR_8341484090,200,True,Lucian,39745,6,Seraphine,58706,8
KR_8341417847,100,True,Jhin,53113,7,Talon,211885,22
KR_8341417847,200,False,Samira,33769,6,Nami,122541,14
KR_8352265312,100,True,Ezreal,32743,6,Seraphine,1717,1
KR_8352265312,200,False,Veigar,6757,3,Lux,3365,2
KR_8352196769,100,True,Caitlyn,12658,4,Morgana,8054,3
KR_8352196769,200,False,Zeri,219814,23,Lux,19734,4
KR_8352167503,100,False,Kaisa,388300,36,Camille,1888,2
KR_8352167503,200,True,Caitlyn,14990,4,Lulu,2173,2
KR_8352116957,100,True,Caitlyn,6657,3,Sona,70789,9
KR_8352116957,200,False,Jhin,1567,1,Karma,1353,1
KR_8337331517,100,True,Mel,8527,3,Yone,288036,29
KR_8337331517,200,False,Kaisa,73839,9,Lux,640,1
KR_8354336911,100,False,Kaisa,56746,8,Rakan,3462,2
KR_8354336911,200,True,Jhin,51255,7,Velkoz,57212,8
KR_8354321423,100,True,Jhin,82532,10,Hwei,261403,26
KR_8354321423,200,False,Sivir,7520,3,Taric,15955,4
KR_8354309209,100,True,Sion,57493,8,Morgana,290403,29
KR_8354309209,200,False,Jinx,14112,4,Braum,29374,5
KR_8355090118,100,True,Seraphine,54308,8,Neeko,63925,8
KR_8355090118,200,False,Veigar,32967,6,Velkoz,39521,6
KR_8354982096,100,True,Vayne,229579,23,Lux,503797,48
KR_8354982096,200,False,Xerath,28502,5,Seraphine,149133,15
KR_8354884437,100,False,Lucian,13209,4,Varus,548332,52
KR_8354884437,200,True,Ashe,242066,24,Seraphine,403494,39
KR_8354642548,100,False,Xerath,65739,9,Camille,8077,3
KR_8354642548,200,True,Ezreal,27837,5,Leona,4573,2
KR_8354562818,100,True,KogMaw,6465,3,Thresh,15377,4
KR_8354562818,200,False,Jinx,29232,5,Yuumi,3205,2
KR_8354174336,100,False,MissFortune,241668,25,Lux,1768883,163
KR_8354174336,200,True,Caitlyn,125443,10,Lulu,130350,13
KR_8354161125,100,True,Caitlyn,80306,10,Pyke,21999,5
KR_8354161125,200,False,Morgana,124881,14,Seraphine,479350,43
KR_8354152236,100,True,Samira,15145,4,Senna,13914,4
KR_8354152236,200,False,Ezreal,20632,4,Teemo,2092913,186
KR_8354141402,100,True,Ezreal,161880,17,Brand,3680,2
KR_8354141402,200,False,Caitlyn,441342,35,Sona,4586,2
KR_8354108750,100,True,Ashe,12455,3,Senna,339234,33
KR_8354108750,200,False,Lux,354654,35,Seraphine,163901,18
KR_8354079977,100,False,Kaisa,22951,5,Blitzcrank,7476,3
KR_8354079977,200,True,Caitlyn,26543,5,Lux,168950,18
KR_8354067239,100,False,Ezreal,47830,7,Sylas,42450,6
KR_8354067239,200,True,Zed,107454,12,Yuumi,53591,7
KR_8354014598,100,False,Jhin,16644,4,Yuumi,25254,5
KR_8354014598,200,True,Ezreal,161880,17,Seraphine,53465,7
KR_8353778978,100,True,Smolder,22379,5,Xerath,65365,9
KR_8353778978,200,False,Jhin,130677,15,Thresh,8013,3
KR_8352985575,100,True,Kaisa,18484,4,Rell,42059,6
KR_8352985575,200,False,Ashe,301464,13,Leona,1425895,109
KR_8352963390,100,True,Caitlyn,193186,20,Brand,353356,35
KR_8352963390,200,False,Jhin,348869,32,Velkoz,44465,7
KR_8352860716,100,True,MissFortune,1480215,114,Blitzcrank,115981,13
KR_8352860716,200,False,Ashe,89774,11,Sett,7176,3
KR_8352801846,100,False,Jhin,191493,20,Poppy,1431796,133
KR_8352801846,200,True,Aphelios,10530,3,Nautilus,1513,1
KR_8352627163,100,True,Tristana,49465,7,Nautilus,8288,3
KR_8352627163,200,False,Lucian,128358,14,Pantheon,4655,2
KR_8352510060,100,False,Jinx,31921,6,Seraphine,1681,1
KR_8352510060,200,True,MissFortune,39190,6,Lux,583252,56
KR_8352414279,100,True,Seraphine,17423,4,Lux,3169,2
KR_8352414279,200,False,MissFortune,1050109,76,Bard,4028,2
KR_8352326585,100,True,Smolder,88197,11,Morgana,256743,24
KR_8352326585,200,False,Jinx,1205,1,Lillia,831,1
KR_8351672331,100,True,Kaisa,254783,23,Seraphine,129880,14
KR_8351672331,200,False,Jinx,1603,1,Morgana,1489,1
KR_8354944362,100,False,Caitlyn,36219,6,Locke,662,1
KR_8354944362,200,True,Jhin,175484,17,Nautilus,1848,2
KR_8354786554,100,True,Kalista,3448,2,Blitzcrank,366973,36
KR_8354786554,200,False,Caitlyn,4717,2,Leona,28861,5
KR_8353664356,100,False,Caitlyn,11637,3,Zilean,89630,11
KR_8353664356,200,True,Ezreal,17096,4,Yuumi,9443,3
KR_8353546931,100,False,MissFortune,138618,15,Blitzcrank,1908,2
KR_8353546931,200,True,Tristana,98868,12,Thresh,9288,3
KR_8352840994,100,False,Ashe,18307,4,Amumu,30684,5
KR_8352840994,200,True,MissFortune,887844,71,Lux,53598,7
KR_8352813936,100,False,Kalista,49452,7,Renata,2016,2
KR_8352813936,200,True,Caitlyn,76450,10,Lux,18360,4
KR_8352445109,100,False,Caitlyn,501791,48,Lux,2704,2
KR_8352445109,200,True,Jinx,58347,8,Morgana,98314,12
KR_8351917576,100,True,Yunara,20867,4,Galio,98290,12
KR_8351917576,200,False,Kaisa,52747,7,Zoe,115319,13
KR_8351308795,100,False,Senna,48775,7,Morgana,15957,4
KR_8351308795,200,True,Jinx,547109,48,Pyke,4077,2
KR_8351213831,100,True,Kalista,156991,17,Leona,9239,3
KR_8351213831,200,False,Caitlyn,261851,26,Lulu,3831,2
KR_8348206433,100,True,MissFortune,385164,38,Lux,525874,50
KR_8348206433,200,False,Draven,312068,31,Blitzcrank,7285,3
KR_8348031332,100,True,Locke,155818,17,Pyke,11111,3
KR_8348031332,200,False,Varus,16640,4,Lux,279558,28
KR_8347248593,100,False,Kaisa,96421,11,Nautilus,31084,5
KR_8347248593,200,True,Swain,42148,6,Pyke,10189,3
KR_8346994605,100,False,Ezreal,42232,6,Seraphine,114618,13
KR_8346994605,200,True,Morgana,25179,5,Lux,49274,7
KR_8346956701,100,True,Sivir,7574,3,Soraka,496341,40
KR_8346956701,200,False,Ezreal,170482,18,Mel,40560,6
KR_8346104441,100,True,Xayah,5383,2,Rell,134986,15
KR_8346104441,200,False,Aphelios,58573,8,Alistar,12212,3
KR_8345912722,100,True,MissFortune,1623831,107,Pantheon,60603,8
KR_8345912722,200,False,Jhin,40675,6,Pyke,16511,4
KR_8344938465,100,False,Lucian,43882,7,Velkoz,48809,7
KR_8344938465,200,True,Jhin,97697,12,Lux,143743,7
KR_8344423353,100,False,Xerath,8787,3,Heimerdinger,4514,2
KR_8344423353,200,True,Yunara,8912,3,Poppy,10695,3
KR_8344177759,100,False,Caitlyn,13245,4,Lux,220355,23
KR_8344177759,200,True,Jhin,272531,27,Morgana,3107872,185
KR_8344154207,100,True,Xerath,6150,3,Lux,142916,16
KR_8344154207,200,False,KogMaw,1220,1,Camille,3258,2
KR_8343576319,100,True,Mel,15513,4,Yuumi,36550,6
KR_8343576319,200,False,Zeri,116595,13,Ashe,38237,6
KR_8342931588,100,True,Kaisa,73177,9,Sylas,97184,11
KR_8342931588,200,False,MissFortune,66136,9,Lux,1581648,142
KR_8341870879,100,True,Ezreal,65532,9,Nidalee,25044,5
KR_8341870879,200,False,KogMaw,181223,19,Brand,11222,3
KR_8341733802,100,False,Ezreal,140077,15,Mel,183089,19
KR_8341733802,200,True,Lucian,30436,5,Teemo,386636,37
KR_8341045600,100,False,Smolder,2065,2,Yuumi,2347,2
KR_8341045600,200,True,Yone,48303,7,Pyke,234060,21
KR_8340969691,100,True,Caitlyn,21215,4,Lux,58855,8
KR_8340969691,200,False,Ashe,106988,12,Pyke,311680,31
KR_8340330145,100,True,Jinx,147708,16,Pyke,138579,15
KR_8340330145,200,False,Caitlyn,899159,52,Nautilus,18204,4
KR_8337856649,100,False,Caitlyn,72917,9,Lux,392903,38
KR_8337856649,200,True,Kaisa,35049,6,Swain,29631,5
KR_8337590906,100,True,Aphelios,77842,10,Mel,249689,25
KR_8337590906,200,False,Kaisa,29046,5,Seraphine,509901,49
KR_8337485423,100,False,Ashe,85950,10,Camille,42545,6
KR_8337485423,200,True,Varus,63035,8,Pantheon,60603,8
KR_8354509219,100,True,Jhin,3996,2,Zilean,29485,5
KR_8354509219,200,False,Ezreal,6313,3,Lux,127742,14
KR_8346632759,100,False,Ashe,39925,6,Zyra,645,1
KR_8346632759,200,True,Caitlyn,464281,45,Leona,24644,5
KR_8346625356,100,False,Aphelios,43838,7,Rakan,72147,9
KR_8346625356,200,True,Draven,28666,5,Lux,47057,7
KR_8344951711,100,True,Briar,15865,4,Quinn,1181449,101
KR_8344951711,200,False,Kaisa,44449,7,Seraphine,7540,3
KR_8344867671,100,True,Tristana,22877,5,Lux,237661,13
KR_8344867671,200,False,Ashe,27942,5,Pyke,16241,4
KR_8342359600,100,False,Yunara,5224,2,Morgana,15906,4
KR_8342359600,200,True,Aphelios,50188,7,Mel,106893,12
KR_8342330972,100,False,Xayah,16048,4,Heimerdinger,1953512,180
KR_8342330972,200,True,Tristana,2071,2,Xerath,242130,22
KR_8340090728,100,True,Veigar,1204,1,Nautilus,7908,3
KR_8340090728,200,False,Ezreal,13306,4,Lux,3991,2
KR_8341727307,100,False,Zeri,74836,9,Yuumi,23513,5
KR_8341727307,200,True,Jinx,593189,57,Thresh,45736,7
KR_8341641896,100,False,Mel,25358,5,Yuumi,61375,8
KR_8341641896,200,True,Ashe,362575,36,Orianna,12808,4
KR_8340321708,100,False,Sivir,962138,90,Blitzcrank,426252,41
KR_8340321708,200,True,Tristana,1107874,87,Garen,13427,4
KR_8340238329,100,True,Samira,18019,4,Nautilus,48814,7
KR_8340238329,200,False,Xerath,12307,3,Morgana,4430,2
KR_8339586960,100,False,MissFortune,611083,41,Seraphine,422693,24
KR_8339586960,200,True,Vayne,3127,2,Brand,267548,19
KR_8339545741,100,True,Yunara,78407,10,Teemo,6579,3
KR_8339545741,200,False,Mel,50795,7,Brand,100718,12
KR_8337004573,100,True,Jhin,11270,3,Pyke,36926,6
KR_8337004573,200,False,Caitlyn,41162,6,Camille,6945,3
KR_8353858191,100,False,Caitlyn,79032,10,Velkoz,237472,20
KR_8353858191,200,True,Twitch,7851,3,Seraphine,651476,52
KR_8353779039,100,False,Kaisa,18300,4,Nautilus,111736,13
KR_8353779039,200,True,MissFortune,2162971,190,Velkoz,237472,20
KR_8352805489,100,True,Vayne,390990,31,Velkoz,237472,20
KR_8352805489,200,False,MissFortune,1211173,53,Morgana,175428,19
KR_8352749372,100,False,Yunara,13400,4,Kaisa,914404,48
KR_8352749372,200,True,Xayah,71316,9,Velkoz,237472,20
KR_8350039207,100,True,Kaisa,4559,2,Velkoz,237472,20
KR_8350039207,200,False,Ezreal,12442,3,Lux,105893,12
KR_8349712594,100,False,Kaisa,58539,8,Shaco,22504,5
KR_8349712594,200,True,Yasuo,203220,20,Lux,100271,8
KR_8349627699,100,False,Yasuo,92655,11,Seraphine,70334,9
KR_8349627699,200,True,Kaisa,76651,10,Shaco,22504,5
KR_8348721560,100,True,Kaisa,22800,5,Zyra,1920,2
KR_8348721560,200,False,Teemo,67598,9,Seraphine,39952,6
KR_8348540055,100,False,Varus,78135,10,Karma,34864,6
KR_8348540055,200,True,Teemo,67598,9,Morgana,20427,4
KR_8348502465,100,True,Yasuo,86631,11,Velkoz,237472,20
KR_8348502465,200,False,Caitlyn,353987,35,Teemo,111581,13
KR_8348455765,100,True,Yunara,50580,7,Shaco,22504,5
KR_8348455765,200,False,Kalista,12997,4,Blitzcrank,67553,9
KR_8345152215,100,True,MissFortune,585455,56,Shaco,22504,5
KR_8345152215,200,False,Jinx,94052,11,Nautilus,37834,6
KR_8345097126,100,True,Kaisa,173915,18,Sylas,15415,4
KR_8345097126,200,False,MissFortune,83048,10,Velkoz,237472,20
KR_8345006457,100,True,Mel,563946,46,Malphite,81324,10
KR_8345006457,200,False,Kaisa,14423,4,Velkoz,237472,20
KR_8344971045,100,True,MissFortune,2446020,201,Velkoz,237472,20
KR_8344971045,200,False,Sivir,348739,15,Seraphine,29511,5
KR_8344896457,100,True,MissFortune,140595,15,Morgana,185350,19
KR_8344896457,200,False,Varus,8578,3,Velkoz,237472,20
KR_8344295374,100,True,Jhin,33128,6,Xerath,119300,13
KR_8344295374,200,False,MissFortune,156333,17,Velkoz,237472,20
KR_8344225540,100,True,Jhin,469412,35,Nautilus,68401,9
KR_8344225540,200,False,Yasuo,69297,9,Velkoz,237472,20
KR_8344180279,100,True,Yasuo,96667,11,Velkoz,237472,20
KR_8344180279,200,False,Kaisa,5625,2,Maokai,294545,29
KR_8343617684,100,True,Twitch,226151,23,Velkoz,237472,20
KR_8343617684,200,False,Kaisa,69858,9,Camille,8361,3
KR_8343499268,100,True,Caitlyn,481458,44,Velkoz,237472,20
KR_8343499268,200,False,Nilah,2427,2,Sona,874,1
KR_8343448786,100,True,Ashe,8860,3,Velkoz,237472,20
KR_8343448786,200,False,Mel,7618,3,Leona,341455,34
KR_8343384024,100,True,Ziggs,1575715,86,Leona,36375,6
KR_8343384024,200,False,Twitch,13353,4,Velkoz,237472,20
KR_8343284317,100,True,Lux,1498460,139,Velkoz,237472,20
KR_8343284317,200,False,Xayah,753,1,Rakan,76059,8
KR_8343169576,100,False,Kaisa,5177,2,Velkoz,237472,20
KR_8343169576,200,True,Yasuo,38877,6,Sylas,21973,5
KR_8341877642,100,True,Ezreal,21163,4,Velkoz,237472,20
KR_8341877642,200,False,Lissandra,20038,4,Brand,8627,3
KR_8341495808,100,True,Ashe,34822,6,Velkoz,237472,20
KR_8341495808,200,False,Lucian,156396,17,Leona,3398,2
KR_8341438076,100,True,Jinx,144551,15,Blitzcrank,128432,14
KR_8341438076,200,False,Yasuo,300257,30,Velkoz,237472,20
KR_8341374770,100,False,Seraphine,1678,1,Zyra,22389,5
KR_8341374770,200,True,Tristana,111415,13,Velkoz,237472,20
KR_8340467052,100,True,Vayne,315979,30,Velkoz,237472,20
KR_8340467052,200,False,Smolder,32667,6,Morgana,111474,13
KR_8340413542,100,False,Caitlyn,156712,17,Veigar,135874,15
KR_8340413542,200,True,Varus,2663,2,Mel,60736,8
KR_8340344562,100,False,Tristana,68326,9,Velkoz,237472,20
KR_8340344562,200,True,Samira,31223,5,Nautilus,58677,8
KR_8338986856,100,False,Yone,33169,6,Sett,281290,28
KR_8338986856,200,True,Varus,7032,3,Velkoz,237472,20
KR_8337862082,100,True,Samira,14848,4,Velkoz,237472,20
KR_8337862082,200,False,Jinx,361957,33,Poppy,14008,4
KR_8337788217,100,False,Swain,27528,5,Aatrox,44943,7
KR_8337788217,200,True,Samira,60868,8,Velkoz,237472,20
KR_8337726127,100,False,Aphelios,251754,25,Veigar,33798,6
KR_8337726127,200,True,MissFortune,59346,8,Velkoz,237472,20
KR_8337220749,100,True,Jhin,3824,2,Velkoz,237472,20
KR_8337220749,200,False,Ashe,9697,3,Camille,50364,7
KR_8337111001,100,True,Jinx,153082,14,Velkoz,237472,20
KR_8337111001,200,False,Caitlyn,14943,4,Maokai,171773,14
KR_8355203425,100,True,Sion,38932,6,Pantheon,43815,7
KR_8355203425,200,False,Kaisa,127279,14,Velkoz,215347,18
KR_8355178677,100,True,Kaisa,127279,14,Lulu,227370,20
KR_8355178677,200,False,Jhin,246439,25,Lux,234356,22
KR_8355166450,100,True,Kaisa,127279,14,Mel,13675,4
KR_8355166450,200,False,MissFortune,444076,41,Bard,157720,17
KR_8355128293,100,False,Jhin,12693,4,Morgana,57240,8
KR_8355128293,200,True,Kaisa,29283,5,Nautilus,24511,5
KR_8354193085,100,True,Kaisa,127279,14,Velkoz,746749,65
KR_8354193085,200,False,MissFortune,2378,2,Karma,3982,2
KR_8354170866,100,True,Kaisa,127279,14,Zoe,30240,5
KR_8354170866,200,False,Ezreal,231027,19,Morgana,13686,4
KR_8351575772,100,False,Vayne,10763,3,Senna,54513,8
KR_8351575772,200,True,Kaisa,127279,14,Nautilus,3490,2
KR_8351563854,100,False,Kaisa,127279,14,Ahri,104700,12
KR_8351563854,200,True,Ashe,689561,45,Blitzcrank,26507,5
